{
    "0": "Pyongsong",
    "1": "Likwadaehak",
    "2": "Paesan",
    "3": "Limwon",
    "4": "Masan",
    "5": "Susan",
    "6": "Ryongsong",
    "7": "Ryongmun",
    "8": "Sopo",
    "9": "Ryonmot",
    "10": "Pulgunbyol",
    "11": "Chonu",
    "12": "Kaeson",
    "13": "Tongil",
    "14": "Sungni",
    "15": "Ponghwa",
    "16": "Yonggwang",
    "17": "Puhung",
    "18": "Chongchun",
    "19": "Mangyongdae",
    "20": "Songsan",
    "21": "Haksaengsonyongungjon",
    "22": "Chinson",
    "23": "Chigol",
    "24": "Yongung",
    "25": "Kwangbok",
    "26": "Chollima",
    "27": "Rakwon",
    "28": "Kwangmyong",
    "29": "Samhung",
    "30": "Chonsung",
    "31": "Hyoskin",
    "32": "Konsol",
    "33": "Hwanggumbol",
    "34": "Konguk",
    "35": "Yonghwachwalyongso",
    "36": "Hadang",
    "37": "Sopyongyang",
    "38": "Rungnado",
    "39": "Munsu",
    "40": "Tongdaemun",
    "41": "Chongyingori",
    "42": "Songyo",
    "43": "Taehung",
    "44": "Yongje",
    "45": "Chongo",
    "46": "Chungsong",
    "47": "Kwanmun",
    "48": "Tosong",
    "49": "Planned",
    "50": "Sinuiju",
    "51": "Pyongyang",
    "52": "Taedonggang",
    "53": "Seoul",
    "54": "Potonggang",
    "55": "National Railroad",
    "56": "Metro",
    "57": "ROOT",
    "58": "Shema ot 09.07.2008g.",
    "59": "Imported from http://pmetro.su"
}