{
    "default_transports": [
        "metro"
    ],
    "height": 584,
    "images": [
        "res/schemes/brescia.svg"
    ],
    "is_vector": true,
    "lines": [
        {
            "labels_bg_color": "-1",
            "labels_color": "34349C",
            "line_color": "34349C",
            "line_width": 9,
            "name": "Linea 1",
            "segments": [
                [
                    0,
                    1,
                    [
                        [
                            40,
                            74
                        ],
                        [
                            40,
                            34
                        ]
                    ],
                    true
                ],
                [
                    1,
                    2,
                    [
                        [
                            40,
                            114
                        ],
                        [
                            40,
                            74
                        ]
                    ],
                    true
                ],
                [
                    2,
                    3,
                    [
                        [
                            40,
                            154
                        ],
                        [
                            40,
                            114
                        ]
                    ],
                    true
                ],
                [
                    3,
                    4,
                    [
                        [
                            40,
                            194
                        ],
                        [
                            40,
                            154
                        ]
                    ],
                    true
                ],
                [
                    4,
                    5,
                    [
                        [
                            40,
                            234
                        ],
                        [
                            40,
                            194
                        ]
                    ],
                    true
                ],
                [
                    5,
                    6,
                    [
                        [
                            40,
                            274
                        ],
                        [
                            40,
                            234
                        ]
                    ],
                    true
                ],
                [
                    6,
                    7,
                    [
                        [
                            40,
                            314
                        ],
                        [
                            40,
                            274
                        ]
                    ],
                    true
                ],
                [
                    7,
                    8,
                    [
                        [
                            40,
                            354
                        ],
                        [
                            40,
                            314
                        ]
                    ],
                    true
                ],
                [
                    8,
                    9,
                    [
                        [
                            40,
                            394
                        ],
                        [
                            40,
                            354
                        ]
                    ],
                    true
                ],
                [
                    9,
                    10,
                    [
                        [
                            40,
                            434
                        ],
                        [
                            40,
                            394
                        ]
                    ],
                    true
                ],
                [
                    10,
                    11,
                    [
                        [
                            120,
                            434
                        ],
                        [
                            40,
                            434
                        ]
                    ],
                    true
                ],
                [
                    11,
                    12,
                    [
                        [
                            200,
                            434
                        ],
                        [
                            120,
                            434
                        ]
                    ],
                    true
                ],
                [
                    12,
                    13,
                    [
                        [
                            280,
                            434
                        ],
                        [
                            200,
                            434
                        ]
                    ],
                    true
                ],
                [
                    13,
                    14,
                    [
                        [
                            360,
                            434
                        ],
                        [
                            280,
                            434
                        ]
                    ],
                    true
                ],
                [
                    14,
                    15,
                    [
                        [
                            440,
                            434
                        ],
                        [
                            360,
                            434
                        ]
                    ],
                    true
                ],
                [
                    15,
                    16,
                    [
                        [
                            520,
                            434
                        ],
                        [
                            440,
                            434
                        ]
                    ],
                    true
                ]
            ],
            "stations": [
                {
                    "coord": [
                        40,
                        34
                    ],
                    "is_working": true,
                    "name": "Prealpino",
                    "rect": [
                        54,
                        26,
                        49,
                        15
                    ],
                    "text_id": 0,
                    "uid": 0
                },
                {
                    "coord": [
                        40,
                        74
                    ],
                    "is_working": true,
                    "name": "Casazza",
                    "rect": [
                        54,
                        66,
                        44,
                        15
                    ],
                    "text_id": 1,
                    "uid": 1
                },
                {
                    "coord": [
                        40,
                        114
                    ],
                    "is_working": true,
                    "name": "Mompiano",
                    "rect": [
                        54,
                        106,
                        53,
                        15
                    ],
                    "text_id": 2,
                    "uid": 2
                },
                {
                    "coord": [
                        40,
                        154
                    ],
                    "is_working": true,
                    "name": "Europa",
                    "rect": [
                        54,
                        146,
                        37,
                        15
                    ],
                    "text_id": 3,
                    "uid": 3
                },
                {
                    "coord": [
                        40,
                        194
                    ],
                    "is_working": true,
                    "name": "Ospedale",
                    "rect": [
                        54,
                        186,
                        49,
                        15
                    ],
                    "text_id": 4,
                    "uid": 4
                },
                {
                    "coord": [
                        40,
                        234
                    ],
                    "is_working": true,
                    "name": "Marconi",
                    "rect": [
                        54,
                        226,
                        42,
                        15
                    ],
                    "text_id": 5,
                    "uid": 5
                },
                {
                    "coord": [
                        40,
                        274
                    ],
                    "is_working": true,
                    "name": "San Faustino",
                    "rect": [
                        54,
                        266,
                        66,
                        15
                    ],
                    "text_id": 6,
                    "uid": 6
                },
                {
                    "coord": [
                        40,
                        314
                    ],
                    "is_working": true,
                    "name": "Piazza Vittoria",
                    "rect": [
                        54,
                        306,
                        72,
                        15
                    ],
                    "text_id": 7,
                    "uid": 7
                },
                {
                    "coord": [
                        40,
                        354
                    ],
                    "is_working": true,
                    "name": "Stazione FS",
                    "rect": [
                        54,
                        346,
                        60,
                        15
                    ],
                    "text_id": 8,
                    "uid": 8
                },
                {
                    "coord": [
                        40,
                        394
                    ],
                    "is_working": true,
                    "name": "Brescia Due",
                    "rect": [
                        54,
                        386,
                        64,
                        15
                    ],
                    "text_id": 9,
                    "uid": 9
                },
                {
                    "coord": [
                        40,
                        434
                    ],
                    "is_working": true,
                    "name": "Lamarmora",
                    "rect": [
                        35,
                        445,
                        58,
                        15
                    ],
                    "text_id": 10,
                    "uid": 10
                },
                {
                    "coord": [
                        120,
                        434
                    ],
                    "is_working": true,
                    "name": "Volta",
                    "rect": [
                        107,
                        408,
                        27,
                        15
                    ],
                    "text_id": 11,
                    "uid": 11
                },
                {
                    "coord": [
                        200,
                        434
                    ],
                    "is_working": true,
                    "name": "Poliambulanza",
                    "rect": [
                        167,
                        445,
                        74,
                        15
                    ],
                    "text_id": 12,
                    "uid": 12
                },
                {
                    "coord": [
                        280,
                        434
                    ],
                    "is_working": true,
                    "name": "San Polo Parco",
                    "rect": [
                        243,
                        408,
                        78,
                        15
                    ],
                    "text_id": 13,
                    "uid": 13
                },
                {
                    "coord": [
                        360,
                        434
                    ],
                    "is_working": true,
                    "name": "San Polo Cimabue",
                    "rect": [
                        322,
                        445,
                        93,
                        15
                    ],
                    "text_id": 14,
                    "uid": 14
                },
                {
                    "coord": [
                        440,
                        434
                    ],
                    "is_working": true,
                    "name": "Sanpolino",
                    "rect": [
                        415,
                        408,
                        51,
                        15
                    ],
                    "text_id": 15,
                    "uid": 15
                },
                {
                    "coord": [
                        520,
                        434
                    ],
                    "is_working": true,
                    "name": "Sant'Eufemia-Buffalora",
                    "rect": [
                        470,
                        445,
                        114,
                        15
                    ],
                    "text_id": 16,
                    "uid": 16
                }
            ],
            "text_id": 17
        }
    ],
    "lines_width": 9,
    "name": "metro",
    "name_text_id": 18,
    "stations_diameter": 17.0,
    "transfers": [],
    "transports": [
        "metro"
    ],
    "type_name": "ROOT",
    "type_text_id": 19,
    "upper_case": true,
    "width": 670,
    "word_wrap": false
}