{
    "0": "Gein",
    "1": "Reigersbos",
    "2": "Holendrecht",
    "3": "Bullewijk",
    "4": "Bijlmer",
    "5": "Strandvliet/Arena",
    "6": "Duivendrecht",
    "7": "Van der Madeweg",
    "8": "Overamstel",
    "9": "RAI",
    "10": "Zuid/WTC",
    "11": "Amstelveenseweg",
    "12": "Henk Sneevlietweg",
    "13": "Heemstedestraat",
    "14": "Lelylaan",
    "15": "Postjesweg",
    "16": "Jan van Galenstraat",
    "17": "de Vlugtlaan",
    "18": "Sloterdijk",
    "19": "Isolatorweg",
    "20": "Ringlijn",
    "21": "Westwijk",
    "22": "Sacharovlaan",
    "23": "Spinnerij",
    "24": "Poortwachter",
    "25": "Brink",
    "26": "Meent",
    "27": "Gondel",
    "28": "Marne",
    "29": "Sportlaan",
    "30": "Ouderkerkerlaan",
    "31": "Amstelveen Centrum",
    "32": "Oranjebaan",
    "33": "Onderuit",
    "34": "Zonnestein",
    "35": "Kronenburg",
    "36": "Uilenstede",
    "37": "van Boshuizenstraat",
    "38": "A.J. Ernststraat",
    "39": "Vrij Universiteit",
    "40": "Spaklerweg",
    "41": "Amstel",
    "42": "Wibautstraat",
    "43": "Weesperplein",
    "44": "Waterlooplein",
    "45": "Nieuwmarkt",
    "46": "Centraal Station",
    "47": "Amstelveenlijn",
    "48": "Gaasperplas",
    "49": "Kraaiennest",
    "50": "Ganzenhoef",
    "51": "Verrijn Stuartweg",
    "52": "Diemen Zuid",
    "53": "Venserpolder",
    "54": "Gaasperplaslijn",
    "55": "Geinlijn",
    "56": "Osdorp De Aker",
    "57": "Matterhorn",
    "58": "Pilatus",
    "59": "Inaristraat",
    "60": "Ecuplein",
    "61": "Baden Powellweg",
    "62": "Hoekenes",
    "63": "Louis Davidsstraat",
    "64": "Meer en Vaart",
    "65": "Piet Wiedijkstraat",
    "66": "Johan Huizingalaan",
    "67": "Station Lelylaan",
    "68": "Derkinderenstraat",
    "69": "Surinameplein",
    "70": "Overtoomsesluis",
    "71": "Rhijnvis Feithstraat",
    "72": "J.P. Heijestraat",
    "73": "1e Con. Huygensstraat",
    "74": "Stadhouderskade",
    "75": "Leidseplein",
    "76": "Prinsengracht",
    "77": "Keizersgracht",
    "78": "Koningsplein",
    "79": "Spui",
    "80": "Dam",
    "81": "Nieuwezijds Kolk",
    "82": "Martelaarsgracht",
    "83": "Tramline #1",
    "84": "Lambertus Zijlpein",
    "85": "Dr. H. Colijnstraat",
    "86": "Burg. van Leeuwenlaan",
    "87": "Slotermeerlaan",
    "88": "Burg. Rendorpstraat",
    "89": "Jan Tooropstraat",
    "90": "Jan Voermanstraat",
    "91": "Adm. Helfrichstraat",
    "92": "Mercatorplein",
    "93": "Marco Polostraat",
    "94": "Adm. de Ruijterweg",
    "95": "Willem de Zwijgerlaan",
    "96": "E. Wolffstraat",
    "97": "Bilderdijkstraat",
    "98": "Marnixstraat",
    "99": "Westermarkt",
    "100": "Tramline #13",
    "101": "Flevopark",
    "102": "Insulindeweg",
    "103": "Soembawastraat",
    "104": "Molukkenstraat",
    "105": "Javaplein",
    "106": "Zeeburgerdijk",
    "107": "Pontanusstraat",
    "108": "Alexanderplein",
    "109": "Plantage Badlaan",
    "110": "Plantage Kerklaan",
    "111": "Mr. Vissenplein",
    "112": "Rembrandtplein",
    "113": "Muntplein",
    "114": "J. v.Galenstraat",
    "115": "K. Doormanstraat",
    "116": "Bos en Lommerweg",
    "117": "Egidiusstraat",
    "118": "Bos en Lommerplein",
    "119": "Burg. de Vlugtlaan",
    "120": "Burg. Fockstraat",
    "121": "Burg. Eliasstraat",
    "122": "Plein '40-'45",
    "123": "Lodewijk van Deysselstraat",
    "124": "Burg. Roellstraat",
    "125": "Sloterpark",
    "126": "Tramline #14",
    "127": "Gustav Mahlerlaan",
    "128": "VU medisch centrum",
    "129": "IJsbaanpad",
    "130": "Stadionplein",
    "131": "Harlemmermeerstation",
    "132": "Valeriusplein",
    "133": "Emmastraat",
    "134": "Jacob Obrechtstraat",
    "135": "Museumplein",
    "136": "Ruysdaelstraat",
    "137": "Albert Cuypstraat",
    "138": "Stadhouderstraat",
    "139": "Weteringcircuit",
    "140": "Tramline #16",
    "141": "Dijkgraafplein",
    "142": "Ingelandenweg",
    "143": "Osdorplein",
    "144": "Ruimzicht",
    "145": "Hoofdweg",
    "146": "Corantynstraat",
    "147": "Witte de Withstraat",
    "148": "Ten Katestraat",
    "149": "Bilderdijkstraa",
    "150": "Elandsgracht",
    "151": "Tramline #17",
    "152": "Olympiaweg",
    "153": "Olympiaplein",
    "154": "Minervaplein",
    "155": "Beethovenstraat",
    "156": "Gerrit v.d. Veenstraat",
    "157": "Apollolaan",
    "158": "Roelof Hartplein",
    "159": "Tramline #24",
    "160": "President Kennedulaan",
    "161": "Hunzestraat",
    "162": "Uiterwaardenstraat",
    "163": "Victorieplein",
    "164": "Waalstraat",
    "165": "Maalstraat",
    "166": "Scheldestraat",
    "167": "Cornelis Troostplein",
    "168": "Ceintuurbaan",
    "169": "2e v.d.Helststraat",
    "170": "Van Woustraat",
    "171": "Frederiksplein",
    "172": "Muziekgeb. Bimhuis",
    "173": "Passenger Terminal Amsterdam",
    "174": "Tramline #25",
    "175": "IJburg",
    "176": "Ruisrietstraat",
    "177": "Diemerparklaan",
    "178": "Vennepluimstraat",
    "179": "Steigereiland",
    "180": "Zuiderzeeweg",
    "181": "Rietlandpark",
    "182": "Kattenburgerstraat",
    "183": "Tramline #26",
    "184": "Oudenaardeplantsoen",
    "185": "Kasterleepark",
    "186": "Lann v.Vlaanderen",
    "187": "Louwesweg",
    "188": "Aletta Jacobslaan",
    "189": "Delflandlaan",
    "190": "Westlandgracht",
    "191": "Hoofddorpplein",
    "192": "Cornelius Schuytstraat",
    "193": "Jac. Obrechtstraat",
    "194": "Van Baerlestraat",
    "195": "Hobbemastraat",
    "196": "Tramline #2",
    "197": "Muiderpoortstation",
    "198": "Dapperstraat",
    "199": "Linnaeusstraat",
    "200": "Beukenweg",
    "201": "Camperstraat",
    "202": "Amsteldijk",
    "203": "Ferd. Bolstraat",
    "204": "Ruysdaelkade",
    "205": "Overtoom",
    "206": "Kinkerstraat",
    "207": "De Clercqstraat",
    "208": "Hugo de Grootplein",
    "209": "Fred. Hendrikplants.",
    "210": "Marnixplein",
    "211": "N. Willemsstraat",
    "212": "Haarlemmerplein",
    "213": "Zoutkeetsgracht",
    "214": "Tramline #3",
    "215": "Lutmastraat",
    "216": "Jozef Israelskade",
    "217": "Maasstraat",
    "218": "Dintelstraat",
    "219": "Europaplein",
    "220": "Station RAI",
    "221": "Drentepark",
    "222": "Tramline #4",
    "223": "Binnenhof",
    "224": "De Boelelaan/VU",
    "225": "Station Zuid",
    "226": "Princess Irenestraat",
    "227": "Stadionweg",
    "228": "Tramline #5",
    "229": "Korte's-Gravesabdestraat",
    "230": "Oosteinde",
    "231": "Spiegelgracht",
    "232": "Raamplein",
    "233": "Van Kinsbergenstraat",
    "234": "Jan Evertsenstraat",
    "235": "Erasmusgracht",
    "236": "Tramline #7",
    "237": "1e van Swindenstraat",
    "238": "Wijttenbachstraat",
    "239": "Pretoriusstraat",
    "240": "Hogeweg",
    "241": "Hugo de Vrieslaa",
    "242": "Kruislaa",
    "243": "Brinkstraat",
    "244": "Arent Krijtsstraat",
    "245": "Schoolstraat",
    "246": "Nicolaas Lublinkstraat",
    "247": "Diemen Sniep",
    "248": "Tramline #9",
    "249": "Van Hallstraat",
    "250": "Van Limburg Stirumstraat",
    "251": "De Wittenkade",
    "252": "Nassaukade",
    "253": "Bloemgracht",
    "254": "Rozengracht",
    "255": "Hoogte Kadijk",
    "256": "1e Coehoornstraat",
    "257": "1e Leeghwaterstraat",
    "258": "C. van Eesterenlaan",
    "259": "Azartplein",
    "260": "Tramline #10",
    "261": "Amstelstation",
    "262": "Adm. de Rujterweg",
    "263": "Wiltzanghlaan",
    "264": "Haarlemmerweg",
    "265": "Kingsfordweg",
    "266": "Station Sloterdijk",
    "267": "Tramline #12",
    "268": "Метро",
    "269": "ROOT",
    "270": "Метро",
    "271": "Трамвай",
    "272": "Схема от 17.12.2007г.\nИнформация о времени проезда:\n- ждем Вашей помощи...\nКарта взята с сайта http://...htm.",
    "273": "Imported from http://pmetro.su"
}