{
    "0": "Recife",
    "1": "Joana Bezerra",
    "2": "Afogados",
    "3": "Ipiranga",
    "4": "Mangueira",
    "5": "Santa Luzia",
    "6": "Werneck",
    "7": "Barro",
    "8": "Tejipio",
    "9": "Coqueiral",
    "10": "Cavaleiro",
    "11": "Floriano",
    "12": "Engenho Velho",
    "13": "Jaboatao",
    "14": "Alto do Ceu",
    "15": "Curado",
    "16": "Rodoviaria",
    "17": "Camaragibe",
    "18": "Linha Centro",
    "19": "Largo da Paz",
    "20": "Imbiribeira",
    "21": "Antonio Falcao",
    "22": "Shopping",
    "23": "Tancredo Neves",
    "24": "Aeroporto",
    "25": "Porta Larga",
    "26": "Monte dos Guararapes",
    "27": "Prazeres",
    "28": "Cajueiro Seco",
    "29": "Linha Sul",
    "30": "Metro",
    "31": "ROOT",
    "32": "Shema ot 10.06.2009g.\nAvtor: Varlamov Dmitrij (www.chpeks.com)\nInformatsija vzjata s sajta www.urbanrail.net",
    "33": "Imported from http://pmetro.su"
}