{
    "lines": [
        {
            "delays": [],
            "name": "R1",
            "scheme": null,
            "segments": [
                [
                    172,
                    173,
                    120
                ],
                [
                    173,
                    172,
                    120
                ],
                [
                    173,
                    174,
                    120
                ],
                [
                    174,
                    173,
                    120
                ],
                [
                    174,
                    175,
                    120
                ],
                [
                    175,
                    174,
                    120
                ],
                [
                    175,
                    176,
                    120
                ],
                [
                    176,
                    175,
                    120
                ],
                [
                    176,
                    177,
                    120
                ],
                [
                    177,
                    176,
                    120
                ],
                [
                    177,
                    178,
                    120
                ],
                [
                    178,
                    177,
                    120
                ],
                [
                    178,
                    179,
                    120
                ],
                [
                    179,
                    178,
                    120
                ],
                [
                    179,
                    180,
                    120
                ],
                [
                    180,
                    179,
                    120
                ],
                [
                    180,
                    181,
                    120
                ],
                [
                    181,
                    180,
                    120
                ],
                [
                    181,
                    182,
                    120
                ],
                [
                    182,
                    181,
                    120
                ],
                [
                    182,
                    183,
                    120
                ],
                [
                    183,
                    182,
                    120
                ],
                [
                    183,
                    184,
                    120
                ],
                [
                    184,
                    183,
                    120
                ]
            ],
            "stations": [
                [
                    172,
                    "Molins de Rei",
                    153
                ],
                [
                    173,
                    "Sant Feliu de Llobregat",
                    154
                ],
                [
                    174,
                    "Sant Joan Despi",
                    155
                ],
                [
                    175,
                    "Cornella",
                    156
                ],
                [
                    176,
                    "L'Hospitalet de Llobregat",
                    157
                ],
                [
                    177,
                    "Sants",
                    158
                ],
                [
                    178,
                    "Catalunya",
                    15
                ],
                [
                    179,
                    "Arc de Triomf",
                    17
                ],
                [
                    180,
                    "El Clot-Arago",
                    159
                ],
                [
                    181,
                    "Sant Adria de Besos",
                    160
                ],
                [
                    182,
                    "Badalona",
                    161
                ],
                [
                    183,
                    "Montgat",
                    162
                ],
                [
                    184,
                    "Montgat Nord",
                    163
                ]
            ],
            "text_id": 164
        },
        {
            "delays": [],
            "name": "R2",
            "scheme": null,
            "segments": [
                [
                    185,
                    186,
                    120
                ],
                [
                    186,
                    185,
                    120
                ],
                [
                    186,
                    187,
                    120
                ],
                [
                    187,
                    186,
                    120
                ],
                [
                    187,
                    188,
                    120
                ],
                [
                    188,
                    187,
                    120
                ],
                [
                    188,
                    189,
                    120
                ],
                [
                    189,
                    188,
                    120
                ],
                [
                    189,
                    190,
                    120
                ],
                [
                    190,
                    189,
                    120
                ],
                [
                    190,
                    191,
                    120
                ],
                [
                    191,
                    190,
                    120
                ],
                [
                    191,
                    192,
                    120
                ],
                [
                    192,
                    191,
                    120
                ],
                [
                    192,
                    193,
                    120
                ],
                [
                    193,
                    192,
                    120
                ],
                [
                    193,
                    194,
                    120
                ],
                [
                    194,
                    193,
                    120
                ]
            ],
            "stations": [
                [
                    185,
                    "Castelldefels",
                    165
                ],
                [
                    186,
                    "Gava",
                    166
                ],
                [
                    187,
                    "Viladecans",
                    167
                ],
                [
                    188,
                    "El Prat de Llobregat",
                    168
                ],
                [
                    189,
                    "Bellvitge",
                    1
                ],
                [
                    190,
                    "Sants",
                    158
                ],
                [
                    191,
                    "Passeig de Gracia",
                    33
                ],
                [
                    192,
                    "El Clot-Arago",
                    159
                ],
                [
                    193,
                    "Sant Andreu Comtal",
                    169
                ],
                [
                    194,
                    "Montcada i Reixac",
                    170
                ]
            ],
            "text_id": 171
        },
        {
            "delays": [],
            "name": "R2-Nord",
            "scheme": null,
            "segments": [
                [
                    195,
                    196,
                    120
                ],
                [
                    196,
                    195,
                    120
                ],
                [
                    196,
                    197,
                    120
                ],
                [
                    197,
                    196,
                    120
                ],
                [
                    197,
                    198,
                    120
                ],
                [
                    198,
                    197,
                    120
                ],
                [
                    198,
                    199,
                    120
                ],
                [
                    199,
                    198,
                    120
                ],
                [
                    199,
                    200,
                    120
                ],
                [
                    200,
                    199,
                    120
                ],
                [
                    200,
                    201,
                    120
                ],
                [
                    201,
                    200,
                    120
                ],
                [
                    201,
                    202,
                    120
                ],
                [
                    202,
                    201,
                    120
                ]
            ],
            "stations": [
                [
                    195,
                    "Aeroport",
                    172
                ],
                [
                    196,
                    "El Prat de Llobregat",
                    168
                ],
                [
                    197,
                    "Bellvitge",
                    1
                ],
                [
                    198,
                    "Sants",
                    158
                ],
                [
                    199,
                    "Passeig de Gracia",
                    33
                ],
                [
                    200,
                    "El Clot-Arago",
                    159
                ],
                [
                    201,
                    "Sant Andreu Comtal",
                    169
                ],
                [
                    202,
                    "Montcada i Reixac",
                    170
                ]
            ],
            "text_id": 173
        },
        {
            "delays": [],
            "name": "R2-Sud",
            "scheme": null,
            "segments": [
                [
                    203,
                    204,
                    120
                ],
                [
                    204,
                    203,
                    120
                ],
                [
                    204,
                    205,
                    120
                ],
                [
                    205,
                    204,
                    120
                ],
                [
                    205,
                    206,
                    120
                ],
                [
                    206,
                    205,
                    120
                ],
                [
                    206,
                    207,
                    120
                ],
                [
                    207,
                    206,
                    120
                ],
                [
                    207,
                    208,
                    120
                ],
                [
                    208,
                    207,
                    120
                ],
                [
                    208,
                    209,
                    120
                ],
                [
                    209,
                    208,
                    120
                ],
                [
                    209,
                    210,
                    120
                ],
                [
                    210,
                    209,
                    120
                ],
                [
                    210,
                    211,
                    120
                ],
                [
                    211,
                    210,
                    120
                ]
            ],
            "stations": [
                [
                    203,
                    "Platja de Castelldefels",
                    174
                ],
                [
                    204,
                    "Castelldefels",
                    165
                ],
                [
                    205,
                    "Gava",
                    166
                ],
                [
                    206,
                    "Viladecans",
                    167
                ],
                [
                    207,
                    "El Prat de Llobregat",
                    168
                ],
                [
                    208,
                    "Bellvitge",
                    1
                ],
                [
                    209,
                    "Sants",
                    158
                ],
                [
                    210,
                    "Passeig de Gracia",
                    33
                ],
                [
                    211,
                    "Estacio de Franca",
                    175
                ]
            ],
            "text_id": 176
        },
        {
            "delays": [],
            "name": "R3",
            "scheme": null,
            "segments": [
                [
                    212,
                    213,
                    120
                ],
                [
                    213,
                    212,
                    120
                ],
                [
                    213,
                    214,
                    120
                ],
                [
                    214,
                    213,
                    120
                ],
                [
                    214,
                    215,
                    120
                ],
                [
                    215,
                    214,
                    120
                ],
                [
                    215,
                    216,
                    120
                ],
                [
                    216,
                    215,
                    120
                ],
                [
                    216,
                    217,
                    120
                ],
                [
                    217,
                    216,
                    120
                ],
                [
                    217,
                    218,
                    120
                ],
                [
                    218,
                    217,
                    120
                ],
                [
                    218,
                    219,
                    120
                ],
                [
                    219,
                    218,
                    120
                ],
                [
                    219,
                    220,
                    120
                ],
                [
                    220,
                    219,
                    120
                ]
            ],
            "stations": [
                [
                    212,
                    "L'Hospitalet de Llobregat",
                    157
                ],
                [
                    213,
                    "Sants",
                    158
                ],
                [
                    214,
                    "Catalunya",
                    15
                ],
                [
                    215,
                    "Arc de Triomf",
                    17
                ],
                [
                    216,
                    "La Sagrera-Meridiana",
                    177
                ],
                [
                    217,
                    "Sant Andreu Arenal",
                    178
                ],
                [
                    218,
                    "Torre del Baro",
                    179
                ],
                [
                    219,
                    "Montcada Bifurcacio",
                    180
                ],
                [
                    220,
                    "Montcada Ripollet",
                    181
                ]
            ],
            "text_id": 182
        },
        {
            "delays": [],
            "name": "R4",
            "scheme": null,
            "segments": [
                [
                    221,
                    222,
                    120
                ],
                [
                    222,
                    221,
                    120
                ],
                [
                    222,
                    223,
                    120
                ],
                [
                    223,
                    222,
                    120
                ],
                [
                    223,
                    224,
                    120
                ],
                [
                    224,
                    223,
                    120
                ],
                [
                    224,
                    225,
                    120
                ],
                [
                    225,
                    224,
                    120
                ],
                [
                    225,
                    226,
                    120
                ],
                [
                    226,
                    225,
                    120
                ],
                [
                    226,
                    227,
                    120
                ],
                [
                    227,
                    226,
                    120
                ],
                [
                    227,
                    228,
                    120
                ],
                [
                    228,
                    227,
                    120
                ],
                [
                    228,
                    229,
                    120
                ],
                [
                    229,
                    228,
                    120
                ],
                [
                    229,
                    230,
                    120
                ],
                [
                    230,
                    229,
                    120
                ],
                [
                    230,
                    231,
                    120
                ],
                [
                    231,
                    230,
                    120
                ],
                [
                    231,
                    232,
                    120
                ],
                [
                    232,
                    231,
                    120
                ],
                [
                    232,
                    233,
                    120
                ],
                [
                    233,
                    232,
                    120
                ],
                [
                    233,
                    234,
                    120
                ],
                [
                    234,
                    233,
                    120
                ]
            ],
            "stations": [
                [
                    221,
                    "Molins de Rei",
                    153
                ],
                [
                    222,
                    "Sant Feliu de Llobregat",
                    154
                ],
                [
                    223,
                    "Sant Joan Despi",
                    155
                ],
                [
                    224,
                    "Cornella",
                    156
                ],
                [
                    225,
                    "L'Hospitalet de Llobregat",
                    157
                ],
                [
                    226,
                    "Sants",
                    158
                ],
                [
                    227,
                    "Catalunya",
                    15
                ],
                [
                    228,
                    "Arc de Triomf",
                    17
                ],
                [
                    229,
                    "La Sagrera-Meridiana",
                    177
                ],
                [
                    230,
                    "Sant Andreu Arenal",
                    178
                ],
                [
                    231,
                    "Torre del Baro",
                    179
                ],
                [
                    232,
                    "Montcada Bifurcacio",
                    180
                ],
                [
                    233,
                    "Montcada i Reixac-Manresa",
                    183
                ],
                [
                    234,
                    "Montcada i Reixac-Santa Maria",
                    184
                ]
            ],
            "text_id": 185
        },
        {
            "delays": [],
            "name": "R7",
            "scheme": null,
            "segments": [
                [
                    235,
                    236,
                    120
                ],
                [
                    236,
                    235,
                    120
                ],
                [
                    236,
                    237,
                    120
                ],
                [
                    237,
                    236,
                    120
                ],
                [
                    237,
                    238,
                    120
                ],
                [
                    238,
                    237,
                    120
                ],
                [
                    238,
                    239,
                    120
                ],
                [
                    239,
                    238,
                    120
                ]
            ],
            "stations": [
                [
                    235,
                    "Sant Andreu Arenal",
                    178
                ],
                [
                    236,
                    "Torre del Baro",
                    179
                ],
                [
                    237,
                    "Montcada Bifurcacio",
                    180
                ],
                [
                    238,
                    "Montcada i Reixac-Manresa",
                    183
                ],
                [
                    239,
                    "Montcada i Reixac-Santa Maria",
                    184
                ]
            ],
            "text_id": 186
        }
    ],
    "name": "rodalies",
    "transfers": [
        [
            172,
            221,
            120,
            true
        ],
        [
            173,
            222,
            120,
            true
        ],
        [
            174,
            223,
            120,
            true
        ],
        [
            175,
            224,
            120,
            true
        ],
        [
            175,
            96,
            120,
            true
        ],
        [
            96,
            224,
            120,
            true
        ],
        [
            176,
            212,
            120,
            true
        ],
        [
            176,
            225,
            120,
            true
        ],
        [
            225,
            212,
            120,
            true
        ],
        [
            3,
            212,
            120,
            true
        ],
        [
            3,
            176,
            120,
            true
        ],
        [
            3,
            225,
            120,
            true
        ],
        [
            190,
            177,
            120,
            true
        ],
        [
            198,
            213,
            120,
            true
        ],
        [
            198,
            226,
            120,
            true
        ],
        [
            209,
            213,
            120,
            true
        ],
        [
            209,
            226,
            120,
            true
        ],
        [
            213,
            226,
            120,
            true
        ],
        [
            177,
            53,
            120,
            true
        ],
        [
            190,
            53,
            120,
            true
        ],
        [
            209,
            53,
            120,
            true
        ],
        [
            198,
            53,
            120,
            true
        ],
        [
            190,
            198,
            120,
            true
        ],
        [
            213,
            53,
            120,
            true
        ],
        [
            226,
            53,
            120,
            true
        ],
        [
            177,
            106,
            120,
            true
        ],
        [
            190,
            106,
            120,
            true
        ],
        [
            209,
            106,
            120,
            true
        ],
        [
            198,
            106,
            120,
            true
        ],
        [
            213,
            106,
            120,
            true
        ],
        [
            226,
            106,
            120,
            true
        ],
        [
            209,
            190,
            120,
            true
        ],
        [
            213,
            190,
            120,
            true
        ],
        [
            226,
            190,
            120,
            true
        ],
        [
            177,
            198,
            120,
            true
        ],
        [
            177,
            209,
            120,
            true
        ],
        [
            177,
            213,
            120,
            true
        ],
        [
            177,
            226,
            120,
            true
        ],
        [
            198,
            209,
            120,
            true
        ],
        [
            178,
            214,
            120,
            true
        ],
        [
            178,
            227,
            120,
            true
        ],
        [
            227,
            214,
            120,
            true
        ],
        [
            178,
            15,
            120,
            true
        ],
        [
            214,
            15,
            120,
            true
        ],
        [
            227,
            15,
            120,
            true
        ],
        [
            178,
            60,
            120,
            true
        ],
        [
            214,
            60,
            120,
            true
        ],
        [
            227,
            60,
            120,
            true
        ],
        [
            179,
            215,
            120,
            true
        ],
        [
            179,
            228,
            120,
            true
        ],
        [
            228,
            215,
            120,
            true
        ],
        [
            17,
            215,
            120,
            true
        ],
        [
            179,
            17,
            120,
            true
        ],
        [
            17,
            228,
            120,
            true
        ],
        [
            180,
            192,
            120,
            true
        ],
        [
            180,
            200,
            120,
            true
        ],
        [
            200,
            192,
            120,
            true
        ],
        [
            20,
            180,
            120,
            true
        ],
        [
            20,
            192,
            120,
            true
        ],
        [
            20,
            200,
            120,
            true
        ],
        [
            38,
            180,
            120,
            true
        ],
        [
            38,
            192,
            120,
            true
        ],
        [
            38,
            200,
            120,
            true
        ],
        [
            216,
            229,
            120,
            true
        ],
        [
            216,
            22,
            120,
            true
        ],
        [
            229,
            22,
            120,
            true
        ],
        [
            216,
            114,
            120,
            true
        ],
        [
            229,
            114,
            120,
            true
        ],
        [
            216,
            133,
            120,
            true
        ],
        [
            229,
            133,
            120,
            true
        ],
        [
            216,
            123,
            120,
            true
        ],
        [
            229,
            123,
            120,
            true
        ],
        [
            217,
            230,
            120,
            true
        ],
        [
            217,
            23,
            120,
            true
        ],
        [
            230,
            23,
            120,
            true
        ],
        [
            235,
            23,
            120,
            true
        ],
        [
            217,
            235,
            120,
            true
        ],
        [
            235,
            230,
            120,
            true
        ],
        [
            218,
            231,
            120,
            true
        ],
        [
            218,
            236,
            120,
            true
        ],
        [
            236,
            231,
            120,
            true
        ],
        [
            218,
            142,
            120,
            true
        ],
        [
            231,
            142,
            120,
            true
        ],
        [
            236,
            142,
            120,
            true
        ],
        [
            219,
            232,
            120,
            true
        ],
        [
            237,
            232,
            120,
            true
        ],
        [
            219,
            237,
            120,
            true
        ],
        [
            234,
            239,
            120,
            true
        ],
        [
            233,
            238,
            120,
            true
        ],
        [
            185,
            204,
            120,
            true
        ],
        [
            186,
            205,
            120,
            true
        ],
        [
            187,
            206,
            120,
            true
        ],
        [
            188,
            207,
            120,
            true
        ],
        [
            188,
            196,
            120,
            true
        ],
        [
            196,
            207,
            120,
            true
        ],
        [
            189,
            208,
            120,
            true
        ],
        [
            189,
            197,
            120,
            true
        ],
        [
            197,
            208,
            120,
            true
        ],
        [
            191,
            210,
            120,
            true
        ],
        [
            210,
            86,
            120,
            true
        ],
        [
            199,
            86,
            120,
            true
        ],
        [
            191,
            199,
            120,
            true
        ],
        [
            199,
            210,
            120,
            true
        ],
        [
            191,
            33,
            120,
            true
        ],
        [
            210,
            33,
            120,
            true
        ],
        [
            199,
            33,
            120,
            true
        ],
        [
            191,
            61,
            120,
            true
        ],
        [
            210,
            61,
            120,
            true
        ],
        [
            199,
            61,
            120,
            true
        ],
        [
            191,
            86,
            120,
            true
        ],
        [
            83,
            211,
            120,
            true
        ],
        [
            193,
            201,
            120,
            true
        ],
        [
            24,
            201,
            120,
            true
        ],
        [
            193,
            24,
            120,
            true
        ],
        [
            194,
            202,
            120,
            true
        ]
    ],
    "type_name": "Rodalies"
}