{
    "lines": [
        {
            "delays": [
                300,
                900
            ],
            "name": "M 1",
            "scheme": "1",
            "segments": [
                [
                    0,
                    1,
                    120
                ],
                [
                    1,
                    0,
                    120
                ],
                [
                    1,
                    2,
                    120
                ],
                [
                    2,
                    1,
                    120
                ],
                [
                    2,
                    3,
                    120
                ],
                [
                    3,
                    2,
                    120
                ],
                [
                    3,
                    4,
                    120
                ],
                [
                    4,
                    3,
                    120
                ],
                [
                    4,
                    5,
                    120
                ],
                [
                    5,
                    4,
                    120
                ],
                [
                    5,
                    6,
                    120
                ],
                [
                    6,
                    5,
                    120
                ],
                [
                    6,
                    7,
                    120
                ],
                [
                    7,
                    6,
                    120
                ],
                [
                    7,
                    8,
                    120
                ],
                [
                    8,
                    7,
                    120
                ],
                [
                    8,
                    9,
                    120
                ],
                [
                    9,
                    8,
                    120
                ],
                [
                    9,
                    10,
                    120
                ],
                [
                    10,
                    9,
                    120
                ],
                [
                    10,
                    11,
                    120
                ],
                [
                    11,
                    10,
                    120
                ],
                [
                    11,
                    12,
                    120
                ],
                [
                    12,
                    11,
                    120
                ],
                [
                    12,
                    13,
                    120
                ],
                [
                    13,
                    12,
                    120
                ],
                [
                    13,
                    14,
                    120
                ],
                [
                    14,
                    13,
                    120
                ]
            ],
            "stations": [
                [
                    0,
                    "Vanlose",
                    0
                ],
                [
                    1,
                    "Flinthom",
                    1
                ],
                [
                    2,
                    "Lindevang",
                    2
                ],
                [
                    3,
                    "Solbjerg",
                    3
                ],
                [
                    4,
                    "Fredericksberg",
                    4
                ],
                [
                    5,
                    "Forum",
                    5
                ],
                [
                    6,
                    "Norreport",
                    6
                ],
                [
                    7,
                    "Kongens Nytorv",
                    7
                ],
                [
                    8,
                    "Cristianshavn",
                    8
                ],
                [
                    9,
                    "Islands Brygge",
                    9
                ],
                [
                    10,
                    "Universitetet",
                    10
                ],
                [
                    11,
                    "Sundby",
                    11
                ],
                [
                    12,
                    "Bella Center",
                    12
                ],
                [
                    13,
                    "Orestad",
                    13
                ],
                [
                    14,
                    "Vestamager",
                    14
                ]
            ],
            "text_id": 15
        },
        {
            "delays": [
                300,
                900
            ],
            "name": "M 2",
            "scheme": "2",
            "segments": [
                [
                    15,
                    16,
                    120
                ],
                [
                    16,
                    15,
                    120
                ],
                [
                    16,
                    17,
                    120
                ],
                [
                    17,
                    16,
                    120
                ],
                [
                    17,
                    18,
                    120
                ],
                [
                    18,
                    17,
                    120
                ],
                [
                    18,
                    19,
                    120
                ],
                [
                    19,
                    18,
                    120
                ],
                [
                    19,
                    20,
                    120
                ],
                [
                    20,
                    19,
                    120
                ],
                [
                    20,
                    21,
                    120
                ],
                [
                    21,
                    20,
                    120
                ],
                [
                    21,
                    22,
                    120
                ],
                [
                    22,
                    21,
                    120
                ],
                [
                    22,
                    23,
                    120
                ],
                [
                    23,
                    22,
                    120
                ],
                [
                    23,
                    24,
                    120
                ],
                [
                    24,
                    23,
                    120
                ],
                [
                    24,
                    25,
                    120
                ],
                [
                    25,
                    24,
                    120
                ],
                [
                    25,
                    26,
                    120
                ],
                [
                    26,
                    25,
                    120
                ],
                [
                    26,
                    27,
                    120
                ],
                [
                    27,
                    26,
                    120
                ],
                [
                    27,
                    28,
                    120
                ],
                [
                    28,
                    27,
                    120
                ],
                [
                    28,
                    29,
                    120
                ],
                [
                    29,
                    28,
                    120
                ],
                [
                    29,
                    30,
                    120
                ],
                [
                    30,
                    29,
                    120
                ]
            ],
            "stations": [
                [
                    15,
                    "Vanlose",
                    0
                ],
                [
                    16,
                    "Flinthom",
                    1
                ],
                [
                    17,
                    "Lindevang",
                    2
                ],
                [
                    18,
                    "Solbjerg",
                    3
                ],
                [
                    19,
                    "Fredericksberg",
                    4
                ],
                [
                    20,
                    "Forum",
                    5
                ],
                [
                    21,
                    "Norreport",
                    6
                ],
                [
                    22,
                    "Kongens Nytorv",
                    7
                ],
                [
                    23,
                    "Cristianshavn",
                    8
                ],
                [
                    24,
                    "Amagerbro",
                    16
                ],
                [
                    25,
                    "Lergravsparken",
                    17
                ],
                [
                    26,
                    "Oresund",
                    18
                ],
                [
                    27,
                    "Amager Strand",
                    19
                ],
                [
                    28,
                    "Femoren",
                    20
                ],
                [
                    29,
                    "Kastrup",
                    21
                ],
                [
                    30,
                    "Lufthavnen",
                    22
                ]
            ],
            "text_id": 23
        }
    ],
    "name": "metro",
    "transfers": [
        [
            0,
            15,
            120,
            true
        ],
        [
            8,
            23,
            120,
            true
        ],
        [
            1,
            16,
            120,
            true
        ],
        [
            2,
            17,
            120,
            true
        ],
        [
            3,
            18,
            120,
            true
        ],
        [
            4,
            19,
            120,
            true
        ],
        [
            5,
            20,
            120,
            true
        ],
        [
            6,
            21,
            120,
            true
        ],
        [
            7,
            22,
            120,
            true
        ]
    ],
    "type_name": "Метро"
}