{
    "0": "Bei Kezhan",
    "1": "Beiyuan",
    "2": "Yundong Gongyuan",
    "3": "Xingzheng Zhongxin",
    "4": "Fengcheng 5-lu",
    "5": "Shi Tushuguan",
    "6": "Daminggongxi",
    "7": "Longshouyuan",
    "8": "Anyuanmen",
    "9": "Beidajie",
    "10": "Zhonglou",
    "11": "Yongningmen",
    "12": "Nanshaomen",
    "13": "Tiyuchang",
    "14": "Xiaozhai",
    "15": "Wei 1-jie",
    "16": "Huizhan Zhongxin",
    "17": "1",
    "18": "Metro",
    "19": "ROOT",
    "20": "Shema ot 11.06.2013g.",
    "21": "Imported from http://pmetro.su"
}