{
    "0": "Siaogang",
    "1": "Kaohsiung International Airport",
    "2": "Caoya",
    "3": "Cianjhen Senior High School",
    "4": "Kaisyuan",
    "5": "Shihjia",
    "6": "Sanduo Shopping District",
    "7": "Central Park",
    "8": "Formosa Boulevard",
    "9": "Kaohsiung Main Station",
    "10": "Houyi",
    "11": "Aozihdi",
    "12": "Kaohsiung Arena",
    "13": "Ecological District",
    "14": "Zuoying",
    "15": "World Games",
    "16": "Oil Refinery Elementary School",
    "17": "Nanzih Export Processing Zone",
    "18": "Houjing",
    "19": "Metropolitan Park",
    "20": "Cingpu",
    "21": "Ciaotou Sugar Refinery",
    "22": "Ciaotou Station",
    "23": "Gangshan South",
    "24": "Red Line",
    "25": "Sizihwan",
    "26": "Yanchengpu",
    "27": "City Council",
    "28": "Sinyi Elementary School",
    "29": "Cultural Center",
    "30": "Wukuaicuo",
    "31": "Martial Arts Stadium",
    "32": "Weiwuying",
    "33": "Fongshan West",
    "34": "Fongshan",
    "35": "Dadong",
    "36": "Fongshan Junior High School",
    "37": "Daliao",
    "38": "Orange Line",
    "39": "Lizihnei",
    "40": "Kaisyuan Rueitian",
    "41": "Cianjhen Star",
    "42": "Kaisyuan Jhonghua",
    "43": "Dream Mall",
    "44": "Commerce and Trade Park",
    "45": "Software Technology Park",
    "46": "Kaohsiung Exhibition Center",
    "47": "Cruise Terminal",
    "48": "Glory Pier",
    "49": "Love Pier",
    "50": "Dayi Pier-2",
    "51": "Penglai Pier-2",
    "52": "Hamasen",
    "53": "Wufu 4th Rd.",
    "54": "Dagong Rd.",
    "55": "Singlong Rd.",
    "56": "Gushan",
    "57": "Jiouru 4th Rd.",
    "58": "Museum of Fine Arts Station",
    "59": "Art Park",
    "60": "Kaohsiung Municipal United Hospital",
    "61": "Longde Rd.",
    "62": "Kaohsiung City Hall",
    "63": "Longhua Junior High School",
    "64": "Wanzihnei",
    "65": "Dingshan",
    "66": "Jiansing Rd.",
    "67": "Dashun Jiouru",
    "68": "Universal Cinemas",
    "69": "Rainbow Park",
    "70": "Minsheng Hospital",
    "71": "Kuochi Vocational High School",
    "72": "Wuchang Rd.",
    "73": "Ersheng Rd.",
    "74": "Depot",
    "75": "Circular light rail",
    "76": "Metro",
    "77": "ROOT",
    "78": "Shema ot 17.08.2019g.\nAvtor: Dmitrij Varlamov\nInformatsija vzjata s sajta www.krtco.com.tw",
    "79": "Imported from http://pmetro.su"
}