{
    "lines": [
        {
            "delays": [],
            "name": "1",
            "scheme": null,
            "segments": [
                [
                    0,
                    1,
                    120
                ],
                [
                    1,
                    0,
                    120
                ],
                [
                    1,
                    2,
                    120
                ],
                [
                    2,
                    1,
                    120
                ],
                [
                    2,
                    3,
                    120
                ],
                [
                    3,
                    2,
                    120
                ],
                [
                    3,
                    4,
                    120
                ],
                [
                    4,
                    3,
                    120
                ],
                [
                    4,
                    5,
                    120
                ],
                [
                    5,
                    4,
                    120
                ],
                [
                    5,
                    6,
                    120
                ],
                [
                    6,
                    5,
                    120
                ],
                [
                    6,
                    7,
                    120
                ],
                [
                    7,
                    6,
                    120
                ],
                [
                    7,
                    8,
                    120
                ],
                [
                    8,
                    7,
                    120
                ],
                [
                    8,
                    9,
                    120
                ],
                [
                    9,
                    8,
                    120
                ],
                [
                    9,
                    10,
                    120
                ],
                [
                    10,
                    9,
                    120
                ],
                [
                    10,
                    11,
                    120
                ],
                [
                    11,
                    10,
                    120
                ],
                [
                    11,
                    12,
                    120
                ],
                [
                    12,
                    11,
                    120
                ],
                [
                    12,
                    13,
                    120
                ],
                [
                    13,
                    12,
                    120
                ],
                [
                    13,
                    14,
                    120
                ],
                [
                    14,
                    13,
                    120
                ],
                [
                    14,
                    15,
                    120
                ],
                [
                    15,
                    14,
                    120
                ],
                [
                    15,
                    16,
                    120
                ],
                [
                    16,
                    15,
                    120
                ],
                [
                    16,
                    17,
                    120
                ],
                [
                    17,
                    16,
                    120
                ]
            ],
            "stations": [
                [
                    0,
                    "Hadongzhan",
                    0
                ],
                [
                    1,
                    "Huashujie",
                    1
                ],
                [
                    2,
                    "Jiatongxueyuan",
                    2
                ],
                [
                    3,
                    "Taipingqiao",
                    3
                ],
                [
                    4,
                    "Gongchengdaxue",
                    4
                ],
                [
                    5,
                    "Yanchang",
                    5
                ],
                [
                    6,
                    "Yidayiyuan",
                    6
                ],
                [
                    7,
                    "Bowuguan",
                    7
                ],
                [
                    8,
                    "Tieluju",
                    8
                ],
                [
                    9,
                    "Hagongda",
                    9
                ],
                [
                    10,
                    "Xidaqiao",
                    10
                ],
                [
                    11,
                    "Hexinglu",
                    11
                ],
                [
                    12,
                    "Xuefulu",
                    12
                ],
                [
                    13,
                    "Ligongdaxue",
                    13
                ],
                [
                    14,
                    "Heilongjiangdaxue",
                    14
                ],
                [
                    15,
                    "Yidaeryuan",
                    15
                ],
                [
                    16,
                    "Hada",
                    16
                ],
                [
                    17,
                    "Hananzhan",
                    17
                ]
            ],
            "text_id": 18
        }
    ],
    "name": "metro",
    "transfers": [],
    "type_name": "Метро"
}