{
    "lines": [
        {
            "delays": [
                780,
                780
            ],
            "name": "1",
            "scheme": null,
            "segments": [
                [
                    0,
                    1,
                    120
                ],
                [
                    1,
                    0,
                    120
                ],
                [
                    1,
                    2,
                    120
                ],
                [
                    2,
                    1,
                    120
                ],
                [
                    2,
                    3,
                    120
                ],
                [
                    3,
                    2,
                    120
                ],
                [
                    3,
                    4,
                    120
                ],
                [
                    4,
                    3,
                    120
                ],
                [
                    4,
                    5,
                    120
                ],
                [
                    5,
                    4,
                    120
                ],
                [
                    5,
                    6,
                    120
                ],
                [
                    6,
                    5,
                    120
                ],
                [
                    6,
                    7,
                    120
                ],
                [
                    7,
                    6,
                    120
                ],
                [
                    7,
                    8,
                    120
                ],
                [
                    8,
                    7,
                    120
                ]
            ],
            "stations": [
                [
                    0,
                    "Placa d'Espanya",
                    0
                ],
                [
                    1,
                    "Jacint Verdauger",
                    1
                ],
                [
                    2,
                    "Son Costa - Son Fortesa",
                    2
                ],
                [
                    3,
                    "Son Fuster Vell",
                    3
                ],
                [
                    4,
                    "Son Castello",
                    4
                ],
                [
                    5,
                    "Gran Via Asima",
                    5
                ],
                [
                    6,
                    "Cami dels Reis",
                    6
                ],
                [
                    7,
                    "Son Sardina",
                    7
                ],
                [
                    8,
                    "UIB",
                    8
                ]
            ],
            "text_id": 9
        }
    ],
    "name": "metro",
    "transfers": [],
    "type_name": "Метро"
}