{
    "0": "Uruguai",
    "1": "Saens Pena",
    "2": "Sao Francisco Xavier",
    "3": "Afonso Pena",
    "4": "Estacio",
    "5": "Praca Onze",
    "6": "Central",
    "7": "Presidente Vargas",
    "8": "Uruguaiana",
    "9": "Carioca",
    "10": "Cinelandia",
    "11": "Gloria",
    "12": "Catete",
    "13": "Largo do Machado",
    "14": "Flamengo",
    "15": "Botafogo",
    "16": "Cardeal Arcoverde",
    "17": "Siqueira Campos",
    "18": "Cantagalo",
    "19": "General Osorio",
    "20": "1",
    "21": "Cidade Nova",
    "22": "Sao Cristovao",
    "23": "Maracana",
    "24": "Triagem",
    "25": "Maria da Graca",
    "26": "Nova America/Del Castilho",
    "27": "Inhauma",
    "28": "Engenho da Rainha",
    "29": "Thomaz Coelho",
    "30": "Vicente de Carvalho",
    "31": "Iraja",
    "32": "Colegio",
    "33": "Coelho Neto",
    "34": "Acari/Fazenda Botafogo",
    "35": "Engenheiro Rubens Paiva",
    "36": "Pavuna",
    "37": "2",
    "38": "Nossa Senhora da Paz",
    "39": "Jardim de Alah",
    "40": "Antero de Quental",
    "41": "Sao Conrado",
    "42": "Jardim Oceanico",
    "43": "4",
    "44": "Metro",
    "45": "ROOT",
    "46": "Shema ot 04.03.2017g.\nAvtor: Varlamov Dmitrij (www.chpeks.com)\nInformatsija vzjata s sajta www.urbanrail.net",
    "47": "Imported from http://pmetro.su"
}