{
    "0": "Opernyj teatr",
    "1": "Gor'kovskaja",
    "2": "Moskovskaja",
    "3": "Chkalovskaja",
    "4": "Leninskaja",
    "5": "Zarechnaja",
    "6": "Dvigatel' Revoljutsii",
    "7": "Proletarskaja",
    "8": "Avtozavodskaja",
    "9": "Komsomol'skaja",
    "10": "Kirovskaja",
    "11": "Park Kul'tury",
    "12": "Sormovskaja",
    "13": "Varja",
    "14": "Burevestnik",
    "15": "Burnakovskaja",
    "16": "Kanavinskaja",
    "17": "Strelka",
    "18": "Volga",
    "19": "Metro",
    "20": "ROOT",
    "21": "Metro",
    "22": "Shema ot 15.03.2021g.\nInformatsija o vremeni proezda:\n- Kuzer.\nKarta vzjata s sajta http://www.metrowalks.ru.\nInformatsija po ctantsijam - s sajta http://www.metrowalks.ru.\nInformatsiju po gorodskomu transportu i krupnym gorodskim ob'ektam prislal Aleksandr Nikol'skij.",
    "23": "Imported from http://pmetro.su"
}