{
    "default_transports": [
        "metro"
    ],
    "height": 746,
    "images": [
        "res/schemes/tianjin.svg"
    ],
    "is_vector": true,
    "lines": [
        {
            "labels_bg_color": "-1",
            "labels_color": "E60000",
            "line_color": "E60000",
            "line_width": 7,
            "name": "1",
            "segments": [
                [
                    0,
                    1,
                    [
                        [
                            848,
                            572
                        ],
                        [
                            892,
                            572
                        ]
                    ],
                    true
                ],
                [
                    1,
                    2,
                    [
                        [
                            802,
                            572
                        ],
                        [
                            848,
                            572
                        ]
                    ],
                    true
                ],
                [
                    2,
                    3,
                    [
                        [
                            756,
                            572
                        ],
                        [
                            802,
                            572
                        ]
                    ],
                    true
                ],
                [
                    3,
                    4,
                    [
                        [
                            700,
                            572
                        ],
                        [
                            756,
                            572
                        ]
                    ],
                    true
                ],
                [
                    4,
                    5,
                    [
                        [
                            642,
                            572
                        ],
                        [
                            700,
                            572
                        ]
                    ],
                    true
                ],
                [
                    5,
                    6,
                    [
                        [
                            602,
                            526
                        ],
                        [
                            602.0,
                            557.0
                        ],
                        [
                            617.0,
                            572.0
                        ],
                        [
                            642,
                            572
                        ]
                    ],
                    true
                ],
                [
                    6,
                    7,
                    [
                        [
                            602,
                            486
                        ],
                        [
                            602,
                            526
                        ]
                    ],
                    true
                ],
                [
                    7,
                    8,
                    [
                        [
                            562,
                            439
                        ],
                        [
                            591.0,
                            439.0
                        ],
                        [
                            602.0,
                            450.0
                        ],
                        [
                            602,
                            486
                        ]
                    ],
                    true
                ],
                [
                    8,
                    9,
                    [
                        [
                            517,
                            439
                        ],
                        [
                            562,
                            439
                        ]
                    ],
                    true
                ],
                [
                    9,
                    10,
                    [
                        [
                            468,
                            439
                        ],
                        [
                            517,
                            439
                        ]
                    ],
                    true
                ],
                [
                    10,
                    11,
                    [
                        [
                            410,
                            439
                        ],
                        [
                            468,
                            439
                        ]
                    ],
                    true
                ],
                [
                    11,
                    12,
                    [
                        [
                            386,
                            388
                        ],
                        [
                            386.0,
                            428.0
                        ],
                        [
                            397.0,
                            439.0
                        ],
                        [
                            410,
                            439
                        ]
                    ],
                    true
                ],
                [
                    12,
                    13,
                    [
                        [
                            386,
                            317
                        ],
                        [
                            386,
                            388
                        ]
                    ],
                    true
                ],
                [
                    13,
                    14,
                    [
                        [
                            386,
                            271
                        ],
                        [
                            386,
                            317
                        ]
                    ],
                    true
                ],
                [
                    14,
                    15,
                    [
                        [
                            386,
                            232
                        ],
                        [
                            386,
                            271
                        ]
                    ],
                    true
                ],
                [
                    15,
                    16,
                    [
                        [
                            386,
                            195
                        ],
                        [
                            386,
                            232
                        ]
                    ],
                    true
                ],
                [
                    16,
                    17,
                    [
                        [
                            373,
                            161
                        ],
                        [
                            386.0,
                            174.0
                        ],
                        [
                            386,
                            195
                        ]
                    ],
                    true
                ],
                [
                    17,
                    18,
                    [
                        [
                            345,
                            133
                        ],
                        [
                            373,
                            161
                        ]
                    ],
                    true
                ],
                [
                    18,
                    19,
                    [
                        [
                            316,
                            104
                        ],
                        [
                            345,
                            133
                        ]
                    ],
                    true
                ],
                [
                    19,
                    20,
                    [
                        [
                            290,
                            78
                        ],
                        [
                            316,
                            104
                        ]
                    ],
                    true
                ],
                [
                    20,
                    21,
                    [
                        [
                            265,
                            53
                        ],
                        [
                            290,
                            78
                        ]
                    ],
                    true
                ]
            ],
            "stations": [
                {
                    "coord": [
                        892,
                        572
                    ],
                    "is_working": true,
                    "name": "Shuanglin",
                    "rect": [
                        869,
                        580,
                        51,
                        15
                    ],
                    "text_id": 0,
                    "uid": 0
                },
                {
                    "coord": [
                        848,
                        572
                    ],
                    "is_working": true,
                    "name": "Caijindaxue",
                    "rect": [
                        816,
                        549,
                        61,
                        15
                    ],
                    "text_id": 1,
                    "uid": 1
                },
                {
                    "coord": [
                        802,
                        572
                    ],
                    "is_working": true,
                    "name": "Huashanli",
                    "rect": [
                        778,
                        580,
                        52,
                        15
                    ],
                    "text_id": 2,
                    "uid": 2
                },
                {
                    "coord": [
                        756,
                        572
                    ],
                    "is_working": true,
                    "name": "Fuxingmen",
                    "rect": [
                        730,
                        549,
                        56,
                        15
                    ],
                    "text_id": 3,
                    "uid": 3
                },
                {
                    "coord": [
                        700,
                        572
                    ],
                    "is_working": true,
                    "name": "Chentangzhuang",
                    "rect": [
                        666,
                        580,
                        84,
                        15
                    ],
                    "text_id": 4,
                    "uid": 4
                },
                {
                    "coord": [
                        642,
                        572
                    ],
                    "is_working": true,
                    "name": "Tucheng",
                    "rect": [
                        623,
                        549,
                        44,
                        15
                    ],
                    "text_id": 5,
                    "uid": 5
                },
                {
                    "coord": [
                        602,
                        526
                    ],
                    "is_working": true,
                    "name": "Nanlou",
                    "rect": [
                        556,
                        519,
                        37,
                        15
                    ],
                    "text_id": 6,
                    "uid": 6
                },
                {
                    "coord": [
                        602,
                        486
                    ],
                    "is_working": true,
                    "name": "Xiawafang",
                    "rect": [
                        611,
                        479,
                        53,
                        15
                    ],
                    "text_id": 7,
                    "uid": 7
                },
                {
                    "coord": [
                        562,
                        439
                    ],
                    "is_working": true,
                    "name": "Xiaobailou",
                    "rect": [
                        552,
                        416,
                        54,
                        15
                    ],
                    "text_id": 8,
                    "uid": 8
                },
                {
                    "coord": [
                        517,
                        439
                    ],
                    "is_working": true,
                    "name": "Yingkoudao",
                    "rect": [
                        522,
                        449,
                        60,
                        15
                    ],
                    "text_id": 9,
                    "uid": 9
                },
                {
                    "coord": [
                        468,
                        439
                    ],
                    "is_working": true,
                    "name": "Anshandao",
                    "rect": [
                        440,
                        416,
                        58,
                        15
                    ],
                    "text_id": 10,
                    "uid": 10
                },
                {
                    "coord": [
                        410,
                        439
                    ],
                    "is_working": true,
                    "name": "Haiguangsi",
                    "rect": [
                        382,
                        447,
                        58,
                        15
                    ],
                    "text_id": 11,
                    "uid": 11
                },
                {
                    "coord": [
                        386,
                        388
                    ],
                    "is_working": true,
                    "name": "Erweilu",
                    "rect": [
                        338,
                        381,
                        39,
                        15
                    ],
                    "text_id": 12,
                    "uid": 12
                },
                {
                    "coord": [
                        386,
                        317
                    ],
                    "is_working": true,
                    "name": "Xi'nanjiao",
                    "rect": [
                        328,
                        295,
                        50,
                        15
                    ],
                    "text_id": 13,
                    "uid": 13
                },
                {
                    "coord": [
                        386,
                        271
                    ],
                    "is_working": true,
                    "name": "Xibeijiao",
                    "rect": [
                        395,
                        264,
                        45,
                        15
                    ],
                    "text_id": 14,
                    "uid": 14
                },
                {
                    "coord": [
                        386,
                        232
                    ],
                    "is_working": true,
                    "name": "Xizhan",
                    "rect": [
                        395,
                        225,
                        35,
                        15
                    ],
                    "text_id": 15,
                    "uid": 15
                },
                {
                    "coord": [
                        386,
                        195
                    ],
                    "is_working": true,
                    "name": "Honghuli",
                    "rect": [
                        395,
                        188,
                        46,
                        15
                    ],
                    "text_id": 16,
                    "uid": 16
                },
                {
                    "coord": [
                        373,
                        161
                    ],
                    "is_working": true,
                    "name": "Qinjiandao",
                    "rect": [
                        382,
                        149,
                        55,
                        15
                    ],
                    "text_id": 17,
                    "uid": 17
                },
                {
                    "coord": [
                        345,
                        133
                    ],
                    "is_working": true,
                    "name": "Benxilu",
                    "rect": [
                        354,
                        121,
                        40,
                        15
                    ],
                    "text_id": 18,
                    "uid": 18
                },
                {
                    "coord": [
                        316,
                        104
                    ],
                    "is_working": true,
                    "name": "Guojiuchang",
                    "rect": [
                        325,
                        92,
                        64,
                        15
                    ],
                    "text_id": 19,
                    "uid": 19
                },
                {
                    "coord": [
                        290,
                        78
                    ],
                    "is_working": true,
                    "name": "Xihengdi",
                    "rect": [
                        299,
                        66,
                        45,
                        15
                    ],
                    "text_id": 20,
                    "uid": 20
                },
                {
                    "coord": [
                        265,
                        53
                    ],
                    "is_working": true,
                    "name": "Liuyuan",
                    "rect": [
                        274,
                        41,
                        41,
                        15
                    ],
                    "text_id": 21,
                    "uid": 21
                }
            ],
            "text_id": 22
        },
        {
            "labels_bg_color": "-1",
            "labels_color": "F49E01",
            "line_color": "FCCC04",
            "line_width": 7,
            "name": "2",
            "segments": [
                [
                    22,
                    23,
                    [
                        [
                            74,
                            317
                        ],
                        [
                            37,
                            317
                        ]
                    ],
                    true
                ],
                [
                    23,
                    24,
                    [
                        [
                            120,
                            317
                        ],
                        [
                            74,
                            317
                        ]
                    ],
                    true
                ],
                [
                    24,
                    25,
                    [
                        [
                            167,
                            317
                        ],
                        [
                            120,
                            317
                        ]
                    ],
                    true
                ],
                [
                    25,
                    26,
                    [
                        [
                            245,
                            317
                        ],
                        [
                            167,
                            317
                        ]
                    ],
                    true
                ],
                [
                    26,
                    27,
                    [
                        [
                            309,
                            317
                        ],
                        [
                            245,
                            317
                        ]
                    ],
                    true
                ],
                [
                    27,
                    28,
                    [
                        [
                            386,
                            317
                        ],
                        [
                            309,
                            317
                        ]
                    ],
                    true
                ],
                [
                    28,
                    29,
                    [
                        [
                            418,
                            317
                        ],
                        [
                            386,
                            317
                        ]
                    ],
                    true
                ],
                [
                    29,
                    30,
                    [
                        [
                            461,
                            317
                        ],
                        [
                            418,
                            317
                        ]
                    ],
                    true
                ],
                [
                    30,
                    31,
                    [
                        [
                            505,
                            317
                        ],
                        [
                            461,
                            317
                        ]
                    ],
                    false
                ],
                [
                    31,
                    32,
                    [
                        [
                            540,
                            317
                        ],
                        [
                            505,
                            317
                        ]
                    ],
                    false
                ],
                [
                    32,
                    33,
                    [
                        [
                            631,
                            317
                        ],
                        [
                            540,
                            317
                        ]
                    ],
                    true
                ],
                [
                    33,
                    34,
                    [
                        [
                            713,
                            317
                        ],
                        [
                            631,
                            317
                        ]
                    ],
                    true
                ],
                [
                    34,
                    35,
                    [
                        [
                            756,
                            317
                        ],
                        [
                            713,
                            317
                        ]
                    ],
                    true
                ],
                [
                    35,
                    36,
                    [
                        [
                            797,
                            317
                        ],
                        [
                            756,
                            317
                        ]
                    ],
                    true
                ],
                [
                    36,
                    37,
                    [
                        [
                            845,
                            317
                        ],
                        [
                            797,
                            317
                        ]
                    ],
                    true
                ],
                [
                    37,
                    38,
                    [
                        [
                            898,
                            317
                        ],
                        [
                            845,
                            317
                        ]
                    ],
                    true
                ],
                [
                    38,
                    39,
                    [
                        [
                            943,
                            317
                        ],
                        [
                            898,
                            317
                        ]
                    ],
                    true
                ],
                [
                    39,
                    40,
                    [
                        [
                            1001,
                            317
                        ],
                        [
                            943,
                            317
                        ]
                    ],
                    true
                ]
            ],
            "stations": [
                {
                    "coord": [
                        37,
                        317
                    ],
                    "is_working": true,
                    "name": "Caozhuang",
                    "rect": [
                        10,
                        294,
                        57,
                        15
                    ],
                    "text_id": 23,
                    "uid": 22
                },
                {
                    "coord": [
                        74,
                        317
                    ],
                    "is_working": true,
                    "name": "Bianxing",
                    "rect": [
                        52,
                        325,
                        46,
                        15
                    ],
                    "text_id": 24,
                    "uid": 23
                },
                {
                    "coord": [
                        120,
                        317
                    ],
                    "is_working": true,
                    "name": "Jieyuanxidao",
                    "rect": [
                        89,
                        294,
                        68,
                        15
                    ],
                    "text_id": 25,
                    "uid": 24
                },
                {
                    "coord": [
                        167,
                        317
                    ],
                    "is_working": true,
                    "name": "Xianyanglu",
                    "rect": [
                        143,
                        325,
                        57,
                        15
                    ],
                    "text_id": 26,
                    "uid": 25
                },
                {
                    "coord": [
                        245,
                        317
                    ],
                    "is_working": true,
                    "name": "Changhonggongyuan",
                    "rect": [
                        195,
                        294,
                        106,
                        15
                    ],
                    "text_id": 27,
                    "uid": 26
                },
                {
                    "coord": [
                        309,
                        317
                    ],
                    "is_working": true,
                    "name": "Guangkaisimalu",
                    "rect": [
                        274,
                        326,
                        82,
                        15
                    ],
                    "text_id": 28,
                    "uid": 27
                },
                {
                    "coord": [
                        386,
                        317
                    ],
                    "is_working": true,
                    "name": "Xi'nanjiao",
                    "rect": [
                        328,
                        295,
                        50,
                        15
                    ],
                    "text_id": 13,
                    "uid": 28
                },
                {
                    "coord": [
                        418,
                        317
                    ],
                    "is_working": true,
                    "name": "Gulou",
                    "rect": [
                        404,
                        325,
                        31,
                        15
                    ],
                    "text_id": 29,
                    "uid": 29
                },
                {
                    "coord": [
                        461,
                        317
                    ],
                    "is_working": true,
                    "name": "Dongnanjiao",
                    "rect": [
                        431,
                        294,
                        64,
                        15
                    ],
                    "text_id": 30,
                    "uid": 30
                },
                {
                    "coord": [
                        505,
                        317
                    ],
                    "is_working": false,
                    "name": "Jianguodao",
                    "rect": [
                        473,
                        325,
                        59,
                        15
                    ],
                    "text_id": 31,
                    "uid": 31
                },
                {
                    "coord": [
                        540,
                        317
                    ],
                    "is_working": true,
                    "name": "Tianjinzhan",
                    "rect": [
                        547,
                        293,
                        58,
                        15
                    ],
                    "text_id": 32,
                    "uid": 32
                },
                {
                    "coord": [
                        631,
                        317
                    ],
                    "is_working": true,
                    "name": "Yuanyangguojizhongxin",
                    "rect": [
                        588,
                        325,
                        119,
                        15
                    ],
                    "text_id": 33,
                    "uid": 33
                },
                {
                    "coord": [
                        713,
                        317
                    ],
                    "is_working": true,
                    "name": "Shunchiqiao",
                    "rect": [
                        684,
                        294,
                        63,
                        15
                    ],
                    "text_id": 34,
                    "uid": 34
                },
                {
                    "coord": [
                        756,
                        317
                    ],
                    "is_working": true,
                    "name": "Jingjianglu",
                    "rect": [
                        731,
                        325,
                        56,
                        15
                    ],
                    "text_id": 35,
                    "uid": 35
                },
                {
                    "coord": [
                        797,
                        317
                    ],
                    "is_working": true,
                    "name": "Cuifuxincun",
                    "rect": [
                        770,
                        294,
                        61,
                        15
                    ],
                    "text_id": 36,
                    "uid": 36
                },
                {
                    "coord": [
                        845,
                        317
                    ],
                    "is_working": true,
                    "name": "Yudongcheng",
                    "rect": [
                        818,
                        325,
                        69,
                        15
                    ],
                    "text_id": 37,
                    "uid": 37
                },
                {
                    "coord": [
                        898,
                        317
                    ],
                    "is_working": true,
                    "name": "Dengzhoulu",
                    "rect": [
                        869,
                        294,
                        60,
                        15
                    ],
                    "text_id": 38,
                    "uid": 38
                },
                {
                    "coord": [
                        943,
                        317
                    ],
                    "is_working": true,
                    "name": "Guoshanlu",
                    "rect": [
                        922,
                        325,
                        55,
                        15
                    ],
                    "text_id": 39,
                    "uid": 39
                },
                {
                    "coord": [
                        1001,
                        317
                    ],
                    "is_working": true,
                    "name": "Konggangjingjiqu",
                    "rect": [
                        966,
                        294,
                        88,
                        15
                    ],
                    "text_id": 40,
                    "uid": 40
                }
            ],
            "text_id": 41
        },
        {
            "labels_bg_color": "-1",
            "labels_color": "00BFFF",
            "line_color": "00BFFF",
            "line_width": 7,
            "name": "3",
            "segments": [
                [
                    41,
                    42,
                    [
                        [
                            169,
                            566
                        ],
                        [
                            169,
                            596
                        ]
                    ],
                    true
                ],
                [
                    42,
                    43,
                    [
                        [
                            194,
                            524
                        ],
                        [
                            180.0,
                            524.0
                        ],
                        [
                            169.0,
                            535.0
                        ],
                        [
                            169,
                            566
                        ]
                    ],
                    true
                ],
                [
                    43,
                    44,
                    [
                        [
                            238,
                            524
                        ],
                        [
                            194,
                            524
                        ]
                    ],
                    true
                ],
                [
                    44,
                    45,
                    [
                        [
                            290,
                            524
                        ],
                        [
                            238,
                            524
                        ]
                    ],
                    true
                ],
                [
                    45,
                    46,
                    [
                        [
                            364,
                            524
                        ],
                        [
                            290,
                            524
                        ]
                    ],
                    true
                ],
                [
                    46,
                    47,
                    [
                        [
                            432,
                            524
                        ],
                        [
                            364,
                            524
                        ]
                    ],
                    true
                ],
                [
                    47,
                    48,
                    [
                        [
                            460,
                            496
                        ],
                        [
                            432,
                            524
                        ]
                    ],
                    true
                ],
                [
                    48,
                    49,
                    [
                        [
                            488,
                            468
                        ],
                        [
                            460,
                            496
                        ]
                    ],
                    true
                ],
                [
                    49,
                    50,
                    [
                        [
                            517,
                            439
                        ],
                        [
                            488,
                            468
                        ]
                    ],
                    true
                ],
                [
                    50,
                    51,
                    [
                        [
                            540,
                            378
                        ],
                        [
                            540.0,
                            416.0
                        ],
                        [
                            517,
                            439
                        ]
                    ],
                    true
                ],
                [
                    51,
                    52,
                    [
                        [
                            540,
                            352
                        ],
                        [
                            540,
                            378
                        ]
                    ],
                    true
                ],
                [
                    52,
                    53,
                    [
                        [
                            540,
                            317
                        ],
                        [
                            540,
                            352
                        ]
                    ],
                    true
                ],
                [
                    53,
                    54,
                    [
                        [
                            540,
                            260
                        ],
                        [
                            540,
                            317
                        ]
                    ],
                    true
                ],
                [
                    54,
                    55,
                    [
                        [
                            540,
                            221
                        ],
                        [
                            540,
                            260
                        ]
                    ],
                    true
                ],
                [
                    55,
                    56,
                    [
                        [
                            540,
                            184
                        ],
                        [
                            540,
                            221
                        ]
                    ],
                    true
                ],
                [
                    56,
                    57,
                    [
                        [
                            540,
                            146
                        ],
                        [
                            540,
                            184
                        ]
                    ],
                    true
                ],
                [
                    57,
                    58,
                    [
                        [
                            540,
                            109
                        ],
                        [
                            540,
                            146
                        ]
                    ],
                    true
                ],
                [
                    58,
                    59,
                    [
                        [
                            540,
                            71
                        ],
                        [
                            540,
                            109
                        ]
                    ],
                    true
                ],
                [
                    59,
                    60,
                    [
                        [
                            579,
                            43
                        ],
                        [
                            550.0,
                            43.0
                        ],
                        [
                            540.0,
                            53.0
                        ],
                        [
                            540,
                            71
                        ]
                    ],
                    true
                ],
                [
                    60,
                    61,
                    [
                        [
                            628,
                            43
                        ],
                        [
                            579,
                            43
                        ]
                    ],
                    true
                ],
                [
                    61,
                    62,
                    [
                        [
                            674,
                            43
                        ],
                        [
                            628,
                            43
                        ]
                    ],
                    true
                ],
                [
                    62,
                    63,
                    [
                        [
                            725,
                            43
                        ],
                        [
                            674,
                            43
                        ]
                    ],
                    true
                ]
            ],
            "stations": [
                {
                    "coord": [
                        169,
                        596
                    ],
                    "is_working": true,
                    "name": "Gaoxinqu",
                    "rect": [
                        178,
                        589,
                        49,
                        15
                    ],
                    "text_id": 42,
                    "uid": 41
                },
                {
                    "coord": [
                        169,
                        566
                    ],
                    "is_working": true,
                    "name": "Daxuecheng",
                    "rect": [
                        178,
                        559,
                        64,
                        15
                    ],
                    "text_id": 43,
                    "uid": 42
                },
                {
                    "coord": [
                        194,
                        524
                    ],
                    "is_working": true,
                    "name": "Huayuan",
                    "rect": [
                        170,
                        501,
                        46,
                        15
                    ],
                    "text_id": 44,
                    "uid": 43
                },
                {
                    "coord": [
                        238,
                        524
                    ],
                    "is_working": true,
                    "name": "Wangdingdi",
                    "rect": [
                        213,
                        532,
                        60,
                        15
                    ],
                    "text_id": 45,
                    "uid": 44
                },
                {
                    "coord": [
                        290,
                        524
                    ],
                    "is_working": true,
                    "name": "Hongqinanlu",
                    "rect": [
                        261,
                        501,
                        64,
                        15
                    ],
                    "text_id": 46,
                    "uid": 45
                },
                {
                    "coord": [
                        364,
                        524
                    ],
                    "is_working": true,
                    "name": "Zhoudengji'nianguan",
                    "rect": [
                        321,
                        532,
                        103,
                        15
                    ],
                    "text_id": 47,
                    "uid": 46
                },
                {
                    "coord": [
                        432,
                        524
                    ],
                    "is_working": true,
                    "name": "Tianta",
                    "rect": [
                        441,
                        521,
                        32,
                        15
                    ],
                    "text_id": 48,
                    "uid": 47
                },
                {
                    "coord": [
                        460,
                        496
                    ],
                    "is_working": true,
                    "name": "Wujiayao",
                    "rect": [
                        469,
                        493,
                        48,
                        15
                    ],
                    "text_id": 49,
                    "uid": 48
                },
                {
                    "coord": [
                        488,
                        468
                    ],
                    "is_working": true,
                    "name": "Xikanglu",
                    "rect": [
                        497,
                        465,
                        45,
                        15
                    ],
                    "text_id": 50,
                    "uid": 49
                },
                {
                    "coord": [
                        517,
                        439
                    ],
                    "is_working": true,
                    "name": "Yingkoudao",
                    "rect": [
                        522,
                        449,
                        60,
                        15
                    ],
                    "text_id": 9,
                    "uid": 50
                },
                {
                    "coord": [
                        540,
                        378
                    ],
                    "is_working": true,
                    "name": "Hepinglu",
                    "rect": [
                        485,
                        370,
                        46,
                        15
                    ],
                    "text_id": 51,
                    "uid": 51
                },
                {
                    "coord": [
                        540,
                        352
                    ],
                    "is_working": true,
                    "name": "Jinwan'guangchang",
                    "rect": [
                        432,
                        345,
                        99,
                        15
                    ],
                    "text_id": 52,
                    "uid": 52
                },
                {
                    "coord": [
                        540,
                        317
                    ],
                    "is_working": true,
                    "name": "Tianjinzhan",
                    "rect": [
                        547,
                        293,
                        58,
                        15
                    ],
                    "text_id": 32,
                    "uid": 53
                },
                {
                    "coord": [
                        540,
                        260
                    ],
                    "is_working": true,
                    "name": "Jinshiqiao",
                    "rect": [
                        549,
                        253,
                        53,
                        15
                    ],
                    "text_id": 53,
                    "uid": 54
                },
                {
                    "coord": [
                        540,
                        221
                    ],
                    "is_working": true,
                    "name": "Zhongshanlu",
                    "rect": [
                        549,
                        214,
                        65,
                        15
                    ],
                    "text_id": 54,
                    "uid": 55
                },
                {
                    "coord": [
                        540,
                        184
                    ],
                    "is_working": true,
                    "name": "Beizhen",
                    "rect": [
                        549,
                        177,
                        42,
                        15
                    ],
                    "text_id": 55,
                    "uid": 56
                },
                {
                    "coord": [
                        540,
                        146
                    ],
                    "is_working": true,
                    "name": "Tiedonglu",
                    "rect": [
                        549,
                        139,
                        50,
                        15
                    ],
                    "text_id": 56,
                    "uid": 57
                },
                {
                    "coord": [
                        540,
                        109
                    ],
                    "is_working": true,
                    "name": "Zhangxingzhuang",
                    "rect": [
                        549,
                        102,
                        88,
                        15
                    ],
                    "text_id": 57,
                    "uid": 58
                },
                {
                    "coord": [
                        540,
                        71
                    ],
                    "is_working": true,
                    "name": "Yixingfu",
                    "rect": [
                        549,
                        64,
                        42,
                        15
                    ],
                    "text_id": 58,
                    "uid": 59
                },
                {
                    "coord": [
                        579,
                        43
                    ],
                    "is_working": true,
                    "name": "Tianshili",
                    "rect": [
                        558,
                        20,
                        44,
                        15
                    ],
                    "text_id": 59,
                    "uid": 60
                },
                {
                    "coord": [
                        628,
                        43
                    ],
                    "is_working": true,
                    "name": "Huabeijituan",
                    "rect": [
                        601,
                        51,
                        64,
                        15
                    ],
                    "text_id": 60,
                    "uid": 61
                },
                {
                    "coord": [
                        674,
                        43
                    ],
                    "is_working": true,
                    "name": "Fengchanhe",
                    "rect": [
                        646,
                        20,
                        62,
                        15
                    ],
                    "text_id": 61,
                    "uid": 62
                },
                {
                    "coord": [
                        725,
                        43
                    ],
                    "is_working": true,
                    "name": "Xiaodian",
                    "rect": [
                        707,
                        51,
                        45,
                        15
                    ],
                    "text_id": 62,
                    "uid": 63
                }
            ],
            "text_id": 63
        },
        {
            "labels_bg_color": "-1",
            "labels_color": "0000FF",
            "line_color": "0000FF",
            "line_width": 7,
            "name": "9",
            "segments": [
                [
                    64,
                    65,
                    [
                        [
                            576,
                            353
                        ],
                        [
                            540,
                            317
                        ]
                    ],
                    true
                ],
                [
                    65,
                    66,
                    [
                        [
                            604,
                            381
                        ],
                        [
                            576,
                            353
                        ]
                    ],
                    true
                ],
                [
                    66,
                    67,
                    [
                        [
                            633,
                            410
                        ],
                        [
                            604,
                            381
                        ]
                    ],
                    true
                ],
                [
                    67,
                    68,
                    [
                        [
                            677,
                            454
                        ],
                        [
                            633,
                            410
                        ]
                    ],
                    true
                ],
                [
                    68,
                    69,
                    [
                        [
                            730,
                            454
                        ],
                        [
                            677,
                            454
                        ]
                    ],
                    true
                ],
                [
                    69,
                    70,
                    [
                        [
                            787,
                            454
                        ],
                        [
                            730,
                            454
                        ]
                    ],
                    true
                ],
                [
                    70,
                    71,
                    [
                        [
                            827,
                            454
                        ],
                        [
                            787,
                            454
                        ]
                    ],
                    true
                ],
                [
                    71,
                    72,
                    [
                        [
                            867,
                            454
                        ],
                        [
                            827,
                            454
                        ]
                    ],
                    true
                ],
                [
                    72,
                    73,
                    [
                        [
                            916,
                            454
                        ],
                        [
                            867,
                            454
                        ]
                    ],
                    true
                ],
                [
                    73,
                    74,
                    [
                        [
                            972,
                            454
                        ],
                        [
                            916,
                            454
                        ]
                    ],
                    true
                ],
                [
                    74,
                    75,
                    [
                        [
                            1026,
                            454
                        ],
                        [
                            972,
                            454
                        ]
                    ],
                    true
                ],
                [
                    75,
                    76,
                    [
                        [
                            1079,
                            454
                        ],
                        [
                            1026,
                            454
                        ]
                    ],
                    true
                ],
                [
                    76,
                    77,
                    [
                        [
                            1140,
                            454
                        ],
                        [
                            1079,
                            454
                        ]
                    ],
                    true
                ],
                [
                    77,
                    78,
                    [
                        [
                            1192,
                            454
                        ],
                        [
                            1140,
                            454
                        ]
                    ],
                    true
                ],
                [
                    78,
                    79,
                    [
                        [
                            1241,
                            454
                        ],
                        [
                            1192,
                            454
                        ]
                    ],
                    true
                ],
                [
                    79,
                    80,
                    [
                        [
                            1288,
                            454
                        ],
                        [
                            1241,
                            454
                        ]
                    ],
                    true
                ],
                [
                    80,
                    81,
                    [
                        [
                            1320,
                            410
                        ],
                        [
                            1320.0,
                            439.0
                        ],
                        [
                            1305.0,
                            454.0
                        ],
                        [
                            1288,
                            454
                        ]
                    ],
                    true
                ],
                [
                    81,
                    82,
                    [
                        [
                            1320,
                            377
                        ],
                        [
                            1320,
                            410
                        ]
                    ],
                    true
                ]
            ],
            "stations": [
                {
                    "coord": [
                        540,
                        317
                    ],
                    "is_working": true,
                    "name": "Tianjinzhan",
                    "rect": [
                        547,
                        293,
                        58,
                        15
                    ],
                    "text_id": 32,
                    "uid": 64
                },
                {
                    "coord": [
                        576,
                        353
                    ],
                    "is_working": true,
                    "name": "Dawangzhuang",
                    "rect": [
                        585,
                        341,
                        77,
                        15
                    ],
                    "text_id": 64,
                    "uid": 65
                },
                {
                    "coord": [
                        604,
                        381
                    ],
                    "is_working": true,
                    "name": "Shiyijing Road",
                    "rect": [
                        613,
                        369,
                        74,
                        15
                    ],
                    "text_id": 65,
                    "uid": 66
                },
                {
                    "coord": [
                        633,
                        410
                    ],
                    "is_working": true,
                    "name": "Zhigu",
                    "rect": [
                        642,
                        398,
                        29,
                        15
                    ],
                    "text_id": 66,
                    "uid": 67
                },
                {
                    "coord": [
                        677,
                        454
                    ],
                    "is_working": true,
                    "name": "Dongxing Road",
                    "rect": [
                        638,
                        462,
                        78,
                        15
                    ],
                    "text_id": 67,
                    "uid": 68
                },
                {
                    "coord": [
                        730,
                        454
                    ],
                    "is_working": true,
                    "name": "Zhongshanmen",
                    "rect": [
                        697,
                        431,
                        77,
                        15
                    ],
                    "text_id": 68,
                    "uid": 69
                },
                {
                    "coord": [
                        787,
                        454
                    ],
                    "is_working": true,
                    "name": "Yihaoqiao",
                    "rect": [
                        765,
                        462,
                        51,
                        15
                    ],
                    "text_id": 69,
                    "uid": 70
                },
                {
                    "coord": [
                        827,
                        454
                    ],
                    "is_working": true,
                    "name": "Erhaoqiao",
                    "rect": [
                        804,
                        431,
                        52,
                        15
                    ],
                    "text_id": 70,
                    "uid": 71
                },
                {
                    "coord": [
                        867,
                        454
                    ],
                    "is_working": true,
                    "name": "Xinli",
                    "rect": [
                        856,
                        462,
                        24,
                        15
                    ],
                    "text_id": 71,
                    "uid": 72
                },
                {
                    "coord": [
                        916,
                        454
                    ],
                    "is_working": true,
                    "name": "Dongli",
                    "rect": [
                        900,
                        431,
                        34,
                        15
                    ],
                    "text_id": 72,
                    "uid": 73
                },
                {
                    "coord": [
                        972,
                        454
                    ],
                    "is_working": true,
                    "name": "Xiaodongzhuang",
                    "rect": [
                        935,
                        462,
                        83,
                        15
                    ],
                    "text_id": 73,
                    "uid": 74
                },
                {
                    "coord": [
                        1026,
                        454
                    ],
                    "is_working": true,
                    "name": "Junliangcheng",
                    "rect": [
                        995,
                        431,
                        74,
                        15
                    ],
                    "text_id": 74,
                    "uid": 75
                },
                {
                    "coord": [
                        1079,
                        454
                    ],
                    "is_working": true,
                    "name": "Tianjin Pipe Corp",
                    "rect": [
                        1041,
                        462,
                        87,
                        15
                    ],
                    "text_id": 75,
                    "uid": 76
                },
                {
                    "coord": [
                        1140,
                        454
                    ],
                    "is_working": true,
                    "name": "Hujiayuan",
                    "rect": [
                        1116,
                        431,
                        52,
                        15
                    ],
                    "text_id": 76,
                    "uid": 77
                },
                {
                    "coord": [
                        1192,
                        454
                    ],
                    "is_working": true,
                    "name": "Tanggu",
                    "rect": [
                        1175,
                        462,
                        38,
                        15
                    ],
                    "text_id": 77,
                    "uid": 78
                },
                {
                    "coord": [
                        1241,
                        454
                    ],
                    "is_working": true,
                    "name": "TEDA",
                    "rect": [
                        1226,
                        431,
                        31,
                        15
                    ],
                    "text_id": 78,
                    "uid": 79
                },
                {
                    "coord": [
                        1288,
                        454
                    ],
                    "is_working": true,
                    "name": "Citizen Plaza",
                    "rect": [
                        1260,
                        462,
                        66,
                        15
                    ],
                    "text_id": 79,
                    "uid": 80
                },
                {
                    "coord": [
                        1320,
                        410
                    ],
                    "is_working": true,
                    "name": "Convention and Exhibition Center",
                    "rect": [
                        1144,
                        403,
                        167,
                        15
                    ],
                    "text_id": 80,
                    "uid": 81
                },
                {
                    "coord": [
                        1320,
                        377
                    ],
                    "is_working": true,
                    "name": "Donghai Road",
                    "rect": [
                        1239,
                        370,
                        72,
                        15
                    ],
                    "text_id": 81,
                    "uid": 82
                }
            ],
            "text_id": 82
        }
    ],
    "lines_width": 7,
    "name": "metro",
    "name_text_id": 83,
    "stations_diameter": 13.0,
    "transfers": [
        [
            28,
            13,
            [
                386,
                317
            ],
            [
                386,
                317
            ]
        ],
        [
            53,
            32,
            [
                540,
                317
            ],
            [
                540,
                317
            ]
        ],
        [
            32,
            64,
            [
                540,
                317
            ],
            [
                540,
                317
            ]
        ],
        [
            53,
            64,
            [
                540,
                317
            ],
            [
                540,
                317
            ]
        ],
        [
            9,
            50,
            [
                517,
                439
            ],
            [
                517,
                439
            ]
        ]
    ],
    "transports": [
        "metro"
    ],
    "type_name": "ROOT",
    "type_text_id": 84,
    "upper_case": false,
    "width": 1470,
    "word_wrap": false
}