{
    "0": "Zh/d vokzal",
    "1": "Gruzovoj dvor",
    "2": "ul. Ljashko",
    "3": "ul. Garazhnaja",
    "4": "z-d im. Medvedeva",
    "5": "ul. Staro-moskovskaja",
    "6": "ul. 3-ja Kurskaja",
    "7": "Skver Tankistov",
    "8": "pl. Marksa",
    "9": "ul. 1-ja Posadskaja",
    "10": "ul. Panchuka",
    "11": "ul. Sadovo-Pushkarnaja",
    "12": "f-ka \"Voshod\"",
    "13": "Karachaevskoe shosse",
    "14": "Avtovokzal",
    "15": "Magazin \"Ujut\"",
    "16": "Botanika",
    "17": "Magazin \"Strela\"",
    "18": "st. Tson",
    "19": "z-d \"Dormash\"",
    "20": "Tramvaj № 1",
    "21": "z-d \"Strojindustrija\"",
    "22": "z-d \"Zhivmash\"",
    "23": "ul. Mashinostroitel'naja",
    "24": "z-d \"Himmash\"",
    "25": "z-d \"HTM\"",
    "26": "Tramvaj № 2",
    "27": "ul. Pushkina",
    "28": "Shkola-internat",
    "29": "Univermag",
    "30": "ul. Pugacheva",
    "31": "32-ja shkola",
    "32": "Tramvaj № 3",
    "33": "ul. 1-ja Kurskaja",
    "34": "Rechnoj per.",
    "35": "Obuvnaja f-ka",
    "36": "Zhenskij monastyr'",
    "37": "Pjatnitskij proezd",
    "38": "Po trebovaniju",
    "39": "ul. Moldavskaja",
    "40": "35-ja shkola",
    "41": "Tramvaj № 4",
    "42": "Tram",
    "43": "ROOT",
    "44": "Shema tramvaev\nShema ot 04.03.2008g.\nAvtor: Varlamov Dmitrij (www.chpeks.com)",
    "45": "Imported from http://pmetro.su"
}