{
    "lines": [
        {
            "delays": [],
            "name": "Line 1",
            "scheme": null,
            "segments": [
                [
                    0,
                    1,
                    120
                ],
                [
                    1,
                    0,
                    120
                ],
                [
                    1,
                    2,
                    120
                ],
                [
                    2,
                    1,
                    120
                ],
                [
                    2,
                    3,
                    120
                ],
                [
                    3,
                    2,
                    120
                ],
                [
                    3,
                    4,
                    120
                ],
                [
                    4,
                    3,
                    120
                ],
                [
                    4,
                    5,
                    120
                ],
                [
                    5,
                    4,
                    120
                ],
                [
                    5,
                    6,
                    120
                ],
                [
                    6,
                    5,
                    120
                ],
                [
                    6,
                    7,
                    120
                ],
                [
                    7,
                    6,
                    120
                ],
                [
                    7,
                    8,
                    120
                ],
                [
                    8,
                    7,
                    120
                ],
                [
                    8,
                    9,
                    120
                ],
                [
                    9,
                    8,
                    120
                ],
                [
                    9,
                    10,
                    120
                ],
                [
                    10,
                    9,
                    120
                ],
                [
                    10,
                    11,
                    120
                ],
                [
                    11,
                    10,
                    120
                ],
                [
                    11,
                    12,
                    120
                ],
                [
                    12,
                    11,
                    120
                ],
                [
                    12,
                    13,
                    120
                ],
                [
                    13,
                    12,
                    120
                ],
                [
                    13,
                    14,
                    120
                ],
                [
                    14,
                    13,
                    120
                ],
                [
                    14,
                    15,
                    120
                ],
                [
                    15,
                    14,
                    120
                ],
                [
                    15,
                    16,
                    120
                ],
                [
                    16,
                    15,
                    120
                ],
                [
                    16,
                    17,
                    120
                ],
                [
                    17,
                    16,
                    120
                ],
                [
                    17,
                    18,
                    120
                ],
                [
                    18,
                    17,
                    120
                ],
                [
                    18,
                    19,
                    120
                ],
                [
                    19,
                    18,
                    120
                ],
                [
                    19,
                    20,
                    120
                ],
                [
                    20,
                    19,
                    120
                ],
                [
                    20,
                    21,
                    120
                ],
                [
                    21,
                    20,
                    120
                ]
            ],
            "stations": [
                [
                    0,
                    "Shisanhao Jie",
                    0
                ],
                [
                    1,
                    "Zhongyang Dajie",
                    1
                ],
                [
                    2,
                    "Qihao Jie",
                    2
                ],
                [
                    3,
                    "Sihao Jie",
                    3
                ],
                [
                    4,
                    "Zhangshi",
                    4
                ],
                [
                    5,
                    "Kaifa Dadao",
                    5
                ],
                [
                    6,
                    "Yuhong Square",
                    6
                ],
                [
                    7,
                    "Yingbin Lu",
                    7
                ],
                [
                    8,
                    "Zhonggong Jie",
                    8
                ],
                [
                    9,
                    "Qigong Jie",
                    9
                ],
                [
                    10,
                    "Baogong Jie",
                    10
                ],
                [
                    11,
                    "Tiexi Square",
                    11
                ],
                [
                    12,
                    "Yunfeng Square",
                    12
                ],
                [
                    13,
                    "Shenyang Station",
                    13
                ],
                [
                    14,
                    "Taiyuan Jie",
                    14
                ],
                [
                    15,
                    "South Market",
                    15
                ],
                [
                    16,
                    "Qingnian Dajie",
                    16
                ],
                [
                    17,
                    "Huaiyuanmen",
                    17
                ],
                [
                    18,
                    "Zhong Jie",
                    18
                ],
                [
                    19,
                    "Zhong Jie East",
                    19
                ],
                [
                    20,
                    "Pangjiang Jie",
                    20
                ],
                [
                    21,
                    "Liming Square",
                    21
                ]
            ],
            "text_id": 22
        },
        {
            "delays": [],
            "name": "Line 2",
            "scheme": null,
            "segments": [
                [
                    22,
                    23,
                    120
                ],
                [
                    23,
                    22,
                    120
                ],
                [
                    23,
                    24,
                    120
                ],
                [
                    24,
                    23,
                    120
                ],
                [
                    24,
                    25,
                    120
                ],
                [
                    25,
                    24,
                    120
                ],
                [
                    25,
                    26,
                    120
                ],
                [
                    26,
                    25,
                    120
                ],
                [
                    26,
                    27,
                    120
                ],
                [
                    27,
                    26,
                    120
                ],
                [
                    27,
                    28,
                    120
                ],
                [
                    28,
                    27,
                    120
                ],
                [
                    28,
                    29,
                    120
                ],
                [
                    29,
                    28,
                    120
                ],
                [
                    29,
                    30,
                    120
                ],
                [
                    30,
                    29,
                    120
                ],
                [
                    30,
                    31,
                    120
                ],
                [
                    31,
                    30,
                    120
                ],
                [
                    31,
                    32,
                    120
                ],
                [
                    32,
                    31,
                    120
                ],
                [
                    32,
                    33,
                    120
                ],
                [
                    33,
                    32,
                    120
                ],
                [
                    33,
                    34,
                    120
                ],
                [
                    34,
                    33,
                    120
                ],
                [
                    34,
                    35,
                    120
                ],
                [
                    35,
                    34,
                    120
                ],
                [
                    35,
                    36,
                    120
                ],
                [
                    36,
                    35,
                    120
                ],
                [
                    36,
                    37,
                    120
                ],
                [
                    37,
                    36,
                    120
                ],
                [
                    37,
                    38,
                    120
                ],
                [
                    38,
                    37,
                    120
                ],
                [
                    38,
                    39,
                    120
                ],
                [
                    39,
                    38,
                    120
                ],
                [
                    39,
                    40,
                    120
                ],
                [
                    40,
                    39,
                    120
                ]
            ],
            "stations": [
                [
                    22,
                    "Santaizi",
                    23
                ],
                [
                    23,
                    "Lingxi",
                    24
                ],
                [
                    24,
                    "Xinleyizhi",
                    25
                ],
                [
                    25,
                    "Beilinggongyuan",
                    26
                ],
                [
                    26,
                    "Zhongyiyaodaxue",
                    27
                ],
                [
                    27,
                    "Qishanlu",
                    28
                ],
                [
                    28,
                    "Shenyangbeizhan",
                    29
                ],
                [
                    29,
                    "Jinrongzhongxin",
                    30
                ],
                [
                    30,
                    "Shifuguangchang",
                    31
                ],
                [
                    31,
                    "Qingnian Dajie",
                    16
                ],
                [
                    32,
                    "Qingniangongyuan",
                    32
                ],
                [
                    33,
                    "Gongyezhanlanguan",
                    33
                ],
                [
                    34,
                    "Shitushuguan",
                    34
                ],
                [
                    35,
                    "Wulihe",
                    35
                ],
                [
                    36,
                    "Aotizhongxin",
                    36
                ],
                [
                    37,
                    "Yingpanjie",
                    37
                ],
                [
                    38,
                    "Shijidasha",
                    38
                ],
                [
                    39,
                    "Baitahelu",
                    39
                ],
                [
                    40,
                    "Quanyunlu",
                    40
                ]
            ],
            "text_id": 41
        }
    ],
    "name": "metro",
    "transfers": [],
    "type_name": "Метро"
}