{
    "default_transports": [
        "metro"
    ],
    "height": 441,
    "images": [
        "res/schemes/m 1.svg"
    ],
    "is_vector": true,
    "lines": [
        {
            "labels_bg_color": "-1",
            "labels_color": "000000",
            "line_color": "FDCD31",
            "line_width": 9,
            "name": "M 1",
            "segments": [
                [
                    0,
                    1,
                    [
                        [
                            399,
                            211
                        ],
                        [
                            399,
                            257
                        ]
                    ],
                    true
                ],
                [
                    1,
                    2,
                    [
                        [
                            399,
                            158
                        ],
                        [
                            399,
                            211
                        ]
                    ],
                    true
                ],
                [
                    2,
                    3,
                    [
                        [
                            353,
                            158
                        ],
                        [
                            399,
                            158
                        ]
                    ],
                    true
                ],
                [
                    3,
                    4,
                    [
                        [
                            306,
                            158
                        ],
                        [
                            353,
                            158
                        ]
                    ],
                    true
                ],
                [
                    4,
                    5,
                    [
                        [
                            260,
                            158
                        ],
                        [
                            306,
                            158
                        ]
                    ],
                    true
                ],
                [
                    5,
                    6,
                    [
                        [
                            209,
                            158
                        ],
                        [
                            260,
                            158
                        ]
                    ],
                    true
                ],
                [
                    6,
                    7,
                    [
                        [
                            155,
                            158
                        ],
                        [
                            209,
                            158
                        ]
                    ],
                    true
                ],
                [
                    7,
                    8,
                    [
                        [
                            114,
                            158
                        ],
                        [
                            155,
                            158
                        ]
                    ],
                    true
                ],
                [
                    8,
                    9,
                    [
                        [
                            114,
                            210
                        ],
                        [
                            114,
                            158
                        ]
                    ],
                    true
                ],
                [
                    9,
                    10,
                    [
                        [
                            114,
                            271
                        ],
                        [
                            114,
                            210
                        ]
                    ],
                    true
                ],
                [
                    10,
                    11,
                    [
                        [
                            156,
                            271
                        ],
                        [
                            114,
                            271
                        ]
                    ],
                    true
                ],
                [
                    11,
                    12,
                    [
                        [
                            205,
                            271
                        ],
                        [
                            156,
                            271
                        ]
                    ],
                    true
                ],
                [
                    12,
                    13,
                    [
                        [
                            251,
                            271
                        ],
                        [
                            205,
                            271
                        ]
                    ],
                    true
                ],
                [
                    13,
                    14,
                    [
                        [
                            299,
                            271
                        ],
                        [
                            251,
                            271
                        ]
                    ],
                    true
                ],
                [
                    14,
                    15,
                    [
                        [
                            348,
                            271
                        ],
                        [
                            299,
                            271
                        ]
                    ],
                    true
                ],
                [
                    15,
                    16,
                    [
                        [
                            399,
                            271
                        ],
                        [
                            348,
                            271
                        ]
                    ],
                    true
                ],
                [
                    16,
                    17,
                    [
                        [
                            456,
                            271
                        ],
                        [
                            399,
                            271
                        ]
                    ],
                    true
                ],
                [
                    17,
                    18,
                    [
                        [
                            511,
                            271
                        ],
                        [
                            456,
                            271
                        ]
                    ],
                    true
                ],
                [
                    18,
                    19,
                    [
                        [
                            567,
                            271
                        ],
                        [
                            511,
                            271
                        ]
                    ],
                    true
                ],
                [
                    19,
                    20,
                    [
                        [
                            617,
                            271
                        ],
                        [
                            567,
                            271
                        ]
                    ],
                    true
                ],
                [
                    20,
                    21,
                    [
                        [
                            665,
                            271
                        ],
                        [
                            617,
                            271
                        ]
                    ],
                    true
                ]
            ],
            "stations": [
                {
                    "coord": [
                        399,
                        257
                    ],
                    "is_working": true,
                    "name": "Dristor",
                    "rect": [
                        325,
                        242,
                        60,
                        14
                    ],
                    "text_id": 0,
                    "uid": 0
                },
                {
                    "coord": [
                        399,
                        211
                    ],
                    "is_working": true,
                    "name": "Piata Muncii",
                    "rect": [
                        415,
                        204,
                        60,
                        14
                    ],
                    "text_id": 1,
                    "uid": 1
                },
                {
                    "coord": [
                        399,
                        158
                    ],
                    "is_working": true,
                    "name": "Iancului",
                    "rect": [
                        414,
                        154,
                        40,
                        14
                    ],
                    "text_id": 2,
                    "uid": 2
                },
                {
                    "coord": [
                        353,
                        158
                    ],
                    "is_working": true,
                    "name": "Obor",
                    "rect": [
                        360,
                        135,
                        24,
                        14
                    ],
                    "text_id": 3,
                    "uid": 3
                },
                {
                    "coord": [
                        306,
                        158
                    ],
                    "is_working": true,
                    "name": "Stefan cel Mare",
                    "rect": [
                        299,
                        171,
                        42,
                        20
                    ],
                    "text_id": 4,
                    "uid": 4
                },
                {
                    "coord": [
                        260,
                        158
                    ],
                    "is_working": true,
                    "name": "Piata Victoriei",
                    "rect": [
                        245,
                        122,
                        40,
                        20
                    ],
                    "text_id": 5,
                    "uid": 5
                },
                {
                    "coord": [
                        209,
                        158
                    ],
                    "is_working": true,
                    "name": "Gara de Nord",
                    "rect": [
                        156,
                        172,
                        70,
                        14
                    ],
                    "text_id": 6,
                    "uid": 6
                },
                {
                    "coord": [
                        155,
                        158
                    ],
                    "is_working": true,
                    "name": "Basarab",
                    "rect": [
                        124,
                        108,
                        62,
                        14
                    ],
                    "text_id": 7,
                    "uid": 7
                },
                {
                    "coord": [
                        114,
                        158
                    ],
                    "is_working": true,
                    "name": "Crangasi",
                    "rect": [
                        59,
                        153,
                        42,
                        14
                    ],
                    "text_id": 8,
                    "uid": 8
                },
                {
                    "coord": [
                        114,
                        210
                    ],
                    "is_working": true,
                    "name": "Petrache Poenaru",
                    "rect": [
                        21,
                        205,
                        80,
                        14
                    ],
                    "text_id": 9,
                    "uid": 9
                },
                {
                    "coord": [
                        114,
                        271
                    ],
                    "is_working": true,
                    "name": "Grozavesti",
                    "rect": [
                        45,
                        266,
                        55,
                        14
                    ],
                    "text_id": 10,
                    "uid": 10
                },
                {
                    "coord": [
                        156,
                        271
                    ],
                    "is_working": true,
                    "name": "Eroilor",
                    "rect": [
                        150,
                        305,
                        30,
                        14
                    ],
                    "text_id": 11,
                    "uid": 11
                },
                {
                    "coord": [
                        205,
                        271
                    ],
                    "is_working": true,
                    "name": "Izvor",
                    "rect": [
                        200,
                        244,
                        25,
                        14
                    ],
                    "text_id": 12,
                    "uid": 12
                },
                {
                    "coord": [
                        251,
                        271
                    ],
                    "is_working": true,
                    "name": "Piata Unirii",
                    "rect": [
                        219,
                        305,
                        50,
                        14
                    ],
                    "text_id": 13,
                    "uid": 13
                },
                {
                    "coord": [
                        299,
                        271
                    ],
                    "is_working": true,
                    "name": "Timpuri Noi",
                    "rect": [
                        272,
                        235,
                        50,
                        14
                    ],
                    "text_id": 14,
                    "uid": 14
                },
                {
                    "coord": [
                        348,
                        271
                    ],
                    "is_working": true,
                    "name": "Mihai Bravu",
                    "rect": [
                        306,
                        305,
                        60,
                        14
                    ],
                    "text_id": 15,
                    "uid": 15
                },
                {
                    "coord": [
                        399,
                        271
                    ],
                    "is_working": true,
                    "name": "Dristor2",
                    "rect": [
                        399,
                        305,
                        35,
                        14
                    ],
                    "text_id": 16,
                    "uid": 16
                },
                {
                    "coord": [
                        456,
                        271
                    ],
                    "is_working": true,
                    "name": "Nicolae Grigorescu",
                    "rect": [
                        433,
                        233,
                        55,
                        20
                    ],
                    "text_id": 17,
                    "uid": 17
                },
                {
                    "coord": [
                        511,
                        271
                    ],
                    "is_working": true,
                    "name": "Titan",
                    "rect": [
                        500,
                        305,
                        26,
                        14
                    ],
                    "text_id": 18,
                    "uid": 18
                },
                {
                    "coord": [
                        567,
                        271
                    ],
                    "is_working": true,
                    "name": "Costin Georgian",
                    "rect": [
                        546,
                        230,
                        50,
                        20
                    ],
                    "text_id": 19,
                    "uid": 19
                },
                {
                    "coord": [
                        617,
                        271
                    ],
                    "is_working": true,
                    "name": "Republica",
                    "rect": [
                        607,
                        295,
                        45,
                        41
                    ],
                    "text_id": 20,
                    "uid": 20
                },
                {
                    "coord": [
                        665,
                        271
                    ],
                    "is_working": true,
                    "name": "Pantelimon",
                    "rect": [
                        683,
                        274,
                        50,
                        14
                    ],
                    "text_id": 21,
                    "uid": 21
                }
            ],
            "text_id": 22
        },
        {
            "labels_bg_color": "-1",
            "labels_color": "000000",
            "line_color": "4369FD",
            "line_width": 9,
            "name": "M 2",
            "segments": [],
            "stations": [
                {
                    "coord": null,
                    "is_working": true,
                    "name": "Pipera",
                    "rect": null,
                    "text_id": 23,
                    "uid": 22
                },
                {
                    "coord": null,
                    "is_working": true,
                    "name": "Aurel Vlaicu",
                    "rect": null,
                    "text_id": 24,
                    "uid": 23
                },
                {
                    "coord": null,
                    "is_working": true,
                    "name": "Aviatorilor",
                    "rect": null,
                    "text_id": 25,
                    "uid": 24
                },
                {
                    "coord": [
                        260,
                        178
                    ],
                    "is_working": true,
                    "name": "Piata Victoriei",
                    "rect": null,
                    "text_id": 5,
                    "uid": 25
                },
                {
                    "coord": null,
                    "is_working": true,
                    "name": "Piata Romana",
                    "rect": null,
                    "text_id": 26,
                    "uid": 26
                },
                {
                    "coord": null,
                    "is_working": true,
                    "name": "Universitatii",
                    "rect": null,
                    "text_id": 27,
                    "uid": 27
                },
                {
                    "coord": [
                        251,
                        251
                    ],
                    "is_working": true,
                    "name": "Piata Unirii",
                    "rect": null,
                    "text_id": 13,
                    "uid": 28
                },
                {
                    "coord": null,
                    "is_working": true,
                    "name": "Tineretului",
                    "rect": null,
                    "text_id": 28,
                    "uid": 29
                },
                {
                    "coord": null,
                    "is_working": true,
                    "name": "Eroii Revolutiei",
                    "rect": null,
                    "text_id": 29,
                    "uid": 30
                },
                {
                    "coord": null,
                    "is_working": true,
                    "name": "Constantin Brancoveanu",
                    "rect": null,
                    "text_id": 30,
                    "uid": 31
                },
                {
                    "coord": null,
                    "is_working": true,
                    "name": "Piata Sudului",
                    "rect": null,
                    "text_id": 31,
                    "uid": 32
                },
                {
                    "coord": null,
                    "is_working": true,
                    "name": "Aparatorii Patriei",
                    "rect": null,
                    "text_id": 32,
                    "uid": 33
                },
                {
                    "coord": null,
                    "is_working": true,
                    "name": "Dimitrie Leonida",
                    "rect": null,
                    "text_id": 33,
                    "uid": 34
                },
                {
                    "coord": null,
                    "is_working": true,
                    "name": "Berceni",
                    "rect": null,
                    "text_id": 34,
                    "uid": 35
                }
            ],
            "text_id": 35
        },
        {
            "labels_bg_color": "-1",
            "labels_color": "000000",
            "line_color": "FF0000",
            "line_width": 9,
            "name": "M 3",
            "segments": [
                [
                    41,
                    42,
                    [
                        [
                            205,
                            291
                        ],
                        [
                            156,
                            291
                        ]
                    ],
                    true
                ],
                [
                    42,
                    43,
                    [
                        [
                            251,
                            291
                        ],
                        [
                            205,
                            291
                        ]
                    ],
                    true
                ],
                [
                    43,
                    44,
                    [
                        [
                            299,
                            291
                        ],
                        [
                            251,
                            291
                        ]
                    ],
                    true
                ],
                [
                    44,
                    45,
                    [
                        [
                            348,
                            291
                        ],
                        [
                            299,
                            291
                        ]
                    ],
                    true
                ],
                [
                    45,
                    46,
                    [
                        [
                            399,
                            291
                        ],
                        [
                            348,
                            291
                        ]
                    ],
                    true
                ],
                [
                    46,
                    47,
                    [
                        [
                            456,
                            291
                        ],
                        [
                            399,
                            291
                        ]
                    ],
                    true
                ],
                [
                    47,
                    48,
                    [
                        [
                            511,
                            291
                        ],
                        [
                            456,
                            291
                        ]
                    ],
                    true
                ],
                [
                    48,
                    49,
                    [
                        [
                            567,
                            291
                        ],
                        [
                            511,
                            291
                        ]
                    ],
                    true
                ],
                [
                    49,
                    50,
                    [
                        [
                            617,
                            291
                        ],
                        [
                            567,
                            291
                        ]
                    ],
                    true
                ]
            ],
            "stations": [
                {
                    "coord": null,
                    "is_working": true,
                    "name": "Preciziei",
                    "rect": null,
                    "text_id": 36,
                    "uid": 36
                },
                {
                    "coord": null,
                    "is_working": true,
                    "name": "Pacii",
                    "rect": null,
                    "text_id": 37,
                    "uid": 37
                },
                {
                    "coord": null,
                    "is_working": true,
                    "name": "Gorjului",
                    "rect": null,
                    "text_id": 38,
                    "uid": 38
                },
                {
                    "coord": null,
                    "is_working": true,
                    "name": "Lujerului",
                    "rect": null,
                    "text_id": 39,
                    "uid": 39
                },
                {
                    "coord": null,
                    "is_working": true,
                    "name": "Politehnica",
                    "rect": null,
                    "text_id": 40,
                    "uid": 40
                },
                {
                    "coord": [
                        156,
                        291
                    ],
                    "is_working": true,
                    "name": "Eroilor",
                    "rect": null,
                    "text_id": 11,
                    "uid": 41
                },
                {
                    "coord": [
                        205,
                        291
                    ],
                    "is_working": true,
                    "name": "Izvor",
                    "rect": null,
                    "text_id": 12,
                    "uid": 42
                },
                {
                    "coord": [
                        251,
                        291
                    ],
                    "is_working": true,
                    "name": "Piata Unirii",
                    "rect": null,
                    "text_id": 13,
                    "uid": 43
                },
                {
                    "coord": [
                        299,
                        291
                    ],
                    "is_working": true,
                    "name": "Timpuri Noi",
                    "rect": null,
                    "text_id": 14,
                    "uid": 44
                },
                {
                    "coord": [
                        348,
                        291
                    ],
                    "is_working": true,
                    "name": "Mihai Bravu",
                    "rect": null,
                    "text_id": 15,
                    "uid": 45
                },
                {
                    "coord": [
                        399,
                        291
                    ],
                    "is_working": true,
                    "name": "Dristor2",
                    "rect": null,
                    "text_id": 16,
                    "uid": 46
                },
                {
                    "coord": [
                        456,
                        291
                    ],
                    "is_working": true,
                    "name": "Nicolae Grigorescu",
                    "rect": null,
                    "text_id": 17,
                    "uid": 47
                },
                {
                    "coord": [
                        511,
                        291
                    ],
                    "is_working": true,
                    "name": "1 Dec 1918",
                    "rect": null,
                    "text_id": 41,
                    "uid": 48
                },
                {
                    "coord": [
                        567,
                        291
                    ],
                    "is_working": true,
                    "name": "Nicolae Teclu",
                    "rect": null,
                    "text_id": 42,
                    "uid": 49
                },
                {
                    "coord": [
                        617,
                        291
                    ],
                    "is_working": true,
                    "name": "Anghel Saligny",
                    "rect": null,
                    "text_id": 43,
                    "uid": 50
                }
            ],
            "text_id": 44
        },
        {
            "labels_bg_color": "-1",
            "labels_color": "000000",
            "line_color": "00C500",
            "line_width": 9,
            "name": "M 4",
            "segments": [
                [
                    51,
                    52,
                    [
                        [
                            155,
                            138
                        ],
                        [
                            209,
                            138
                        ]
                    ],
                    true
                ]
            ],
            "stations": [
                {
                    "coord": [
                        209,
                        138
                    ],
                    "is_working": true,
                    "name": "Gara de Nord",
                    "rect": null,
                    "text_id": 6,
                    "uid": 51
                },
                {
                    "coord": [
                        155,
                        138
                    ],
                    "is_working": true,
                    "name": "Basarab",
                    "rect": null,
                    "text_id": 7,
                    "uid": 52
                },
                {
                    "coord": null,
                    "is_working": true,
                    "name": "Grivita",
                    "rect": null,
                    "text_id": 45,
                    "uid": 53
                },
                {
                    "coord": null,
                    "is_working": true,
                    "name": "1 Mai",
                    "rect": null,
                    "text_id": 46,
                    "uid": 54
                },
                {
                    "coord": null,
                    "is_working": true,
                    "name": "Jiului",
                    "rect": null,
                    "text_id": 47,
                    "uid": 55
                },
                {
                    "coord": null,
                    "is_working": true,
                    "name": "Parc Bazilescu",
                    "rect": null,
                    "text_id": 48,
                    "uid": 56
                },
                {
                    "coord": null,
                    "is_working": false,
                    "name": "Laminorului",
                    "rect": null,
                    "text_id": 49,
                    "uid": 57
                },
                {
                    "coord": null,
                    "is_working": false,
                    "name": "Lac Straulesti",
                    "rect": null,
                    "text_id": 50,
                    "uid": 58
                }
            ],
            "text_id": 51
        }
    ],
    "lines_width": 9,
    "name": "m 1",
    "name_text_id": 22,
    "stations_diameter": 16.0,
    "transfers": [
        [
            5,
            25,
            [
                260,
                158
            ],
            [
                260,
                178
            ]
        ],
        [
            15,
            45,
            [
                348,
                271
            ],
            [
                348,
                291
            ]
        ],
        [
            16,
            46,
            [
                399,
                271
            ],
            [
                399,
                291
            ]
        ],
        [
            17,
            47,
            [
                456,
                271
            ],
            [
                456,
                291
            ]
        ],
        [
            6,
            51,
            [
                209,
                158
            ],
            [
                209,
                138
            ]
        ],
        [
            7,
            52,
            [
                155,
                158
            ],
            [
                155,
                138
            ]
        ],
        [
            11,
            41,
            [
                156,
                271
            ],
            [
                156,
                291
            ]
        ],
        [
            13,
            28,
            [
                251,
                271
            ],
            [
                251,
                251
            ]
        ],
        [
            0,
            16,
            [
                399,
                257
            ],
            [
                399,
                271
            ]
        ],
        [
            12,
            42,
            [
                205,
                271
            ],
            [
                205,
                291
            ]
        ],
        [
            13,
            43,
            [
                251,
                271
            ],
            [
                251,
                291
            ]
        ],
        [
            14,
            44,
            [
                299,
                271
            ],
            [
                299,
                291
            ]
        ]
    ],
    "transports": [
        "metro"
    ],
    "type_name": "Метро",
    "type_text_id": 54,
    "upper_case": true,
    "width": 815,
    "word_wrap": true
}