{
    "default_transports": [
        "metro"
    ],
    "height": 926,
    "images": [
        "res/schemes/bucarest.svg"
    ],
    "is_vector": true,
    "lines": [
        {
            "labels_bg_color": "-1",
            "labels_color": "FDCD31",
            "line_color": "FDCD31",
            "line_width": 9,
            "name": "M 1",
            "segments": [
                [
                    0,
                    1,
                    [
                        [
                            544,
                            406
                        ],
                        [
                            544,
                            482
                        ]
                    ],
                    true
                ],
                [
                    1,
                    2,
                    [
                        [
                            534,
                            327
                        ],
                        [
                            544.0,
                            338.0
                        ],
                        [
                            544,
                            406
                        ]
                    ],
                    true
                ],
                [
                    2,
                    3,
                    [
                        [
                            483,
                            276
                        ],
                        [
                            534,
                            327
                        ]
                    ],
                    true
                ],
                [
                    3,
                    4,
                    [
                        [
                            414,
                            255
                        ],
                        [
                            462.0,
                            255.0
                        ],
                        [
                            483,
                            276
                        ]
                    ],
                    true
                ],
                [
                    4,
                    5,
                    [
                        [
                            350,
                            255
                        ],
                        [
                            414,
                            255
                        ]
                    ],
                    true
                ],
                [
                    5,
                    6,
                    [
                        [
                            308,
                            285
                        ],
                        [
                            338.0,
                            255.0
                        ],
                        [
                            350,
                            255
                        ]
                    ],
                    true
                ],
                [
                    6,
                    7,
                    [
                        [
                            267,
                            274
                        ],
                        [
                            278.0,
                            285.0
                        ],
                        [
                            308,
                            285
                        ]
                    ],
                    true
                ],
                [
                    7,
                    8,
                    [
                        [
                            190,
                            274
                        ],
                        [
                            267,
                            274
                        ]
                    ],
                    true
                ],
                [
                    8,
                    9,
                    [
                        [
                            180,
                            326
                        ],
                        [
                            180.0,
                            284.0
                        ],
                        [
                            190,
                            274
                        ]
                    ],
                    true
                ],
                [
                    9,
                    10,
                    [
                        [
                            234,
                            334
                        ],
                        [
                            188.0,
                            334.0
                        ],
                        [
                            180,
                            326
                        ]
                    ],
                    true
                ],
                [
                    10,
                    11,
                    [
                        [
                            285,
                            375
                        ],
                        [
                            244.0,
                            334.0
                        ],
                        [
                            234,
                            334
                        ]
                    ],
                    true
                ],
                [
                    11,
                    12,
                    [
                        [
                            333,
                            375
                        ],
                        [
                            285,
                            375
                        ]
                    ],
                    true
                ],
                [
                    12,
                    13,
                    [
                        [
                            387,
                            429
                        ],
                        [
                            333,
                            375
                        ]
                    ],
                    true
                ],
                [
                    13,
                    14,
                    [
                        [
                            440,
                            502
                        ],
                        [
                            440.0,
                            482.0
                        ],
                        [
                            387,
                            429
                        ]
                    ],
                    true
                ],
                [
                    14,
                    15,
                    [
                        [
                            488,
                            531
                        ],
                        [
                            469.0,
                            531.0
                        ],
                        [
                            440,
                            502
                        ]
                    ],
                    true
                ],
                [
                    15,
                    16,
                    [
                        [
                            544,
                            494
                        ],
                        [
                            507.0,
                            531.0
                        ],
                        [
                            488,
                            531
                        ]
                    ],
                    true
                ],
                [
                    16,
                    17,
                    [
                        [
                            618,
                            494
                        ],
                        [
                            544,
                            494
                        ]
                    ],
                    true
                ],
                [
                    17,
                    18,
                    [
                        [
                            692,
                            442
                        ],
                        [
                            640.0,
                            494.0
                        ],
                        [
                            618,
                            494
                        ]
                    ],
                    true
                ],
                [
                    18,
                    19,
                    [
                        [
                            744,
                            408
                        ],
                        [
                            726.0,
                            408.0
                        ],
                        [
                            692,
                            442
                        ]
                    ],
                    true
                ],
                [
                    19,
                    20,
                    [
                        [
                            807,
                            408
                        ],
                        [
                            744,
                            408
                        ]
                    ],
                    true
                ],
                [
                    20,
                    21,
                    [
                        [
                            879,
                            381
                        ],
                        [
                            852.0,
                            408.0
                        ],
                        [
                            807,
                            408
                        ]
                    ],
                    true
                ]
            ],
            "stations": [
                {
                    "coord": [
                        544,
                        482
                    ],
                    "is_working": true,
                    "name": "Dristor",
                    "rect": [
                        556,
                        466,
                        36,
                        15
                    ],
                    "text_id": 0,
                    "uid": 0
                },
                {
                    "coord": [
                        544,
                        406
                    ],
                    "is_working": true,
                    "name": "Piata Muncii",
                    "rect": [
                        554,
                        392,
                        63,
                        15
                    ],
                    "text_id": 1,
                    "uid": 1
                },
                {
                    "coord": [
                        534,
                        327
                    ],
                    "is_working": true,
                    "name": "Iancului",
                    "rect": [
                        544,
                        304,
                        41,
                        15
                    ],
                    "text_id": 2,
                    "uid": 2
                },
                {
                    "coord": [
                        483,
                        276
                    ],
                    "is_working": true,
                    "name": "Obor",
                    "rect": [
                        495,
                        252,
                        26,
                        15
                    ],
                    "text_id": 3,
                    "uid": 3
                },
                {
                    "coord": [
                        414,
                        255
                    ],
                    "is_working": true,
                    "name": "Stefan cel Mare",
                    "rect": [
                        387,
                        231,
                        79,
                        15
                    ],
                    "text_id": 4,
                    "uid": 4
                },
                {
                    "coord": [
                        350,
                        255
                    ],
                    "is_working": true,
                    "name": "Piata Victoriei",
                    "rect": [
                        272,
                        231,
                        71,
                        15
                    ],
                    "text_id": 5,
                    "uid": 5
                },
                {
                    "coord": [
                        308,
                        285
                    ],
                    "is_working": true,
                    "name": "Gara de Nord",
                    "rect": [
                        291,
                        309,
                        68,
                        15
                    ],
                    "text_id": 6,
                    "uid": 6
                },
                {
                    "coord": [
                        267,
                        274
                    ],
                    "is_working": true,
                    "name": "Basarab",
                    "rect": [
                        213,
                        254,
                        44,
                        15
                    ],
                    "text_id": 7,
                    "uid": 7
                },
                {
                    "coord": [
                        190,
                        274
                    ],
                    "is_working": true,
                    "name": "Crangasi",
                    "rect": [
                        134,
                        259,
                        47,
                        15
                    ],
                    "text_id": 8,
                    "uid": 8
                },
                {
                    "coord": [
                        180,
                        326
                    ],
                    "is_working": true,
                    "name": "Petrache Poenaru",
                    "rect": [
                        81,
                        319,
                        90,
                        15
                    ],
                    "text_id": 9,
                    "uid": 9
                },
                {
                    "coord": [
                        234,
                        334
                    ],
                    "is_working": true,
                    "name": "Grozavesti",
                    "rect": [
                        209,
                        310,
                        55,
                        15
                    ],
                    "text_id": 10,
                    "uid": 10
                },
                {
                    "coord": [
                        285,
                        375
                    ],
                    "is_working": true,
                    "name": "Eroilor",
                    "rect": [
                        284,
                        348,
                        35,
                        15
                    ],
                    "text_id": 11,
                    "uid": 11
                },
                {
                    "coord": [
                        333,
                        375
                    ],
                    "is_working": true,
                    "name": "Izvor",
                    "rect": [
                        311,
                        400,
                        26,
                        15
                    ],
                    "text_id": 12,
                    "uid": 12
                },
                {
                    "coord": [
                        387,
                        429
                    ],
                    "is_working": true,
                    "name": "Piata Unirii",
                    "rect": [
                        411,
                        421,
                        57,
                        15
                    ],
                    "text_id": 13,
                    "uid": 13
                },
                {
                    "coord": [
                        440,
                        502
                    ],
                    "is_working": true,
                    "name": "Timpuri Noi",
                    "rect": [
                        451,
                        486,
                        59,
                        15
                    ],
                    "text_id": 14,
                    "uid": 14
                },
                {
                    "coord": [
                        488,
                        531
                    ],
                    "is_working": true,
                    "name": "Mihai Bravu",
                    "rect": [
                        466,
                        556,
                        62,
                        15
                    ],
                    "text_id": 15,
                    "uid": 15
                },
                {
                    "coord": [
                        544,
                        494
                    ],
                    "is_working": true,
                    "name": "Dristor2",
                    "rect": [
                        542,
                        518,
                        42,
                        15
                    ],
                    "text_id": 16,
                    "uid": 16
                },
                {
                    "coord": [
                        618,
                        494
                    ],
                    "is_working": true,
                    "name": "Nicolae Grigorescu",
                    "rect": [
                        607,
                        518,
                        98,
                        15
                    ],
                    "text_id": 17,
                    "uid": 17
                },
                {
                    "coord": [
                        692,
                        442
                    ],
                    "is_working": true,
                    "name": "Titan",
                    "rect": [
                        656,
                        428,
                        26,
                        15
                    ],
                    "text_id": 18,
                    "uid": 18
                },
                {
                    "coord": [
                        744,
                        408
                    ],
                    "is_working": true,
                    "name": "Costin Georgian",
                    "rect": [
                        698,
                        384,
                        82,
                        15
                    ],
                    "text_id": 19,
                    "uid": 19
                },
                {
                    "coord": [
                        807,
                        408
                    ],
                    "is_working": true,
                    "name": "Republica",
                    "rect": [
                        787,
                        417,
                        52,
                        15
                    ],
                    "text_id": 20,
                    "uid": 20
                },
                {
                    "coord": [
                        879,
                        381
                    ],
                    "is_working": true,
                    "name": "Pantelimon",
                    "rect": [
                        830,
                        357,
                        57,
                        15
                    ],
                    "text_id": 21,
                    "uid": 21
                }
            ],
            "text_id": 22
        },
        {
            "labels_bg_color": "-1",
            "labels_color": "4369FD",
            "line_color": "4369FD",
            "line_width": 9,
            "name": "M 2",
            "segments": [
                [
                    22,
                    23,
                    [
                        [
                            417,
                            141
                        ],
                        [
                            510,
                            141
                        ]
                    ],
                    true
                ],
                [
                    23,
                    24,
                    [
                        [
                            350,
                            164
                        ],
                        [
                            373.0,
                            141.0
                        ],
                        [
                            417,
                            141
                        ]
                    ],
                    true
                ],
                [
                    24,
                    25,
                    [
                        [
                            350,
                            255
                        ],
                        [
                            350,
                            164
                        ]
                    ],
                    true
                ],
                [
                    25,
                    26,
                    [
                        [
                            388,
                            302
                        ],
                        [
                            350.0,
                            264.0
                        ],
                        [
                            350,
                            255
                        ]
                    ],
                    true
                ],
                [
                    26,
                    27,
                    [
                        [
                            399,
                            366
                        ],
                        [
                            399.0,
                            313.0
                        ],
                        [
                            388,
                            302
                        ]
                    ],
                    true
                ],
                [
                    27,
                    28,
                    [
                        [
                            399,
                            429
                        ],
                        [
                            399,
                            366
                        ]
                    ],
                    true
                ],
                [
                    28,
                    29,
                    [
                        [
                            399,
                            505
                        ],
                        [
                            399,
                            429
                        ]
                    ],
                    true
                ],
                [
                    29,
                    30,
                    [
                        [
                            351,
                            558
                        ],
                        [
                            352.0,
                            552.0
                        ],
                        [
                            399,
                            505
                        ]
                    ],
                    true
                ],
                [
                    30,
                    31,
                    [
                        [
                            384,
                            615
                        ],
                        [
                            351.0,
                            582.0
                        ],
                        [
                            351,
                            558
                        ]
                    ],
                    true
                ],
                [
                    31,
                    32,
                    [
                        [
                            423,
                            654
                        ],
                        [
                            384,
                            615
                        ]
                    ],
                    true
                ],
                [
                    32,
                    33,
                    [
                        [
                            467,
                            698
                        ],
                        [
                            423,
                            654
                        ]
                    ],
                    true
                ],
                [
                    33,
                    34,
                    [
                        [
                            506,
                            737
                        ],
                        [
                            467,
                            698
                        ]
                    ],
                    true
                ],
                [
                    34,
                    35,
                    [
                        [
                            545,
                            776
                        ],
                        [
                            506,
                            737
                        ]
                    ],
                    true
                ]
            ],
            "stations": [
                {
                    "coord": [
                        510,
                        141
                    ],
                    "is_working": true,
                    "name": "Pipera",
                    "rect": [
                        519,
                        133,
                        34,
                        15
                    ],
                    "text_id": 23,
                    "uid": 22
                },
                {
                    "coord": [
                        417,
                        141
                    ],
                    "is_working": true,
                    "name": "Aurel Vlaicu",
                    "rect": [
                        388,
                        150,
                        63,
                        15
                    ],
                    "text_id": 24,
                    "uid": 23
                },
                {
                    "coord": [
                        350,
                        164
                    ],
                    "is_working": true,
                    "name": "Aviatorilor",
                    "rect": [
                        287,
                        156,
                        54,
                        15
                    ],
                    "text_id": 25,
                    "uid": 24
                },
                {
                    "coord": [
                        350,
                        255
                    ],
                    "is_working": true,
                    "name": "Piata Victoriei",
                    "rect": [
                        272,
                        231,
                        71,
                        15
                    ],
                    "text_id": 5,
                    "uid": 25
                },
                {
                    "coord": [
                        388,
                        302
                    ],
                    "is_working": true,
                    "name": "Piata Romana",
                    "rect": [
                        398,
                        289,
                        71,
                        15
                    ],
                    "text_id": 26,
                    "uid": 26
                },
                {
                    "coord": [
                        399,
                        366
                    ],
                    "is_working": true,
                    "name": "Universitatii",
                    "rect": [
                        409,
                        359,
                        62,
                        15
                    ],
                    "text_id": 27,
                    "uid": 27
                },
                {
                    "coord": [
                        399,
                        429
                    ],
                    "is_working": true,
                    "name": "Piata Unirii",
                    "rect": [
                        411,
                        421,
                        57,
                        15
                    ],
                    "text_id": 13,
                    "uid": 28
                },
                {
                    "coord": [
                        399,
                        505
                    ],
                    "is_working": true,
                    "name": "Tineretului",
                    "rect": [
                        334,
                        492,
                        54,
                        15
                    ],
                    "text_id": 28,
                    "uid": 29
                },
                {
                    "coord": [
                        351,
                        558
                    ],
                    "is_working": true,
                    "name": "Eroii Revolutiei",
                    "rect": [
                        263,
                        551,
                        78,
                        15
                    ],
                    "text_id": 29,
                    "uid": 30
                },
                {
                    "coord": [
                        384,
                        615
                    ],
                    "is_working": true,
                    "name": "Constantin Brancoveanu",
                    "rect": [
                        250,
                        614,
                        124,
                        15
                    ],
                    "text_id": 30,
                    "uid": 31
                },
                {
                    "coord": [
                        423,
                        654
                    ],
                    "is_working": true,
                    "name": "Piata Sudului",
                    "rect": [
                        346,
                        652,
                        67,
                        15
                    ],
                    "text_id": 31,
                    "uid": 32
                },
                {
                    "coord": [
                        467,
                        698
                    ],
                    "is_working": true,
                    "name": "Aparatorii Patriei",
                    "rect": [
                        371,
                        696,
                        86,
                        15
                    ],
                    "text_id": 32,
                    "uid": 33
                },
                {
                    "coord": [
                        506,
                        737
                    ],
                    "is_working": true,
                    "name": "Dimitrie Leonida",
                    "rect": [
                        413,
                        736,
                        83,
                        15
                    ],
                    "text_id": 33,
                    "uid": 34
                },
                {
                    "coord": [
                        545,
                        776
                    ],
                    "is_working": true,
                    "name": "Berceni",
                    "rect": [
                        495,
                        775,
                        41,
                        15
                    ],
                    "text_id": 34,
                    "uid": 35
                }
            ],
            "text_id": 35
        },
        {
            "labels_bg_color": "-1",
            "labels_color": "FF0000",
            "line_color": "FF0000",
            "line_width": 9,
            "name": "M 3",
            "segments": [
                [
                    36,
                    37,
                    [
                        [
                            64,
                            388
                        ],
                        [
                            44.0,
                            388.0
                        ],
                        [
                            16,
                            416
                        ]
                    ],
                    true
                ],
                [
                    37,
                    38,
                    [
                        [
                            109,
                            388
                        ],
                        [
                            64,
                            388
                        ]
                    ],
                    true
                ],
                [
                    38,
                    39,
                    [
                        [
                            178,
                            388
                        ],
                        [
                            109,
                            388
                        ]
                    ],
                    true
                ],
                [
                    39,
                    40,
                    [
                        [
                            238,
                            388
                        ],
                        [
                            178,
                            388
                        ]
                    ],
                    true
                ],
                [
                    40,
                    41,
                    [
                        [
                            285,
                            388
                        ],
                        [
                            238,
                            388
                        ]
                    ],
                    true
                ],
                [
                    41,
                    42,
                    [
                        [
                            322,
                            388
                        ],
                        [
                            285,
                            388
                        ]
                    ],
                    true
                ],
                [
                    42,
                    43,
                    [
                        [
                            375,
                            429
                        ],
                        [
                            334.0,
                            388.0
                        ],
                        [
                            322,
                            388
                        ]
                    ],
                    true
                ],
                [
                    43,
                    44,
                    [
                        [
                            428,
                            502
                        ],
                        [
                            428.0,
                            482.0
                        ],
                        [
                            375,
                            429
                        ]
                    ],
                    true
                ],
                [
                    44,
                    45,
                    [
                        [
                            488,
                            543
                        ],
                        [
                            469.0,
                            543.0
                        ],
                        [
                            428,
                            502
                        ]
                    ],
                    true
                ],
                [
                    45,
                    46,
                    [
                        [
                            544,
                            506
                        ],
                        [
                            507.0,
                            543.0
                        ],
                        [
                            488,
                            543
                        ]
                    ],
                    true
                ],
                [
                    46,
                    47,
                    [
                        [
                            618,
                            506
                        ],
                        [
                            544,
                            506
                        ]
                    ],
                    true
                ],
                [
                    47,
                    48,
                    [
                        [
                            734,
                            506
                        ],
                        [
                            618,
                            506
                        ]
                    ],
                    true
                ],
                [
                    48,
                    49,
                    [
                        [
                            791,
                            506
                        ],
                        [
                            734,
                            506
                        ]
                    ],
                    true
                ],
                [
                    49,
                    50,
                    [
                        [
                            867,
                            506
                        ],
                        [
                            791,
                            506
                        ]
                    ],
                    true
                ]
            ],
            "stations": [
                {
                    "coord": [
                        16,
                        416
                    ],
                    "is_working": true,
                    "name": "Preciziei",
                    "rect": [
                        25,
                        418,
                        45,
                        15
                    ],
                    "text_id": 36,
                    "uid": 36
                },
                {
                    "coord": [
                        64,
                        388
                    ],
                    "is_working": true,
                    "name": "Pacii",
                    "rect": [
                        49,
                        364,
                        27,
                        15
                    ],
                    "text_id": 37,
                    "uid": 37
                },
                {
                    "coord": [
                        109,
                        388
                    ],
                    "is_working": true,
                    "name": "Gorjului",
                    "rect": [
                        94,
                        397,
                        41,
                        15
                    ],
                    "text_id": 38,
                    "uid": 38
                },
                {
                    "coord": [
                        178,
                        388
                    ],
                    "is_working": true,
                    "name": "Lujerului",
                    "rect": [
                        156,
                        364,
                        45,
                        15
                    ],
                    "text_id": 39,
                    "uid": 39
                },
                {
                    "coord": [
                        238,
                        388
                    ],
                    "is_working": true,
                    "name": "Politehnica",
                    "rect": [
                        210,
                        397,
                        57,
                        15
                    ],
                    "text_id": 40,
                    "uid": 40
                },
                {
                    "coord": [
                        285,
                        388
                    ],
                    "is_working": true,
                    "name": "Eroilor",
                    "rect": [
                        284,
                        348,
                        35,
                        15
                    ],
                    "text_id": 11,
                    "uid": 41
                },
                {
                    "coord": [
                        322,
                        388
                    ],
                    "is_working": true,
                    "name": "Izvor",
                    "rect": [
                        311,
                        400,
                        26,
                        15
                    ],
                    "text_id": 12,
                    "uid": 42
                },
                {
                    "coord": [
                        375,
                        429
                    ],
                    "is_working": true,
                    "name": "Piata Unirii",
                    "rect": [
                        411,
                        421,
                        57,
                        15
                    ],
                    "text_id": 13,
                    "uid": 43
                },
                {
                    "coord": [
                        428,
                        502
                    ],
                    "is_working": true,
                    "name": "Timpuri Noi",
                    "rect": [
                        451,
                        486,
                        59,
                        15
                    ],
                    "text_id": 14,
                    "uid": 44
                },
                {
                    "coord": [
                        488,
                        543
                    ],
                    "is_working": true,
                    "name": "Mihai Bravu",
                    "rect": [
                        466,
                        556,
                        62,
                        15
                    ],
                    "text_id": 15,
                    "uid": 45
                },
                {
                    "coord": [
                        544,
                        506
                    ],
                    "is_working": true,
                    "name": "Dristor2",
                    "rect": [
                        542,
                        518,
                        42,
                        15
                    ],
                    "text_id": 16,
                    "uid": 46
                },
                {
                    "coord": [
                        618,
                        506
                    ],
                    "is_working": true,
                    "name": "Nicolae Grigorescu",
                    "rect": [
                        607,
                        518,
                        98,
                        15
                    ],
                    "text_id": 17,
                    "uid": 47
                },
                {
                    "coord": [
                        734,
                        506
                    ],
                    "is_working": true,
                    "name": "1 Dec 1918",
                    "rect": [
                        704,
                        482,
                        58,
                        15
                    ],
                    "text_id": 41,
                    "uid": 48
                },
                {
                    "coord": [
                        791,
                        506
                    ],
                    "is_working": true,
                    "name": "Nicolae Teclu",
                    "rect": [
                        765,
                        515,
                        70,
                        15
                    ],
                    "text_id": 42,
                    "uid": 49
                },
                {
                    "coord": [
                        867,
                        506
                    ],
                    "is_working": true,
                    "name": "Anghel Saligny",
                    "rect": [
                        816,
                        482,
                        77,
                        15
                    ],
                    "text_id": 43,
                    "uid": 50
                }
            ],
            "text_id": 44
        },
        {
            "labels_bg_color": "-1",
            "labels_color": "00C500",
            "line_color": "00C500",
            "line_width": 9,
            "name": "M 4",
            "segments": [
                [
                    51,
                    52,
                    [
                        [
                            276,
                            266
                        ],
                        [
                            308,
                            297
                        ]
                    ],
                    true
                ],
                [
                    52,
                    53,
                    [
                        [
                            238,
                            228
                        ],
                        [
                            276,
                            266
                        ]
                    ],
                    true
                ],
                [
                    53,
                    54,
                    [
                        [
                            204,
                            194
                        ],
                        [
                            238,
                            228
                        ]
                    ],
                    true
                ],
                [
                    54,
                    55,
                    [
                        [
                            158,
                            148
                        ],
                        [
                            204,
                            194
                        ]
                    ],
                    true
                ],
                [
                    55,
                    56,
                    [
                        [
                            122,
                            112
                        ],
                        [
                            158,
                            148
                        ]
                    ],
                    true
                ],
                [
                    56,
                    57,
                    [
                        [
                            83,
                            73
                        ],
                        [
                            122,
                            112
                        ]
                    ],
                    false
                ],
                [
                    57,
                    58,
                    [
                        [
                            41,
                            31
                        ],
                        [
                            83,
                            73
                        ]
                    ],
                    false
                ]
            ],
            "stations": [
                {
                    "coord": [
                        308,
                        297
                    ],
                    "is_working": true,
                    "name": "Gara de Nord",
                    "rect": [
                        291,
                        309,
                        68,
                        15
                    ],
                    "text_id": 6,
                    "uid": 51
                },
                {
                    "coord": [
                        276,
                        266
                    ],
                    "is_working": true,
                    "name": "Basarab",
                    "rect": [
                        213,
                        254,
                        44,
                        15
                    ],
                    "text_id": 7,
                    "uid": 52
                },
                {
                    "coord": [
                        238,
                        228
                    ],
                    "is_working": true,
                    "name": "Grivita",
                    "rect": [
                        193,
                        228,
                        35,
                        15
                    ],
                    "text_id": 45,
                    "uid": 53
                },
                {
                    "coord": [
                        204,
                        194
                    ],
                    "is_working": true,
                    "name": "1 Mai",
                    "rect": [
                        164,
                        191,
                        29,
                        15
                    ],
                    "text_id": 46,
                    "uid": 54
                },
                {
                    "coord": [
                        158,
                        148
                    ],
                    "is_working": true,
                    "name": "Jiului",
                    "rect": [
                        117,
                        145,
                        29,
                        15
                    ],
                    "text_id": 47,
                    "uid": 55
                },
                {
                    "coord": [
                        122,
                        112
                    ],
                    "is_working": true,
                    "name": "Parc Bazilescu",
                    "rect": [
                        35,
                        110,
                        77,
                        15
                    ],
                    "text_id": 48,
                    "uid": 56
                },
                {
                    "coord": [
                        83,
                        73
                    ],
                    "is_working": false,
                    "name": "Laminorului",
                    "rect": [
                        93,
                        61,
                        60,
                        15
                    ],
                    "text_id": 49,
                    "uid": 57
                },
                {
                    "coord": [
                        41,
                        31
                    ],
                    "is_working": false,
                    "name": "Lac Straulesti",
                    "rect": [
                        50,
                        19,
                        70,
                        15
                    ],
                    "text_id": 50,
                    "uid": 58
                }
            ],
            "text_id": 51
        }
    ],
    "lines_width": 9,
    "name": "metro",
    "name_text_id": 52,
    "stations_diameter": 13.0,
    "transfers": [
        [
            5,
            25,
            [
                350,
                255
            ],
            [
                350,
                255
            ]
        ],
        [
            15,
            45,
            [
                488,
                531
            ],
            [
                488,
                543
            ]
        ],
        [
            16,
            46,
            [
                544,
                494
            ],
            [
                544,
                506
            ]
        ],
        [
            17,
            47,
            [
                618,
                494
            ],
            [
                618,
                506
            ]
        ],
        [
            6,
            51,
            [
                308,
                285
            ],
            [
                308,
                297
            ]
        ],
        [
            7,
            52,
            [
                267,
                274
            ],
            [
                276,
                266
            ]
        ],
        [
            11,
            41,
            [
                285,
                375
            ],
            [
                285,
                388
            ]
        ],
        [
            13,
            28,
            [
                387,
                429
            ],
            [
                399,
                429
            ]
        ],
        [
            0,
            16,
            [
                544,
                482
            ],
            [
                544,
                494
            ]
        ],
        [
            12,
            42,
            [
                333,
                375
            ],
            [
                322,
                388
            ]
        ],
        [
            13,
            43,
            [
                387,
                429
            ],
            [
                375,
                429
            ]
        ],
        [
            14,
            44,
            [
                440,
                502
            ],
            [
                428,
                502
            ]
        ]
    ],
    "transports": [
        "metro"
    ],
    "type_name": "ROOT",
    "type_text_id": 53,
    "upper_case": false,
    "width": 1029,
    "word_wrap": false
}