{
    "default_transports": [
        "metro"
    ],
    "height": 1082,
    "images": [
        "res/schemes/sendai.svg"
    ],
    "is_vector": true,
    "lines": [
        {
            "labels_bg_color": "-1",
            "labels_color": "008800",
            "line_color": "008800",
            "line_width": 7,
            "name": "Namboku",
            "segments": [
                [
                    0,
                    1,
                    [
                        [
                            460.0,
                            108.0
                        ],
                        [
                            455.19,
                            104.38
                        ],
                        [
                            450.75,
                            100.5
                        ],
                        [
                            446.69,
                            96.38
                        ],
                        [
                            443.0,
                            92.0
                        ],
                        [
                            439.69,
                            87.38
                        ],
                        [
                            436.75,
                            82.5
                        ],
                        [
                            434.19,
                            77.38
                        ],
                        [
                            432.0,
                            72.0
                        ],
                        [
                            430.19,
                            66.38
                        ],
                        [
                            428.75,
                            60.5
                        ],
                        [
                            427.69,
                            54.38
                        ],
                        [
                            427.0,
                            48.0
                        ],
                        [
                            426.69,
                            41.38
                        ],
                        [
                            426.75,
                            34.5
                        ],
                        [
                            427.19,
                            27.38
                        ],
                        [
                            428.0,
                            20.0
                        ]
                    ],
                    true
                ],
                [
                    1,
                    2,
                    [
                        [
                            476.0,
                            188.0
                        ],
                        [
                            480.62,
                            182.53
                        ],
                        [
                            484.5,
                            177.12
                        ],
                        [
                            487.62,
                            171.78
                        ],
                        [
                            490.0,
                            166.5
                        ],
                        [
                            491.62,
                            161.28
                        ],
                        [
                            492.5,
                            156.12
                        ],
                        [
                            492.62,
                            151.03
                        ],
                        [
                            492.0,
                            146.0
                        ],
                        [
                            490.62,
                            141.03
                        ],
                        [
                            488.5,
                            136.12
                        ],
                        [
                            485.62,
                            131.28
                        ],
                        [
                            482.0,
                            126.5
                        ],
                        [
                            477.62,
                            121.78
                        ],
                        [
                            472.5,
                            117.12
                        ],
                        [
                            466.62,
                            112.53
                        ],
                        [
                            460.0,
                            108.0
                        ]
                    ],
                    true
                ],
                [
                    2,
                    3,
                    [
                        [
                            452.0,
                            248.0
                        ],
                        [
                            452.09,
                            243.78
                        ],
                        [
                            452.38,
                            239.62
                        ],
                        [
                            452.84,
                            235.53
                        ],
                        [
                            453.5,
                            231.5
                        ],
                        [
                            454.34,
                            227.53
                        ],
                        [
                            455.38,
                            223.62
                        ],
                        [
                            456.59,
                            219.78
                        ],
                        [
                            458.0,
                            216.0
                        ],
                        [
                            459.59,
                            212.28
                        ],
                        [
                            461.38,
                            208.62
                        ],
                        [
                            463.34,
                            205.03
                        ],
                        [
                            465.5,
                            201.5
                        ],
                        [
                            467.84,
                            198.03
                        ],
                        [
                            470.38,
                            194.62
                        ],
                        [
                            473.09,
                            191.28
                        ],
                        [
                            476.0,
                            188.0
                        ]
                    ],
                    true
                ],
                [
                    3,
                    4,
                    [
                        [
                            410.0,
                            314.0
                        ],
                        [
                            415.67,
                            309.17
                        ],
                        [
                            420.94,
                            304.44
                        ],
                        [
                            425.8,
                            299.8
                        ],
                        [
                            430.25,
                            295.25
                        ],
                        [
                            434.3,
                            290.8
                        ],
                        [
                            437.94,
                            286.44
                        ],
                        [
                            441.17,
                            282.17
                        ],
                        [
                            444.0,
                            278.0
                        ],
                        [
                            446.42,
                            273.92
                        ],
                        [
                            448.44,
                            269.94
                        ],
                        [
                            450.05,
                            266.05
                        ],
                        [
                            451.25,
                            262.25
                        ],
                        [
                            452.05,
                            258.55
                        ],
                        [
                            452.44,
                            254.94
                        ],
                        [
                            452.42,
                            251.42
                        ],
                        [
                            452.0,
                            248.0
                        ]
                    ],
                    true
                ],
                [
                    4,
                    5,
                    [
                        [
                            332.0,
                            356.0
                        ],
                        [
                            334.67,
                            352.84
                        ],
                        [
                            337.44,
                            349.88
                        ],
                        [
                            340.3,
                            347.1
                        ],
                        [
                            343.25,
                            344.5
                        ],
                        [
                            346.27,
                            342.05
                        ],
                        [
                            349.39,
                            339.8
                        ],
                        [
                            352.62,
                            337.76
                        ],
                        [
                            356.0,
                            336.0
                        ],
                        [
                            359.62,
                            334.63
                        ],
                        [
                            363.36,
                            333.51
                        ],
                        [
                            367.16,
                            332.52
                        ],
                        [
                            371.0,
                            331.62
                        ],
                        [
                            374.84,
                            330.78
                        ],
                        [
                            378.64,
                            329.93
                        ],
                        [
                            382.38,
                            329.04
                        ],
                        [
                            386.0,
                            328.0
                        ],
                        [
                            389.38,
                            326.66
                        ],
                        [
                            392.61,
                            325.13
                        ],
                        [
                            395.73,
                            323.49
                        ],
                        [
                            398.75,
                            321.75
                        ],
                        [
                            401.7,
                            319.95
                        ],
                        [
                            404.56,
                            318.06
                        ],
                        [
                            407.33,
                            316.08
                        ],
                        [
                            410.0,
                            314.0
                        ]
                    ],
                    true
                ],
                [
                    5,
                    6,
                    [
                        [
                            332.0,
                            444.0
                        ],
                        [
                            331.72,
                            440.5
                        ],
                        [
                            331.38,
                            437.0
                        ],
                        [
                            330.96,
                            433.5
                        ],
                        [
                            330.5,
                            430.0
                        ],
                        [
                            330.02,
                            426.49
                        ],
                        [
                            329.47,
                            422.98
                        ],
                        [
                            328.82,
                            419.48
                        ],
                        [
                            328.0,
                            416.0
                        ],
                        [
                            326.83,
                            412.56
                        ],
                        [
                            325.53,
                            409.14
                        ],
                        [
                            324.24,
                            405.71
                        ],
                        [
                            323.0,
                            402.25
                        ],
                        [
                            321.89,
                            398.76
                        ],
                        [
                            320.97,
                            395.23
                        ],
                        [
                            320.29,
                            391.65
                        ],
                        [
                            320.0,
                            388.0
                        ],
                        [
                            320.3,
                            384.24
                        ],
                        [
                            321.03,
                            380.39
                        ],
                        [
                            322.1,
                            376.48
                        ],
                        [
                            323.5,
                            372.5
                        ],
                        [
                            325.16,
                            368.47
                        ],
                        [
                            327.12,
                            364.38
                        ],
                        [
                            329.41,
                            360.22
                        ],
                        [
                            332.0,
                            356.0
                        ]
                    ],
                    true
                ],
                [
                    6,
                    7,
                    [
                        [
                            350.0,
                            492.0
                        ],
                        [
                            348.64,
                            489.0
                        ],
                        [
                            347.31,
                            486.0
                        ],
                        [
                            346.02,
                            483.0
                        ],
                        [
                            344.75,
                            480.0
                        ],
                        [
                            343.52,
                            477.0
                        ],
                        [
                            342.31,
                            474.0
                        ],
                        [
                            341.14,
                            471.0
                        ],
                        [
                            340.0,
                            468.0
                        ],
                        [
                            338.89,
                            465.0
                        ],
                        [
                            337.81,
                            462.0
                        ],
                        [
                            336.77,
                            459.0
                        ],
                        [
                            335.75,
                            456.0
                        ],
                        [
                            334.77,
                            453.0
                        ],
                        [
                            333.81,
                            450.0
                        ],
                        [
                            332.89,
                            447.0
                        ],
                        [
                            332.0,
                            444.0
                        ]
                    ],
                    true
                ],
                [
                    7,
                    8,
                    [
                        [
                            384.0,
                            526.0
                        ],
                        [
                            382.11,
                            526.45
                        ],
                        [
                            380.19,
                            526.56
                        ],
                        [
                            378.23,
                            526.33
                        ],
                        [
                            376.25,
                            525.75
                        ],
                        [
                            374.23,
                            524.83
                        ],
                        [
                            372.19,
                            523.56
                        ],
                        [
                            370.11,
                            521.95
                        ],
                        [
                            368.0,
                            520.0
                        ],
                        [
                            365.86,
                            517.7
                        ],
                        [
                            363.69,
                            515.06
                        ],
                        [
                            361.48,
                            512.08
                        ],
                        [
                            359.25,
                            508.75
                        ],
                        [
                            356.98,
                            505.08
                        ],
                        [
                            354.69,
                            501.06
                        ],
                        [
                            352.36,
                            496.7
                        ],
                        [
                            350.0,
                            492.0
                        ]
                    ],
                    true
                ],
                [
                    8,
                    9,
                    [
                        [
                            424.0,
                            552.0
                        ],
                        [
                            422.44,
                            548.27
                        ],
                        [
                            420.75,
                            544.81
                        ],
                        [
                            418.94,
                            541.64
                        ],
                        [
                            417.0,
                            538.75
                        ],
                        [
                            414.94,
                            536.14
                        ],
                        [
                            412.75,
                            533.81
                        ],
                        [
                            410.44,
                            531.77
                        ],
                        [
                            408.0,
                            530.0
                        ],
                        [
                            405.44,
                            528.52
                        ],
                        [
                            402.75,
                            527.31
                        ],
                        [
                            399.94,
                            526.39
                        ],
                        [
                            397.0,
                            525.75
                        ],
                        [
                            393.94,
                            525.39
                        ],
                        [
                            390.75,
                            525.31
                        ],
                        [
                            387.44,
                            525.52
                        ],
                        [
                            384.0,
                            526.0
                        ]
                    ],
                    true
                ],
                [
                    9,
                    10,
                    [
                        [
                            432.0,
                            616.0
                        ],
                        [
                            433.38,
                            612.0
                        ],
                        [
                            434.5,
                            608.0
                        ],
                        [
                            435.38,
                            604.0
                        ],
                        [
                            436.0,
                            600.0
                        ],
                        [
                            436.38,
                            596.0
                        ],
                        [
                            436.5,
                            592.0
                        ],
                        [
                            436.38,
                            588.0
                        ],
                        [
                            436.0,
                            584.0
                        ],
                        [
                            435.38,
                            580.0
                        ],
                        [
                            434.5,
                            576.0
                        ],
                        [
                            433.38,
                            572.0
                        ],
                        [
                            432.0,
                            568.0
                        ],
                        [
                            430.38,
                            564.0
                        ],
                        [
                            428.5,
                            560.0
                        ],
                        [
                            426.38,
                            556.0
                        ],
                        [
                            424.0,
                            552.0
                        ]
                    ],
                    true
                ],
                [
                    10,
                    11,
                    [
                        [
                            434.0,
                            656.0
                        ],
                        [
                            432.23,
                            654.91
                        ],
                        [
                            430.69,
                            653.62
                        ],
                        [
                            429.36,
                            652.16
                        ],
                        [
                            428.25,
                            650.5
                        ],
                        [
                            427.36,
                            648.66
                        ],
                        [
                            426.69,
                            646.62
                        ],
                        [
                            426.23,
                            644.41
                        ],
                        [
                            426.0,
                            642.0
                        ],
                        [
                            425.98,
                            639.41
                        ],
                        [
                            426.19,
                            636.62
                        ],
                        [
                            426.61,
                            633.66
                        ],
                        [
                            427.25,
                            630.5
                        ],
                        [
                            428.11,
                            627.16
                        ],
                        [
                            429.19,
                            623.62
                        ],
                        [
                            430.48,
                            619.91
                        ],
                        [
                            432.0,
                            616.0
                        ]
                    ],
                    true
                ],
                [
                    11,
                    12,
                    [
                        [
                            488.0,
                            712.0
                        ],
                        [
                            485.8,
                            706.62
                        ],
                        [
                            483.44,
                            701.5
                        ],
                        [
                            480.92,
                            696.62
                        ],
                        [
                            478.25,
                            692.0
                        ],
                        [
                            475.42,
                            687.62
                        ],
                        [
                            472.44,
                            683.5
                        ],
                        [
                            469.3,
                            679.62
                        ],
                        [
                            466.0,
                            676.0
                        ],
                        [
                            462.55,
                            672.62
                        ],
                        [
                            458.94,
                            669.5
                        ],
                        [
                            455.17,
                            666.62
                        ],
                        [
                            451.25,
                            664.0
                        ],
                        [
                            447.17,
                            661.62
                        ],
                        [
                            442.94,
                            659.5
                        ],
                        [
                            438.55,
                            657.62
                        ],
                        [
                            434.0,
                            656.0
                        ]
                    ],
                    true
                ],
                [
                    12,
                    13,
                    [
                        [
                            486.0,
                            768.0
                        ],
                        [
                            488.23,
                            764.97
                        ],
                        [
                            490.19,
                            761.88
                        ],
                        [
                            491.86,
                            758.72
                        ],
                        [
                            493.25,
                            755.5
                        ],
                        [
                            494.36,
                            752.22
                        ],
                        [
                            495.19,
                            748.88
                        ],
                        [
                            495.73,
                            745.47
                        ],
                        [
                            496.0,
                            742.0
                        ],
                        [
                            495.98,
                            738.47
                        ],
                        [
                            495.69,
                            734.88
                        ],
                        [
                            495.11,
                            731.22
                        ],
                        [
                            494.25,
                            727.5
                        ],
                        [
                            493.11,
                            723.72
                        ],
                        [
                            491.69,
                            719.88
                        ],
                        [
                            489.98,
                            715.97
                        ],
                        [
                            488.0,
                            712.0
                        ]
                    ],
                    true
                ],
                [
                    13,
                    14,
                    [
                        [
                            464.0,
                            816.0
                        ],
                        [
                            463.73,
                            813.94
                        ],
                        [
                            463.69,
                            811.75
                        ],
                        [
                            463.86,
                            809.44
                        ],
                        [
                            464.25,
                            807.0
                        ],
                        [
                            464.86,
                            804.44
                        ],
                        [
                            465.69,
                            801.75
                        ],
                        [
                            466.73,
                            798.94
                        ],
                        [
                            468.0,
                            796.0
                        ],
                        [
                            469.48,
                            792.94
                        ],
                        [
                            471.19,
                            789.75
                        ],
                        [
                            473.11,
                            786.44
                        ],
                        [
                            475.25,
                            783.0
                        ],
                        [
                            477.61,
                            779.44
                        ],
                        [
                            480.19,
                            775.75
                        ],
                        [
                            482.98,
                            771.94
                        ],
                        [
                            486.0,
                            768.0
                        ]
                    ],
                    true
                ],
                [
                    14,
                    15,
                    [
                        [
                            398.0,
                            846.0
                        ],
                        [
                            407.05,
                            845.77
                        ],
                        [
                            415.44,
                            845.31
                        ],
                        [
                            423.17,
                            844.64
                        ],
                        [
                            430.25,
                            843.75
                        ],
                        [
                            436.67,
                            842.64
                        ],
                        [
                            442.44,
                            841.31
                        ],
                        [
                            447.55,
                            839.77
                        ],
                        [
                            452.0,
                            838.0
                        ],
                        [
                            455.8,
                            836.02
                        ],
                        [
                            458.94,
                            833.81
                        ],
                        [
                            461.42,
                            831.39
                        ],
                        [
                            463.25,
                            828.75
                        ],
                        [
                            464.42,
                            825.89
                        ],
                        [
                            464.94,
                            822.81
                        ],
                        [
                            464.8,
                            819.52
                        ],
                        [
                            464.0,
                            816.0
                        ]
                    ],
                    true
                ],
                [
                    15,
                    16,
                    [
                        [
                            348.0,
                            932.0
                        ],
                        [
                            347.14,
                            921.23
                        ],
                        [
                            346.81,
                            911.19
                        ],
                        [
                            347.02,
                            901.86
                        ],
                        [
                            347.75,
                            893.25
                        ],
                        [
                            349.02,
                            885.36
                        ],
                        [
                            350.81,
                            878.19
                        ],
                        [
                            353.14,
                            871.73
                        ],
                        [
                            356.0,
                            866.0
                        ],
                        [
                            359.39,
                            860.98
                        ],
                        [
                            363.31,
                            856.69
                        ],
                        [
                            367.77,
                            853.11
                        ],
                        [
                            372.75,
                            850.25
                        ],
                        [
                            378.27,
                            848.11
                        ],
                        [
                            384.31,
                            846.69
                        ],
                        [
                            390.89,
                            845.98
                        ],
                        [
                            398.0,
                            846.0
                        ]
                    ],
                    true
                ]
            ],
            "stations": [
                {
                    "coord": [
                        428,
                        20
                    ],
                    "is_working": true,
                    "name": "Izumi-Chuo",
                    "rect": [
                        362,
                        13,
                        57,
                        15
                    ],
                    "text_id": 0,
                    "uid": 0
                },
                {
                    "coord": [
                        460,
                        108
                    ],
                    "is_working": true,
                    "name": "Yaotome",
                    "rect": [
                        406,
                        106,
                        45,
                        15
                    ],
                    "text_id": 1,
                    "uid": 1
                },
                {
                    "coord": [
                        476,
                        188
                    ],
                    "is_working": true,
                    "name": "Kuromatsu",
                    "rect": [
                        485,
                        184,
                        56,
                        15
                    ],
                    "text_id": 2,
                    "uid": 2
                },
                {
                    "coord": [
                        452,
                        248
                    ],
                    "is_working": true,
                    "name": "Asahigaoka",
                    "rect": [
                        461,
                        242,
                        61,
                        15
                    ],
                    "text_id": 3,
                    "uid": 3
                },
                {
                    "coord": [
                        410,
                        314
                    ],
                    "is_working": true,
                    "name": "Dainohara",
                    "rect": [
                        419,
                        312,
                        53,
                        15
                    ],
                    "text_id": 4,
                    "uid": 4
                },
                {
                    "coord": [
                        332,
                        356
                    ],
                    "is_working": true,
                    "name": "Kita-Sendai",
                    "rect": [
                        345,
                        349,
                        59,
                        15
                    ],
                    "text_id": 5,
                    "uid": 5
                },
                {
                    "coord": [
                        332,
                        444
                    ],
                    "is_working": true,
                    "name": "Kita-Yobancho",
                    "rect": [
                        341,
                        436,
                        74,
                        15
                    ],
                    "text_id": 6,
                    "uid": 6
                },
                {
                    "coord": [
                        350,
                        492
                    ],
                    "is_working": true,
                    "name": "Kotodai Koen",
                    "rect": [
                        359,
                        484,
                        69,
                        15
                    ],
                    "text_id": 7,
                    "uid": 7
                },
                {
                    "coord": [
                        384,
                        526
                    ],
                    "is_working": true,
                    "name": "Hirose-Dori",
                    "rect": [
                        380,
                        504,
                        59,
                        15
                    ],
                    "text_id": 8,
                    "uid": 8
                },
                {
                    "coord": [
                        424,
                        552
                    ],
                    "is_working": true,
                    "name": "Sendai",
                    "rect": [
                        385,
                        561,
                        36,
                        15
                    ],
                    "text_id": 9,
                    "uid": 9
                },
                {
                    "coord": [
                        432,
                        616
                    ],
                    "is_working": true,
                    "name": "Itsutsu-bashi",
                    "rect": [
                        358,
                        608,
                        65,
                        15
                    ],
                    "text_id": 10,
                    "uid": 10
                },
                {
                    "coord": [
                        434,
                        656
                    ],
                    "is_working": true,
                    "name": "Atago-bashi",
                    "rect": [
                        370,
                        664,
                        61,
                        15
                    ],
                    "text_id": 11,
                    "uid": 11
                },
                {
                    "coord": [
                        488,
                        712
                    ],
                    "is_working": true,
                    "name": "Kawaramachi",
                    "rect": [
                        409,
                        706,
                        70,
                        15
                    ],
                    "text_id": 12,
                    "uid": 12
                },
                {
                    "coord": [
                        486,
                        768
                    ],
                    "is_working": true,
                    "name": "Nagamachi-itchome",
                    "rect": [
                        377,
                        758,
                        100,
                        15
                    ],
                    "text_id": 13,
                    "uid": 13
                },
                {
                    "coord": [
                        464,
                        816
                    ],
                    "is_working": true,
                    "name": "Nagamachi",
                    "rect": [
                        397,
                        808,
                        58,
                        15
                    ],
                    "text_id": 14,
                    "uid": 14
                },
                {
                    "coord": [
                        398,
                        846
                    ],
                    "is_working": true,
                    "name": "Nagamachi-minami",
                    "rect": [
                        294,
                        827,
                        97,
                        15
                    ],
                    "text_id": 15,
                    "uid": 15
                },
                {
                    "coord": [
                        348,
                        932
                    ],
                    "is_working": true,
                    "name": "Tomizawa",
                    "rect": [
                        288,
                        925,
                        51,
                        15
                    ],
                    "text_id": 16,
                    "uid": 16
                }
            ],
            "text_id": 17
        },
        {
            "labels_bg_color": "-1",
            "labels_color": "000088",
            "line_color": "000088",
            "line_width": 7,
            "name": "Tozai",
            "segments": [
                [
                    17,
                    18,
                    [
                        [
                            76.0,
                            603.0
                        ],
                        [
                            74.08,
                            608.19
                        ],
                        [
                            72.56,
                            613.25
                        ],
                        [
                            71.47,
                            618.19
                        ],
                        [
                            70.75,
                            623.0
                        ],
                        [
                            70.31,
                            627.7
                        ],
                        [
                            70.3,
                            632.27
                        ],
                        [
                            70.79,
                            636.71
                        ],
                        [
                            72.0,
                            641.0
                        ],
                        [
                            74.39,
                            645.12
                        ],
                        [
                            77.38,
                            649.11
                        ],
                        [
                            80.59,
                            652.98
                        ],
                        [
                            83.88,
                            656.75
                        ],
                        [
                            87.05,
                            660.42
                        ],
                        [
                            89.93,
                            664.02
                        ],
                        [
                            92.37,
                            667.53
                        ],
                        [
                            94.0,
                            671.0
                        ],
                        [
                            94.23,
                            674.45
                        ],
                        [
                            93.51,
                            677.86
                        ],
                        [
                            92.08,
                            681.21
                        ],
                        [
                            90.0,
                            684.5
                        ],
                        [
                            87.42,
                            687.72
                        ],
                        [
                            84.25,
                            690.88
                        ],
                        [
                            80.44,
                            693.97
                        ],
                        [
                            76.0,
                            697.0
                        ]
                    ],
                    true
                ],
                [
                    18,
                    19,
                    [
                        [
                            160.0,
                            549.0
                        ],
                        [
                            152.41,
                            549.8
                        ],
                        [
                            145.12,
                            550.94
                        ],
                        [
                            138.16,
                            552.42
                        ],
                        [
                            131.5,
                            554.25
                        ],
                        [
                            125.16,
                            556.42
                        ],
                        [
                            119.12,
                            558.94
                        ],
                        [
                            113.41,
                            561.8
                        ],
                        [
                            108.0,
                            565.0
                        ],
                        [
                            102.91,
                            568.55
                        ],
                        [
                            98.12,
                            572.44
                        ],
                        [
                            93.66,
                            576.67
                        ],
                        [
                            89.5,
                            581.25
                        ],
                        [
                            85.66,
                            586.17
                        ],
                        [
                            82.12,
                            591.44
                        ],
                        [
                            78.91,
                            597.05
                        ],
                        [
                            76.0,
                            603.0
                        ]
                    ],
                    true
                ],
                [
                    19,
                    20,
                    [
                        [
                            215,
                            550
                        ],
                        [
                            160,
                            549
                        ]
                    ],
                    true
                ],
                [
                    20,
                    21,
                    [
                        [
                            282,
                            554
                        ],
                        [
                            215,
                            550
                        ]
                    ],
                    true
                ],
                [
                    21,
                    22,
                    [
                        [
                            353,
                            554
                        ],
                        [
                            282,
                            554
                        ]
                    ],
                    true
                ],
                [
                    22,
                    23,
                    [
                        [
                            436,
                            552
                        ],
                        [
                            353,
                            554
                        ]
                    ],
                    true
                ],
                [
                    23,
                    24,
                    [
                        [
                            470.0,
                            582.0
                        ],
                        [
                            470.45,
                            579.42
                        ],
                        [
                            470.56,
                            576.94
                        ],
                        [
                            470.33,
                            574.55
                        ],
                        [
                            469.75,
                            572.25
                        ],
                        [
                            468.83,
                            570.05
                        ],
                        [
                            467.56,
                            567.94
                        ],
                        [
                            465.95,
                            565.92
                        ],
                        [
                            464.0,
                            564.0
                        ],
                        [
                            461.7,
                            562.17
                        ],
                        [
                            459.06,
                            560.44
                        ],
                        [
                            456.08,
                            558.8
                        ],
                        [
                            452.75,
                            557.25
                        ],
                        [
                            449.08,
                            555.8
                        ],
                        [
                            445.06,
                            554.44
                        ],
                        [
                            440.7,
                            553.17
                        ],
                        [
                            436.0,
                            552.0
                        ]
                    ],
                    true
                ],
                [
                    24,
                    25,
                    [
                        [
                            502.0,
                            612.0
                        ],
                        [
                            499.06,
                            611.3
                        ],
                        [
                            496.25,
                            610.44
                        ],
                        [
                            493.56,
                            609.42
                        ],
                        [
                            491.0,
                            608.25
                        ],
                        [
                            488.56,
                            606.92
                        ],
                        [
                            486.25,
                            605.44
                        ],
                        [
                            484.06,
                            603.8
                        ],
                        [
                            482.0,
                            602.0
                        ],
                        [
                            480.06,
                            600.05
                        ],
                        [
                            478.25,
                            597.94
                        ],
                        [
                            476.56,
                            595.67
                        ],
                        [
                            475.0,
                            593.25
                        ],
                        [
                            473.56,
                            590.67
                        ],
                        [
                            472.25,
                            587.94
                        ],
                        [
                            471.06,
                            585.05
                        ],
                        [
                            470.0,
                            582.0
                        ]
                    ],
                    true
                ],
                [
                    25,
                    26,
                    [
                        [
                            622,
                            612
                        ],
                        [
                            502,
                            612
                        ]
                    ],
                    true
                ],
                [
                    26,
                    27,
                    [
                        [
                            678.0,
                            554.0
                        ],
                        [
                            673.66,
                            554.19
                        ],
                        [
                            669.62,
                            554.75
                        ],
                        [
                            665.92,
                            555.7
                        ],
                        [
                            662.5,
                            557.0
                        ],
                        [
                            659.32,
                            558.58
                        ],
                        [
                            656.48,
                            560.55
                        ],
                        [
                            653.99,
                            562.97
                        ],
                        [
                            652.0,
                            566.0
                        ],
                        [
                            650.77,
                            569.99
                        ],
                        [
                            649.96,
                            574.51
                        ],
                        [
                            649.35,
                            579.25
                        ],
                        [
                            648.88,
                            584.12
                        ],
                        [
                            648.41,
                            588.98
                        ],
                        [
                            647.85,
                            593.68
                        ],
                        [
                            647.12,
                            598.12
                        ],
                        [
                            646.0,
                            602.0
                        ],
                        [
                            644.15,
                            604.89
                        ],
                        [
                            641.84,
                            607.13
                        ],
                        [
                            639.19,
                            608.91
                        ],
                        [
                            636.25,
                            610.25
                        ],
                        [
                            633.1,
                            611.28
                        ],
                        [
                            629.69,
                            611.94
                        ],
                        [
                            625.98,
                            612.17
                        ],
                        [
                            622.0,
                            612.0
                        ]
                    ],
                    true
                ],
                [
                    27,
                    28,
                    [
                        [
                            760,
                            556
                        ],
                        [
                            678,
                            554
                        ]
                    ],
                    true
                ],
                [
                    28,
                    29,
                    [
                        [
                            800.0,
                            632.0
                        ],
                        [
                            799.84,
                            623.5
                        ],
                        [
                            799.38,
                            615.5
                        ],
                        [
                            798.59,
                            608.0
                        ],
                        [
                            797.5,
                            601.0
                        ],
                        [
                            796.09,
                            594.5
                        ],
                        [
                            794.38,
                            588.5
                        ],
                        [
                            792.34,
                            583.0
                        ],
                        [
                            790.0,
                            578.0
                        ],
                        [
                            787.34,
                            573.5
                        ],
                        [
                            784.38,
                            569.5
                        ],
                        [
                            781.09,
                            566.0
                        ],
                        [
                            777.5,
                            563.0
                        ],
                        [
                            773.59,
                            560.5
                        ],
                        [
                            769.38,
                            558.5
                        ],
                        [
                            764.84,
                            557.0
                        ],
                        [
                            760.0,
                            556.0
                        ]
                    ],
                    true
                ]
            ],
            "stations": [
                {
                    "coord": [
                        76,
                        697
                    ],
                    "is_working": true,
                    "name": "Yagiyama Zoological Park",
                    "rect": [
                        85,
                        696,
                        131,
                        15
                    ],
                    "text_id": 18,
                    "uid": 17
                },
                {
                    "coord": [
                        76,
                        603
                    ],
                    "is_working": true,
                    "name": "Aobayama",
                    "rect": [
                        84,
                        597,
                        55,
                        15
                    ],
                    "text_id": 19,
                    "uid": 18
                },
                {
                    "coord": [
                        160,
                        549
                    ],
                    "is_working": true,
                    "name": "Kawauchi",
                    "rect": [
                        141,
                        558,
                        51,
                        15
                    ],
                    "text_id": 20,
                    "uid": 19
                },
                {
                    "coord": [
                        215,
                        550
                    ],
                    "is_working": true,
                    "name": "International Center",
                    "rect": [
                        171,
                        527,
                        99,
                        15
                    ],
                    "text_id": 21,
                    "uid": 20
                },
                {
                    "coord": [
                        282,
                        554
                    ],
                    "is_working": true,
                    "name": "Omachi Nishi-koen",
                    "rect": [
                        238,
                        563,
                        96,
                        15
                    ],
                    "text_id": 22,
                    "uid": 21
                },
                {
                    "coord": [
                        353,
                        554
                    ],
                    "is_working": true,
                    "name": "Aoba-dori Ichibancho",
                    "rect": [
                        295,
                        533,
                        107,
                        15
                    ],
                    "text_id": 23,
                    "uid": 22
                },
                {
                    "coord": [
                        436,
                        552
                    ],
                    "is_working": true,
                    "name": "Sendai",
                    "rect": [
                        385,
                        561,
                        36,
                        15
                    ],
                    "text_id": 9,
                    "uid": 23
                },
                {
                    "coord": [
                        470,
                        582
                    ],
                    "is_working": true,
                    "name": "Miyagino-dori",
                    "rect": [
                        478,
                        573,
                        69,
                        15
                    ],
                    "text_id": 24,
                    "uid": 24
                },
                {
                    "coord": [
                        502,
                        612
                    ],
                    "is_working": true,
                    "name": "Rembo",
                    "rect": [
                        504,
                        620,
                        37,
                        15
                    ],
                    "text_id": 25,
                    "uid": 25
                },
                {
                    "coord": [
                        622,
                        612
                    ],
                    "is_working": true,
                    "name": "Yakushido",
                    "rect": [
                        576,
                        621,
                        54,
                        15
                    ],
                    "text_id": 26,
                    "uid": 26
                },
                {
                    "coord": [
                        678,
                        554
                    ],
                    "is_working": true,
                    "name": "Oroshimachi",
                    "rect": [
                        665,
                        530,
                        65,
                        15
                    ],
                    "text_id": 27,
                    "uid": 27
                },
                {
                    "coord": [
                        760,
                        556
                    ],
                    "is_working": true,
                    "name": "Rokuchonome",
                    "rect": [
                        762,
                        533,
                        73,
                        15
                    ],
                    "text_id": 28,
                    "uid": 28
                },
                {
                    "coord": [
                        800,
                        632
                    ],
                    "is_working": true,
                    "name": "Arai",
                    "rect": [
                        808,
                        625,
                        23,
                        15
                    ],
                    "text_id": 29,
                    "uid": 29
                }
            ],
            "text_id": 30
        }
    ],
    "lines_width": 7,
    "name": "metro",
    "name_text_id": 31,
    "stations_diameter": 13.0,
    "transfers": [
        [
            9,
            23,
            [
                424,
                552
            ],
            [
                436,
                552
            ]
        ]
    ],
    "transports": [
        "metro"
    ],
    "type_name": "ROOT",
    "type_text_id": 32,
    "upper_case": false,
    "width": 950,
    "word_wrap": false
}