{
    "0": "Van Cortlandt Pk - 242 St",
    "1": "238 St",
    "2": "231 St",
    "3": "Marble Hill - 225 St",
    "4": "215 St",
    "5": "207 St",
    "6": "Dyckman Street",
    "7": "191 St",
    "8": "181 St",
    "9": "168 St",
    "10": "157 St",
    "11": "145 St",
    "12": "137 St - City College",
    "13": "125 St",
    "14": "Columbia University - 116 St",
    "15": "110 St",
    "16": "103 St",
    "17": "96 St",
    "18": "86 St",
    "19": "79 St",
    "20": "72 St",
    "21": "Lincoln Center - 66 St",
    "22": "59 St - Columbus Circle",
    "23": "50 St",
    "24": "Times Sq - 42 St",
    "25": "34 St",
    "26": "28 St",
    "27": "23 St",
    "28": "18 St",
    "29": "14 St",
    "30": "Christopher St - Sheridan Sq",
    "31": "Houston Street",
    "32": "Canal Street",
    "33": "Franklin Street",
    "34": "Chambers Street",
    "35": "World Trade Center",
    "36": "Rector Street",
    "37": "South Ferry",
    "38": "1 - Broadway - 7 Av Local",
    "39": "Bedford Pk Blvd",
    "40": "Fordham Road",
    "41": "Tremont Avenue",
    "42": "Yankee Stadium - 161 St",
    "43": "155 St",
    "44": "135 St",
    "45": "116 St",
    "46": "Museum of Natural History - 81 St",
    "47": "42 St",
    "48": "34 St - Penn Station",
    "49": "Washington Sq - West 4 St",
    "50": "Spring Street",
    "51": "Fulton Nassau Sts",
    "52": "High Street",
    "53": "Borough Hall - Jay St",
    "54": "Hoyt St",
    "55": "Lafayette Avenue",
    "56": "Clinton Washington Avs",
    "57": "Franklin Avenue",
    "58": "Nostrand Avenue",
    "59": "Kingston Throop Avs",
    "60": "Utica Avenue",
    "61": "Ralph Avenue",
    "62": "Rockaway Avenue",
    "63": "Broadway Junction",
    "64": "Liberty Avenue",
    "65": "Van Siclen Av",
    "66": "Shepherd Avenue",
    "67": "Euclid Avenue",
    "68": "C - Eighth Av Local",
    "69": "Norwood 205 St",
    "70": "Kingsbridge Road",
    "71": "182-183 Streets",
    "72": "174-175 Streets",
    "73": "170 St",
    "74": "167 St",
    "75": "7 Av",
    "76": "Rockefeller Ctr - 47-50 Sts",
    "77": "Herald Sq - 34 St",
    "78": "6 Av",
    "79": "Prince Street",
    "80": "Broadway - Lafayette St",
    "81": "Lower East Side - 2 Av",
    "82": "Delancey St - Essex St",
    "83": "East Broadway",
    "84": "York Street",
    "85": "Bergen Street",
    "86": "Carroll Street",
    "87": "Smith 9 Sts",
    "88": "4 Av - 9 St",
    "89": "7 Av.",
    "90": "15 St - Prospect Pk",
    "91": "Fort Hamilton Pkwy",
    "92": "Church Avenue",
    "93": "Ditmas Avenue",
    "94": "18 Av",
    "95": "Avenue I",
    "96": "Bay Pkwy",
    "97": "Avenue N",
    "98": "Avenue P",
    "99": "Kings Highway",
    "100": "Avenue U",
    "101": "Avenue X",
    "102": "Neptune Avenue",
    "103": "West 8 St - NY Aquarium",
    "104": "Coney Island - Stillwell Av",
    "105": "D - 6 Av Express",
    "106": "Jamaica Center - Parsons - Archer",
    "107": "Sutphin Blvd - Archer Av",
    "108": "Jamaica - Van Wyck",
    "109": "Union Tpke - Kew Gardens",
    "110": "Forest Hills - 71 Av",
    "111": "Roosevelt Av - Jackson Hts",
    "112": "Queens Plaza",
    "113": "Ely Av - 23 St",
    "114": "Lexington Av - 53 St",
    "115": "53 St - 5 Av",
    "116": "E - 8 Av Local",
    "117": "Jamaica - 179 St",
    "118": "169 St",
    "119": "Parsons Blvd",
    "120": "Sutphin Blvd",
    "121": "Briarwood - Van Wyck Blvd",
    "122": "75 Av",
    "123": "Grand Street",
    "124": "DeKalb Avenue",
    "125": "Atlantic Avenue",
    "126": "Prospect Park",
    "127": "Parkside Avenue",
    "128": "Church Av",
    "129": "Beverley Road",
    "130": "Cortelyou Road",
    "131": "Newkirk Avenue",
    "132": "Avenue H",
    "133": "Avenue J",
    "134": "Avenue M",
    "135": "Neck Road",
    "136": "Sheepshead Bay",
    "137": "Brighton Beach",
    "138": "Ocean Parkway",
    "139": "F - 6 Av Local",
    "140": "67 Av",
    "141": "Rego Pk - 63 Dr",
    "142": "Woodhaven Blvd",
    "143": "Newtown - Grand Av",
    "144": "Roosevelt Av - 74 St",
    "145": "65 St",
    "146": "Northern Boulevard",
    "147": "46 St",
    "148": "Steinway Street",
    "149": "36 St",
    "150": "Court House Sq - 45 Rd",
    "151": "21 St",
    "152": "Greenpoint Avenue",
    "153": "Nassau Avenue",
    "154": "Lorimer Street",
    "155": "Broadway",
    "156": "Flushing Avenue",
    "157": "Myrtle Willoughby Avs",
    "158": "Bedford Nostrand Avs",
    "159": "Classon Avenue",
    "160": "Fulton Street",
    "161": "G - Brooklyn - Queens Crosstown Local",
    "162": "121 St",
    "163": "111 St",
    "164": "104 St",
    "165": "Woodhaven Boulevard",
    "166": "75 St",
    "167": "Crescent Street",
    "168": "Norwood Avenue",
    "169": "Cleveland Street",
    "170": "Alabama Avenue",
    "171": "Chauncey Street",
    "172": "Halsey Street",
    "173": "Gates Avenue",
    "174": "Kosciusko Street",
    "175": "Myrtle Avenue",
    "176": "Hewes Street",
    "177": "Marcy Avenue",
    "178": "Bowery",
    "179": "Broad Street",
    "180": "J - Nassau Street Express",
    "181": "14 St.",
    "182": "3 Av",
    "183": "1 Av",
    "184": "Bedford Avenue",
    "185": "Graham Avenue",
    "186": "Montrose Avenue",
    "187": "Morgan Avenue",
    "188": "Jefferson Street",
    "189": "Myrtle Wyckoff Avs",
    "190": "Wilson Avenue",
    "191": "Bushwick Av - Aberdeen St",
    "192": "Sutter Avenue",
    "193": "Livonia Avenue",
    "194": "New Lots Av",
    "195": "East 105 St",
    "196": "Canarsie - Rockaway Parkway",
    "197": "L - 14 St - Canarsie Local",
    "198": "Metropolitan Avenue",
    "199": "Fresh Pond Road",
    "200": "Forest Avenue",
    "201": "Seneca Avenue",
    "202": "Knickerbocker Avenue",
    "203": "Central Avenue",
    "204": "Court St",
    "205": "Lawrence Street",
    "206": "Pacific Street",
    "207": "Union Street",
    "208": "9 St",
    "209": "Prospect Avenue",
    "210": "25 St",
    "211": "9 Av",
    "212": "Fort Hamilton Parkway",
    "213": "55 St",
    "214": "62 St",
    "215": "71 St",
    "216": "20 Av",
    "217": "Bay Parkway",
    "218": "M - Nassau Street Local",
    "219": "Astoria - Ditmars Blvd",
    "220": "Astoria Blvd",
    "221": "30 Av",
    "222": "36 Av",
    "223": "39 Av",
    "224": "Queensboro Plaza",
    "225": "Lexington Av - 59 St",
    "226": "5 Av - 59 St",
    "227": "57 St",
    "228": "49 St",
    "229": "NYU - 8 St",
    "230": "City Hall",
    "231": "Cortlandt Street",
    "232": "Whitehall Street",
    "233": "45 St",
    "234": "53 St",
    "235": "59 St",
    "236": "8 Av",
    "237": "New Utrecht Av",
    "238": "Kings Hwy",
    "239": "N - Broadway Express",
    "240": "Queensbridge - 21 Street",
    "241": "Roosevelt Island",
    "242": "Lexington Avenue - 63 St",
    "243": "Q - Broadway Express",
    "244": "Wakefield 241 St",
    "245": "Nereid Avenue",
    "246": "233 St",
    "247": "225 St",
    "248": "219 St",
    "249": "Gun Hill Rd",
    "250": "Burke Avenue",
    "251": "Allerton Avenue",
    "252": "Pelham Parkway",
    "253": "Bronx Park East",
    "254": "East 180 St",
    "255": "West Farms Sq",
    "256": "174 St",
    "257": "Freeman Street",
    "258": "Simpson Street",
    "259": "Intervale Avenue",
    "260": "Jackson Avenue",
    "261": "149 St - 3 Av",
    "262": "Grand Concourse - 149 St",
    "263": "Central Park North - 110 St",
    "264": "Park Place",
    "265": "Wall Street",
    "266": "Clark Street",
    "267": "Borough Hall",
    "268": "Nevins Street",
    "269": "Grand Army Plaza",
    "270": "Eastern Parkway - Brooklyn Museum",
    "271": "President Street",
    "272": "Sterling Street",
    "273": "Winthrop Street",
    "274": "Beverly Road",
    "275": "Brooklyn College - Flatbush Avenue",
    "276": "2 - Seventh Av Local",
    "277": "36 St.",
    "278": "Bay Ridge Avenue",
    "279": "77 St",
    "280": "Bay Ridge - 95 St",
    "281": "R - Broadway Local",
    "282": "Rockaway Pk - Beach 116 St",
    "283": "Beach 105 St",
    "284": "Beach 98 St",
    "285": "Beach 90 St",
    "286": "Broad Channel",
    "287": "SB - Shuttle",
    "288": "Botanic Garden",
    "289": "SG - Shuttle",
    "290": "Grand Central - 42 St",
    "291": "S - Shuttle",
    "292": "Howard Beach Station",
    "293": "Lefferts Boulevard",
    "294": "Federal Circle",
    "295": "Terminal 1",
    "296": "Terminals 2/3",
    "297": "Terminal 4",
    "298": "Terminals 5/6",
    "299": "Terminal 7",
    "300": "Terminal 8/9",
    "301": "AirTrain - Howard Beach Route",
    "302": "Jamaica Station",
    "303": "AirTrain - Jamaica Station Route",
    "304": "AirTrain - All Terminals Loop",
    "305": "RCB Ballpark",
    "306": "St. George",
    "307": "Tompkinsville",
    "308": "Stapleton",
    "309": "Clifton",
    "310": "Grasmere",
    "311": "Old Town",
    "312": "Dongan Hills",
    "313": "Jefferson Avenue",
    "314": "Grant City",
    "315": "New Dorp",
    "316": "Oakwood Heights",
    "317": "Bay Terrace",
    "318": "Great Kills",
    "319": "Eltingville",
    "320": "Annadale",
    "321": "Huguenot",
    "322": "Prince's Bay",
    "323": "Pleasant Plains",
    "324": "Richmond Valley",
    "325": "Nassau",
    "326": "Atlantic",
    "327": "Tottenville",
    "328": "Staten Island Railway",
    "329": "148 St",
    "330": "Kingston Avenue",
    "331": "Crown Hts - Utica Av",
    "332": "Sutter Av - Rutland Rd",
    "333": "Saratoga Avenue",
    "334": "Junius Street",
    "335": "Pennsylvania Avenue",
    "336": "3 - Seventh Av Express",
    "337": "Woodlawn",
    "338": "Mosholu Parkway",
    "339": "Bedford Pk Blvd - Lehman College",
    "340": "83 St",
    "341": "Burnside Avenue",
    "342": "176 St",
    "343": "Mt Eden Avenue",
    "344": "138 St",
    "345": "68 St - Hunter College",
    "346": "51 St",
    "347": "33 St",
    "348": "Astor Place",
    "349": "Bleecker Street",
    "350": "Brooklyn Bridge - City Hall",
    "351": "Bowling Green",
    "352": "4 - Lexington Av Express",
    "353": "Eastchester - Dyre Avenue",
    "354": "Baychester Avenue",
    "355": "Morris Park",
    "356": "5 - Lexington Av Express",
    "357": "Pelham Bay Park",
    "358": "Buhre Avenue",
    "359": "Middletown Road",
    "360": "Westchester Sq - East Tremont Av",
    "361": "Zerega Avenue",
    "362": "Castle Hill Avenue",
    "363": "Parkchester - E 177 St",
    "364": "Saint Lawrence Avenue",
    "365": "Morrison - Sound View Avenues",
    "366": "Elder Avenue",
    "367": "Whitlock Avenue",
    "368": "Hunts Point Avenue",
    "369": "Longwood Avenue",
    "370": "East 149 St",
    "371": "East 143 St - St Mary's St",
    "372": "Cypress Avenue",
    "373": "Brook Avenue",
    "374": "138 St - 3 Av",
    "375": "6 - Lexington Av Local",
    "376": "Flushing - Main St",
    "377": "Willets Point - Shea Stadium",
    "378": "103 St - Corona Plaza",
    "379": "Junction Boulevard",
    "380": "Elmhurst Av - 90 St",
    "381": "Jackson Hts - 82 St",
    "382": "Broadway - 74 St",
    "383": "69 St",
    "384": "Woodside - 61 St",
    "385": "52 St",
    "386": "40 St",
    "387": "Hunters Point Avenue",
    "388": "Vernon Blvd - Jackson Av",
    "389": "5 Av",
    "390": "34 St-Hudson Yards",
    "391": "7 - Flushing Local",
    "392": "Inwood - 207 St",
    "393": "190 St",
    "394": "175 St",
    "395": "163 St",
    "396": "Grant Avenue",
    "397": "80 St",
    "398": "88 St",
    "399": "Rockaway Boulevard",
    "400": "Aqueduct - North Conduit Avenue",
    "401": "Howard Beach - JFK Airport",
    "402": "Beach 67 St",
    "403": "Beach 60 St",
    "404": "Beach 44 St",
    "405": "Beach 36 St",
    "406": "Beach 25 St",
    "407": "Far Rockaway",
    "408": "A - 8 Av Express",
    "409": "25 Av",
    "410": "Bay 50 St",
    "411": "B - 6 Av Express",
    "412": "Metro",
    "413": "ROOT",
    "414": "Metro",
    "415": "Shema ot 19.11.2015g.\nAvtor - Muradov Boris.",
    "416": "Imported from http://pmetro.su"
}