{
    "default_transports": [
        "metro"
    ],
    "height": 507,
    "images": [
        "res/schemes/chelyabinsk.svg"
    ],
    "is_vector": true,
    "lines": [
        {
            "labels_bg_color": "-1",
            "labels_color": "E41c0c",
            "line_color": "E41c0c",
            "line_width": 7,
            "name": "Линия 1",
            "segments": [
                [
                    0,
                    1,
                    [
                        [
                            249,
                            357
                        ],
                        [
                            352,
                            357
                        ]
                    ],
                    true
                ],
                [
                    1,
                    2,
                    [
                        [
                            188.0,
                            257.0
                        ],
                        [
                            187.5,
                            264.79
                        ],
                        [
                            187.25,
                            272.28
                        ],
                        [
                            187.25,
                            279.48
                        ],
                        [
                            187.5,
                            286.38
                        ],
                        [
                            188.01,
                            292.97
                        ],
                        [
                            188.77,
                            299.26
                        ],
                        [
                            189.77,
                            305.27
                        ],
                        [
                            191.0,
                            311.0
                        ],
                        [
                            192.44,
                            316.49
                        ],
                        [
                            194.11,
                            321.71
                        ],
                        [
                            196.04,
                            326.61
                        ],
                        [
                            198.25,
                            331.19
                        ],
                        [
                            200.74,
                            335.43
                        ],
                        [
                            203.52,
                            339.32
                        ],
                        [
                            206.6,
                            342.86
                        ],
                        [
                            210.0,
                            346.0
                        ],
                        [
                            213.76,
                            348.71
                        ],
                        [
                            217.86,
                            351.02
                        ],
                        [
                            222.27,
                            352.95
                        ],
                        [
                            227.0,
                            354.5
                        ],
                        [
                            232.03,
                            355.69
                        ],
                        [
                            237.38,
                            356.5
                        ],
                        [
                            243.03,
                            356.94
                        ],
                        [
                            249.0,
                            357.0
                        ]
                    ],
                    true
                ],
                [
                    2,
                    3,
                    [
                        [
                            127.0,
                            130.0
                        ],
                        [
                            132.43,
                            131.16
                        ],
                        [
                            137.59,
                            132.62
                        ],
                        [
                            142.49,
                            134.4
                        ],
                        [
                            147.12,
                            136.5
                        ],
                        [
                            151.5,
                            138.93
                        ],
                        [
                            155.61,
                            141.68
                        ],
                        [
                            159.45,
                            144.71
                        ],
                        [
                            163.0,
                            148.0
                        ],
                        [
                            166.24,
                            151.45
                        ],
                        [
                            169.2,
                            155.17
                        ],
                        [
                            171.91,
                            159.24
                        ],
                        [
                            174.38,
                            163.69
                        ],
                        [
                            176.6,
                            168.55
                        ],
                        [
                            178.61,
                            173.86
                        ],
                        [
                            180.4,
                            179.65
                        ],
                        [
                            182.0,
                            186.0
                        ],
                        [
                            183.44,
                            193.01
                        ],
                        [
                            184.7,
                            200.61
                        ],
                        [
                            185.76,
                            208.73
                        ],
                        [
                            186.62,
                            217.38
                        ],
                        [
                            187.27,
                            226.51
                        ],
                        [
                            187.72,
                            236.16
                        ],
                        [
                            187.96,
                            246.32
                        ],
                        [
                            188.0,
                            257.0
                        ]
                    ],
                    true
                ]
            ],
            "stations": [
                {
                    "coord": [
                        352,
                        357
                    ],
                    "is_working": true,
                    "name": "Комсомольская площадь",
                    "rect": [
                        371,
                        348,
                        134,
                        15
                    ],
                    "text_id": 0,
                    "uid": 0
                },
                {
                    "coord": [
                        249,
                        357
                    ],
                    "is_working": true,
                    "name": "Площадь Революции",
                    "rect": [
                        196,
                        374,
                        113,
                        15
                    ],
                    "text_id": 1,
                    "uid": 1
                },
                {
                    "coord": [
                        188,
                        257
                    ],
                    "is_working": true,
                    "name": "Торговый центр",
                    "rect": [
                        204,
                        251,
                        83,
                        15
                    ],
                    "text_id": 2,
                    "uid": 2
                },
                {
                    "coord": [
                        127,
                        130
                    ],
                    "is_working": true,
                    "name": "Проспект Победы",
                    "rect": [
                        77,
                        101,
                        95,
                        15
                    ],
                    "text_id": 3,
                    "uid": 3
                }
            ],
            "text_id": 4
        }
    ],
    "lines_width": 7,
    "name": "metro",
    "name_text_id": 5,
    "stations_diameter": 12.0,
    "transfers": [],
    "transports": [
        "metro"
    ],
    "type_name": "ROOT",
    "type_text_id": 6,
    "upper_case": false,
    "width": 502,
    "word_wrap": false
}