{
    "default_transports": [
        "metro"
    ],
    "height": 486,
    "images": [
        "res/schemes/nanchang.svg"
    ],
    "is_vector": true,
    "lines": [
        {
            "labels_bg_color": "-1",
            "labels_color": "E60039",
            "line_color": "E60039",
            "line_width": 9,
            "name": "Line 1",
            "segments": [
                [
                    0,
                    1,
                    [
                        [
                            130,
                            59
                        ],
                        [
                            130,
                            23
                        ]
                    ],
                    true
                ],
                [
                    1,
                    2,
                    [
                        [
                            130,
                            97
                        ],
                        [
                            130,
                            59
                        ]
                    ],
                    true
                ],
                [
                    2,
                    3,
                    [
                        [
                            130,
                            133
                        ],
                        [
                            130,
                            97
                        ]
                    ],
                    true
                ],
                [
                    3,
                    4,
                    [
                        [
                            130,
                            167
                        ],
                        [
                            130,
                            133
                        ]
                    ],
                    true
                ],
                [
                    4,
                    5,
                    [
                        [
                            130,
                            204
                        ],
                        [
                            130,
                            167
                        ]
                    ],
                    true
                ],
                [
                    5,
                    6,
                    [
                        [
                            130,
                            239
                        ],
                        [
                            130,
                            204
                        ]
                    ],
                    true
                ],
                [
                    6,
                    7,
                    [
                        [
                            144,
                            273
                        ],
                        [
                            130.0,
                            259.0
                        ],
                        [
                            130,
                            239
                        ]
                    ],
                    true
                ],
                [
                    7,
                    8,
                    [
                        [
                            180,
                            309
                        ],
                        [
                            144,
                            273
                        ]
                    ],
                    true
                ],
                [
                    8,
                    9,
                    [
                        [
                            243,
                            336
                        ],
                        [
                            207.0,
                            336.0
                        ],
                        [
                            180,
                            309
                        ]
                    ],
                    true
                ],
                [
                    9,
                    10,
                    [
                        [
                            305,
                            336
                        ],
                        [
                            243,
                            336
                        ]
                    ],
                    true
                ],
                [
                    10,
                    11,
                    [
                        [
                            362,
                            336
                        ],
                        [
                            305,
                            336
                        ]
                    ],
                    true
                ],
                [
                    11,
                    12,
                    [
                        [
                            457,
                            336
                        ],
                        [
                            362,
                            336
                        ]
                    ],
                    true
                ],
                [
                    12,
                    13,
                    [
                        [
                            531,
                            336
                        ],
                        [
                            457,
                            336
                        ]
                    ],
                    true
                ],
                [
                    13,
                    14,
                    [
                        [
                            592,
                            336
                        ],
                        [
                            531,
                            336
                        ]
                    ],
                    true
                ],
                [
                    14,
                    15,
                    [
                        [
                            651,
                            336
                        ],
                        [
                            592,
                            336
                        ]
                    ],
                    true
                ],
                [
                    15,
                    16,
                    [
                        [
                            712,
                            336
                        ],
                        [
                            651,
                            336
                        ]
                    ],
                    true
                ],
                [
                    16,
                    17,
                    [
                        [
                            772,
                            336
                        ],
                        [
                            712,
                            336
                        ]
                    ],
                    true
                ],
                [
                    17,
                    18,
                    [
                        [
                            832,
                            336
                        ],
                        [
                            772,
                            336
                        ]
                    ],
                    true
                ],
                [
                    18,
                    19,
                    [
                        [
                            892,
                            336
                        ],
                        [
                            832,
                            336
                        ]
                    ],
                    true
                ],
                [
                    19,
                    20,
                    [
                        [
                            953,
                            336
                        ],
                        [
                            892,
                            336
                        ]
                    ],
                    true
                ],
                [
                    20,
                    21,
                    [
                        [
                            1012,
                            336
                        ],
                        [
                            953,
                            336
                        ]
                    ],
                    true
                ],
                [
                    21,
                    22,
                    [
                        [
                            1071,
                            336
                        ],
                        [
                            1012,
                            336
                        ]
                    ],
                    true
                ],
                [
                    22,
                    23,
                    [
                        [
                            1132,
                            336
                        ],
                        [
                            1071,
                            336
                        ]
                    ],
                    true
                ]
            ],
            "stations": [
                {
                    "coord": [
                        130,
                        23
                    ],
                    "is_working": true,
                    "name": "Shuanggang",
                    "rect": [
                        57,
                        14,
                        63,
                        15
                    ],
                    "text_id": 0,
                    "uid": 0
                },
                {
                    "coord": [
                        130,
                        59
                    ],
                    "is_working": true,
                    "name": "Jiaoqiao",
                    "rect": [
                        76,
                        53,
                        44,
                        15
                    ],
                    "text_id": 1,
                    "uid": 1
                },
                {
                    "coord": [
                        130,
                        97
                    ],
                    "is_working": true,
                    "name": "Changjiang Lu",
                    "rect": [
                        47,
                        90,
                        73,
                        15
                    ],
                    "text_id": 2,
                    "uid": 2
                },
                {
                    "coord": [
                        130,
                        133
                    ],
                    "is_working": true,
                    "name": "Zhujiang Lu",
                    "rect": [
                        61,
                        126,
                        59,
                        15
                    ],
                    "text_id": 3,
                    "uid": 3
                },
                {
                    "coord": [
                        130,
                        167
                    ],
                    "is_working": true,
                    "name": "Bayi Bridge West",
                    "rect": [
                        31,
                        160,
                        89,
                        15
                    ],
                    "text_id": 4,
                    "uid": 4
                },
                {
                    "coord": [
                        130,
                        204
                    ],
                    "is_working": true,
                    "name": "Luyin Lu",
                    "rect": [
                        76,
                        196,
                        44,
                        15
                    ],
                    "text_id": 5,
                    "uid": 5
                },
                {
                    "coord": [
                        130,
                        239
                    ],
                    "is_working": true,
                    "name": "Huizhan Lu",
                    "rect": [
                        63,
                        232,
                        57,
                        15
                    ],
                    "text_id": 6,
                    "uid": 6
                },
                {
                    "coord": [
                        144,
                        273
                    ],
                    "is_working": true,
                    "name": "Metro Tower",
                    "rect": [
                        71,
                        271,
                        63,
                        15
                    ],
                    "text_id": 7,
                    "uid": 7
                },
                {
                    "coord": [
                        180,
                        309
                    ],
                    "is_working": true,
                    "name": "Qiushui Square",
                    "rect": [
                        92,
                        307,
                        78,
                        15
                    ],
                    "text_id": 8,
                    "uid": 8
                },
                {
                    "coord": [
                        243,
                        336
                    ],
                    "is_working": true,
                    "name": "Zhongshan Xi Lu",
                    "rect": [
                        207,
                        345,
                        84,
                        15
                    ],
                    "text_id": 9,
                    "uid": 9
                },
                {
                    "coord": [
                        305,
                        336
                    ],
                    "is_working": true,
                    "name": "Zigu Lu",
                    "rect": [
                        286,
                        312,
                        38,
                        15
                    ],
                    "text_id": 10,
                    "uid": 10
                },
                {
                    "coord": [
                        362,
                        336
                    ],
                    "is_working": true,
                    "name": "Bayi Guan",
                    "rect": [
                        336,
                        345,
                        54,
                        15
                    ],
                    "text_id": 11,
                    "uid": 11
                },
                {
                    "coord": [
                        457,
                        336
                    ],
                    "is_working": true,
                    "name": "Bayi Square",
                    "rect": [
                        426,
                        312,
                        63,
                        15
                    ],
                    "text_id": 12,
                    "uid": 12
                },
                {
                    "coord": [
                        531,
                        336
                    ],
                    "is_working": true,
                    "name": "Dinggong Lu North",
                    "rect": [
                        485,
                        345,
                        94,
                        15
                    ],
                    "text_id": 13,
                    "uid": 13
                },
                {
                    "coord": [
                        592,
                        336
                    ],
                    "is_working": true,
                    "name": "Shida Nan Lu",
                    "rect": [
                        558,
                        312,
                        68,
                        15
                    ],
                    "text_id": 14,
                    "uid": 14
                },
                {
                    "coord": [
                        651,
                        336
                    ],
                    "is_working": true,
                    "name": "Pengjia Qiao",
                    "rect": [
                        622,
                        345,
                        65,
                        15
                    ],
                    "text_id": 15,
                    "uid": 15
                },
                {
                    "coord": [
                        712,
                        336
                    ],
                    "is_working": true,
                    "name": "Xiejia Cun",
                    "rect": [
                        685,
                        312,
                        53,
                        15
                    ],
                    "text_id": 16,
                    "uid": 16
                },
                {
                    "coord": [
                        772,
                        336
                    ],
                    "is_working": true,
                    "name": "Qingshanhu Dadao",
                    "rect": [
                        728,
                        345,
                        96,
                        15
                    ],
                    "text_id": 17,
                    "uid": 17
                },
                {
                    "coord": [
                        832,
                        336
                    ],
                    "is_working": true,
                    "name": "Gaoxin Dadao",
                    "rect": [
                        796,
                        312,
                        72,
                        15
                    ],
                    "text_id": 18,
                    "uid": 18
                },
                {
                    "coord": [
                        892,
                        336
                    ],
                    "is_working": true,
                    "name": "Aixi Lake West",
                    "rect": [
                        856,
                        345,
                        77,
                        15
                    ],
                    "text_id": 19,
                    "uid": 19
                },
                {
                    "coord": [
                        953,
                        336
                    ],
                    "is_working": true,
                    "name": "Aixi Lake East",
                    "rect": [
                        916,
                        312,
                        74,
                        15
                    ],
                    "text_id": 20,
                    "uid": 20
                },
                {
                    "coord": [
                        1012,
                        336
                    ],
                    "is_working": true,
                    "name": "Taizidian",
                    "rect": [
                        991,
                        345,
                        46,
                        15
                    ],
                    "text_id": 21,
                    "uid": 21
                },
                {
                    "coord": [
                        1071,
                        336
                    ],
                    "is_working": true,
                    "name": "Tianxiang Dadao",
                    "rect": [
                        1032,
                        311,
                        85,
                        15
                    ],
                    "text_id": 22,
                    "uid": 22
                },
                {
                    "coord": [
                        1132,
                        336
                    ],
                    "is_working": true,
                    "name": "Olympic Stadium",
                    "rect": [
                        1094,
                        345,
                        86,
                        15
                    ],
                    "text_id": 23,
                    "uid": 23
                }
            ],
            "text_id": 24
        }
    ],
    "lines_width": 9,
    "name": "metro",
    "name_text_id": 25,
    "stations_diameter": 15.0,
    "transfers": [],
    "transports": [
        "metro"
    ],
    "type_name": "ROOT",
    "type_text_id": 26,
    "upper_case": false,
    "width": 1282,
    "word_wrap": false
}