{
    "0": "Central - Xico da Silva",
    "1": "Jose de Alencar",
    "2": "Sao Benedito",
    "3": "Benfica",
    "4": "Padre Cicero",
    "5": "Porangabussu",
    "6": "Couto Fernandes",
    "7": "Juscelino Kubitschek",
    "8": "Parangaba",
    "9": "Vila Pery",
    "10": "Manuel Satiro",
    "11": "Mondubim",
    "12": "Esperanca",
    "13": "Aracape",
    "14": "Alto Alegre",
    "15": "Raquel de Queiroz",
    "16": "Virgilio Tavora",
    "17": "Maracanau",
    "18": "Jereissati",
    "19": "Carlito Benevides",
    "20": "Sul",
    "21": "Caucaia",
    "22": "Parque Soledade",
    "23": "Nova Metropole",
    "24": "Araturi",
    "25": "Jurema",
    "26": "Conjunto Ceara",
    "27": "Parque Albano",
    "28": "Sao Miguel",
    "29": "Antonio Bezerra",
    "30": "Parque Andrade",
    "31": "Floresta",
    "32": "Alvaro Weyne",
    "33": "Francisco Sa",
    "34": "Tirol",
    "35": "Joao Felipe",
    "36": "Oeste",
    "37": "Catedral",
    "38": "Colegio Militar",
    "39": "Ceart",
    "40": "Nunes Valente",
    "41": "Leonardo Mota",
    "42": "Otavio Lobo",
    "43": "Papicu",
    "44": "Cidade 2000",
    "45": "Centro Barbara de Alencar",
    "46": "Centro de Eventos",
    "47": "Forum Clovis Bevilaqua",
    "48": "Leste",
    "49": "Aeroporto",
    "50": "Rodoviaria",
    "51": "Assembleia",
    "52": "Antonio Sales",
    "53": "Mucuripe",
    "54": "Metro",
    "55": "ROOT",
    "56": "Shema ot 06.05.2013g.\nIntervaly dvizhenija - zhdem Vashej pomoschi.",
    "57": "Imported from http://pmetro.su"
}