{
    "default_transports": [
        "metro"
    ],
    "height": 885,
    "images": [
        "res/schemes/liverpool.svg"
    ],
    "is_vector": true,
    "lines": [
        {
            "labels_bg_color": "-1",
            "labels_color": "0000ff",
            "line_color": "0000ff",
            "line_width": 5,
            "name": "Northern",
            "segments": [
                [
                    0,
                    1,
                    [
                        [
                            505,
                            545
                        ],
                        [
                            565,
                            545
                        ]
                    ],
                    true
                ],
                [
                    1,
                    2,
                    [
                        [
                            415,
                            545
                        ],
                        [
                            505,
                            545
                        ]
                    ],
                    true
                ],
                [
                    2,
                    3,
                    [
                        [
                            380,
                            530
                        ],
                        [
                            395.0,
                            545.0
                        ],
                        [
                            415,
                            545
                        ]
                    ],
                    true
                ],
                [
                    3,
                    4,
                    [
                        [
                            365,
                            505
                        ],
                        [
                            365.0,
                            515.0
                        ],
                        [
                            380,
                            530
                        ]
                    ],
                    true
                ],
                [
                    4,
                    5,
                    [
                        [
                            365,
                            480
                        ],
                        [
                            365,
                            505
                        ]
                    ],
                    true
                ],
                [
                    5,
                    6,
                    [
                        [
                            365,
                            445
                        ],
                        [
                            365,
                            480
                        ]
                    ],
                    true
                ],
                [
                    6,
                    7,
                    [
                        [
                            365,
                            385
                        ],
                        [
                            365,
                            445
                        ]
                    ],
                    true
                ],
                [
                    7,
                    8,
                    [
                        [
                            365,
                            355
                        ],
                        [
                            365,
                            385
                        ]
                    ],
                    true
                ],
                [
                    8,
                    9,
                    [
                        [
                            365,
                            315
                        ],
                        [
                            365,
                            355
                        ]
                    ],
                    true
                ],
                [
                    8,
                    23,
                    [
                        [
                            385,
                            310
                        ],
                        [
                            365.0,
                            330.0
                        ],
                        [
                            365,
                            355
                        ]
                    ],
                    true
                ],
                [
                    9,
                    10,
                    [
                        [
                            365,
                            285
                        ],
                        [
                            365,
                            315
                        ]
                    ],
                    true
                ],
                [
                    10,
                    11,
                    [
                        [
                            365,
                            260
                        ],
                        [
                            365,
                            285
                        ]
                    ],
                    true
                ],
                [
                    11,
                    12,
                    [
                        [
                            365,
                            235
                        ],
                        [
                            365,
                            260
                        ]
                    ],
                    true
                ],
                [
                    12,
                    13,
                    [
                        [
                            365,
                            210
                        ],
                        [
                            365,
                            235
                        ]
                    ],
                    true
                ],
                [
                    13,
                    14,
                    [
                        [
                            365,
                            185
                        ],
                        [
                            365,
                            210
                        ]
                    ],
                    true
                ],
                [
                    14,
                    15,
                    [
                        [
                            365,
                            160
                        ],
                        [
                            365,
                            185
                        ]
                    ],
                    true
                ],
                [
                    15,
                    16,
                    [
                        [
                            375,
                            140
                        ],
                        [
                            365.0,
                            150.0
                        ],
                        [
                            365,
                            160
                        ]
                    ],
                    true
                ],
                [
                    16,
                    17,
                    [
                        [
                            390,
                            125
                        ],
                        [
                            375,
                            140
                        ]
                    ],
                    true
                ],
                [
                    17,
                    18,
                    [
                        [
                            410,
                            105
                        ],
                        [
                            390,
                            125
                        ]
                    ],
                    true
                ],
                [
                    18,
                    19,
                    [
                        [
                            425,
                            90
                        ],
                        [
                            410,
                            105
                        ]
                    ],
                    true
                ],
                [
                    19,
                    20,
                    [
                        [
                            445,
                            70
                        ],
                        [
                            425,
                            90
                        ]
                    ],
                    true
                ],
                [
                    20,
                    21,
                    [
                        [
                            460,
                            55
                        ],
                        [
                            445,
                            70
                        ]
                    ],
                    true
                ],
                [
                    21,
                    22,
                    [
                        [
                            485,
                            30
                        ],
                        [
                            460,
                            55
                        ]
                    ],
                    true
                ],
                [
                    23,
                    24,
                    [
                        [
                            420,
                            275
                        ],
                        [
                            385,
                            310
                        ]
                    ],
                    true
                ],
                [
                    23,
                    32,
                    [
                        [
                            440,
                            285
                        ],
                        [
                            410.0,
                            285.0
                        ],
                        [
                            385,
                            310
                        ]
                    ],
                    true
                ],
                [
                    24,
                    25,
                    [
                        [
                            435,
                            260
                        ],
                        [
                            420,
                            275
                        ]
                    ],
                    true
                ],
                [
                    25,
                    26,
                    [
                        [
                            450,
                            245
                        ],
                        [
                            435,
                            260
                        ]
                    ],
                    true
                ],
                [
                    26,
                    27,
                    [
                        [
                            465,
                            230
                        ],
                        [
                            450,
                            245
                        ]
                    ],
                    true
                ],
                [
                    27,
                    28,
                    [
                        [
                            480,
                            215
                        ],
                        [
                            465,
                            230
                        ]
                    ],
                    true
                ],
                [
                    28,
                    29,
                    [
                        [
                            495,
                            200
                        ],
                        [
                            480,
                            215
                        ]
                    ],
                    true
                ],
                [
                    29,
                    30,
                    [
                        [
                            510,
                            185
                        ],
                        [
                            495,
                            200
                        ]
                    ],
                    true
                ],
                [
                    30,
                    31,
                    [
                        [
                            525,
                            170
                        ],
                        [
                            510,
                            185
                        ]
                    ],
                    true
                ],
                [
                    32,
                    33,
                    [
                        [
                            465,
                            285
                        ],
                        [
                            440,
                            285
                        ]
                    ],
                    true
                ],
                [
                    33,
                    34,
                    [
                        [
                            495,
                            285
                        ],
                        [
                            465,
                            285
                        ]
                    ],
                    true
                ]
            ],
            "stations": [
                {
                    "coord": [
                        565,
                        545
                    ],
                    "is_working": true,
                    "name": "Hunts Cross",
                    "rect": [
                        521,
                        554,
                        64,
                        15
                    ],
                    "text_id": 0,
                    "uid": 0
                },
                {
                    "coord": [
                        505,
                        545
                    ],
                    "is_working": true,
                    "name": "Liverpool South Parkway",
                    "rect": [
                        434,
                        523,
                        125,
                        15
                    ],
                    "text_id": 1,
                    "uid": 1
                },
                {
                    "coord": [
                        415,
                        545
                    ],
                    "is_working": true,
                    "name": "Cressington",
                    "rect": [
                        385,
                        553,
                        62,
                        15
                    ],
                    "text_id": 2,
                    "uid": 2
                },
                {
                    "coord": [
                        380,
                        530
                    ],
                    "is_working": true,
                    "name": "Aigburth",
                    "rect": [
                        326,
                        529,
                        44,
                        15
                    ],
                    "text_id": 3,
                    "uid": 3
                },
                {
                    "coord": [
                        365,
                        505
                    ],
                    "is_working": true,
                    "name": "St. Michaels",
                    "rect": [
                        374,
                        499,
                        63,
                        15
                    ],
                    "text_id": 4,
                    "uid": 4
                },
                {
                    "coord": [
                        365,
                        480
                    ],
                    "is_working": true,
                    "name": "Brunswick",
                    "rect": [
                        303,
                        474,
                        55,
                        15
                    ],
                    "text_id": 5,
                    "uid": 5
                },
                {
                    "coord": [
                        365,
                        445
                    ],
                    "is_working": true,
                    "name": "Central",
                    "rect": [
                        373,
                        461,
                        38,
                        15
                    ],
                    "text_id": 6,
                    "uid": 6
                },
                {
                    "coord": [
                        365,
                        385
                    ],
                    "is_working": true,
                    "name": "Moorfields",
                    "rect": [
                        379,
                        374,
                        54,
                        15
                    ],
                    "text_id": 7,
                    "uid": 7
                },
                {
                    "coord": [
                        365,
                        355
                    ],
                    "is_working": true,
                    "name": "Sandhills",
                    "rect": [
                        310,
                        348,
                        48,
                        15
                    ],
                    "text_id": 8,
                    "uid": 8
                },
                {
                    "coord": [
                        365,
                        315
                    ],
                    "is_working": true,
                    "name": "Bank Hall",
                    "rect": [
                        308,
                        310,
                        51,
                        15
                    ],
                    "text_id": 9,
                    "uid": 9
                },
                {
                    "coord": [
                        365,
                        285
                    ],
                    "is_working": true,
                    "name": "Bootle Oriel Road",
                    "rect": [
                        268,
                        274,
                        90,
                        15
                    ],
                    "text_id": 10,
                    "uid": 10
                },
                {
                    "coord": [
                        365,
                        260
                    ],
                    "is_working": true,
                    "name": "Bootle New Strand",
                    "rect": [
                        263,
                        252,
                        94,
                        15
                    ],
                    "text_id": 11,
                    "uid": 11
                },
                {
                    "coord": [
                        365,
                        235
                    ],
                    "is_working": true,
                    "name": "Seaforth & Litherland",
                    "rect": [
                        252,
                        226,
                        106,
                        15
                    ],
                    "text_id": 12,
                    "uid": 12
                },
                {
                    "coord": [
                        365,
                        210
                    ],
                    "is_working": true,
                    "name": "Waterloo",
                    "rect": [
                        311,
                        203,
                        46,
                        15
                    ],
                    "text_id": 13,
                    "uid": 13
                },
                {
                    "coord": [
                        365,
                        185
                    ],
                    "is_working": true,
                    "name": "Blundellsands & Crosby",
                    "rect": [
                        234,
                        179,
                        123,
                        15
                    ],
                    "text_id": 14,
                    "uid": 14
                },
                {
                    "coord": [
                        365,
                        160
                    ],
                    "is_working": true,
                    "name": "Hall Road",
                    "rect": [
                        306,
                        155,
                        51,
                        15
                    ],
                    "text_id": 15,
                    "uid": 15
                },
                {
                    "coord": [
                        375,
                        140
                    ],
                    "is_working": true,
                    "name": "Hightown",
                    "rect": [
                        383,
                        142,
                        48,
                        15
                    ],
                    "text_id": 16,
                    "uid": 16
                },
                {
                    "coord": [
                        390,
                        125
                    ],
                    "is_working": true,
                    "name": "Formby",
                    "rect": [
                        401,
                        122,
                        39,
                        15
                    ],
                    "text_id": 17,
                    "uid": 17
                },
                {
                    "coord": [
                        410,
                        105
                    ],
                    "is_working": true,
                    "name": "Freshfield",
                    "rect": [
                        421,
                        104,
                        51,
                        15
                    ],
                    "text_id": 18,
                    "uid": 18
                },
                {
                    "coord": [
                        425,
                        90
                    ],
                    "is_working": true,
                    "name": "Ainsdale",
                    "rect": [
                        436,
                        87,
                        46,
                        15
                    ],
                    "text_id": 19,
                    "uid": 19
                },
                {
                    "coord": [
                        445,
                        70
                    ],
                    "is_working": true,
                    "name": "Hillside",
                    "rect": [
                        455,
                        68,
                        40,
                        15
                    ],
                    "text_id": 20,
                    "uid": 20
                },
                {
                    "coord": [
                        460,
                        55
                    ],
                    "is_working": true,
                    "name": "Birkdale",
                    "rect": [
                        472,
                        51,
                        44,
                        15
                    ],
                    "text_id": 21,
                    "uid": 21
                },
                {
                    "coord": [
                        485,
                        30
                    ],
                    "is_working": true,
                    "name": "Southport",
                    "rect": [
                        493,
                        24,
                        49,
                        15
                    ],
                    "text_id": 22,
                    "uid": 22
                },
                {
                    "coord": [
                        385,
                        310
                    ],
                    "is_working": true,
                    "name": "Kirkdale",
                    "rect": [
                        380,
                        323,
                        44,
                        15
                    ],
                    "text_id": 23,
                    "uid": 23
                },
                {
                    "coord": [
                        420,
                        275
                    ],
                    "is_working": true,
                    "name": "Walton",
                    "rect": [
                        379,
                        255,
                        36,
                        15
                    ],
                    "text_id": 24,
                    "uid": 24
                },
                {
                    "coord": [
                        435,
                        260
                    ],
                    "is_working": true,
                    "name": "Orrell Park",
                    "rect": [
                        442,
                        261,
                        56,
                        15
                    ],
                    "text_id": 25,
                    "uid": 25
                },
                {
                    "coord": [
                        450,
                        245
                    ],
                    "is_working": true,
                    "name": "Aintree",
                    "rect": [
                        403,
                        233,
                        38,
                        15
                    ],
                    "text_id": 26,
                    "uid": 26
                },
                {
                    "coord": [
                        465,
                        230
                    ],
                    "is_working": true,
                    "name": "Old Roan",
                    "rect": [
                        475,
                        229,
                        48,
                        15
                    ],
                    "text_id": 27,
                    "uid": 27
                },
                {
                    "coord": [
                        480,
                        215
                    ],
                    "is_working": true,
                    "name": "Maghull",
                    "rect": [
                        432,
                        201,
                        41,
                        15
                    ],
                    "text_id": 28,
                    "uid": 28
                },
                {
                    "coord": [
                        495,
                        200
                    ],
                    "is_working": true,
                    "name": "Town Green",
                    "rect": [
                        507,
                        196,
                        61,
                        15
                    ],
                    "text_id": 29,
                    "uid": 29
                },
                {
                    "coord": [
                        510,
                        185
                    ],
                    "is_working": true,
                    "name": "Aughton Park",
                    "rect": [
                        430,
                        174,
                        69,
                        15
                    ],
                    "text_id": 30,
                    "uid": 30
                },
                {
                    "coord": [
                        525,
                        170
                    ],
                    "is_working": true,
                    "name": "Ormskirk",
                    "rect": [
                        533,
                        161,
                        48,
                        15
                    ],
                    "text_id": 31,
                    "uid": 31
                },
                {
                    "coord": [
                        440,
                        285
                    ],
                    "is_working": true,
                    "name": "Rice Lane",
                    "rect": [
                        433,
                        295,
                        15,
                        52
                    ],
                    "text_id": 32,
                    "uid": 32
                },
                {
                    "coord": [
                        465,
                        285
                    ],
                    "is_working": true,
                    "name": "Fazakerley",
                    "rect": [
                        457,
                        295,
                        15,
                        56
                    ],
                    "text_id": 33,
                    "uid": 33
                },
                {
                    "coord": [
                        495,
                        285
                    ],
                    "is_working": true,
                    "name": "Kirkby",
                    "rect": [
                        506,
                        279,
                        35,
                        15
                    ],
                    "text_id": 34,
                    "uid": 34
                }
            ],
            "text_id": 35
        },
        {
            "labels_bg_color": "-1",
            "labels_color": "008000",
            "line_color": "008000",
            "line_width": 5,
            "name": "Wirral",
            "segments": [
                [
                    35,
                    36,
                    [
                        [
                            395,
                            425
                        ],
                        [
                            395.0,
                            440.0
                        ],
                        [
                            380.0,
                            455.0
                        ],
                        [
                            365,
                            455
                        ]
                    ],
                    true
                ],
                [
                    35,
                    37,
                    [
                        [
                            365,
                            395
                        ],
                        [
                            380.0,
                            395.0
                        ],
                        [
                            395.0,
                            410.0
                        ],
                        [
                            395,
                            425
                        ]
                    ],
                    true
                ],
                [
                    36,
                    38,
                    [
                        [
                            365,
                            455
                        ],
                        [
                            350.0,
                            455.0
                        ],
                        [
                            320.0,
                            425.0
                        ],
                        [
                            310,
                            425
                        ]
                    ],
                    true
                ],
                [
                    37,
                    38,
                    [
                        [
                            310,
                            425
                        ],
                        [
                            320.0,
                            425.0
                        ],
                        [
                            350.0,
                            395.0
                        ],
                        [
                            365,
                            395
                        ]
                    ],
                    true
                ],
                [
                    38,
                    39,
                    [
                        [
                            255,
                            425
                        ],
                        [
                            310,
                            425
                        ]
                    ],
                    true
                ],
                [
                    39,
                    40,
                    [
                        [
                            205,
                            450
                        ],
                        [
                            230.0,
                            425.0
                        ],
                        [
                            255,
                            425
                        ]
                    ],
                    true
                ],
                [
                    39,
                    56,
                    [
                        [
                            205,
                            400
                        ],
                        [
                            230.0,
                            425.0
                        ],
                        [
                            255,
                            425
                        ]
                    ],
                    true
                ],
                [
                    40,
                    41,
                    [
                        [
                            205,
                            490
                        ],
                        [
                            205,
                            450
                        ]
                    ],
                    true
                ],
                [
                    41,
                    42,
                    [
                        [
                            205,
                            520
                        ],
                        [
                            205,
                            490
                        ]
                    ],
                    true
                ],
                [
                    42,
                    43,
                    [
                        [
                            205,
                            540
                        ],
                        [
                            205,
                            520
                        ]
                    ],
                    true
                ],
                [
                    43,
                    44,
                    [
                        [
                            220,
                            555
                        ],
                        [
                            205,
                            540
                        ]
                    ],
                    true
                ],
                [
                    44,
                    45,
                    [
                        [
                            235,
                            570
                        ],
                        [
                            220,
                            555
                        ]
                    ],
                    true
                ],
                [
                    45,
                    46,
                    [
                        [
                            250,
                            585
                        ],
                        [
                            235,
                            570
                        ]
                    ],
                    true
                ],
                [
                    46,
                    47,
                    [
                        [
                            265,
                            600
                        ],
                        [
                            250,
                            585
                        ]
                    ],
                    true
                ],
                [
                    47,
                    48,
                    [
                        [
                            280,
                            615
                        ],
                        [
                            265,
                            600
                        ]
                    ],
                    true
                ],
                [
                    48,
                    49,
                    [
                        [
                            305,
                            640
                        ],
                        [
                            280,
                            615
                        ]
                    ],
                    true
                ],
                [
                    49,
                    50,
                    [
                        [
                            330,
                            665
                        ],
                        [
                            305,
                            640
                        ]
                    ],
                    true
                ],
                [
                    49,
                    53,
                    [
                        [
                            305,
                            665
                        ],
                        [
                            305,
                            640
                        ]
                    ],
                    true
                ],
                [
                    50,
                    51,
                    [
                        [
                            350,
                            685
                        ],
                        [
                            330,
                            665
                        ]
                    ],
                    true
                ],
                [
                    51,
                    52,
                    [
                        [
                            385,
                            685
                        ],
                        [
                            350,
                            685
                        ]
                    ],
                    true
                ],
                [
                    53,
                    54,
                    [
                        [
                            305,
                            690
                        ],
                        [
                            305,
                            665
                        ]
                    ],
                    true
                ],
                [
                    54,
                    55,
                    [
                        [
                            305,
                            735
                        ],
                        [
                            305,
                            690
                        ]
                    ],
                    true
                ],
                [
                    56,
                    57,
                    [
                        [
                            205,
                            375
                        ],
                        [
                            205,
                            400
                        ]
                    ],
                    true
                ],
                [
                    57,
                    58,
                    [
                        [
                            205,
                            335
                        ],
                        [
                            205,
                            375
                        ]
                    ],
                    true
                ],
                [
                    58,
                    59,
                    [
                        [
                            205,
                            310
                        ],
                        [
                            205,
                            335
                        ]
                    ],
                    true
                ],
                [
                    58,
                    62,
                    [
                        [
                            180,
                            310
                        ],
                        [
                            205,
                            335
                        ]
                    ],
                    true
                ],
                [
                    59,
                    60,
                    [
                        [
                            205,
                            285
                        ],
                        [
                            205,
                            310
                        ]
                    ],
                    true
                ],
                [
                    60,
                    61,
                    [
                        [
                            205,
                            255
                        ],
                        [
                            205,
                            285
                        ]
                    ],
                    true
                ],
                [
                    62,
                    63,
                    [
                        [
                            160,
                            290
                        ],
                        [
                            180,
                            310
                        ]
                    ],
                    true
                ],
                [
                    63,
                    64,
                    [
                        [
                            145,
                            275
                        ],
                        [
                            160,
                            290
                        ]
                    ],
                    true
                ],
                [
                    64,
                    65,
                    [
                        [
                            100,
                            275
                        ],
                        [
                            145,
                            275
                        ]
                    ],
                    true
                ],
                [
                    65,
                    66,
                    [
                        [
                            80,
                            295
                        ],
                        [
                            100,
                            275
                        ]
                    ],
                    true
                ],
                [
                    66,
                    67,
                    [
                        [
                            60,
                            315
                        ],
                        [
                            80,
                            295
                        ]
                    ],
                    true
                ],
                [
                    67,
                    68,
                    [
                        [
                            35,
                            340
                        ],
                        [
                            60,
                            315
                        ]
                    ],
                    true
                ]
            ],
            "stations": [
                {
                    "coord": [
                        395,
                        425
                    ],
                    "is_working": true,
                    "name": "Lime Street",
                    "rect": [
                        404,
                        419,
                        58,
                        15
                    ],
                    "text_id": 36,
                    "uid": 35
                },
                {
                    "coord": [
                        365,
                        455
                    ],
                    "is_working": true,
                    "name": "Central",
                    "rect": null,
                    "text_id": 6,
                    "uid": 36
                },
                {
                    "coord": [
                        365,
                        395
                    ],
                    "is_working": true,
                    "name": "Moorfields",
                    "rect": null,
                    "text_id": 7,
                    "uid": 37
                },
                {
                    "coord": [
                        310,
                        425
                    ],
                    "is_working": true,
                    "name": "James Street",
                    "rect": [
                        279,
                        402,
                        67,
                        15
                    ],
                    "text_id": 37,
                    "uid": 38
                },
                {
                    "coord": [
                        255,
                        425
                    ],
                    "is_working": true,
                    "name": "Hamilton Square",
                    "rect": [
                        224,
                        432,
                        84,
                        15
                    ],
                    "text_id": 38,
                    "uid": 39
                },
                {
                    "coord": [
                        205,
                        450
                    ],
                    "is_working": true,
                    "name": "Birkenhead Central",
                    "rect": [
                        97,
                        444,
                        98,
                        15
                    ],
                    "text_id": 39,
                    "uid": 40
                },
                {
                    "coord": [
                        205,
                        490
                    ],
                    "is_working": true,
                    "name": "Green Lane",
                    "rect": [
                        137,
                        484,
                        59,
                        15
                    ],
                    "text_id": 40,
                    "uid": 41
                },
                {
                    "coord": [
                        205,
                        520
                    ],
                    "is_working": true,
                    "name": "Rock Ferry",
                    "rect": [
                        137,
                        511,
                        57,
                        15
                    ],
                    "text_id": 41,
                    "uid": 42
                },
                {
                    "coord": [
                        205,
                        540
                    ],
                    "is_working": true,
                    "name": "Bebington",
                    "rect": [
                        144,
                        532,
                        52,
                        15
                    ],
                    "text_id": 42,
                    "uid": 43
                },
                {
                    "coord": [
                        220,
                        555
                    ],
                    "is_working": true,
                    "name": "Port Sunlight",
                    "rect": [
                        146,
                        552,
                        65,
                        15
                    ],
                    "text_id": 43,
                    "uid": 44
                },
                {
                    "coord": [
                        235,
                        570
                    ],
                    "is_working": true,
                    "name": "Spital",
                    "rect": [
                        194,
                        568,
                        30,
                        15
                    ],
                    "text_id": 44,
                    "uid": 45
                },
                {
                    "coord": [
                        250,
                        585
                    ],
                    "is_working": true,
                    "name": "Bromborough Rake",
                    "rect": [
                        143,
                        584,
                        98,
                        15
                    ],
                    "text_id": 45,
                    "uid": 46
                },
                {
                    "coord": [
                        265,
                        600
                    ],
                    "is_working": true,
                    "name": "Bromborough",
                    "rect": [
                        188,
                        600,
                        69,
                        15
                    ],
                    "text_id": 46,
                    "uid": 47
                },
                {
                    "coord": [
                        280,
                        615
                    ],
                    "is_working": true,
                    "name": "Eastham Rake",
                    "rect": [
                        199,
                        617,
                        74,
                        15
                    ],
                    "text_id": 47,
                    "uid": 48
                },
                {
                    "coord": [
                        305,
                        640
                    ],
                    "is_working": true,
                    "name": "Hooton",
                    "rect": [
                        260,
                        639,
                        37,
                        15
                    ],
                    "text_id": 48,
                    "uid": 49
                },
                {
                    "coord": [
                        330,
                        665
                    ],
                    "is_working": true,
                    "name": "Little Sutton",
                    "rect": [
                        337,
                        650,
                        60,
                        15
                    ],
                    "text_id": 49,
                    "uid": 50
                },
                {
                    "coord": [
                        350,
                        685
                    ],
                    "is_working": true,
                    "name": "Overpool",
                    "rect": [
                        330,
                        693,
                        47,
                        15
                    ],
                    "text_id": 50,
                    "uid": 51
                },
                {
                    "coord": [
                        385,
                        685
                    ],
                    "is_working": true,
                    "name": "Ellesmere Port",
                    "rect": [
                        396,
                        678,
                        75,
                        15
                    ],
                    "text_id": 51,
                    "uid": 52
                },
                {
                    "coord": [
                        305,
                        665
                    ],
                    "is_working": true,
                    "name": "Capenhurst",
                    "rect": [
                        239,
                        660,
                        59,
                        15
                    ],
                    "text_id": 52,
                    "uid": 53
                },
                {
                    "coord": [
                        305,
                        690
                    ],
                    "is_working": true,
                    "name": "Bache",
                    "rect": [
                        263,
                        683,
                        34,
                        15
                    ],
                    "text_id": 53,
                    "uid": 54
                },
                {
                    "coord": [
                        305,
                        735
                    ],
                    "is_working": true,
                    "name": "Chester",
                    "rect": [
                        254,
                        727,
                        41,
                        15
                    ],
                    "text_id": 54,
                    "uid": 55
                },
                {
                    "coord": [
                        205,
                        400
                    ],
                    "is_working": true,
                    "name": "Conway Park",
                    "rect": [
                        129,
                        392,
                        68,
                        15
                    ],
                    "text_id": 55,
                    "uid": 56
                },
                {
                    "coord": [
                        205,
                        375
                    ],
                    "is_working": true,
                    "name": "Birkenhead Park",
                    "rect": [
                        112,
                        368,
                        85,
                        15
                    ],
                    "text_id": 56,
                    "uid": 57
                },
                {
                    "coord": [
                        205,
                        335
                    ],
                    "is_working": true,
                    "name": "Birkenhead North",
                    "rect": [
                        213,
                        335,
                        89,
                        15
                    ],
                    "text_id": 57,
                    "uid": 58
                },
                {
                    "coord": [
                        205,
                        310
                    ],
                    "is_working": true,
                    "name": "Wallasey Village",
                    "rect": [
                        211,
                        314,
                        85,
                        15
                    ],
                    "text_id": 58,
                    "uid": 59
                },
                {
                    "coord": [
                        205,
                        285
                    ],
                    "is_working": true,
                    "name": "Wallasey Grove Road",
                    "rect": [
                        212,
                        288,
                        110,
                        15
                    ],
                    "text_id": 59,
                    "uid": 60
                },
                {
                    "coord": [
                        205,
                        255
                    ],
                    "is_working": true,
                    "name": "New Brighton",
                    "rect": [
                        162,
                        235,
                        69,
                        15
                    ],
                    "text_id": 60,
                    "uid": 61
                },
                {
                    "coord": [
                        180,
                        310
                    ],
                    "is_working": true,
                    "name": "Bidston",
                    "rect": [
                        134,
                        316,
                        40,
                        15
                    ],
                    "text_id": 61,
                    "uid": 62
                },
                {
                    "coord": [
                        160,
                        290
                    ],
                    "is_working": true,
                    "name": "Leasowe",
                    "rect": [
                        107,
                        292,
                        46,
                        15
                    ],
                    "text_id": 62,
                    "uid": 63
                },
                {
                    "coord": [
                        145,
                        275
                    ],
                    "is_working": true,
                    "name": "Moreton",
                    "rect": [
                        146,
                        257,
                        42,
                        15
                    ],
                    "text_id": 63,
                    "uid": 64
                },
                {
                    "coord": [
                        100,
                        275
                    ],
                    "is_working": true,
                    "name": "Meols",
                    "rect": [
                        68,
                        254,
                        32,
                        15
                    ],
                    "text_id": 64,
                    "uid": 65
                },
                {
                    "coord": [
                        80,
                        295
                    ],
                    "is_working": true,
                    "name": "Manor Road",
                    "rect": [
                        12,
                        279,
                        62,
                        15
                    ],
                    "text_id": 65,
                    "uid": 66
                },
                {
                    "coord": [
                        60,
                        315
                    ],
                    "is_working": true,
                    "name": "Hoylake",
                    "rect": [
                        69,
                        316,
                        43,
                        15
                    ],
                    "text_id": 66,
                    "uid": 67
                },
                {
                    "coord": [
                        35,
                        340
                    ],
                    "is_working": true,
                    "name": "West Kirby",
                    "rect": [
                        43,
                        341,
                        57,
                        15
                    ],
                    "text_id": 67,
                    "uid": 68
                }
            ],
            "text_id": 68
        }
    ],
    "lines_width": 5,
    "name": "metro",
    "name_text_id": 69,
    "stations_diameter": 10.0,
    "transfers": [
        [
            6,
            36,
            [
                365,
                445
            ],
            [
                365,
                455
            ]
        ],
        [
            7,
            37,
            [
                365,
                385
            ],
            [
                365,
                395
            ]
        ]
    ],
    "transports": [
        "metro"
    ],
    "type_name": "ROOT",
    "type_text_id": 70,
    "upper_case": false,
    "width": 715,
    "word_wrap": false
}