{
    "default_transports": [
        "metro"
    ],
    "height": 1815,
    "images": [
        "res/schemes/railways_zmiev.svg"
    ],
    "is_vector": true,
    "lines": [
        {
            "labels_bg_color": "-1",
            "labels_color": "000000",
            "line_color": "CC3300",
            "line_width": 9,
            "name": "Холодногорско-Заводская",
            "segments": [],
            "stations": [
                {
                    "coord": null,
                    "is_working": true,
                    "name": "Холодная Гора",
                    "rect": null,
                    "text_id": 0,
                    "uid": 0
                },
                {
                    "coord": [
                        237,
                        45
                    ],
                    "is_working": true,
                    "name": "Южный Вокзал",
                    "rect": [
                        257,
                        40,
                        100,
                        20
                    ],
                    "text_id": 1,
                    "uid": 1
                },
                {
                    "coord": null,
                    "is_working": true,
                    "name": "Центральный рынок",
                    "rect": null,
                    "text_id": 2,
                    "uid": 2
                },
                {
                    "coord": null,
                    "is_working": true,
                    "name": "Площадь Конституции",
                    "rect": null,
                    "text_id": 3,
                    "uid": 3
                },
                {
                    "coord": [
                        630,
                        105
                    ],
                    "is_working": true,
                    "name": "Проспект Гагарина",
                    "rect": [
                        650,
                        100,
                        100,
                        20
                    ],
                    "text_id": 4,
                    "uid": 4
                },
                {
                    "coord": null,
                    "is_working": true,
                    "name": "Спортивная",
                    "rect": null,
                    "text_id": 5,
                    "uid": 5
                },
                {
                    "coord": null,
                    "is_working": true,
                    "name": "Завод им. Малышева",
                    "rect": null,
                    "text_id": 6,
                    "uid": 6
                },
                {
                    "coord": null,
                    "is_working": true,
                    "name": "Турбоатом",
                    "rect": null,
                    "text_id": 7,
                    "uid": 7
                },
                {
                    "coord": null,
                    "is_working": true,
                    "name": "Дворец спорта",
                    "rect": null,
                    "text_id": 8,
                    "uid": 8
                },
                {
                    "coord": null,
                    "is_working": true,
                    "name": "Армейская",
                    "rect": null,
                    "text_id": 9,
                    "uid": 9
                },
                {
                    "coord": null,
                    "is_working": true,
                    "name": "Им. А.С.Масельского",
                    "rect": null,
                    "text_id": 10,
                    "uid": 10
                },
                {
                    "coord": null,
                    "is_working": true,
                    "name": "Тракторный Завод",
                    "rect": null,
                    "text_id": 11,
                    "uid": 11
                },
                {
                    "coord": null,
                    "is_working": true,
                    "name": "Индустриальная",
                    "rect": null,
                    "text_id": 12,
                    "uid": 12
                },
                {
                    "coord": null,
                    "is_working": false,
                    "name": "Восточная",
                    "rect": null,
                    "text_id": 13,
                    "uid": 13
                },
                {
                    "coord": null,
                    "is_working": false,
                    "name": "Роганская",
                    "rect": null,
                    "text_id": 14,
                    "uid": 14
                },
                {
                    "coord": null,
                    "is_working": false,
                    "name": "Южная",
                    "rect": null,
                    "text_id": 15,
                    "uid": 15
                }
            ],
            "text_id": 16
        },
        {
            "labels_bg_color": "-1",
            "labels_color": "000000",
            "line_color": "AC24AC",
            "line_width": 9,
            "name": "Змиевская электричка",
            "segments": [
                [
                    61,
                    62,
                    [
                        [
                            217,
                            75
                        ],
                        [
                            217,
                            45
                        ]
                    ],
                    true
                ],
                [
                    62,
                    63,
                    [
                        [
                            217,
                            105
                        ],
                        [
                            217,
                            75
                        ]
                    ],
                    true
                ],
                [
                    63,
                    64,
                    [
                        [
                            217,
                            135
                        ],
                        [
                            217,
                            105
                        ]
                    ],
                    true
                ],
                [
                    63,
                    116,
                    [
                        [
                            358,
                            105
                        ],
                        [
                            217,
                            105
                        ]
                    ],
                    true
                ],
                [
                    64,
                    65,
                    [
                        [
                            217,
                            165
                        ],
                        [
                            217,
                            135
                        ]
                    ],
                    true
                ],
                [
                    65,
                    66,
                    [
                        [
                            217,
                            195
                        ],
                        [
                            217,
                            165
                        ]
                    ],
                    true
                ],
                [
                    66,
                    67,
                    [
                        [
                            217,
                            225
                        ],
                        [
                            217,
                            195
                        ]
                    ],
                    true
                ],
                [
                    67,
                    68,
                    [
                        [
                            217,
                            255
                        ],
                        [
                            217,
                            225
                        ]
                    ],
                    true
                ],
                [
                    68,
                    69,
                    [
                        [
                            217,
                            285
                        ],
                        [
                            217,
                            255
                        ]
                    ],
                    true
                ],
                [
                    69,
                    70,
                    [
                        [
                            217,
                            315
                        ],
                        [
                            217,
                            285
                        ]
                    ],
                    true
                ],
                [
                    70,
                    71,
                    [
                        [
                            217,
                            345
                        ],
                        [
                            217,
                            315
                        ]
                    ],
                    true
                ],
                [
                    71,
                    72,
                    [
                        [
                            217,
                            375
                        ],
                        [
                            217,
                            345
                        ]
                    ],
                    true
                ],
                [
                    72,
                    73,
                    [
                        [
                            217,
                            405
                        ],
                        [
                            217,
                            375
                        ]
                    ],
                    true
                ],
                [
                    73,
                    74,
                    [
                        [
                            217,
                            435
                        ],
                        [
                            217,
                            405
                        ]
                    ],
                    true
                ],
                [
                    74,
                    75,
                    [
                        [
                            217,
                            465
                        ],
                        [
                            217,
                            435
                        ]
                    ],
                    true
                ],
                [
                    75,
                    76,
                    [
                        [
                            217,
                            495
                        ],
                        [
                            217,
                            465
                        ]
                    ],
                    true
                ],
                [
                    76,
                    77,
                    [
                        [
                            217,
                            525
                        ],
                        [
                            217,
                            495
                        ]
                    ],
                    true
                ],
                [
                    77,
                    78,
                    [
                        [
                            217,
                            555
                        ],
                        [
                            217,
                            525
                        ]
                    ],
                    true
                ],
                [
                    78,
                    79,
                    [
                        [
                            217,
                            585
                        ],
                        [
                            217,
                            555
                        ]
                    ],
                    true
                ],
                [
                    79,
                    80,
                    [
                        [
                            217,
                            615
                        ],
                        [
                            217,
                            585
                        ]
                    ],
                    true
                ],
                [
                    80,
                    81,
                    [
                        [
                            217,
                            645
                        ],
                        [
                            217,
                            615
                        ]
                    ],
                    true
                ],
                [
                    81,
                    82,
                    [
                        [
                            217,
                            675
                        ],
                        [
                            217,
                            645
                        ]
                    ],
                    true
                ],
                [
                    82,
                    83,
                    [
                        [
                            217,
                            705
                        ],
                        [
                            217,
                            675
                        ]
                    ],
                    true
                ],
                [
                    83,
                    84,
                    [
                        [
                            217,
                            735
                        ],
                        [
                            217,
                            705
                        ]
                    ],
                    true
                ],
                [
                    84,
                    85,
                    [
                        [
                            217,
                            765
                        ],
                        [
                            217,
                            735
                        ]
                    ],
                    true
                ],
                [
                    85,
                    86,
                    [
                        [
                            217,
                            795
                        ],
                        [
                            217,
                            765
                        ]
                    ],
                    true
                ],
                [
                    86,
                    87,
                    [
                        [
                            217,
                            825
                        ],
                        [
                            217,
                            795
                        ]
                    ],
                    true
                ],
                [
                    87,
                    88,
                    [
                        [
                            217,
                            855
                        ],
                        [
                            217,
                            825
                        ]
                    ],
                    true
                ],
                [
                    88,
                    89,
                    [
                        [
                            217,
                            885
                        ],
                        [
                            217,
                            855
                        ]
                    ],
                    true
                ],
                [
                    89,
                    90,
                    [
                        [
                            217,
                            915
                        ],
                        [
                            217,
                            885
                        ]
                    ],
                    true
                ],
                [
                    90,
                    91,
                    [
                        [
                            217,
                            945
                        ],
                        [
                            217,
                            915
                        ]
                    ],
                    true
                ],
                [
                    91,
                    92,
                    [
                        [
                            217,
                            975
                        ],
                        [
                            217,
                            945
                        ]
                    ],
                    true
                ],
                [
                    92,
                    93,
                    [
                        [
                            217,
                            1005
                        ],
                        [
                            217,
                            975
                        ]
                    ],
                    true
                ],
                [
                    93,
                    94,
                    [
                        [
                            217,
                            1035
                        ],
                        [
                            217,
                            1005
                        ]
                    ],
                    true
                ],
                [
                    94,
                    95,
                    [
                        [
                            217,
                            1065
                        ],
                        [
                            217,
                            1035
                        ]
                    ],
                    true
                ],
                [
                    95,
                    96,
                    [
                        [
                            217,
                            1095
                        ],
                        [
                            217,
                            1065
                        ]
                    ],
                    true
                ],
                [
                    96,
                    97,
                    [
                        [
                            217,
                            1125
                        ],
                        [
                            217,
                            1095
                        ]
                    ],
                    true
                ],
                [
                    97,
                    98,
                    [
                        [
                            217,
                            1155
                        ],
                        [
                            217,
                            1125
                        ]
                    ],
                    true
                ],
                [
                    98,
                    99,
                    [
                        [
                            217,
                            1185
                        ],
                        [
                            217,
                            1155
                        ]
                    ],
                    true
                ],
                [
                    99,
                    100,
                    [
                        [
                            217,
                            1215
                        ],
                        [
                            217,
                            1185
                        ]
                    ],
                    true
                ],
                [
                    100,
                    101,
                    [
                        [
                            217,
                            1245
                        ],
                        [
                            217,
                            1215
                        ]
                    ],
                    true
                ],
                [
                    101,
                    102,
                    [
                        [
                            217,
                            1275
                        ],
                        [
                            217,
                            1245
                        ]
                    ],
                    true
                ],
                [
                    102,
                    103,
                    [
                        [
                            217,
                            1305
                        ],
                        [
                            217,
                            1275
                        ]
                    ],
                    true
                ],
                [
                    103,
                    104,
                    [
                        [
                            217,
                            1335
                        ],
                        [
                            217,
                            1305
                        ]
                    ],
                    true
                ],
                [
                    104,
                    105,
                    [
                        [
                            217,
                            1365
                        ],
                        [
                            217,
                            1335
                        ]
                    ],
                    true
                ],
                [
                    105,
                    106,
                    [
                        [
                            217,
                            1395
                        ],
                        [
                            217,
                            1365
                        ]
                    ],
                    true
                ],
                [
                    106,
                    107,
                    [
                        [
                            217,
                            1425
                        ],
                        [
                            217,
                            1395
                        ]
                    ],
                    true
                ],
                [
                    107,
                    108,
                    [
                        [
                            217,
                            1455
                        ],
                        [
                            217,
                            1425
                        ]
                    ],
                    true
                ],
                [
                    108,
                    109,
                    [
                        [
                            217,
                            1485
                        ],
                        [
                            217,
                            1455
                        ]
                    ],
                    true
                ],
                [
                    109,
                    110,
                    [
                        [
                            217,
                            1515
                        ],
                        [
                            217,
                            1485
                        ]
                    ],
                    true
                ],
                [
                    110,
                    111,
                    [
                        [
                            217,
                            1545
                        ],
                        [
                            217,
                            1515
                        ]
                    ],
                    true
                ],
                [
                    111,
                    112,
                    [
                        [
                            217,
                            1575
                        ],
                        [
                            217,
                            1545
                        ]
                    ],
                    true
                ],
                [
                    112,
                    113,
                    [
                        [
                            217,
                            1605
                        ],
                        [
                            217,
                            1575
                        ]
                    ],
                    true
                ],
                [
                    113,
                    114,
                    [
                        [
                            217,
                            1635
                        ],
                        [
                            217,
                            1605
                        ]
                    ],
                    true
                ],
                [
                    114,
                    115,
                    [
                        [
                            217,
                            1665
                        ],
                        [
                            217,
                            1635
                        ]
                    ],
                    true
                ],
                [
                    114,
                    119,
                    [
                        [
                            317,
                            1635
                        ],
                        [
                            217,
                            1635
                        ]
                    ],
                    true
                ],
                [
                    116,
                    117,
                    [
                        [
                            485,
                            105
                        ],
                        [
                            358,
                            105
                        ]
                    ],
                    true
                ],
                [
                    117,
                    118,
                    [
                        [
                            610,
                            105
                        ],
                        [
                            485,
                            105
                        ]
                    ],
                    true
                ],
                [
                    119,
                    120,
                    [
                        [
                            417,
                            1635
                        ],
                        [
                            317,
                            1635
                        ]
                    ],
                    true
                ],
                [
                    120,
                    121,
                    [
                        [
                            517,
                            1635
                        ],
                        [
                            417,
                            1635
                        ]
                    ],
                    true
                ],
                [
                    121,
                    122,
                    [
                        [
                            617,
                            1635
                        ],
                        [
                            517,
                            1635
                        ]
                    ],
                    true
                ]
            ],
            "stations": [
                {
                    "coord": [
                        217,
                        45
                    ],
                    "is_working": true,
                    "name": "Харьков-Пассажирский",
                    "rect": [
                        93,
                        34,
                        100,
                        20
                    ],
                    "text_id": 38,
                    "uid": 61
                },
                {
                    "coord": [
                        217,
                        75
                    ],
                    "is_working": true,
                    "name": "Новоселовка",
                    "rect": [
                        93,
                        64,
                        100,
                        20
                    ],
                    "text_id": 64,
                    "uid": 62
                },
                {
                    "coord": [
                        217,
                        105
                    ],
                    "is_working": true,
                    "name": "Основа",
                    "rect": [
                        93,
                        96,
                        100,
                        20
                    ],
                    "text_id": 65,
                    "uid": 63
                },
                {
                    "coord": [
                        217,
                        135
                    ],
                    "is_working": true,
                    "name": "Предузловая",
                    "rect": [
                        241,
                        130,
                        100,
                        20
                    ],
                    "text_id": 66,
                    "uid": 64
                },
                {
                    "coord": [
                        217,
                        165
                    ],
                    "is_working": true,
                    "name": "Безлюдовка",
                    "rect": [
                        241,
                        160,
                        100,
                        20
                    ],
                    "text_id": 67,
                    "uid": 65
                },
                {
                    "coord": [
                        217,
                        195
                    ],
                    "is_working": true,
                    "name": "оп. Удянская",
                    "rect": [
                        241,
                        190,
                        100,
                        20
                    ],
                    "text_id": 68,
                    "uid": 66
                },
                {
                    "coord": [
                        217,
                        225
                    ],
                    "is_working": true,
                    "name": "Жихор",
                    "rect": [
                        241,
                        218,
                        100,
                        20
                    ],
                    "text_id": 69,
                    "uid": 67
                },
                {
                    "coord": [
                        217,
                        255
                    ],
                    "is_working": true,
                    "name": "оп. Васищево",
                    "rect": [
                        242,
                        250,
                        100,
                        20
                    ],
                    "text_id": 70,
                    "uid": 68
                },
                {
                    "coord": [
                        217,
                        285
                    ],
                    "is_working": true,
                    "name": "Боровская-Южная",
                    "rect": [
                        241,
                        280,
                        100,
                        20
                    ],
                    "text_id": 71,
                    "uid": 69
                },
                {
                    "coord": [
                        217,
                        315
                    ],
                    "is_working": true,
                    "name": "оп. Звидки",
                    "rect": [
                        241,
                        310,
                        100,
                        20
                    ],
                    "text_id": 72,
                    "uid": 70
                },
                {
                    "coord": [
                        217,
                        345
                    ],
                    "is_working": true,
                    "name": "оп. Аксютовка",
                    "rect": [
                        241,
                        340,
                        100,
                        20
                    ],
                    "text_id": 73,
                    "uid": 71
                },
                {
                    "coord": [
                        217,
                        375
                    ],
                    "is_working": true,
                    "name": "оп. Дружный",
                    "rect": [
                        241,
                        370,
                        100,
                        20
                    ],
                    "text_id": 74,
                    "uid": 72
                },
                {
                    "coord": [
                        217,
                        405
                    ],
                    "is_working": true,
                    "name": "оп. Левковка",
                    "rect": [
                        241,
                        400,
                        100,
                        20
                    ],
                    "text_id": 75,
                    "uid": 73
                },
                {
                    "coord": [
                        217,
                        435
                    ],
                    "is_working": true,
                    "name": "Змиев",
                    "rect": [
                        93,
                        430,
                        100,
                        20
                    ],
                    "text_id": 76,
                    "uid": 74
                },
                {
                    "coord": [
                        217,
                        465
                    ],
                    "is_working": true,
                    "name": "оп. Зидьки",
                    "rect": [
                        241,
                        460,
                        100,
                        20
                    ],
                    "text_id": 77,
                    "uid": 75
                },
                {
                    "coord": [
                        217,
                        495
                    ],
                    "is_working": true,
                    "name": "оп. Гинеевка",
                    "rect": [
                        241,
                        490,
                        100,
                        20
                    ],
                    "text_id": 78,
                    "uid": 76
                },
                {
                    "coord": [
                        217,
                        525
                    ],
                    "is_working": true,
                    "name": "оп. Дом отдыха",
                    "rect": [
                        241,
                        520,
                        100,
                        20
                    ],
                    "text_id": 79,
                    "uid": 77
                },
                {
                    "coord": [
                        217,
                        555
                    ],
                    "is_working": true,
                    "name": "Занки",
                    "rect": [
                        241,
                        550,
                        100,
                        20
                    ],
                    "text_id": 80,
                    "uid": 78
                },
                {
                    "coord": [
                        217,
                        585
                    ],
                    "is_working": true,
                    "name": "оп. Комсомольская",
                    "rect": [
                        241,
                        580,
                        100,
                        20
                    ],
                    "text_id": 81,
                    "uid": 79
                },
                {
                    "coord": [
                        217,
                        615
                    ],
                    "is_working": true,
                    "name": "оп. Совхозная",
                    "rect": [
                        241,
                        610,
                        100,
                        20
                    ],
                    "text_id": 82,
                    "uid": 80
                },
                {
                    "coord": [
                        217,
                        645
                    ],
                    "is_working": true,
                    "name": "оп. Андреевка",
                    "rect": [
                        241,
                        640,
                        100,
                        20
                    ],
                    "text_id": 83,
                    "uid": 81
                },
                {
                    "coord": [
                        217,
                        675
                    ],
                    "is_working": true,
                    "name": "Шебелинка",
                    "rect": [
                        93,
                        664,
                        100,
                        20
                    ],
                    "text_id": 84,
                    "uid": 82
                },
                {
                    "coord": [
                        217,
                        705
                    ],
                    "is_working": true,
                    "name": "оп. Октябрьская",
                    "rect": [
                        241,
                        700,
                        100,
                        20
                    ],
                    "text_id": 85,
                    "uid": 83
                },
                {
                    "coord": [
                        217,
                        735
                    ],
                    "is_working": true,
                    "name": "оп. Сезонная",
                    "rect": [
                        241,
                        730,
                        100,
                        20
                    ],
                    "text_id": 86,
                    "uid": 84
                },
                {
                    "coord": [
                        217,
                        765
                    ],
                    "is_working": true,
                    "name": "оп. Янковский",
                    "rect": [
                        241,
                        760,
                        100,
                        20
                    ],
                    "text_id": 87,
                    "uid": 85
                },
                {
                    "coord": [
                        217,
                        795
                    ],
                    "is_working": true,
                    "name": "оп. Вербовка",
                    "rect": [
                        93,
                        781,
                        100,
                        20
                    ],
                    "text_id": 88,
                    "uid": 86
                },
                {
                    "coord": [
                        217,
                        825
                    ],
                    "is_working": true,
                    "name": "Балаклея",
                    "rect": [
                        241,
                        820,
                        100,
                        20
                    ],
                    "text_id": 89,
                    "uid": 87
                },
                {
                    "coord": [
                        217,
                        855
                    ],
                    "is_working": true,
                    "name": "оп. Братское озеро",
                    "rect": [
                        241,
                        850,
                        100,
                        20
                    ],
                    "text_id": 90,
                    "uid": 88
                },
                {
                    "coord": [
                        217,
                        885
                    ],
                    "is_working": true,
                    "name": "оп. Лесная",
                    "rect": [
                        93,
                        880,
                        100,
                        20
                    ],
                    "text_id": 91,
                    "uid": 89
                },
                {
                    "coord": [
                        217,
                        915
                    ],
                    "is_working": true,
                    "name": "Савинцы",
                    "rect": [
                        241,
                        910,
                        100,
                        20
                    ],
                    "text_id": 92,
                    "uid": 90
                },
                {
                    "coord": [
                        217,
                        945
                    ],
                    "is_working": true,
                    "name": "оп. Маяк",
                    "rect": [
                        241,
                        940,
                        100,
                        20
                    ],
                    "text_id": 93,
                    "uid": 91
                },
                {
                    "coord": [
                        217,
                        975
                    ],
                    "is_working": true,
                    "name": "оп. Бабариковская",
                    "rect": [
                        241,
                        970,
                        100,
                        20
                    ],
                    "text_id": 94,
                    "uid": 92
                },
                {
                    "coord": [
                        217,
                        1005
                    ],
                    "is_working": true,
                    "name": "Закомельская",
                    "rect": [
                        241,
                        1000,
                        100,
                        20
                    ],
                    "text_id": 95,
                    "uid": 93
                },
                {
                    "coord": [
                        217,
                        1035
                    ],
                    "is_working": true,
                    "name": "оп. Диброва",
                    "rect": [
                        241,
                        1030,
                        100,
                        20
                    ],
                    "text_id": 96,
                    "uid": 94
                },
                {
                    "coord": [
                        217,
                        1065
                    ],
                    "is_working": true,
                    "name": "оп. 360 км",
                    "rect": [
                        241,
                        1060,
                        100,
                        20
                    ],
                    "text_id": 97,
                    "uid": 95
                },
                {
                    "coord": [
                        217,
                        1095
                    ],
                    "is_working": true,
                    "name": "Цыганская",
                    "rect": [
                        241,
                        1090,
                        100,
                        20
                    ],
                    "text_id": 98,
                    "uid": 96
                },
                {
                    "coord": [
                        217,
                        1125
                    ],
                    "is_working": true,
                    "name": "оп. Федоровка",
                    "rect": [
                        241,
                        1120,
                        100,
                        20
                    ],
                    "text_id": 99,
                    "uid": 97
                },
                {
                    "coord": [
                        217,
                        1155
                    ],
                    "is_working": true,
                    "name": "оп. 368 км",
                    "rect": [
                        241,
                        1150,
                        100,
                        20
                    ],
                    "text_id": 100,
                    "uid": 98
                },
                {
                    "coord": [
                        217,
                        1185
                    ],
                    "is_working": true,
                    "name": "оп. Пименовка",
                    "rect": [
                        241,
                        1180,
                        100,
                        20
                    ],
                    "text_id": 101,
                    "uid": 99
                },
                {
                    "coord": [
                        217,
                        1215
                    ],
                    "is_working": true,
                    "name": "Изюм",
                    "rect": [
                        241,
                        1210,
                        100,
                        20
                    ],
                    "text_id": 102,
                    "uid": 100
                },
                {
                    "coord": [
                        217,
                        1245
                    ],
                    "is_working": true,
                    "name": "Букино",
                    "rect": [
                        241,
                        1240,
                        100,
                        20
                    ],
                    "text_id": 103,
                    "uid": 101
                },
                {
                    "coord": [
                        217,
                        1275
                    ],
                    "is_working": true,
                    "name": "Святогорск",
                    "rect": [
                        241,
                        1270,
                        100,
                        20
                    ],
                    "text_id": 104,
                    "uid": 102
                },
                {
                    "coord": [
                        217,
                        1305
                    ],
                    "is_working": true,
                    "name": "Форпостная",
                    "rect": [
                        241,
                        1300,
                        100,
                        20
                    ],
                    "text_id": 105,
                    "uid": 103
                },
                {
                    "coord": [
                        217,
                        1335
                    ],
                    "is_working": true,
                    "name": "Красный Лиман",
                    "rect": [
                        241,
                        1330,
                        100,
                        20
                    ],
                    "text_id": 106,
                    "uid": 104
                },
                {
                    "coord": [
                        217,
                        1365
                    ],
                    "is_working": true,
                    "name": "Ямполь",
                    "rect": [
                        241,
                        1360,
                        100,
                        20
                    ],
                    "text_id": 107,
                    "uid": 105
                },
                {
                    "coord": [
                        217,
                        1395
                    ],
                    "is_working": true,
                    "name": "Северск",
                    "rect": [
                        241,
                        1390,
                        100,
                        20
                    ],
                    "text_id": 108,
                    "uid": 106
                },
                {
                    "coord": [
                        217,
                        1425
                    ],
                    "is_working": true,
                    "name": "Зовная",
                    "rect": [
                        241,
                        1420,
                        100,
                        20
                    ],
                    "text_id": 109,
                    "uid": 107
                },
                {
                    "coord": [
                        217,
                        1455
                    ],
                    "is_working": true,
                    "name": "Соль",
                    "rect": [
                        241,
                        1450,
                        100,
                        20
                    ],
                    "text_id": 110,
                    "uid": 108
                },
                {
                    "coord": [
                        217,
                        1485
                    ],
                    "is_working": true,
                    "name": "Шевченко",
                    "rect": [
                        241,
                        1480,
                        100,
                        20
                    ],
                    "text_id": 111,
                    "uid": 109
                },
                {
                    "coord": [
                        217,
                        1515
                    ],
                    "is_working": true,
                    "name": "Малоильшевская",
                    "rect": [
                        241,
                        1510,
                        100,
                        20
                    ],
                    "text_id": 112,
                    "uid": 110
                },
                {
                    "coord": [
                        217,
                        1545
                    ],
                    "is_working": true,
                    "name": "Артёмовск-2",
                    "rect": [
                        241,
                        1540,
                        100,
                        20
                    ],
                    "text_id": 113,
                    "uid": 111
                },
                {
                    "coord": [
                        217,
                        1575
                    ],
                    "is_working": true,
                    "name": "Курдюмовка",
                    "rect": [
                        241,
                        1570,
                        100,
                        20
                    ],
                    "text_id": 114,
                    "uid": 112
                },
                {
                    "coord": [
                        217,
                        1605
                    ],
                    "is_working": true,
                    "name": "Майорская",
                    "rect": [
                        241,
                        1600,
                        100,
                        20
                    ],
                    "text_id": 115,
                    "uid": 113
                },
                {
                    "coord": [
                        217,
                        1635
                    ],
                    "is_working": true,
                    "name": "Никитовка",
                    "rect": [
                        93,
                        1627,
                        100,
                        20
                    ],
                    "text_id": 116,
                    "uid": 114
                },
                {
                    "coord": [
                        217,
                        1665
                    ],
                    "is_working": true,
                    "name": "Горловка",
                    "rect": [
                        93,
                        1656,
                        100,
                        20
                    ],
                    "text_id": 117,
                    "uid": 115
                },
                {
                    "coord": [
                        358,
                        105
                    ],
                    "is_working": true,
                    "name": "Краснозаводская",
                    "rect": [
                        306,
                        71,
                        100,
                        20
                    ],
                    "text_id": 118,
                    "uid": 116
                },
                {
                    "coord": [
                        485,
                        105
                    ],
                    "is_working": true,
                    "name": "Верещаковка-Левада",
                    "rect": [
                        455,
                        121,
                        100,
                        20
                    ],
                    "text_id": 119,
                    "uid": 117
                },
                {
                    "coord": [
                        610,
                        105
                    ],
                    "is_working": true,
                    "name": "Харьков-Левада",
                    "rect": [
                        558,
                        66,
                        100,
                        20
                    ],
                    "text_id": 120,
                    "uid": 118
                },
                {
                    "coord": [
                        317,
                        1635
                    ],
                    "is_working": true,
                    "name": "Байрак",
                    "rect": [
                        247,
                        1655,
                        100,
                        20
                    ],
                    "text_id": 121,
                    "uid": 119
                },
                {
                    "coord": [
                        417,
                        1635
                    ],
                    "is_working": true,
                    "name": "Углегорск",
                    "rect": [
                        361,
                        1655,
                        100,
                        20
                    ],
                    "text_id": 122,
                    "uid": 120
                },
                {
                    "coord": [
                        517,
                        1635
                    ],
                    "is_working": true,
                    "name": "Булавин",
                    "rect": [
                        446,
                        1597,
                        100,
                        20
                    ],
                    "text_id": 123,
                    "uid": 121
                },
                {
                    "coord": [
                        617,
                        1635
                    ],
                    "is_working": true,
                    "name": "Дебальцево",
                    "rect": [
                        563,
                        1655,
                        100,
                        20
                    ],
                    "text_id": 124,
                    "uid": 122
                }
            ],
            "text_id": 125
        }
    ],
    "lines_width": 9,
    "name": "railways_zmiev",
    "name_text_id": 125,
    "stations_diameter": 19.0,
    "transfers": [
        [
            1,
            61,
            [
                237,
                45
            ],
            [
                217,
                45
            ]
        ],
        [
            4,
            118,
            [
                630,
                105
            ],
            [
                610,
                105
            ]
        ]
    ],
    "transports": [
        "metro",
        "railway"
    ],
    "type_name": "Электричка",
    "type_text_id": 364,
    "upper_case": true,
    "width": 780,
    "word_wrap": false
}