{
    "default_transports": [
        "metro"
    ],
    "height": 806,
    "images": [
        "res/schemes/railways_zolochev.svg"
    ],
    "is_vector": true,
    "lines": [
        {
            "labels_bg_color": "-1",
            "labels_color": "000000",
            "line_color": "CC3300",
            "line_width": 9,
            "name": "Холодногорско-Заводская",
            "segments": [],
            "stations": [
                {
                    "coord": null,
                    "is_working": true,
                    "name": "Холодная Гора",
                    "rect": null,
                    "text_id": 0,
                    "uid": 0
                },
                {
                    "coord": [
                        234,
                        85
                    ],
                    "is_working": true,
                    "name": "Южный Вокзал",
                    "rect": [
                        254,
                        80,
                        100,
                        20
                    ],
                    "text_id": 1,
                    "uid": 1
                },
                {
                    "coord": null,
                    "is_working": true,
                    "name": "Центральный рынок",
                    "rect": null,
                    "text_id": 2,
                    "uid": 2
                },
                {
                    "coord": null,
                    "is_working": true,
                    "name": "Площадь Конституции",
                    "rect": null,
                    "text_id": 3,
                    "uid": 3
                },
                {
                    "coord": [
                        935,
                        155
                    ],
                    "is_working": true,
                    "name": "Проспект Гагарина",
                    "rect": [
                        955,
                        150,
                        100,
                        20
                    ],
                    "text_id": 4,
                    "uid": 4
                },
                {
                    "coord": null,
                    "is_working": true,
                    "name": "Спортивная",
                    "rect": null,
                    "text_id": 5,
                    "uid": 5
                },
                {
                    "coord": null,
                    "is_working": true,
                    "name": "Завод им. Малышева",
                    "rect": null,
                    "text_id": 6,
                    "uid": 6
                },
                {
                    "coord": null,
                    "is_working": true,
                    "name": "Турбоатом",
                    "rect": null,
                    "text_id": 7,
                    "uid": 7
                },
                {
                    "coord": null,
                    "is_working": true,
                    "name": "Дворец спорта",
                    "rect": null,
                    "text_id": 8,
                    "uid": 8
                },
                {
                    "coord": null,
                    "is_working": true,
                    "name": "Армейская",
                    "rect": null,
                    "text_id": 9,
                    "uid": 9
                },
                {
                    "coord": null,
                    "is_working": true,
                    "name": "Им. А.С.Масельского",
                    "rect": null,
                    "text_id": 10,
                    "uid": 10
                },
                {
                    "coord": null,
                    "is_working": true,
                    "name": "Тракторный Завод",
                    "rect": null,
                    "text_id": 11,
                    "uid": 11
                },
                {
                    "coord": null,
                    "is_working": true,
                    "name": "Индустриальная",
                    "rect": null,
                    "text_id": 12,
                    "uid": 12
                },
                {
                    "coord": null,
                    "is_working": false,
                    "name": "Восточная",
                    "rect": null,
                    "text_id": 13,
                    "uid": 13
                },
                {
                    "coord": null,
                    "is_working": false,
                    "name": "Роганская",
                    "rect": null,
                    "text_id": 14,
                    "uid": 14
                },
                {
                    "coord": null,
                    "is_working": false,
                    "name": "Южная",
                    "rect": null,
                    "text_id": 15,
                    "uid": 15
                }
            ],
            "text_id": 16
        },
        {
            "labels_bg_color": "-1",
            "labels_color": "000000",
            "line_color": "AC24AC",
            "line_width": 9,
            "name": "Золочевская электричка",
            "segments": [
                [
                    269,
                    270,
                    [
                        [
                            214,
                            115
                        ],
                        [
                            214,
                            85
                        ]
                    ],
                    true
                ],
                [
                    270,
                    271,
                    [
                        [
                            214,
                            146
                        ],
                        [
                            214,
                            115
                        ]
                    ],
                    true
                ],
                [
                    271,
                    272,
                    [
                        [
                            214,
                            176
                        ],
                        [
                            214,
                            146
                        ]
                    ],
                    true
                ],
                [
                    271,
                    289,
                    [
                        [
                            412,
                            146
                        ],
                        [
                            214,
                            146
                        ]
                    ],
                    true
                ],
                [
                    271,
                    302,
                    [
                        [
                            240,
                            188
                        ],
                        [
                            214,
                            146
                        ]
                    ],
                    true
                ],
                [
                    272,
                    273,
                    [
                        [
                            214,
                            206
                        ],
                        [
                            214,
                            176
                        ]
                    ],
                    true
                ],
                [
                    273,
                    274,
                    [
                        [
                            214,
                            236
                        ],
                        [
                            214,
                            206
                        ]
                    ],
                    true
                ],
                [
                    274,
                    275,
                    [
                        [
                            214,
                            236
                        ],
                        [
                            214,
                            266
                        ]
                    ],
                    true
                ],
                [
                    275,
                    276,
                    [
                        [
                            214,
                            296
                        ],
                        [
                            214,
                            266
                        ]
                    ],
                    true
                ],
                [
                    275,
                    297,
                    [
                        [
                            25,
                            266
                        ],
                        [
                            214,
                            266
                        ]
                    ],
                    true
                ],
                [
                    276,
                    277,
                    [
                        [
                            214,
                            326
                        ],
                        [
                            214,
                            296
                        ]
                    ],
                    true
                ],
                [
                    277,
                    278,
                    [
                        [
                            214,
                            356
                        ],
                        [
                            214,
                            326
                        ]
                    ],
                    true
                ],
                [
                    278,
                    279,
                    [
                        [
                            214,
                            386
                        ],
                        [
                            214,
                            356
                        ]
                    ],
                    true
                ],
                [
                    279,
                    280,
                    [
                        [
                            214,
                            416
                        ],
                        [
                            214,
                            386
                        ]
                    ],
                    true
                ],
                [
                    280,
                    281,
                    [
                        [
                            214,
                            446
                        ],
                        [
                            214,
                            416
                        ]
                    ],
                    true
                ],
                [
                    281,
                    282,
                    [
                        [
                            214,
                            476
                        ],
                        [
                            214,
                            446
                        ]
                    ],
                    true
                ],
                [
                    282,
                    283,
                    [
                        [
                            214,
                            506
                        ],
                        [
                            214,
                            476
                        ]
                    ],
                    true
                ],
                [
                    283,
                    284,
                    [
                        [
                            214,
                            536
                        ],
                        [
                            214,
                            506
                        ]
                    ],
                    true
                ],
                [
                    284,
                    285,
                    [
                        [
                            214,
                            566
                        ],
                        [
                            214,
                            536
                        ]
                    ],
                    true
                ],
                [
                    285,
                    286,
                    [
                        [
                            214,
                            596
                        ],
                        [
                            214,
                            566
                        ]
                    ],
                    true
                ],
                [
                    286,
                    287,
                    [
                        [
                            214,
                            626
                        ],
                        [
                            214,
                            596
                        ]
                    ],
                    true
                ],
                [
                    287,
                    288,
                    [
                        [
                            214,
                            656
                        ],
                        [
                            214,
                            626
                        ]
                    ],
                    true
                ],
                [
                    289,
                    290,
                    [
                        [
                            586,
                            146
                        ],
                        [
                            412,
                            146
                        ]
                    ],
                    true
                ],
                [
                    290,
                    291,
                    [
                        [
                            683,
                            146
                        ],
                        [
                            586,
                            146
                        ]
                    ],
                    true
                ],
                [
                    290,
                    294,
                    [
                        [
                            586,
                            265
                        ],
                        [
                            586,
                            146
                        ]
                    ],
                    true
                ],
                [
                    291,
                    292,
                    [
                        [
                            792,
                            146
                        ],
                        [
                            683,
                            146
                        ]
                    ],
                    true
                ],
                [
                    292,
                    293,
                    [
                        [
                            915,
                            146
                        ],
                        [
                            792,
                            146
                        ]
                    ],
                    true
                ],
                [
                    294,
                    295,
                    [
                        [
                            686,
                            265
                        ],
                        [
                            586,
                            265
                        ]
                    ],
                    true
                ],
                [
                    295,
                    296,
                    [
                        [
                            791,
                            265
                        ],
                        [
                            686,
                            265
                        ]
                    ],
                    true
                ],
                [
                    297,
                    298,
                    [
                        [
                            25,
                            240
                        ],
                        [
                            25,
                            266
                        ]
                    ],
                    true
                ],
                [
                    298,
                    299,
                    [
                        [
                            25,
                            240
                        ],
                        [
                            25,
                            115
                        ]
                    ],
                    true
                ],
                [
                    299,
                    300,
                    [
                        [
                            196,
                            115
                        ],
                        [
                            25,
                            115
                        ]
                    ],
                    true
                ],
                [
                    299,
                    307,
                    [
                        [
                            52,
                            164
                        ],
                        [
                            25,
                            115
                        ]
                    ],
                    true
                ],
                [
                    300,
                    301,
                    [
                        [
                            196,
                            85
                        ],
                        [
                            196,
                            115
                        ]
                    ],
                    true
                ],
                [
                    302,
                    303,
                    [
                        [
                            363,
                            188
                        ],
                        [
                            240,
                            188
                        ]
                    ],
                    true
                ],
                [
                    303,
                    304,
                    [
                        [
                            586,
                            283
                        ],
                        [
                            363,
                            188
                        ]
                    ],
                    true
                ],
                [
                    304,
                    305,
                    [
                        [
                            686,
                            283
                        ],
                        [
                            586,
                            283
                        ]
                    ],
                    true
                ],
                [
                    305,
                    306,
                    [
                        [
                            791,
                            283
                        ],
                        [
                            686,
                            283
                        ]
                    ],
                    true
                ],
                [
                    307,
                    308,
                    [
                        [
                            363,
                            164
                        ],
                        [
                            52,
                            164
                        ]
                    ],
                    true
                ],
                [
                    308,
                    309,
                    [
                        [
                            683,
                            164
                        ],
                        [
                            363,
                            164
                        ]
                    ],
                    true
                ],
                [
                    309,
                    310,
                    [
                        [
                            792,
                            164
                        ],
                        [
                            683,
                            164
                        ]
                    ],
                    true
                ],
                [
                    310,
                    311,
                    [
                        [
                            915,
                            164
                        ],
                        [
                            792,
                            164
                        ]
                    ],
                    true
                ]
            ],
            "stations": [
                {
                    "coord": [
                        214,
                        85
                    ],
                    "is_working": true,
                    "name": "Харьков-Пассажирский",
                    "rect": [
                        175,
                        49,
                        100,
                        20
                    ],
                    "text_id": 38,
                    "uid": 269
                },
                {
                    "coord": [
                        214,
                        115
                    ],
                    "is_working": true,
                    "name": "Новоселовка",
                    "rect": [
                        232,
                        106,
                        100,
                        20
                    ],
                    "text_id": 64,
                    "uid": 270
                },
                {
                    "coord": [
                        214,
                        146
                    ],
                    "is_working": true,
                    "name": "Новая Бавария",
                    "rect": [
                        93,
                        138,
                        100,
                        20
                    ],
                    "text_id": 261,
                    "uid": 271
                },
                {
                    "coord": [
                        214,
                        176
                    ],
                    "is_working": true,
                    "name": "оп. Минутка",
                    "rect": [
                        93,
                        169,
                        100,
                        20
                    ],
                    "text_id": 262,
                    "uid": 272
                },
                {
                    "coord": [
                        214,
                        206
                    ],
                    "is_working": true,
                    "name": "оп. Рыжов",
                    "rect": [
                        238,
                        201,
                        100,
                        20
                    ],
                    "text_id": 263,
                    "uid": 273
                },
                {
                    "coord": [
                        214,
                        236
                    ],
                    "is_working": true,
                    "name": "Подворки",
                    "rect": [
                        238,
                        231,
                        100,
                        20
                    ],
                    "text_id": 264,
                    "uid": 274
                },
                {
                    "coord": [
                        214,
                        266
                    ],
                    "is_working": true,
                    "name": "оп. Заречанка",
                    "rect": [
                        238,
                        259,
                        100,
                        20
                    ],
                    "text_id": 265,
                    "uid": 275
                },
                {
                    "coord": [
                        214,
                        296
                    ],
                    "is_working": true,
                    "name": "Шпаковка",
                    "rect": [
                        238,
                        291,
                        100,
                        20
                    ],
                    "text_id": 266,
                    "uid": 276
                },
                {
                    "coord": [
                        214,
                        326
                    ],
                    "is_working": true,
                    "name": "Курортная",
                    "rect": [
                        238,
                        320,
                        100,
                        20
                    ],
                    "text_id": 267,
                    "uid": 277
                },
                {
                    "coord": [
                        214,
                        356
                    ],
                    "is_working": true,
                    "name": "оп. 224 км",
                    "rect": [
                        238,
                        348,
                        100,
                        20
                    ],
                    "text_id": 268,
                    "uid": 278
                },
                {
                    "coord": [
                        214,
                        386
                    ],
                    "is_working": true,
                    "name": "Пересечная",
                    "rect": [
                        238,
                        380,
                        100,
                        20
                    ],
                    "text_id": 269,
                    "uid": 279
                },
                {
                    "coord": [
                        214,
                        416
                    ],
                    "is_working": true,
                    "name": "оп. Яротовка",
                    "rect": [
                        238,
                        409,
                        100,
                        20
                    ],
                    "text_id": 270,
                    "uid": 280
                },
                {
                    "coord": [
                        214,
                        446
                    ],
                    "is_working": true,
                    "name": "оп. 217 км",
                    "rect": [
                        238,
                        441,
                        100,
                        20
                    ],
                    "text_id": 271,
                    "uid": 281
                },
                {
                    "coord": [
                        214,
                        476
                    ],
                    "is_working": true,
                    "name": "оп. Чепелино",
                    "rect": [
                        238,
                        470,
                        100,
                        20
                    ],
                    "text_id": 272,
                    "uid": 282
                },
                {
                    "coord": [
                        214,
                        506
                    ],
                    "is_working": true,
                    "name": "оп. Феськи",
                    "rect": [
                        238,
                        498,
                        100,
                        20
                    ],
                    "text_id": 273,
                    "uid": 283
                },
                {
                    "coord": [
                        214,
                        536
                    ],
                    "is_working": true,
                    "name": "Рогозянка",
                    "rect": [
                        238,
                        530,
                        100,
                        20
                    ],
                    "text_id": 274,
                    "uid": 284
                },
                {
                    "coord": [
                        214,
                        566
                    ],
                    "is_working": true,
                    "name": "оп. 205 км",
                    "rect": [
                        238,
                        559,
                        100,
                        20
                    ],
                    "text_id": 275,
                    "uid": 285
                },
                {
                    "coord": [
                        214,
                        596
                    ],
                    "is_working": true,
                    "name": "Черноглазовка",
                    "rect": [
                        238,
                        591,
                        100,
                        20
                    ],
                    "text_id": 276,
                    "uid": 286
                },
                {
                    "coord": [
                        214,
                        626
                    ],
                    "is_working": true,
                    "name": "оп. Сосновка",
                    "rect": [
                        238,
                        619,
                        100,
                        20
                    ],
                    "text_id": 277,
                    "uid": 287
                },
                {
                    "coord": [
                        214,
                        656
                    ],
                    "is_working": true,
                    "name": "Золочев",
                    "rect": [
                        238,
                        651,
                        100,
                        20
                    ],
                    "text_id": 278,
                    "uid": 288
                },
                {
                    "coord": [
                        412,
                        146
                    ],
                    "is_working": true,
                    "name": "Пост 7 км",
                    "rect": [
                        355,
                        109,
                        100,
                        20
                    ],
                    "text_id": 279,
                    "uid": 289
                },
                {
                    "coord": [
                        586,
                        146
                    ],
                    "is_working": true,
                    "name": "оп. Диканевка",
                    "rect": [
                        531,
                        110,
                        100,
                        20
                    ],
                    "text_id": 280,
                    "uid": 290
                },
                {
                    "coord": [
                        683,
                        146
                    ],
                    "is_working": true,
                    "name": "Краснозаводская",
                    "rect": [
                        650,
                        181,
                        100,
                        20
                    ],
                    "text_id": 118,
                    "uid": 291
                },
                {
                    "coord": [
                        792,
                        146
                    ],
                    "is_working": true,
                    "name": "Верещаковка-Левада",
                    "rect": [
                        756,
                        108,
                        100,
                        20
                    ],
                    "text_id": 119,
                    "uid": 292
                },
                {
                    "coord": [
                        915,
                        146
                    ],
                    "is_working": true,
                    "name": "Харьков-Левада",
                    "rect": [
                        854,
                        183,
                        100,
                        20
                    ],
                    "text_id": 120,
                    "uid": 293
                },
                {
                    "coord": [
                        586,
                        265
                    ],
                    "is_working": true,
                    "name": "оп. 8 км",
                    "rect": [
                        525,
                        300,
                        100,
                        20
                    ],
                    "text_id": 281,
                    "uid": 294
                },
                {
                    "coord": [
                        686,
                        265
                    ],
                    "is_working": true,
                    "name": "Верещаковка-Балашовская",
                    "rect": [
                        685,
                        227,
                        100,
                        20
                    ],
                    "text_id": 282,
                    "uid": 295
                },
                {
                    "coord": [
                        791,
                        265
                    ],
                    "is_working": true,
                    "name": "Харьков-Балашовский",
                    "rect": [
                        816,
                        263,
                        100,
                        20
                    ],
                    "text_id": 283,
                    "uid": 296
                },
                {
                    "coord": [
                        25,
                        266
                    ],
                    "is_working": true,
                    "name": "Куряж",
                    "rect": [
                        37,
                        279,
                        100,
                        20
                    ],
                    "text_id": 284,
                    "uid": 297
                },
                {
                    "coord": [
                        25,
                        240
                    ],
                    "is_working": true,
                    "name": "оп. ТЭЦ-5",
                    "rect": [
                        44,
                        232,
                        100,
                        20
                    ],
                    "text_id": 285,
                    "uid": 298
                },
                {
                    "coord": [
                        25,
                        115
                    ],
                    "is_working": true,
                    "name": "Залютино",
                    "rect": [
                        8,
                        85,
                        100,
                        20
                    ],
                    "text_id": 286,
                    "uid": 299
                },
                {
                    "coord": [
                        196,
                        115
                    ],
                    "is_working": true,
                    "name": "Новоселовка-2",
                    "rect": null,
                    "text_id": 287,
                    "uid": 300
                },
                {
                    "coord": [
                        196,
                        85
                    ],
                    "is_working": true,
                    "name": "Харьков-Пассажирский-2",
                    "rect": null,
                    "text_id": 288,
                    "uid": 301
                },
                {
                    "coord": [
                        240,
                        188
                    ],
                    "is_working": true,
                    "name": "оп. 6 км",
                    "rect": [
                        252,
                        168,
                        100,
                        20
                    ],
                    "text_id": 289,
                    "uid": 302
                },
                {
                    "coord": [
                        363,
                        188
                    ],
                    "is_working": true,
                    "name": "Основа",
                    "rect": [
                        332,
                        169,
                        100,
                        20
                    ],
                    "text_id": 65,
                    "uid": 303
                },
                {
                    "coord": [
                        586,
                        283
                    ],
                    "is_working": true,
                    "name": "оп. 8 км-2",
                    "rect": null,
                    "text_id": 290,
                    "uid": 304
                },
                {
                    "coord": [
                        686,
                        283
                    ],
                    "is_working": true,
                    "name": "Верещаковка-Балашовская-2",
                    "rect": null,
                    "text_id": 291,
                    "uid": 305
                },
                {
                    "coord": [
                        791,
                        283
                    ],
                    "is_working": true,
                    "name": "Харьков-Балашовский-2",
                    "rect": null,
                    "text_id": 292,
                    "uid": 306
                },
                {
                    "coord": [
                        52,
                        164
                    ],
                    "is_working": true,
                    "name": "Новожаново",
                    "rect": [
                        36,
                        200,
                        100,
                        20
                    ],
                    "text_id": 293,
                    "uid": 307
                },
                {
                    "coord": [
                        363,
                        164
                    ],
                    "is_working": true,
                    "name": "Основа-2",
                    "rect": null,
                    "text_id": 294,
                    "uid": 308
                },
                {
                    "coord": [
                        683,
                        164
                    ],
                    "is_working": true,
                    "name": "Краснозаводская-2",
                    "rect": null,
                    "text_id": 295,
                    "uid": 309
                },
                {
                    "coord": [
                        792,
                        164
                    ],
                    "is_working": true,
                    "name": "Верещаковка-Левада-2",
                    "rect": null,
                    "text_id": 296,
                    "uid": 310
                },
                {
                    "coord": [
                        915,
                        164
                    ],
                    "is_working": true,
                    "name": "Харьков-Левада-2",
                    "rect": null,
                    "text_id": 297,
                    "uid": 311
                }
            ],
            "text_id": 298
        }
    ],
    "lines_width": 9,
    "name": "railways_zolochev",
    "name_text_id": 298,
    "stations_diameter": 19.0,
    "transfers": [
        [
            1,
            269,
            [
                234,
                85
            ],
            [
                214,
                85
            ]
        ],
        [
            4,
            293,
            [
                935,
                155
            ],
            [
                915,
                146
            ]
        ],
        [
            4,
            311,
            [
                935,
                155
            ],
            [
                915,
                164
            ]
        ],
        [
            1,
            301,
            [
                234,
                85
            ],
            [
                196,
                85
            ]
        ],
        [
            301,
            269,
            [
                196,
                85
            ],
            [
                214,
                85
            ]
        ]
    ],
    "transports": [
        "metro",
        "railway"
    ],
    "type_name": "Электричка",
    "type_text_id": 364,
    "upper_case": true,
    "width": 1085,
    "word_wrap": false
}