{
    "default_transports": [
        "metro"
    ],
    "height": 1305,
    "images": [
        "res/schemes/railways_poltava.svg"
    ],
    "is_vector": true,
    "lines": [
        {
            "labels_bg_color": "-1",
            "labels_color": "000000",
            "line_color": "CC3300",
            "line_width": 9,
            "name": "Холодногорско-Заводская",
            "segments": [],
            "stations": [
                {
                    "coord": null,
                    "is_working": true,
                    "name": "Холодная Гора",
                    "rect": null,
                    "text_id": 0,
                    "uid": 0
                },
                {
                    "coord": [
                        150,
                        105
                    ],
                    "is_working": true,
                    "name": "Южный Вокзал",
                    "rect": [
                        170,
                        100,
                        100,
                        20
                    ],
                    "text_id": 1,
                    "uid": 1
                },
                {
                    "coord": null,
                    "is_working": true,
                    "name": "Центральный рынок",
                    "rect": null,
                    "text_id": 2,
                    "uid": 2
                },
                {
                    "coord": null,
                    "is_working": true,
                    "name": "Площадь Конституции",
                    "rect": null,
                    "text_id": 3,
                    "uid": 3
                },
                {
                    "coord": null,
                    "is_working": true,
                    "name": "Проспект Гагарина",
                    "rect": null,
                    "text_id": 4,
                    "uid": 4
                },
                {
                    "coord": null,
                    "is_working": true,
                    "name": "Спортивная",
                    "rect": null,
                    "text_id": 5,
                    "uid": 5
                },
                {
                    "coord": null,
                    "is_working": true,
                    "name": "Завод им. Малышева",
                    "rect": null,
                    "text_id": 6,
                    "uid": 6
                },
                {
                    "coord": null,
                    "is_working": true,
                    "name": "Турбоатом",
                    "rect": null,
                    "text_id": 7,
                    "uid": 7
                },
                {
                    "coord": null,
                    "is_working": true,
                    "name": "Дворец спорта",
                    "rect": null,
                    "text_id": 8,
                    "uid": 8
                },
                {
                    "coord": null,
                    "is_working": true,
                    "name": "Армейская",
                    "rect": null,
                    "text_id": 9,
                    "uid": 9
                },
                {
                    "coord": null,
                    "is_working": true,
                    "name": "Им. А.С.Масельского",
                    "rect": null,
                    "text_id": 10,
                    "uid": 10
                },
                {
                    "coord": null,
                    "is_working": true,
                    "name": "Тракторный Завод",
                    "rect": null,
                    "text_id": 11,
                    "uid": 11
                },
                {
                    "coord": null,
                    "is_working": true,
                    "name": "Индустриальная",
                    "rect": null,
                    "text_id": 12,
                    "uid": 12
                },
                {
                    "coord": null,
                    "is_working": false,
                    "name": "Восточная",
                    "rect": null,
                    "text_id": 13,
                    "uid": 13
                },
                {
                    "coord": null,
                    "is_working": false,
                    "name": "Роганская",
                    "rect": null,
                    "text_id": 14,
                    "uid": 14
                },
                {
                    "coord": null,
                    "is_working": false,
                    "name": "Южная",
                    "rect": null,
                    "text_id": 15,
                    "uid": 15
                }
            ],
            "text_id": 16
        },
        {
            "labels_bg_color": "-1",
            "labels_color": "000000",
            "line_color": "AC24AC",
            "line_width": 9,
            "name": "Полтавский дизель-поезд",
            "segments": [
                [
                    362,
                    363,
                    [
                        [
                            130,
                            135
                        ],
                        [
                            130,
                            105
                        ]
                    ],
                    true
                ],
                [
                    363,
                    364,
                    [
                        [
                            130,
                            165
                        ],
                        [
                            130,
                            135
                        ]
                    ],
                    true
                ],
                [
                    364,
                    365,
                    [
                        [
                            130,
                            195
                        ],
                        [
                            130,
                            165
                        ]
                    ],
                    true
                ],
                [
                    365,
                    366,
                    [
                        [
                            130,
                            225
                        ],
                        [
                            130,
                            195
                        ]
                    ],
                    true
                ],
                [
                    366,
                    367,
                    [
                        [
                            130,
                            255
                        ],
                        [
                            130,
                            225
                        ]
                    ],
                    true
                ],
                [
                    367,
                    368,
                    [
                        [
                            130,
                            285
                        ],
                        [
                            130,
                            255
                        ]
                    ],
                    true
                ],
                [
                    368,
                    369,
                    [
                        [
                            130,
                            315
                        ],
                        [
                            130,
                            285
                        ]
                    ],
                    true
                ],
                [
                    369,
                    370,
                    [
                        [
                            130,
                            345
                        ],
                        [
                            130,
                            315
                        ]
                    ],
                    true
                ],
                [
                    370,
                    371,
                    [
                        [
                            130,
                            375
                        ],
                        [
                            130,
                            345
                        ]
                    ],
                    true
                ],
                [
                    371,
                    372,
                    [
                        [
                            130,
                            405
                        ],
                        [
                            130,
                            375
                        ]
                    ],
                    true
                ],
                [
                    372,
                    373,
                    [
                        [
                            130,
                            435
                        ],
                        [
                            130,
                            405
                        ]
                    ],
                    true
                ],
                [
                    373,
                    374,
                    [
                        [
                            130,
                            465
                        ],
                        [
                            130,
                            435
                        ]
                    ],
                    true
                ],
                [
                    374,
                    375,
                    [
                        [
                            130,
                            495
                        ],
                        [
                            130,
                            465
                        ]
                    ],
                    true
                ],
                [
                    375,
                    376,
                    [
                        [
                            130,
                            525
                        ],
                        [
                            130,
                            495
                        ]
                    ],
                    true
                ],
                [
                    376,
                    377,
                    [
                        [
                            130,
                            555
                        ],
                        [
                            130,
                            525
                        ]
                    ],
                    true
                ],
                [
                    377,
                    378,
                    [
                        [
                            130,
                            585
                        ],
                        [
                            130,
                            555
                        ]
                    ],
                    true
                ],
                [
                    378,
                    379,
                    [
                        [
                            130,
                            615
                        ],
                        [
                            130,
                            585
                        ]
                    ],
                    true
                ],
                [
                    379,
                    380,
                    [
                        [
                            130,
                            645
                        ],
                        [
                            130,
                            615
                        ]
                    ],
                    true
                ],
                [
                    380,
                    381,
                    [
                        [
                            130,
                            675
                        ],
                        [
                            130,
                            645
                        ]
                    ],
                    true
                ],
                [
                    381,
                    382,
                    [
                        [
                            130,
                            705
                        ],
                        [
                            130,
                            675
                        ]
                    ],
                    true
                ],
                [
                    382,
                    383,
                    [
                        [
                            130,
                            735
                        ],
                        [
                            130,
                            705
                        ]
                    ],
                    true
                ],
                [
                    383,
                    384,
                    [
                        [
                            130,
                            765
                        ],
                        [
                            130,
                            735
                        ]
                    ],
                    true
                ],
                [
                    384,
                    385,
                    [
                        [
                            130,
                            795
                        ],
                        [
                            130,
                            765
                        ]
                    ],
                    true
                ],
                [
                    385,
                    386,
                    [
                        [
                            130,
                            825
                        ],
                        [
                            130,
                            795
                        ]
                    ],
                    true
                ],
                [
                    386,
                    387,
                    [
                        [
                            130,
                            855
                        ],
                        [
                            130,
                            825
                        ]
                    ],
                    true
                ],
                [
                    387,
                    388,
                    [
                        [
                            130,
                            885
                        ],
                        [
                            130,
                            855
                        ]
                    ],
                    true
                ],
                [
                    388,
                    389,
                    [
                        [
                            130,
                            915
                        ],
                        [
                            130,
                            885
                        ]
                    ],
                    true
                ],
                [
                    389,
                    390,
                    [
                        [
                            130,
                            945
                        ],
                        [
                            130,
                            915
                        ]
                    ],
                    true
                ],
                [
                    390,
                    391,
                    [
                        [
                            130,
                            975
                        ],
                        [
                            130,
                            945
                        ]
                    ],
                    true
                ],
                [
                    391,
                    392,
                    [
                        [
                            130,
                            1005
                        ],
                        [
                            130,
                            975
                        ]
                    ],
                    true
                ],
                [
                    392,
                    393,
                    [
                        [
                            130,
                            1035
                        ],
                        [
                            130,
                            1005
                        ]
                    ],
                    true
                ],
                [
                    393,
                    394,
                    [
                        [
                            130,
                            1065
                        ],
                        [
                            130,
                            1035
                        ]
                    ],
                    true
                ],
                [
                    394,
                    395,
                    [
                        [
                            130,
                            1095
                        ],
                        [
                            130,
                            1065
                        ]
                    ],
                    true
                ],
                [
                    395,
                    396,
                    [
                        [
                            130,
                            1125
                        ],
                        [
                            130,
                            1095
                        ]
                    ],
                    true
                ],
                [
                    396,
                    397,
                    [
                        [
                            130,
                            1155
                        ],
                        [
                            130,
                            1125
                        ]
                    ],
                    true
                ]
            ],
            "stations": [
                {
                    "coord": [
                        130,
                        105
                    ],
                    "is_working": true,
                    "name": "Харьков-Пассажирский",
                    "rect": [
                        90,
                        71,
                        100,
                        20
                    ],
                    "text_id": 38,
                    "uid": 362
                },
                {
                    "coord": [
                        130,
                        135
                    ],
                    "is_working": true,
                    "name": "Новоселовка",
                    "rect": [
                        154,
                        124,
                        100,
                        20
                    ],
                    "text_id": 64,
                    "uid": 363
                },
                {
                    "coord": [
                        130,
                        165
                    ],
                    "is_working": true,
                    "name": "Новая Бавария",
                    "rect": [
                        154,
                        156,
                        100,
                        20
                    ],
                    "text_id": 261,
                    "uid": 364
                },
                {
                    "coord": [
                        130,
                        195
                    ],
                    "is_working": true,
                    "name": "оп. Рыжов",
                    "rect": [
                        154,
                        190,
                        100,
                        20
                    ],
                    "text_id": 263,
                    "uid": 365
                },
                {
                    "coord": [
                        130,
                        225
                    ],
                    "is_working": true,
                    "name": "Коммунар",
                    "rect": [
                        154,
                        220,
                        100,
                        20
                    ],
                    "text_id": 303,
                    "uid": 366
                },
                {
                    "coord": [
                        130,
                        255
                    ],
                    "is_working": true,
                    "name": "оп. Водяное",
                    "rect": [
                        154,
                        250,
                        100,
                        20
                    ],
                    "text_id": 304,
                    "uid": 367
                },
                {
                    "coord": [
                        130,
                        285
                    ],
                    "is_working": true,
                    "name": "Люботин",
                    "rect": [
                        154,
                        278,
                        100,
                        20
                    ],
                    "text_id": 305,
                    "uid": 368
                },
                {
                    "coord": [
                        130,
                        315
                    ],
                    "is_working": true,
                    "name": "оп. Караванная",
                    "rect": [
                        154,
                        310,
                        100,
                        20
                    ],
                    "text_id": 332,
                    "uid": 369
                },
                {
                    "coord": [
                        130,
                        345
                    ],
                    "is_working": true,
                    "name": "Совнаркомовская",
                    "rect": [
                        154,
                        339,
                        100,
                        20
                    ],
                    "text_id": 307,
                    "uid": 370
                },
                {
                    "coord": [
                        130,
                        375
                    ],
                    "is_working": true,
                    "name": "оп. Пирогово",
                    "rect": [
                        154,
                        367,
                        100,
                        20
                    ],
                    "text_id": 333,
                    "uid": 371
                },
                {
                    "coord": [
                        130,
                        405
                    ],
                    "is_working": true,
                    "name": "Огульцы",
                    "rect": [
                        154,
                        398,
                        100,
                        20
                    ],
                    "text_id": 334,
                    "uid": 372
                },
                {
                    "coord": [
                        130,
                        435
                    ],
                    "is_working": true,
                    "name": "оп. Хворостово",
                    "rect": [
                        154,
                        428,
                        100,
                        20
                    ],
                    "text_id": 335,
                    "uid": 373
                },
                {
                    "coord": [
                        130,
                        465
                    ],
                    "is_working": true,
                    "name": "Роговка",
                    "rect": [
                        154,
                        460,
                        100,
                        20
                    ],
                    "text_id": 336,
                    "uid": 374
                },
                {
                    "coord": [
                        130,
                        495
                    ],
                    "is_working": true,
                    "name": "оп. Бараново",
                    "rect": [
                        154,
                        489,
                        100,
                        20
                    ],
                    "text_id": 337,
                    "uid": 375
                },
                {
                    "coord": [
                        130,
                        525
                    ],
                    "is_working": true,
                    "name": "Ковяги",
                    "rect": [
                        154,
                        517,
                        100,
                        20
                    ],
                    "text_id": 338,
                    "uid": 376
                },
                {
                    "coord": [
                        130,
                        555
                    ],
                    "is_working": true,
                    "name": "оп. Марьино",
                    "rect": [
                        154,
                        549,
                        100,
                        20
                    ],
                    "text_id": 339,
                    "uid": 377
                },
                {
                    "coord": [
                        130,
                        585
                    ],
                    "is_working": true,
                    "name": "оп. Садки",
                    "rect": [
                        154,
                        578,
                        100,
                        20
                    ],
                    "text_id": 340,
                    "uid": 378
                },
                {
                    "coord": [
                        130,
                        615
                    ],
                    "is_working": true,
                    "name": "Водяная",
                    "rect": [
                        154,
                        610,
                        100,
                        20
                    ],
                    "text_id": 341,
                    "uid": 379
                },
                {
                    "coord": [
                        130,
                        645
                    ],
                    "is_working": true,
                    "name": "оп. Панасовка",
                    "rect": [
                        153,
                        637,
                        100,
                        20
                    ],
                    "text_id": 342,
                    "uid": 380
                },
                {
                    "coord": [
                        130,
                        675
                    ],
                    "is_working": true,
                    "name": "оп. 80 км",
                    "rect": [
                        154,
                        670,
                        100,
                        20
                    ],
                    "text_id": 343,
                    "uid": 381
                },
                {
                    "coord": [
                        130,
                        705
                    ],
                    "is_working": true,
                    "name": "Коломак",
                    "rect": [
                        154,
                        696,
                        100,
                        20
                    ],
                    "text_id": 344,
                    "uid": 382
                },
                {
                    "coord": [
                        130,
                        735
                    ],
                    "is_working": true,
                    "name": "оп. Искровка",
                    "rect": [
                        154,
                        724,
                        100,
                        20
                    ],
                    "text_id": 345,
                    "uid": 383
                },
                {
                    "coord": [
                        130,
                        765
                    ],
                    "is_working": true,
                    "name": "Скороходово",
                    "rect": [
                        154,
                        756,
                        100,
                        20
                    ],
                    "text_id": 346,
                    "uid": 384
                },
                {
                    "coord": [
                        130,
                        795
                    ],
                    "is_working": true,
                    "name": "Кочубеевка",
                    "rect": [
                        154,
                        787,
                        100,
                        20
                    ],
                    "text_id": 347,
                    "uid": 385
                },
                {
                    "coord": [
                        130,
                        825
                    ],
                    "is_working": true,
                    "name": "оп. Сторожевой",
                    "rect": [
                        154,
                        816,
                        100,
                        20
                    ],
                    "text_id": 348,
                    "uid": 386
                },
                {
                    "coord": [
                        130,
                        855
                    ],
                    "is_working": true,
                    "name": "оп. Зелёная",
                    "rect": [
                        154,
                        846,
                        100,
                        20
                    ],
                    "text_id": 349,
                    "uid": 387
                },
                {
                    "coord": [
                        130,
                        885
                    ],
                    "is_working": true,
                    "name": "Божков",
                    "rect": [
                        154,
                        877,
                        100,
                        20
                    ],
                    "text_id": 350,
                    "uid": 388
                },
                {
                    "coord": [
                        130,
                        915
                    ],
                    "is_working": true,
                    "name": "оп. Пригородная",
                    "rect": [
                        154,
                        910,
                        100,
                        20
                    ],
                    "text_id": 351,
                    "uid": 389
                },
                {
                    "coord": [
                        130,
                        945
                    ],
                    "is_working": true,
                    "name": "оп. Парасковеевка",
                    "rect": [
                        154,
                        937,
                        100,
                        20
                    ],
                    "text_id": 352,
                    "uid": 390
                },
                {
                    "coord": [
                        130,
                        975
                    ],
                    "is_working": true,
                    "name": "оп. Ковалевка",
                    "rect": [
                        154,
                        970,
                        100,
                        20
                    ],
                    "text_id": 353,
                    "uid": 391
                },
                {
                    "coord": [
                        130,
                        1005
                    ],
                    "is_working": true,
                    "name": "Свиновка",
                    "rect": [
                        154,
                        1000,
                        100,
                        20
                    ],
                    "text_id": 354,
                    "uid": 392
                },
                {
                    "coord": [
                        130,
                        1035
                    ],
                    "is_working": true,
                    "name": "оп. Лесные поляны",
                    "rect": [
                        154,
                        1030,
                        100,
                        20
                    ],
                    "text_id": 355,
                    "uid": 393
                },
                {
                    "coord": [
                        130,
                        1065
                    ],
                    "is_working": true,
                    "name": "Вакуленцы",
                    "rect": [
                        154,
                        1057,
                        100,
                        20
                    ],
                    "text_id": 356,
                    "uid": 394
                },
                {
                    "coord": [
                        130,
                        1095
                    ],
                    "is_working": true,
                    "name": "оп. Дублянщина",
                    "rect": [
                        154,
                        1090,
                        100,
                        20
                    ],
                    "text_id": 357,
                    "uid": 395
                },
                {
                    "coord": [
                        130,
                        1125
                    ],
                    "is_working": true,
                    "name": "оп. Восточный",
                    "rect": [
                        154,
                        1117,
                        100,
                        20
                    ],
                    "text_id": 358,
                    "uid": 396
                },
                {
                    "coord": [
                        130,
                        1155
                    ],
                    "is_working": true,
                    "name": "Полтава-Южная",
                    "rect": [
                        154,
                        1150,
                        100,
                        20
                    ],
                    "text_id": 359,
                    "uid": 397
                }
            ],
            "text_id": 360
        }
    ],
    "lines_width": 9,
    "name": "railways_poltava",
    "name_text_id": 360,
    "stations_diameter": 19.0,
    "transfers": [
        [
            1,
            362,
            [
                150,
                105
            ],
            [
                130,
                105
            ]
        ]
    ],
    "transports": [
        "metro",
        "railway"
    ],
    "type_name": "Электричка",
    "type_text_id": 364,
    "upper_case": true,
    "width": 300,
    "word_wrap": false
}