{
    "lines": [
        {
            "delays": [
                300,
                600
            ],
            "name": "Akhmeteli-Varketili",
            "scheme": null,
            "segments": [
                [
                    0,
                    1,
                    0
                ],
                [
                    1,
                    0,
                    0
                ],
                [
                    1,
                    2,
                    0
                ],
                [
                    2,
                    1,
                    0
                ],
                [
                    2,
                    3,
                    120
                ],
                [
                    3,
                    2,
                    120
                ],
                [
                    3,
                    4,
                    120
                ],
                [
                    4,
                    3,
                    120
                ],
                [
                    4,
                    5,
                    120
                ],
                [
                    5,
                    4,
                    120
                ],
                [
                    5,
                    6,
                    120
                ],
                [
                    6,
                    5,
                    120
                ],
                [
                    6,
                    7,
                    120
                ],
                [
                    7,
                    6,
                    120
                ],
                [
                    7,
                    8,
                    120
                ],
                [
                    8,
                    7,
                    120
                ],
                [
                    8,
                    9,
                    120
                ],
                [
                    9,
                    8,
                    120
                ],
                [
                    9,
                    10,
                    120
                ],
                [
                    10,
                    9,
                    120
                ],
                [
                    10,
                    11,
                    120
                ],
                [
                    11,
                    10,
                    120
                ],
                [
                    11,
                    12,
                    120
                ],
                [
                    12,
                    11,
                    120
                ],
                [
                    12,
                    13,
                    120
                ],
                [
                    13,
                    12,
                    120
                ],
                [
                    13,
                    14,
                    120
                ],
                [
                    14,
                    13,
                    120
                ],
                [
                    14,
                    15,
                    120
                ],
                [
                    15,
                    14,
                    120
                ],
                [
                    15,
                    16,
                    120
                ],
                [
                    16,
                    15,
                    120
                ],
                [
                    16,
                    17,
                    120
                ],
                [
                    17,
                    16,
                    120
                ],
                [
                    17,
                    18,
                    0
                ],
                [
                    18,
                    17,
                    0
                ]
            ],
            "stations": [
                [
                    0,
                    "Tbilisskoe More",
                    0
                ],
                [
                    1,
                    "Mukhiani",
                    1
                ],
                [
                    2,
                    "Akhmetelis Teatri",
                    2
                ],
                [
                    3,
                    "Sarajishvili",
                    3
                ],
                [
                    4,
                    "Guramishvili",
                    4
                ],
                [
                    5,
                    "Grmagele",
                    5
                ],
                [
                    6,
                    "Didube",
                    6
                ],
                [
                    7,
                    "Elektrodepo",
                    7
                ],
                [
                    8,
                    "Nadzaladevi",
                    8
                ],
                [
                    9,
                    "Vagzlis Moedani",
                    9
                ],
                [
                    10,
                    "Mardjanishvili",
                    10
                ],
                [
                    11,
                    "Rustaveli",
                    11
                ],
                [
                    12,
                    "Tavisuplebis Moedani",
                    12
                ],
                [
                    13,
                    "Avlabari",
                    13
                ],
                [
                    14,
                    "300 Aragveli",
                    14
                ],
                [
                    15,
                    "Isani",
                    15
                ],
                [
                    16,
                    "Samgori",
                    16
                ],
                [
                    17,
                    "Varketili",
                    17
                ],
                [
                    18,
                    "Vazisubani",
                    18
                ]
            ],
            "text_id": 19
        },
        {
            "delays": [
                300,
                600
            ],
            "name": "Saburtalo",
            "scheme": null,
            "segments": [
                [
                    19,
                    20,
                    120
                ],
                [
                    20,
                    19,
                    120
                ],
                [
                    20,
                    21,
                    120
                ],
                [
                    21,
                    20,
                    120
                ],
                [
                    21,
                    22,
                    120
                ],
                [
                    22,
                    21,
                    120
                ],
                [
                    22,
                    23,
                    120
                ],
                [
                    23,
                    22,
                    120
                ],
                [
                    23,
                    24,
                    180
                ],
                [
                    24,
                    23,
                    180
                ],
                [
                    24,
                    25,
                    180
                ],
                [
                    25,
                    24,
                    180
                ]
            ],
            "stations": [
                [
                    19,
                    "Vagzlis Moedani",
                    9
                ],
                [
                    20,
                    "Tsereteli",
                    20
                ],
                [
                    21,
                    "Politektnikuri",
                    21
                ],
                [
                    22,
                    "Medikal Institut",
                    22
                ],
                [
                    23,
                    "Delisi",
                    23
                ],
                [
                    24,
                    "Vazha Pshavela",
                    24
                ],
                [
                    25,
                    "University",
                    25
                ]
            ],
            "text_id": 26
        }
    ],
    "name": "metro",
    "transfers": [
        [
            9,
            19,
            120,
            true
        ]
    ],
    "type_name": "Метро"
}