{
    "default_transports": [
        "metro"
    ],
    "height": 330,
    "images": [
        "res/schemes/2.svg"
    ],
    "is_vector": true,
    "lines": [
        {
            "labels_bg_color": "-1",
            "labels_color": "000000",
            "line_color": "00861D",
            "line_width": 9,
            "name": "Север-Юг",
            "segments": [],
            "stations": [
                {
                    "coord": null,
                    "is_working": true,
                    "name": "Проспект Космонавтов",
                    "rect": null,
                    "text_id": 0,
                    "uid": 0
                },
                {
                    "coord": null,
                    "is_working": true,
                    "name": "Уралмаш",
                    "rect": null,
                    "text_id": 1,
                    "uid": 1
                },
                {
                    "coord": null,
                    "is_working": true,
                    "name": "Машиностроителей",
                    "rect": null,
                    "text_id": 2,
                    "uid": 2
                },
                {
                    "coord": null,
                    "is_working": true,
                    "name": "Уральская",
                    "rect": null,
                    "text_id": 3,
                    "uid": 3
                },
                {
                    "coord": null,
                    "is_working": true,
                    "name": "Динамо",
                    "rect": null,
                    "text_id": 4,
                    "uid": 4
                },
                {
                    "coord": [
                        220,
                        180
                    ],
                    "is_working": true,
                    "name": "Площадь 1905 года",
                    "rect": [
                        87,
                        173,
                        118,
                        15
                    ],
                    "text_id": 5,
                    "uid": 5
                },
                {
                    "coord": null,
                    "is_working": true,
                    "name": "Геологическая",
                    "rect": null,
                    "text_id": 6,
                    "uid": 6
                },
                {
                    "coord": null,
                    "is_working": false,
                    "name": "Бажовская",
                    "rect": null,
                    "text_id": 7,
                    "uid": 7
                },
                {
                    "coord": null,
                    "is_working": true,
                    "name": "Чкаловская",
                    "rect": null,
                    "text_id": 8,
                    "uid": 8
                },
                {
                    "coord": null,
                    "is_working": true,
                    "name": "Ботаническая",
                    "rect": null,
                    "text_id": 9,
                    "uid": 9
                }
            ],
            "text_id": 10
        },
        {
            "labels_bg_color": "-1",
            "labels_color": "000000",
            "line_color": "8080ff",
            "line_width": 9,
            "name": "Запад-Восток",
            "segments": [
                [
                    10,
                    11,
                    [
                        [
                            240,
                            100
                        ],
                        [
                            240,
                            60
                        ]
                    ],
                    false
                ],
                [
                    11,
                    12,
                    [
                        [
                            240,
                            140
                        ],
                        [
                            240,
                            100
                        ]
                    ],
                    false
                ],
                [
                    12,
                    13,
                    [
                        [
                            240,
                            180
                        ],
                        [
                            240,
                            140
                        ]
                    ],
                    false
                ]
            ],
            "stations": [
                {
                    "coord": [
                        240,
                        60
                    ],
                    "is_working": false,
                    "name": "Металлургическая",
                    "rect": [
                        256,
                        55,
                        117,
                        15
                    ],
                    "text_id": 11,
                    "uid": 10
                },
                {
                    "coord": [
                        240,
                        100
                    ],
                    "is_working": false,
                    "name": "Татищевская",
                    "rect": [
                        256,
                        95,
                        86,
                        15
                    ],
                    "text_id": 12,
                    "uid": 11
                },
                {
                    "coord": [
                        240,
                        140
                    ],
                    "is_working": false,
                    "name": "Уральских коммунаров",
                    "rect": [
                        256,
                        135,
                        147,
                        15
                    ],
                    "text_id": 13,
                    "uid": 12
                },
                {
                    "coord": [
                        240,
                        180
                    ],
                    "is_working": false,
                    "name": "Площадь 1905 года",
                    "rect": [
                        256,
                        173,
                        118,
                        15
                    ],
                    "text_id": 5,
                    "uid": 13
                }
            ],
            "text_id": 14
        },
        {
            "labels_bg_color": "-1",
            "labels_color": "000000",
            "line_color": "BBBBBB",
            "line_width": 9,
            "name": "Городская электричка",
            "segments": [],
            "stations": [
                {
                    "coord": null,
                    "is_working": true,
                    "name": "Северка",
                    "rect": null,
                    "text_id": 15,
                    "uid": 14
                },
                {
                    "coord": null,
                    "is_working": true,
                    "name": "Палкино",
                    "rect": null,
                    "text_id": 16,
                    "uid": 15
                },
                {
                    "coord": null,
                    "is_working": true,
                    "name": "Кунгурский",
                    "rect": null,
                    "text_id": 17,
                    "uid": 16
                },
                {
                    "coord": null,
                    "is_working": true,
                    "name": "Екатеринбург-Сортировочный",
                    "rect": null,
                    "text_id": 18,
                    "uid": 17
                },
                {
                    "coord": null,
                    "is_working": true,
                    "name": "Электродепо",
                    "rect": null,
                    "text_id": 19,
                    "uid": 18
                },
                {
                    "coord": null,
                    "is_working": true,
                    "name": "ВИЗ",
                    "rect": null,
                    "text_id": 20,
                    "uid": 19
                },
                {
                    "coord": null,
                    "is_working": true,
                    "name": "Екатеринбург-Пассажирский",
                    "rect": null,
                    "text_id": 21,
                    "uid": 20
                },
                {
                    "coord": null,
                    "is_working": true,
                    "name": "Первомайская",
                    "rect": null,
                    "text_id": 22,
                    "uid": 21
                },
                {
                    "coord": null,
                    "is_working": true,
                    "name": "Шарташ",
                    "rect": null,
                    "text_id": 23,
                    "uid": 22
                },
                {
                    "coord": null,
                    "is_working": true,
                    "name": "Лесотехническая",
                    "rect": null,
                    "text_id": 24,
                    "uid": 23
                },
                {
                    "coord": null,
                    "is_working": true,
                    "name": "Ботаническая",
                    "rect": null,
                    "text_id": 9,
                    "uid": 24
                },
                {
                    "coord": null,
                    "is_working": true,
                    "name": "Уктус",
                    "rect": null,
                    "text_id": 25,
                    "uid": 25
                },
                {
                    "coord": null,
                    "is_working": true,
                    "name": "Вторчермет",
                    "rect": null,
                    "text_id": 26,
                    "uid": 26
                },
                {
                    "coord": null,
                    "is_working": true,
                    "name": "Керамик",
                    "rect": null,
                    "text_id": 27,
                    "uid": 27
                },
                {
                    "coord": null,
                    "is_working": true,
                    "name": "О.п.21 км",
                    "rect": null,
                    "text_id": 28,
                    "uid": 28
                },
                {
                    "coord": null,
                    "is_working": true,
                    "name": "Сысерть",
                    "rect": null,
                    "text_id": 29,
                    "uid": 29
                }
            ],
            "text_id": 30
        }
    ],
    "lines_width": 9,
    "name": "2",
    "name_text_id": 14,
    "stations_diameter": 16.0,
    "transfers": [
        [
            3,
            20,
            null,
            null
        ],
        [
            9,
            24,
            null,
            null
        ]
    ],
    "transports": [
        "metro"
    ],
    "type_name": "Метро",
    "type_text_id": 33,
    "upper_case": true,
    "width": 390,
    "word_wrap": false
}