{
    "default_transports": [
        "metro"
    ],
    "height": 783,
    "images": [
        "res/schemes/ekaterinburg.svg"
    ],
    "is_vector": true,
    "lines": [
        {
            "labels_bg_color": "-1",
            "labels_color": "00861D",
            "line_color": "00861D",
            "line_width": 13,
            "name": "Север-Юг",
            "segments": [
                [
                    0,
                    1,
                    [
                        [
                            367,
                            81
                        ],
                        [
                            367,
                            37
                        ]
                    ],
                    true
                ],
                [
                    1,
                    2,
                    [
                        [
                            367,
                            137
                        ],
                        [
                            367,
                            81
                        ]
                    ],
                    true
                ],
                [
                    2,
                    3,
                    [
                        [
                            324,
                            180
                        ],
                        [
                            367,
                            137
                        ]
                    ],
                    true
                ],
                [
                    3,
                    4,
                    [
                        [
                            285,
                            219
                        ],
                        [
                            324,
                            180
                        ]
                    ],
                    true
                ],
                [
                    4,
                    5,
                    [
                        [
                            285,
                            268
                        ],
                        [
                            285,
                            219
                        ]
                    ],
                    true
                ],
                [
                    5,
                    6,
                    [
                        [
                            285,
                            324
                        ],
                        [
                            285,
                            268
                        ]
                    ],
                    true
                ],
                [
                    6,
                    7,
                    [
                        [
                            285,
                            371
                        ],
                        [
                            285,
                            324
                        ]
                    ],
                    false
                ],
                [
                    6,
                    8,
                    [
                        [
                            285,
                            410
                        ],
                        [
                            285,
                            324
                        ]
                    ],
                    true
                ],
                [
                    7,
                    8,
                    [
                        [
                            285,
                            410
                        ],
                        [
                            285,
                            371
                        ]
                    ],
                    false
                ],
                [
                    8,
                    9,
                    [
                        [
                            285,
                            410
                        ],
                        [
                            322,
                            447
                        ]
                    ],
                    true
                ]
            ],
            "stations": [
                {
                    "coord": [
                        367,
                        37
                    ],
                    "is_working": true,
                    "name": "Проспект Космонавтов",
                    "rect": [
                        204,
                        30,
                        148,
                        15
                    ],
                    "text_id": 0,
                    "uid": 0
                },
                {
                    "coord": [
                        367,
                        81
                    ],
                    "is_working": true,
                    "name": "Уралмаш",
                    "rect": [
                        295,
                        73,
                        57,
                        15
                    ],
                    "text_id": 1,
                    "uid": 1
                },
                {
                    "coord": [
                        367,
                        137
                    ],
                    "is_working": true,
                    "name": "Машиностроителей",
                    "rect": [
                        231,
                        113,
                        125,
                        15
                    ],
                    "text_id": 2,
                    "uid": 2
                },
                {
                    "coord": [
                        324,
                        180
                    ],
                    "is_working": true,
                    "name": "Уральская",
                    "rect": [
                        235,
                        174,
                        68,
                        15
                    ],
                    "text_id": 3,
                    "uid": 3
                },
                {
                    "coord": [
                        285,
                        219
                    ],
                    "is_working": true,
                    "name": "Динамо",
                    "rect": [
                        221,
                        210,
                        50,
                        15
                    ],
                    "text_id": 4,
                    "uid": 4
                },
                {
                    "coord": [
                        285,
                        268
                    ],
                    "is_working": true,
                    "name": "Площадь 1905 года",
                    "rect": [
                        153,
                        274,
                        118,
                        15
                    ],
                    "text_id": 5,
                    "uid": 5
                },
                {
                    "coord": [
                        285,
                        324
                    ],
                    "is_working": true,
                    "name": "Геологическая",
                    "rect": [
                        174,
                        318,
                        96,
                        15
                    ],
                    "text_id": 6,
                    "uid": 6
                },
                {
                    "coord": [
                        285,
                        371
                    ],
                    "is_working": false,
                    "name": "Бажовская",
                    "rect": [
                        196,
                        364,
                        73,
                        15
                    ],
                    "text_id": 7,
                    "uid": 7
                },
                {
                    "coord": [
                        285,
                        410
                    ],
                    "is_working": true,
                    "name": "Чкаловская",
                    "rect": [
                        195,
                        404,
                        76,
                        15
                    ],
                    "text_id": 8,
                    "uid": 8
                },
                {
                    "coord": [
                        322,
                        447
                    ],
                    "is_working": true,
                    "name": "Ботаническая",
                    "rect": [
                        214,
                        445,
                        92,
                        15
                    ],
                    "text_id": 9,
                    "uid": 9
                }
            ],
            "text_id": 10
        },
        {
            "labels_bg_color": "-1",
            "labels_color": "8080ff",
            "line_color": "8080ff",
            "line_width": 13,
            "name": "Запад-Восток",
            "segments": [
                [
                    10,
                    11,
                    [
                        [
                            179,
                            253
                        ],
                        [
                            122,
                            253
                        ]
                    ],
                    false
                ],
                [
                    11,
                    12,
                    [
                        [
                            223,
                            253
                        ],
                        [
                            179,
                            253
                        ]
                    ],
                    false
                ],
                [
                    12,
                    13,
                    [
                        [
                            270,
                            253
                        ],
                        [
                            223,
                            253
                        ]
                    ],
                    false
                ]
            ],
            "stations": [
                {
                    "coord": [
                        122,
                        253
                    ],
                    "is_working": false,
                    "name": "Металлургическая",
                    "rect": null,
                    "text_id": 11,
                    "uid": 10
                },
                {
                    "coord": [
                        179,
                        253
                    ],
                    "is_working": false,
                    "name": "Татищевская",
                    "rect": null,
                    "text_id": 12,
                    "uid": 11
                },
                {
                    "coord": [
                        223,
                        253
                    ],
                    "is_working": false,
                    "name": "Уральских коммунаров",
                    "rect": null,
                    "text_id": 13,
                    "uid": 12
                },
                {
                    "coord": [
                        270,
                        253
                    ],
                    "is_working": false,
                    "name": "Площадь 1905 года",
                    "rect": null,
                    "text_id": 5,
                    "uid": 13
                }
            ],
            "text_id": 14
        },
        {
            "labels_bg_color": "-1",
            "labels_color": "999999",
            "line_color": "BBBBBB",
            "line_width": 8,
            "name": "Городская электричка",
            "segments": [
                [
                    14,
                    15,
                    [
                        [
                            56,
                            60
                        ],
                        [
                            27,
                            31
                        ]
                    ],
                    true
                ],
                [
                    15,
                    16,
                    [
                        [
                            82,
                            86
                        ],
                        [
                            56,
                            60
                        ]
                    ],
                    true
                ],
                [
                    16,
                    17,
                    [
                        [
                            108,
                            112
                        ],
                        [
                            82,
                            86
                        ]
                    ],
                    true
                ],
                [
                    17,
                    18,
                    [
                        [
                            135,
                            139
                        ],
                        [
                            108,
                            112
                        ]
                    ],
                    true
                ],
                [
                    18,
                    19,
                    [
                        [
                            217,
                            155
                        ],
                        [
                            151.0,
                            155.0
                        ],
                        [
                            135,
                            139
                        ]
                    ],
                    true
                ],
                [
                    19,
                    20,
                    [
                        [
                            349,
                            180
                        ],
                        [
                            324.0,
                            155.0
                        ],
                        [
                            217,
                            155
                        ]
                    ],
                    true
                ],
                [
                    20,
                    21,
                    [
                        [
                            421,
                            252
                        ],
                        [
                            349,
                            180
                        ]
                    ],
                    true
                ],
                [
                    21,
                    22,
                    [
                        [
                            446,
                            277
                        ],
                        [
                            421,
                            252
                        ]
                    ],
                    true
                ],
                [
                    22,
                    23,
                    [
                        [
                            446,
                            357
                        ],
                        [
                            446,
                            277
                        ]
                    ],
                    true
                ],
                [
                    23,
                    24,
                    [
                        [
                            339,
                            464
                        ],
                        [
                            446,
                            357
                        ]
                    ],
                    true
                ],
                [
                    24,
                    25,
                    [
                        [
                            305,
                            498
                        ],
                        [
                            339,
                            464
                        ]
                    ],
                    true
                ],
                [
                    25,
                    26,
                    [
                        [
                            271,
                            532
                        ],
                        [
                            305,
                            498
                        ]
                    ],
                    true
                ],
                [
                    26,
                    27,
                    [
                        [
                            237,
                            566
                        ],
                        [
                            271,
                            532
                        ]
                    ],
                    true
                ],
                [
                    27,
                    28,
                    [
                        [
                            202,
                            601
                        ],
                        [
                            237,
                            566
                        ]
                    ],
                    true
                ],
                [
                    28,
                    29,
                    [
                        [
                            170,
                            633
                        ],
                        [
                            202,
                            601
                        ]
                    ],
                    true
                ]
            ],
            "stations": [
                {
                    "coord": [
                        27,
                        31
                    ],
                    "is_working": true,
                    "name": "Северка",
                    "rect": [
                        43,
                        17,
                        53,
                        15
                    ],
                    "text_id": 15,
                    "uid": 14
                },
                {
                    "coord": [
                        56,
                        60
                    ],
                    "is_working": true,
                    "name": "Палкино",
                    "rect": [
                        72,
                        46,
                        55,
                        15
                    ],
                    "text_id": 16,
                    "uid": 15
                },
                {
                    "coord": [
                        82,
                        86
                    ],
                    "is_working": true,
                    "name": "Кунгурский",
                    "rect": [
                        98,
                        72,
                        71,
                        15
                    ],
                    "text_id": 17,
                    "uid": 16
                },
                {
                    "coord": [
                        108,
                        112
                    ],
                    "is_working": true,
                    "name": "Екатеринбург-Сортировочный",
                    "rect": [
                        124,
                        96,
                        190,
                        15
                    ],
                    "text_id": 18,
                    "uid": 17
                },
                {
                    "coord": [
                        135,
                        139
                    ],
                    "is_working": true,
                    "name": "Электродепо",
                    "rect": [
                        150,
                        126,
                        80,
                        15
                    ],
                    "text_id": 19,
                    "uid": 18
                },
                {
                    "coord": [
                        217,
                        155
                    ],
                    "is_working": true,
                    "name": "ВИЗ",
                    "rect": [
                        196,
                        169,
                        25,
                        15
                    ],
                    "text_id": 20,
                    "uid": 19
                },
                {
                    "coord": [
                        349,
                        180
                    ],
                    "is_working": true,
                    "name": "Екатеринбург-Пассажирский",
                    "rect": [
                        370,
                        171,
                        183,
                        15
                    ],
                    "text_id": 21,
                    "uid": 20
                },
                {
                    "coord": [
                        421,
                        252
                    ],
                    "is_working": true,
                    "name": "Первомайская",
                    "rect": [
                        437,
                        234,
                        95,
                        15
                    ],
                    "text_id": 22,
                    "uid": 21
                },
                {
                    "coord": [
                        446,
                        277
                    ],
                    "is_working": true,
                    "name": "Шарташ",
                    "rect": [
                        462,
                        265,
                        51,
                        15
                    ],
                    "text_id": 23,
                    "uid": 22
                },
                {
                    "coord": [
                        446,
                        357
                    ],
                    "is_working": true,
                    "name": "Лесотехническая",
                    "rect": [
                        462,
                        352,
                        112,
                        15
                    ],
                    "text_id": 24,
                    "uid": 23
                },
                {
                    "coord": [
                        339,
                        464
                    ],
                    "is_working": true,
                    "name": "Ботаническая",
                    "rect": [
                        355,
                        463,
                        92,
                        15
                    ],
                    "text_id": 9,
                    "uid": 24
                },
                {
                    "coord": [
                        305,
                        498
                    ],
                    "is_working": true,
                    "name": "Уктус",
                    "rect": [
                        320,
                        498,
                        34,
                        15
                    ],
                    "text_id": 25,
                    "uid": 25
                },
                {
                    "coord": [
                        271,
                        532
                    ],
                    "is_working": true,
                    "name": "Вторчермет",
                    "rect": [
                        285,
                        533,
                        74,
                        15
                    ],
                    "text_id": 26,
                    "uid": 26
                },
                {
                    "coord": [
                        237,
                        566
                    ],
                    "is_working": true,
                    "name": "Керамик",
                    "rect": [
                        252,
                        564,
                        53,
                        15
                    ],
                    "text_id": 27,
                    "uid": 27
                },
                {
                    "coord": [
                        202,
                        601
                    ],
                    "is_working": true,
                    "name": "О.п.21 км",
                    "rect": [
                        217,
                        601,
                        54,
                        15
                    ],
                    "text_id": 28,
                    "uid": 28
                },
                {
                    "coord": [
                        170,
                        633
                    ],
                    "is_working": true,
                    "name": "Сысерть",
                    "rect": [
                        185,
                        633,
                        56,
                        15
                    ],
                    "text_id": 29,
                    "uid": 29
                }
            ],
            "text_id": 30
        }
    ],
    "lines_width": 13,
    "name": "metro",
    "name_text_id": 31,
    "stations_diameter": 21.0,
    "transfers": [
        [
            3,
            20,
            [
                324,
                180
            ],
            [
                349,
                180
            ]
        ],
        [
            9,
            24,
            [
                322,
                447
            ],
            [
                339,
                464
            ]
        ]
    ],
    "transports": [
        "metro"
    ],
    "type_name": "ROOT",
    "type_text_id": 32,
    "upper_case": true,
    "width": 596,
    "word_wrap": false
}