{
    "default_transports": [
        "train"
    ],
    "height": 1185,
    "images": [
        "res/schemes/railways_greben.svg"
    ],
    "is_vector": true,
    "lines": [
        {
            "labels_bg_color": "-1",
            "labels_color": "000000",
            "line_color": "CC3333",
            "line_width": 9,
            "name": "Святошинско-Броварская",
            "segments": [],
            "stations": [
                {
                    "coord": null,
                    "is_working": true,
                    "name": "Академгородок",
                    "rect": null,
                    "text_id": 0,
                    "uid": 0
                },
                {
                    "coord": null,
                    "is_working": true,
                    "name": "Житомирская",
                    "rect": null,
                    "text_id": 1,
                    "uid": 1
                },
                {
                    "coord": [
                        700,
                        36
                    ],
                    "is_working": true,
                    "name": "Святошин",
                    "rect": [
                        720,
                        26,
                        100,
                        20
                    ],
                    "text_id": 2,
                    "uid": 2
                },
                {
                    "coord": null,
                    "is_working": true,
                    "name": "Нивки",
                    "rect": null,
                    "text_id": 3,
                    "uid": 3
                },
                {
                    "coord": [
                        620,
                        71
                    ],
                    "is_working": true,
                    "name": "Берестейская",
                    "rect": [
                        500,
                        61,
                        100,
                        20
                    ],
                    "text_id": 4,
                    "uid": 4
                },
                {
                    "coord": null,
                    "is_working": true,
                    "name": "Шулявская",
                    "rect": null,
                    "text_id": 5,
                    "uid": 5
                },
                {
                    "coord": null,
                    "is_working": true,
                    "name": "Политехнический институт",
                    "rect": null,
                    "text_id": 6,
                    "uid": 6
                },
                {
                    "coord": [
                        237,
                        105
                    ],
                    "is_working": true,
                    "name": "Вокзальная",
                    "rect": [
                        260,
                        95,
                        100,
                        20
                    ],
                    "text_id": 7,
                    "uid": 7
                },
                {
                    "coord": null,
                    "is_working": true,
                    "name": "Университет",
                    "rect": null,
                    "text_id": 8,
                    "uid": 8
                },
                {
                    "coord": null,
                    "is_working": true,
                    "name": "Театральная",
                    "rect": null,
                    "text_id": 9,
                    "uid": 9
                },
                {
                    "coord": null,
                    "is_working": true,
                    "name": "Крещатик",
                    "rect": null,
                    "text_id": 10,
                    "uid": 10
                },
                {
                    "coord": null,
                    "is_working": true,
                    "name": "Арсенальная",
                    "rect": null,
                    "text_id": 11,
                    "uid": 11
                },
                {
                    "coord": null,
                    "is_working": true,
                    "name": "Днепр",
                    "rect": null,
                    "text_id": 12,
                    "uid": 12
                },
                {
                    "coord": null,
                    "is_working": true,
                    "name": "Гидропарк",
                    "rect": null,
                    "text_id": 13,
                    "uid": 13
                },
                {
                    "coord": null,
                    "is_working": true,
                    "name": "Левобережная",
                    "rect": null,
                    "text_id": 14,
                    "uid": 14
                },
                {
                    "coord": null,
                    "is_working": true,
                    "name": "Дарница",
                    "rect": null,
                    "text_id": 15,
                    "uid": 15
                },
                {
                    "coord": null,
                    "is_working": true,
                    "name": "Черниговская",
                    "rect": null,
                    "text_id": 16,
                    "uid": 16
                },
                {
                    "coord": null,
                    "is_working": true,
                    "name": "Лесная",
                    "rect": null,
                    "text_id": 17,
                    "uid": 17
                }
            ],
            "text_id": 18
        },
        {
            "labels_bg_color": "-1",
            "labels_color": "000000",
            "line_color": "339933",
            "line_width": 9,
            "name": "Сырецко-Печерская",
            "segments": [],
            "stations": [
                {
                    "coord": [
                        642,
                        100
                    ],
                    "is_working": true,
                    "name": "Сырец",
                    "rect": [
                        660,
                        90,
                        100,
                        20
                    ],
                    "text_id": 38,
                    "uid": 36
                },
                {
                    "coord": null,
                    "is_working": true,
                    "name": "Дорогожичи",
                    "rect": null,
                    "text_id": 39,
                    "uid": 37
                },
                {
                    "coord": null,
                    "is_working": true,
                    "name": "Лукьяновская",
                    "rect": null,
                    "text_id": 40,
                    "uid": 38
                },
                {
                    "coord": null,
                    "is_working": true,
                    "name": "Золотые ворота",
                    "rect": null,
                    "text_id": 41,
                    "uid": 39
                },
                {
                    "coord": null,
                    "is_working": true,
                    "name": "Дворец спорта",
                    "rect": null,
                    "text_id": 42,
                    "uid": 40
                },
                {
                    "coord": null,
                    "is_working": true,
                    "name": "Кловская",
                    "rect": null,
                    "text_id": 43,
                    "uid": 41
                },
                {
                    "coord": null,
                    "is_working": true,
                    "name": "Печерская",
                    "rect": null,
                    "text_id": 44,
                    "uid": 42
                },
                {
                    "coord": null,
                    "is_working": true,
                    "name": "Дружбы народов",
                    "rect": null,
                    "text_id": 45,
                    "uid": 43
                },
                {
                    "coord": [
                        197,
                        195
                    ],
                    "is_working": true,
                    "name": "Выдубичи",
                    "rect": [
                        80,
                        185,
                        100,
                        20
                    ],
                    "text_id": 46,
                    "uid": 44
                },
                {
                    "coord": null,
                    "is_working": true,
                    "name": "Славутич",
                    "rect": null,
                    "text_id": 47,
                    "uid": 45
                },
                {
                    "coord": null,
                    "is_working": true,
                    "name": "Осокорки",
                    "rect": null,
                    "text_id": 48,
                    "uid": 46
                },
                {
                    "coord": null,
                    "is_working": true,
                    "name": "Позняки",
                    "rect": null,
                    "text_id": 49,
                    "uid": 47
                },
                {
                    "coord": null,
                    "is_working": true,
                    "name": "Харьковская",
                    "rect": null,
                    "text_id": 50,
                    "uid": 48
                },
                {
                    "coord": null,
                    "is_working": true,
                    "name": "Вырлица",
                    "rect": null,
                    "text_id": 51,
                    "uid": 49
                },
                {
                    "coord": null,
                    "is_working": true,
                    "name": "Бориспольская",
                    "rect": null,
                    "text_id": 52,
                    "uid": 50
                },
                {
                    "coord": null,
                    "is_working": true,
                    "name": "Красный хутор",
                    "rect": null,
                    "text_id": 53,
                    "uid": 51
                }
            ],
            "text_id": 54
        },
        {
            "labels_bg_color": "-1",
            "labels_color": "000000",
            "line_color": "333399",
            "line_width": 9,
            "name": "Оболонско-Теремковская",
            "segments": [],
            "stations": [
                {
                    "coord": null,
                    "is_working": true,
                    "name": "Героев Днепра",
                    "rect": null,
                    "text_id": 19,
                    "uid": 18
                },
                {
                    "coord": null,
                    "is_working": true,
                    "name": "Минская",
                    "rect": null,
                    "text_id": 20,
                    "uid": 19
                },
                {
                    "coord": null,
                    "is_working": true,
                    "name": "Оболонь",
                    "rect": null,
                    "text_id": 21,
                    "uid": 20
                },
                {
                    "coord": [
                        574,
                        168
                    ],
                    "is_working": true,
                    "name": "Почайна",
                    "rect": [
                        600,
                        160,
                        100,
                        20
                    ],
                    "text_id": 22,
                    "uid": 21
                },
                {
                    "coord": null,
                    "is_working": true,
                    "name": "Тараса Шевченко",
                    "rect": null,
                    "text_id": 23,
                    "uid": 22
                },
                {
                    "coord": null,
                    "is_working": true,
                    "name": "Контрактовая площадь",
                    "rect": null,
                    "text_id": 24,
                    "uid": 23
                },
                {
                    "coord": null,
                    "is_working": true,
                    "name": "Почтовая площадь",
                    "rect": null,
                    "text_id": 25,
                    "uid": 24
                },
                {
                    "coord": null,
                    "is_working": true,
                    "name": "Площадь Независимости",
                    "rect": null,
                    "text_id": 26,
                    "uid": 25
                },
                {
                    "coord": null,
                    "is_working": true,
                    "name": "Площадь Льва Толстого",
                    "rect": null,
                    "text_id": 27,
                    "uid": 26
                },
                {
                    "coord": [
                        197,
                        135
                    ],
                    "is_working": true,
                    "name": "Олимпийская",
                    "rect": [
                        75,
                        130,
                        100,
                        20
                    ],
                    "text_id": 28,
                    "uid": 27
                },
                {
                    "coord": null,
                    "is_working": true,
                    "name": "Дворец \"Украина\"",
                    "rect": null,
                    "text_id": 29,
                    "uid": 28
                },
                {
                    "coord": null,
                    "is_working": true,
                    "name": "Лыбедская",
                    "rect": null,
                    "text_id": 30,
                    "uid": 29
                },
                {
                    "coord": null,
                    "is_working": true,
                    "name": "Демиевская",
                    "rect": null,
                    "text_id": 31,
                    "uid": 30
                },
                {
                    "coord": null,
                    "is_working": true,
                    "name": "Голосеевская",
                    "rect": null,
                    "text_id": 32,
                    "uid": 31
                },
                {
                    "coord": null,
                    "is_working": true,
                    "name": "Васильковская",
                    "rect": null,
                    "text_id": 33,
                    "uid": 32
                },
                {
                    "coord": null,
                    "is_working": true,
                    "name": "Выставочный центр",
                    "rect": null,
                    "text_id": 34,
                    "uid": 33
                },
                {
                    "coord": null,
                    "is_working": true,
                    "name": "Ипподром",
                    "rect": null,
                    "text_id": 35,
                    "uid": 34
                },
                {
                    "coord": null,
                    "is_working": true,
                    "name": "Теремки",
                    "rect": null,
                    "text_id": 36,
                    "uid": 35
                }
            ],
            "text_id": 37
        },
        {
            "labels_bg_color": "-1",
            "labels_color": "000000",
            "line_color": "FC9C54",
            "line_width": 9,
            "name": "Гребёнковская электричка",
            "segments": [
                [
                    266,
                    267,
                    [
                        [
                            217,
                            75
                        ],
                        [
                            217,
                            45
                        ]
                    ],
                    true
                ],
                [
                    267,
                    268,
                    [
                        [
                            217,
                            105
                        ],
                        [
                            217,
                            75
                        ]
                    ],
                    true
                ],
                [
                    268,
                    269,
                    [
                        [
                            217,
                            135
                        ],
                        [
                            217,
                            105
                        ]
                    ],
                    true
                ],
                [
                    269,
                    270,
                    [
                        [
                            217,
                            165
                        ],
                        [
                            217,
                            135
                        ]
                    ],
                    true
                ],
                [
                    270,
                    271,
                    [
                        [
                            217,
                            195
                        ],
                        [
                            217,
                            165
                        ]
                    ],
                    true
                ],
                [
                    271,
                    272,
                    [
                        [
                            217,
                            225
                        ],
                        [
                            217,
                            195
                        ]
                    ],
                    true
                ],
                [
                    272,
                    273,
                    [
                        [
                            217,
                            255
                        ],
                        [
                            217,
                            225
                        ]
                    ],
                    true
                ],
                [
                    273,
                    274,
                    [
                        [
                            217,
                            285
                        ],
                        [
                            217,
                            255
                        ]
                    ],
                    true
                ],
                [
                    273,
                    300,
                    [
                        [
                            460,
                            255
                        ],
                        [
                            217,
                            255
                        ]
                    ],
                    true
                ],
                [
                    274,
                    275,
                    [
                        [
                            217,
                            315
                        ],
                        [
                            217,
                            285
                        ]
                    ],
                    true
                ],
                [
                    275,
                    276,
                    [
                        [
                            217,
                            345
                        ],
                        [
                            217,
                            315
                        ]
                    ],
                    true
                ],
                [
                    276,
                    277,
                    [
                        [
                            217,
                            375
                        ],
                        [
                            217,
                            345
                        ]
                    ],
                    true
                ],
                [
                    277,
                    278,
                    [
                        [
                            217,
                            405
                        ],
                        [
                            217,
                            375
                        ]
                    ],
                    true
                ],
                [
                    278,
                    279,
                    [
                        [
                            217,
                            435
                        ],
                        [
                            217,
                            405
                        ]
                    ],
                    true
                ],
                [
                    279,
                    280,
                    [
                        [
                            217,
                            465
                        ],
                        [
                            217,
                            435
                        ]
                    ],
                    true
                ],
                [
                    280,
                    281,
                    [
                        [
                            217,
                            495
                        ],
                        [
                            217,
                            465
                        ]
                    ],
                    true
                ],
                [
                    281,
                    282,
                    [
                        [
                            217,
                            525
                        ],
                        [
                            217,
                            495
                        ]
                    ],
                    true
                ],
                [
                    282,
                    283,
                    [
                        [
                            217,
                            555
                        ],
                        [
                            217,
                            525
                        ]
                    ],
                    true
                ],
                [
                    283,
                    284,
                    [
                        [
                            217,
                            585
                        ],
                        [
                            217,
                            555
                        ]
                    ],
                    true
                ],
                [
                    284,
                    285,
                    [
                        [
                            217,
                            615
                        ],
                        [
                            217,
                            585
                        ]
                    ],
                    true
                ],
                [
                    285,
                    286,
                    [
                        [
                            217,
                            645
                        ],
                        [
                            217,
                            615
                        ]
                    ],
                    true
                ],
                [
                    286,
                    287,
                    [
                        [
                            217,
                            675
                        ],
                        [
                            217,
                            645
                        ]
                    ],
                    true
                ],
                [
                    287,
                    288,
                    [
                        [
                            217,
                            705
                        ],
                        [
                            217,
                            675
                        ]
                    ],
                    true
                ],
                [
                    288,
                    289,
                    [
                        [
                            217,
                            735
                        ],
                        [
                            217,
                            705
                        ]
                    ],
                    true
                ],
                [
                    289,
                    290,
                    [
                        [
                            217,
                            765
                        ],
                        [
                            217,
                            735
                        ]
                    ],
                    true
                ],
                [
                    290,
                    291,
                    [
                        [
                            217,
                            795
                        ],
                        [
                            217,
                            765
                        ]
                    ],
                    true
                ],
                [
                    291,
                    292,
                    [
                        [
                            217,
                            825
                        ],
                        [
                            217,
                            795
                        ]
                    ],
                    true
                ],
                [
                    292,
                    293,
                    [
                        [
                            217,
                            855
                        ],
                        [
                            217,
                            825
                        ]
                    ],
                    true
                ],
                [
                    293,
                    294,
                    [
                        [
                            217,
                            885
                        ],
                        [
                            217,
                            855
                        ]
                    ],
                    true
                ],
                [
                    294,
                    295,
                    [
                        [
                            217,
                            915
                        ],
                        [
                            217,
                            885
                        ]
                    ],
                    true
                ],
                [
                    295,
                    296,
                    [
                        [
                            217,
                            945
                        ],
                        [
                            217,
                            915
                        ]
                    ],
                    true
                ],
                [
                    296,
                    297,
                    [
                        [
                            217,
                            975
                        ],
                        [
                            217,
                            945
                        ]
                    ],
                    true
                ],
                [
                    297,
                    298,
                    [
                        [
                            217,
                            1005
                        ],
                        [
                            217,
                            975
                        ]
                    ],
                    true
                ],
                [
                    298,
                    299,
                    [
                        [
                            217,
                            1035
                        ],
                        [
                            217,
                            1005
                        ]
                    ],
                    true
                ],
                [
                    300,
                    301,
                    [
                        [
                            481,
                            233
                        ],
                        [
                            460,
                            255
                        ]
                    ],
                    true
                ],
                [
                    301,
                    302,
                    [
                        [
                            503,
                            212
                        ],
                        [
                            481,
                            233
                        ]
                    ],
                    true
                ],
                [
                    302,
                    303,
                    [
                        [
                            527,
                            187
                        ],
                        [
                            503,
                            212
                        ]
                    ],
                    true
                ],
                [
                    303,
                    304,
                    [
                        [
                            551,
                            163
                        ],
                        [
                            527,
                            187
                        ]
                    ],
                    true
                ],
                [
                    304,
                    305,
                    [
                        [
                            573,
                            141
                        ],
                        [
                            551,
                            163
                        ]
                    ],
                    true
                ],
                [
                    305,
                    306,
                    [
                        [
                            597,
                            118
                        ],
                        [
                            573,
                            141
                        ]
                    ],
                    true
                ],
                [
                    306,
                    307,
                    [
                        [
                            619,
                            95
                        ],
                        [
                            597,
                            118
                        ]
                    ],
                    true
                ],
                [
                    307,
                    308,
                    [
                        [
                            644,
                            71
                        ],
                        [
                            619,
                            95
                        ]
                    ],
                    true
                ],
                [
                    308,
                    309,
                    [
                        [
                            606,
                            34
                        ],
                        [
                            644,
                            71
                        ]
                    ],
                    true
                ],
                [
                    308,
                    310,
                    [
                        [
                            679,
                            36
                        ],
                        [
                            644,
                            71
                        ]
                    ],
                    true
                ]
            ],
            "stations": [
                {
                    "coord": [
                        217,
                        45
                    ],
                    "is_working": true,
                    "name": "Киев - Волынский",
                    "rect": [
                        241,
                        35,
                        100,
                        20
                    ],
                    "text_id": 96,
                    "uid": 266
                },
                {
                    "coord": [
                        217,
                        75
                    ],
                    "is_working": true,
                    "name": "Караваевые Дачи",
                    "rect": [
                        241,
                        65,
                        100,
                        20
                    ],
                    "text_id": 97,
                    "uid": 267
                },
                {
                    "coord": [
                        217,
                        105
                    ],
                    "is_working": true,
                    "name": "Киев - Пассаржиский/пл. Северная",
                    "rect": [
                        246,
                        83,
                        100,
                        20
                    ],
                    "text_id": 98,
                    "uid": 268
                },
                {
                    "coord": [
                        217,
                        135
                    ],
                    "is_working": true,
                    "name": "пл. Протасов Яр",
                    "rect": [
                        241,
                        125,
                        100,
                        20
                    ],
                    "text_id": 197,
                    "uid": 269
                },
                {
                    "coord": [
                        217,
                        165
                    ],
                    "is_working": true,
                    "name": "Киев - Московский",
                    "rect": [
                        241,
                        155,
                        100,
                        20
                    ],
                    "text_id": 198,
                    "uid": 270
                },
                {
                    "coord": [
                        217,
                        195
                    ],
                    "is_working": true,
                    "name": "пл. Выдубычи",
                    "rect": [
                        241,
                        185,
                        100,
                        20
                    ],
                    "text_id": 199,
                    "uid": 271
                },
                {
                    "coord": [
                        217,
                        225
                    ],
                    "is_working": true,
                    "name": "пл. Левый Берег",
                    "rect": [
                        241,
                        215,
                        100,
                        20
                    ],
                    "text_id": 241,
                    "uid": 272
                },
                {
                    "coord": [
                        217,
                        255
                    ],
                    "is_working": true,
                    "name": "Дарница",
                    "rect": [
                        97,
                        246,
                        100,
                        20
                    ],
                    "text_id": 15,
                    "uid": 273
                },
                {
                    "coord": [
                        217,
                        285
                    ],
                    "is_working": true,
                    "name": "пл. Фармацевтическая",
                    "rect": [
                        241,
                        275,
                        100,
                        20
                    ],
                    "text_id": 242,
                    "uid": 274
                },
                {
                    "coord": [
                        217,
                        315
                    ],
                    "is_working": true,
                    "name": "пл. Лестничество",
                    "rect": [
                        241,
                        305,
                        100,
                        20
                    ],
                    "text_id": 243,
                    "uid": 275
                },
                {
                    "coord": [
                        217,
                        345
                    ],
                    "is_working": true,
                    "name": "Бортничи",
                    "rect": [
                        241,
                        335,
                        100,
                        20
                    ],
                    "text_id": 244,
                    "uid": 276
                },
                {
                    "coord": [
                        217,
                        375
                    ],
                    "is_working": true,
                    "name": "пл. М.Александp",
                    "rect": [
                        241,
                        365,
                        100,
                        20
                    ],
                    "text_id": 245,
                    "uid": 277
                },
                {
                    "coord": [
                        217,
                        405
                    ],
                    "is_working": true,
                    "name": "пл. Чубинский",
                    "rect": [
                        241,
                        395,
                        100,
                        20
                    ],
                    "text_id": 246,
                    "uid": 278
                },
                {
                    "coord": [
                        217,
                        435
                    ],
                    "is_working": true,
                    "name": "Борисполь",
                    "rect": [
                        241,
                        425,
                        100,
                        20
                    ],
                    "text_id": 247,
                    "uid": 279
                },
                {
                    "coord": [
                        217,
                        465
                    ],
                    "is_working": true,
                    "name": "пл. Тpавнева",
                    "rect": [
                        241,
                        455,
                        100,
                        20
                    ],
                    "text_id": 248,
                    "uid": 280
                },
                {
                    "coord": [
                        217,
                        495
                    ],
                    "is_working": true,
                    "name": "пл. Кучакова",
                    "rect": [
                        241,
                        485,
                        100,
                        20
                    ],
                    "text_id": 249,
                    "uid": 281
                },
                {
                    "coord": [
                        217,
                        525
                    ],
                    "is_working": true,
                    "name": "пл. Hовотpоянда",
                    "rect": [
                        241,
                        515,
                        100,
                        20
                    ],
                    "text_id": 250,
                    "uid": 282
                },
                {
                    "coord": [
                        217,
                        555
                    ],
                    "is_working": true,
                    "name": "пл. Селичёвка",
                    "rect": [
                        241,
                        545,
                        100,
                        20
                    ],
                    "text_id": 251,
                    "uid": 283
                },
                {
                    "coord": [
                        217,
                        585
                    ],
                    "is_working": true,
                    "name": "Барышевка",
                    "rect": [
                        241,
                        575,
                        100,
                        20
                    ],
                    "text_id": 252,
                    "uid": 284
                },
                {
                    "coord": [
                        217,
                        615
                    ],
                    "is_working": true,
                    "name": "пл. Коржи",
                    "rect": [
                        241,
                        605,
                        100,
                        20
                    ],
                    "text_id": 253,
                    "uid": 285
                },
                {
                    "coord": [
                        217,
                        645
                    ],
                    "is_working": true,
                    "name": "пл. Октябрьский",
                    "rect": [
                        241,
                        635,
                        100,
                        20
                    ],
                    "text_id": 254,
                    "uid": 286
                },
                {
                    "coord": [
                        217,
                        675
                    ],
                    "is_working": true,
                    "name": "Беpезань",
                    "rect": [
                        97,
                        665,
                        100,
                        20
                    ],
                    "text_id": 255,
                    "uid": 287
                },
                {
                    "coord": [
                        217,
                        705
                    ],
                    "is_working": true,
                    "name": "пл. Хмелевик",
                    "rect": [
                        241,
                        695,
                        100,
                        20
                    ],
                    "text_id": 256,
                    "uid": 288
                },
                {
                    "coord": [
                        217,
                        735
                    ],
                    "is_working": true,
                    "name": "Переяславская",
                    "rect": [
                        97,
                        724,
                        100,
                        20
                    ],
                    "text_id": 257,
                    "uid": 289
                },
                {
                    "coord": [
                        217,
                        765
                    ],
                    "is_working": true,
                    "name": "пл. 78 км",
                    "rect": [
                        241,
                        755,
                        100,
                        20
                    ],
                    "text_id": 258,
                    "uid": 290
                },
                {
                    "coord": [
                        217,
                        795
                    ],
                    "is_working": true,
                    "name": "пл. Утренний",
                    "rect": [
                        241,
                        785,
                        100,
                        20
                    ],
                    "text_id": 259,
                    "uid": 291
                },
                {
                    "coord": [
                        217,
                        825
                    ],
                    "is_working": true,
                    "name": "Яготин",
                    "rect": [
                        97,
                        816,
                        100,
                        20
                    ],
                    "text_id": 260,
                    "uid": 292
                },
                {
                    "coord": [
                        217,
                        855
                    ],
                    "is_working": true,
                    "name": "пл. Чеpняхов",
                    "rect": [
                        241,
                        845,
                        100,
                        20
                    ],
                    "text_id": 261,
                    "uid": 293
                },
                {
                    "coord": [
                        217,
                        885
                    ],
                    "is_working": true,
                    "name": "пл. Богдановка",
                    "rect": [
                        241,
                        875,
                        100,
                        20
                    ],
                    "text_id": 262,
                    "uid": 294
                },
                {
                    "coord": [
                        217,
                        915
                    ],
                    "is_working": true,
                    "name": "Кононовка",
                    "rect": [
                        241,
                        905,
                        100,
                        20
                    ],
                    "text_id": 263,
                    "uid": 295
                },
                {
                    "coord": [
                        217,
                        945
                    ],
                    "is_working": true,
                    "name": "Марьяновка",
                    "rect": [
                        241,
                        935,
                        100,
                        20
                    ],
                    "text_id": 264,
                    "uid": 296
                },
                {
                    "coord": [
                        217,
                        975
                    ],
                    "is_working": true,
                    "name": "пл. Парижская Коммуна",
                    "rect": [
                        241,
                        965,
                        100,
                        20
                    ],
                    "text_id": 265,
                    "uid": 297
                },
                {
                    "coord": [
                        217,
                        1005
                    ],
                    "is_working": true,
                    "name": "пл. Сл. Петровка",
                    "rect": [
                        241,
                        995,
                        100,
                        20
                    ],
                    "text_id": 266,
                    "uid": 298
                },
                {
                    "coord": [
                        217,
                        1035
                    ],
                    "is_working": true,
                    "name": "Гребёнка",
                    "rect": [
                        97,
                        1023,
                        100,
                        20
                    ],
                    "text_id": 267,
                    "uid": 299
                },
                {
                    "coord": [
                        460,
                        255
                    ],
                    "is_working": true,
                    "name": "пл. Киев - Русановка",
                    "rect": [
                        441,
                        271,
                        100,
                        20
                    ],
                    "text_id": 268,
                    "uid": 300
                },
                {
                    "coord": [
                        481,
                        233
                    ],
                    "is_working": true,
                    "name": "Киев - Днепровский",
                    "rect": [
                        500,
                        233,
                        100,
                        20
                    ],
                    "text_id": 269,
                    "uid": 301
                },
                {
                    "coord": [
                        503,
                        212
                    ],
                    "is_working": true,
                    "name": "Троещина",
                    "rect": [
                        389,
                        196,
                        100,
                        20
                    ],
                    "text_id": 270,
                    "uid": 302
                },
                {
                    "coord": [
                        527,
                        187
                    ],
                    "is_working": true,
                    "name": "пл. Оболонь",
                    "rect": [
                        546,
                        186,
                        100,
                        20
                    ],
                    "text_id": 271,
                    "uid": 303
                },
                {
                    "coord": [
                        551,
                        163
                    ],
                    "is_working": true,
                    "name": "Киев - Петровка",
                    "rect": [
                        436,
                        147,
                        100,
                        20
                    ],
                    "text_id": 55,
                    "uid": 304
                },
                {
                    "coord": [
                        573,
                        141
                    ],
                    "is_working": true,
                    "name": "пл. Зенит",
                    "rect": [
                        594,
                        139,
                        100,
                        20
                    ],
                    "text_id": 56,
                    "uid": 305
                },
                {
                    "coord": [
                        597,
                        118
                    ],
                    "is_working": true,
                    "name": "пл. Вышгородская",
                    "rect": [
                        613,
                        116,
                        100,
                        20
                    ],
                    "text_id": 57,
                    "uid": 306
                },
                {
                    "coord": [
                        619,
                        95
                    ],
                    "is_working": true,
                    "name": "пл. Сырец",
                    "rect": [
                        500,
                        83,
                        100,
                        20
                    ],
                    "text_id": 58,
                    "uid": 307
                },
                {
                    "coord": [
                        644,
                        71
                    ],
                    "is_working": true,
                    "name": "пл. Рубежовская",
                    "rect": [
                        665,
                        64,
                        100,
                        20
                    ],
                    "text_id": 59,
                    "uid": 308
                },
                {
                    "coord": [
                        606,
                        34
                    ],
                    "is_working": true,
                    "name": "пл. Борщаговка",
                    "rect": [
                        545,
                        5,
                        100,
                        20
                    ],
                    "text_id": 95,
                    "uid": 309
                },
                {
                    "coord": [
                        679,
                        36
                    ],
                    "is_working": true,
                    "name": "Святошино",
                    "rect": [
                        660,
                        5,
                        100,
                        20
                    ],
                    "text_id": 60,
                    "uid": 310
                }
            ],
            "text_id": 272
        }
    ],
    "lines_width": 9,
    "name": "railways_greben",
    "name_text_id": 272,
    "stations_diameter": 19.0,
    "transfers": [
        [
            10,
            25,
            null,
            null
        ],
        [
            39,
            9,
            null,
            null
        ],
        [
            26,
            40,
            null,
            null
        ],
        [
            308,
            4,
            [
                644,
                71
            ],
            [
                620,
                71
            ]
        ],
        [
            268,
            7,
            [
                217,
                105
            ],
            [
                237,
                105
            ]
        ],
        [
            304,
            21,
            [
                551,
                163
            ],
            [
                574,
                168
            ]
        ],
        [
            307,
            36,
            [
                619,
                95
            ],
            [
                642,
                100
            ]
        ],
        [
            271,
            44,
            [
                217,
                195
            ],
            [
                197,
                195
            ]
        ],
        [
            269,
            27,
            [
                217,
                135
            ],
            [
                197,
                135
            ]
        ],
        [
            310,
            2,
            [
                679,
                36
            ],
            [
                700,
                36
            ]
        ]
    ],
    "transports": [
        "metro",
        "train"
    ],
    "type_name": "Электричка",
    "type_text_id": 356,
    "upper_case": true,
    "width": 850,
    "word_wrap": false
}