{
    "lines": [
        {
            "delays": [
                180,
                360
            ],
            "name": "1",
            "scheme": null,
            "segments": [
                [
                    0,
                    1,
                    120
                ],
                [
                    1,
                    0,
                    120
                ],
                [
                    1,
                    2,
                    120
                ],
                [
                    2,
                    1,
                    120
                ],
                [
                    2,
                    3,
                    120
                ],
                [
                    3,
                    2,
                    120
                ],
                [
                    3,
                    4,
                    120
                ],
                [
                    4,
                    3,
                    120
                ],
                [
                    4,
                    5,
                    120
                ],
                [
                    5,
                    4,
                    120
                ],
                [
                    5,
                    6,
                    120
                ],
                [
                    6,
                    5,
                    120
                ],
                [
                    6,
                    7,
                    120
                ],
                [
                    7,
                    6,
                    120
                ],
                [
                    7,
                    8,
                    120
                ],
                [
                    8,
                    7,
                    120
                ],
                [
                    8,
                    9,
                    120
                ],
                [
                    9,
                    8,
                    120
                ],
                [
                    9,
                    10,
                    120
                ],
                [
                    10,
                    9,
                    120
                ],
                [
                    10,
                    11,
                    120
                ],
                [
                    11,
                    10,
                    120
                ],
                [
                    11,
                    12,
                    120
                ],
                [
                    12,
                    11,
                    120
                ],
                [
                    12,
                    13,
                    120
                ],
                [
                    13,
                    12,
                    120
                ],
                [
                    13,
                    14,
                    120
                ],
                [
                    14,
                    13,
                    120
                ],
                [
                    14,
                    15,
                    120
                ],
                [
                    15,
                    14,
                    120
                ],
                [
                    15,
                    16,
                    120
                ],
                [
                    16,
                    15,
                    120
                ],
                [
                    16,
                    17,
                    120
                ],
                [
                    17,
                    16,
                    120
                ],
                [
                    17,
                    18,
                    120
                ],
                [
                    18,
                    17,
                    120
                ],
                [
                    18,
                    19,
                    120
                ],
                [
                    19,
                    18,
                    120
                ],
                [
                    19,
                    20,
                    120
                ],
                [
                    20,
                    19,
                    120
                ],
                [
                    20,
                    21,
                    120
                ],
                [
                    21,
                    20,
                    120
                ]
            ],
            "stations": [
                [
                    0,
                    "Propatria",
                    0
                ],
                [
                    1,
                    "Perez Bonalde",
                    1
                ],
                [
                    2,
                    "Plaza Sucre",
                    2
                ],
                [
                    3,
                    "Gato Negro",
                    3
                ],
                [
                    4,
                    "Agua Salud",
                    4
                ],
                [
                    5,
                    "Cano Amarillo",
                    5
                ],
                [
                    6,
                    "Capitolio",
                    6
                ],
                [
                    7,
                    "La Hoyada",
                    7
                ],
                [
                    8,
                    "Parque Carabobo",
                    8
                ],
                [
                    9,
                    "Bellas Artes",
                    9
                ],
                [
                    10,
                    "Colegio de Ingenieros",
                    10
                ],
                [
                    11,
                    "Plaza Venezuela",
                    11
                ],
                [
                    12,
                    "Sabana Grande",
                    12
                ],
                [
                    13,
                    "Chaca-to",
                    13
                ],
                [
                    14,
                    "Chacao",
                    14
                ],
                [
                    15,
                    "Altamira",
                    15
                ],
                [
                    16,
                    "Parque del Este",
                    16
                ],
                [
                    17,
                    "Los Dos Caminos",
                    17
                ],
                [
                    18,
                    "Los Cortijos",
                    18
                ],
                [
                    19,
                    "La California",
                    19
                ],
                [
                    20,
                    "Petare",
                    20
                ],
                [
                    21,
                    "Palo Verde",
                    21
                ]
            ],
            "text_id": 22
        },
        {
            "delays": [
                180,
                360
            ],
            "name": "2",
            "scheme": null,
            "segments": [
                [
                    22,
                    23,
                    120
                ],
                [
                    23,
                    22,
                    120
                ],
                [
                    23,
                    24,
                    120
                ],
                [
                    24,
                    23,
                    120
                ],
                [
                    24,
                    25,
                    120
                ],
                [
                    24,
                    34,
                    120
                ],
                [
                    25,
                    24,
                    120
                ],
                [
                    25,
                    26,
                    120
                ],
                [
                    26,
                    25,
                    120
                ],
                [
                    26,
                    27,
                    120
                ],
                [
                    27,
                    26,
                    120
                ],
                [
                    27,
                    28,
                    120
                ],
                [
                    28,
                    27,
                    120
                ],
                [
                    28,
                    29,
                    120
                ],
                [
                    29,
                    28,
                    120
                ],
                [
                    29,
                    30,
                    120
                ],
                [
                    30,
                    29,
                    120
                ],
                [
                    30,
                    31,
                    120
                ],
                [
                    31,
                    30,
                    120
                ],
                [
                    31,
                    32,
                    120
                ],
                [
                    32,
                    31,
                    120
                ],
                [
                    33,
                    34,
                    120
                ],
                [
                    34,
                    24,
                    120
                ],
                [
                    34,
                    33,
                    120
                ]
            ],
            "stations": [
                [
                    22,
                    "Las Adjuntas",
                    23
                ],
                [
                    23,
                    "Ruiz Pineda",
                    24
                ],
                [
                    24,
                    "Mamera",
                    25
                ],
                [
                    25,
                    "Ant-mano",
                    26
                ],
                [
                    26,
                    "Carapita",
                    27
                ],
                [
                    27,
                    "La Yaguara",
                    28
                ],
                [
                    28,
                    "La Paz",
                    29
                ],
                [
                    29,
                    "Artigas",
                    30
                ],
                [
                    30,
                    "Maternidad",
                    31
                ],
                [
                    31,
                    "Capuchinos",
                    32
                ],
                [
                    32,
                    "Capitolio",
                    6
                ],
                [
                    33,
                    "Zoologico",
                    33
                ],
                [
                    34,
                    "Caricuao",
                    34
                ]
            ],
            "text_id": 35
        },
        {
            "delays": [
                180,
                360
            ],
            "name": "3",
            "scheme": null,
            "segments": [
                [
                    35,
                    36,
                    120
                ],
                [
                    36,
                    35,
                    120
                ],
                [
                    36,
                    37,
                    120
                ],
                [
                    37,
                    36,
                    120
                ],
                [
                    37,
                    38,
                    120
                ],
                [
                    38,
                    37,
                    120
                ],
                [
                    38,
                    39,
                    120
                ],
                [
                    39,
                    38,
                    120
                ],
                [
                    39,
                    40,
                    120
                ],
                [
                    40,
                    39,
                    120
                ],
                [
                    40,
                    41,
                    120
                ],
                [
                    41,
                    40,
                    120
                ],
                [
                    41,
                    42,
                    120
                ],
                [
                    42,
                    41,
                    120
                ],
                [
                    42,
                    43,
                    120
                ],
                [
                    43,
                    42,
                    120
                ]
            ],
            "stations": [
                [
                    35,
                    "La Rinconada",
                    36
                ],
                [
                    36,
                    "Mercado",
                    37
                ],
                [
                    37,
                    "Coche",
                    38
                ],
                [
                    38,
                    "Los Gardines",
                    39
                ],
                [
                    39,
                    "El Valle",
                    40
                ],
                [
                    40,
                    "La Bandera",
                    41
                ],
                [
                    41,
                    "Los S-mbolos",
                    42
                ],
                [
                    42,
                    "Ciudad Universitaria",
                    43
                ],
                [
                    43,
                    "Plaza Venezuela",
                    11
                ]
            ],
            "text_id": 44
        },
        {
            "delays": [
                180,
                360
            ],
            "name": "4",
            "scheme": null,
            "segments": [
                [
                    44,
                    45,
                    120
                ],
                [
                    45,
                    44,
                    120
                ],
                [
                    45,
                    46,
                    120
                ],
                [
                    46,
                    45,
                    120
                ],
                [
                    46,
                    47,
                    120
                ],
                [
                    47,
                    46,
                    120
                ],
                [
                    47,
                    48,
                    120
                ],
                [
                    48,
                    47,
                    120
                ]
            ],
            "stations": [
                [
                    44,
                    "Capuchinos",
                    32
                ],
                [
                    45,
                    "Teatros",
                    45
                ],
                [
                    46,
                    "Nuevo Circo",
                    46
                ],
                [
                    47,
                    "Parque Central",
                    47
                ],
                [
                    48,
                    "Zona Rental",
                    48
                ]
            ],
            "text_id": 49
        },
        {
            "delays": [
                180,
                360
            ],
            "name": "5",
            "scheme": null,
            "segments": [
                [
                    49,
                    50,
                    120
                ],
                [
                    50,
                    49,
                    120
                ]
            ],
            "stations": [
                [
                    49,
                    "Zona Rental",
                    48
                ],
                [
                    50,
                    "Bello Monte",
                    50
                ]
            ],
            "text_id": 51
        }
    ],
    "name": "metro",
    "transfers": [
        [
            32,
            6,
            120,
            true
        ],
        [
            43,
            11,
            120,
            true
        ],
        [
            48,
            43,
            120,
            true
        ],
        [
            44,
            31,
            120,
            true
        ],
        [
            48,
            11,
            120,
            true
        ],
        [
            49,
            48,
            120,
            true
        ],
        [
            49,
            43,
            120,
            true
        ],
        [
            49,
            11,
            120,
            true
        ]
    ],
    "type_name": "Метро"
}