{
    "lines": [
        {
            "delays": [
                420,
                300,
                660,
                600
            ],
            "name": "Центрально-заводская",
            "scheme": null,
            "segments": [
                [
                    0,
                    1,
                    0
                ],
                [
                    1,
                    0,
                    0
                ],
                [
                    1,
                    2,
                    0
                ],
                [
                    2,
                    1,
                    0
                ],
                [
                    2,
                    3,
                    0
                ],
                [
                    3,
                    2,
                    0
                ],
                [
                    3,
                    4,
                    0
                ],
                [
                    4,
                    3,
                    0
                ],
                [
                    4,
                    5,
                    124
                ],
                [
                    5,
                    4,
                    124
                ],
                [
                    5,
                    6,
                    134
                ],
                [
                    6,
                    5,
                    134
                ],
                [
                    6,
                    7,
                    120
                ],
                [
                    7,
                    6,
                    120
                ],
                [
                    7,
                    8,
                    140
                ],
                [
                    8,
                    7,
                    140
                ],
                [
                    8,
                    9,
                    159
                ],
                [
                    9,
                    8,
                    159
                ],
                [
                    9,
                    10,
                    0
                ],
                [
                    10,
                    9,
                    0
                ],
                [
                    10,
                    11,
                    0
                ],
                [
                    11,
                    10,
                    0
                ]
            ],
            "stations": [
                [
                    0,
                    "Днепр",
                    0
                ],
                [
                    1,
                    "Исторический Музей",
                    1
                ],
                [
                    2,
                    "Центральная",
                    2
                ],
                [
                    3,
                    "Театральная",
                    3
                ],
                [
                    4,
                    "Вокзальная",
                    4
                ],
                [
                    5,
                    "Метростроителей",
                    5
                ],
                [
                    6,
                    "Металлургов",
                    6
                ],
                [
                    7,
                    "Заводская",
                    7
                ],
                [
                    8,
                    "Проспект Свободы",
                    8
                ],
                [
                    9,
                    "Покровская",
                    9
                ],
                [
                    10,
                    "Парус",
                    10
                ],
                [
                    11,
                    "Парус-2",
                    11
                ]
            ],
            "text_id": 12
        }
    ],
    "name": "metro",
    "transfers": [],
    "type_name": "Метро"
}