{
    "default_transports": [
        "metro"
    ],
    "height": 1032,
    "images": [
        "res/schemes/novgorod.svg"
    ],
    "is_vector": true,
    "lines": [
        {
            "labels_bg_color": "-1",
            "labels_color": "1E90FF",
            "line_color": "1E90FF",
            "line_width": 6,
            "name": "Панковко-Кречевицкая",
            "segments": [
                [
                    0,
                    1,
                    [
                        [
                            401,
                            156
                        ],
                        [
                            415,
                            121
                        ]
                    ],
                    true
                ],
                [
                    1,
                    2,
                    [
                        [
                            384,
                            210
                        ],
                        [
                            401,
                            156
                        ]
                    ],
                    true
                ],
                [
                    2,
                    3,
                    [
                        [
                            318,
                            180
                        ],
                        [
                            384,
                            210
                        ]
                    ],
                    true
                ],
                [
                    3,
                    4,
                    [
                        [
                            311,
                            220
                        ],
                        [
                            318,
                            180
                        ]
                    ],
                    true
                ],
                [
                    4,
                    5,
                    [
                        [
                            347,
                            251
                        ],
                        [
                            311,
                            220
                        ]
                    ],
                    true
                ],
                [
                    5,
                    6,
                    [
                        [
                            320,
                            305
                        ],
                        [
                            347,
                            251
                        ]
                    ],
                    true
                ],
                [
                    6,
                    7,
                    [
                        [
                            284,
                            390
                        ],
                        [
                            320,
                            305
                        ]
                    ],
                    true
                ],
                [
                    7,
                    8,
                    [
                        [
                            294,
                            446
                        ],
                        [
                            284,
                            390
                        ]
                    ],
                    true
                ],
                [
                    8,
                    9,
                    [
                        [
                            228,
                            550
                        ],
                        [
                            294,
                            446
                        ]
                    ],
                    true
                ],
                [
                    9,
                    10,
                    [
                        [
                            172,
                            620
                        ],
                        [
                            228,
                            550
                        ]
                    ],
                    true
                ],
                [
                    10,
                    11,
                    [
                        [
                            138,
                            654
                        ],
                        [
                            172,
                            620
                        ]
                    ],
                    true
                ],
                [
                    11,
                    12,
                    [
                        [
                            116,
                            683
                        ],
                        [
                            138,
                            654
                        ]
                    ],
                    true
                ],
                [
                    12,
                    13,
                    [
                        [
                            204,
                            712
                        ],
                        [
                            116,
                            683
                        ]
                    ],
                    true
                ],
                [
                    13,
                    14,
                    [
                        [
                            290,
                            728
                        ],
                        [
                            204,
                            712
                        ]
                    ],
                    true
                ],
                [
                    14,
                    15,
                    [
                        [
                            246,
                            882
                        ],
                        [
                            290,
                            728
                        ]
                    ],
                    true
                ]
            ],
            "stations": [
                {
                    "coord": [
                        415,
                        121
                    ],
                    "is_working": true,
                    "name": "Кречевицы",
                    "rect": [
                        342,
                        111,
                        59,
                        15
                    ],
                    "text_id": 0,
                    "uid": 0
                },
                {
                    "coord": [
                        401,
                        156
                    ],
                    "is_working": true,
                    "name": "Трубичино",
                    "rect": [
                        330,
                        147,
                        56,
                        15
                    ],
                    "text_id": 1,
                    "uid": 1
                },
                {
                    "coord": [
                        384,
                        210
                    ],
                    "is_working": true,
                    "name": "Волховский",
                    "rect": [
                        351,
                        222,
                        64,
                        15
                    ],
                    "text_id": 2,
                    "uid": 2
                },
                {
                    "coord": [
                        318,
                        180
                    ],
                    "is_working": true,
                    "name": "Сырково",
                    "rect": [
                        257,
                        172,
                        48,
                        15
                    ],
                    "text_id": 3,
                    "uid": 3
                },
                {
                    "coord": [
                        311,
                        220
                    ],
                    "is_working": true,
                    "name": "Рабочая",
                    "rect": [
                        253,
                        211,
                        45,
                        15
                    ],
                    "text_id": 4,
                    "uid": 4
                },
                {
                    "coord": [
                        347,
                        251
                    ],
                    "is_working": true,
                    "name": "Шусева",
                    "rect": [
                        289,
                        248,
                        42,
                        15
                    ],
                    "text_id": 5,
                    "uid": 5
                },
                {
                    "coord": [
                        320,
                        305
                    ],
                    "is_working": true,
                    "name": "Колмово",
                    "rect": [
                        258,
                        296,
                        47,
                        15
                    ],
                    "text_id": 6,
                    "uid": 6
                },
                {
                    "coord": [
                        284,
                        390
                    ],
                    "is_working": true,
                    "name": "НовГУ",
                    "rect": [
                        250,
                        357,
                        34,
                        15
                    ],
                    "text_id": 7,
                    "uid": 7
                },
                {
                    "coord": [
                        294,
                        446
                    ],
                    "is_working": true,
                    "name": "Русь",
                    "rect": [
                        291,
                        465,
                        27,
                        15
                    ],
                    "text_id": 8,
                    "uid": 8
                },
                {
                    "coord": [
                        228,
                        550
                    ],
                    "is_working": true,
                    "name": "ИЭиУ",
                    "rect": [
                        243,
                        543,
                        29,
                        15
                    ],
                    "text_id": 9,
                    "uid": 9
                },
                {
                    "coord": [
                        172,
                        620
                    ],
                    "is_working": true,
                    "name": "Спорттовары",
                    "rect": [
                        187,
                        620,
                        71,
                        15
                    ],
                    "text_id": 10,
                    "uid": 10
                },
                {
                    "coord": [
                        138,
                        654
                    ],
                    "is_working": true,
                    "name": "Панковка-1",
                    "rect": [
                        154,
                        652,
                        59,
                        15
                    ],
                    "text_id": 11,
                    "uid": 11
                },
                {
                    "coord": [
                        116,
                        683
                    ],
                    "is_working": true,
                    "name": "Панковка-2",
                    "rect": [
                        43,
                        679,
                        59,
                        15
                    ],
                    "text_id": 12,
                    "uid": 12
                },
                {
                    "coord": [
                        204,
                        712
                    ],
                    "is_working": true,
                    "name": "Аэропорт",
                    "rect": [
                        138,
                        714,
                        51,
                        15
                    ],
                    "text_id": 13,
                    "uid": 13
                },
                {
                    "coord": [
                        290,
                        728
                    ],
                    "is_working": true,
                    "name": "Юрьево",
                    "rect": [
                        232,
                        736,
                        43,
                        15
                    ],
                    "text_id": 14,
                    "uid": 14
                },
                {
                    "coord": [
                        246,
                        882
                    ],
                    "is_working": true,
                    "name": "Ильмень",
                    "rect": [
                        183,
                        876,
                        49,
                        15
                    ],
                    "text_id": 15,
                    "uid": 15
                }
            ],
            "text_id": 16
        },
        {
            "labels_bg_color": "-1",
            "labels_color": "228B22",
            "line_color": "228B22",
            "line_width": 6,
            "name": "Ермолино-Деревяницкая",
            "segments": [
                [
                    16,
                    17,
                    [
                        [
                            469,
                            288
                        ],
                        [
                            472,
                            209
                        ]
                    ],
                    true
                ],
                [
                    17,
                    18,
                    [
                        [
                            392,
                            355
                        ],
                        [
                            469,
                            288
                        ]
                    ],
                    true
                ],
                [
                    18,
                    19,
                    [
                        [
                            387,
                            407
                        ],
                        [
                            392,
                            355
                        ]
                    ],
                    true
                ],
                [
                    19,
                    20,
                    [
                        [
                            311,
                            446
                        ],
                        [
                            387,
                            407
                        ]
                    ],
                    true
                ],
                [
                    20,
                    21,
                    [
                        [
                            239,
                            455
                        ],
                        [
                            311,
                            446
                        ]
                    ],
                    true
                ],
                [
                    21,
                    22,
                    [
                        [
                            175,
                            449
                        ],
                        [
                            239,
                            455
                        ]
                    ],
                    true
                ],
                [
                    22,
                    23,
                    [
                        [
                            160,
                            386
                        ],
                        [
                            175,
                            449
                        ]
                    ],
                    true
                ],
                [
                    23,
                    24,
                    [
                        [
                            31,
                            402
                        ],
                        [
                            160,
                            386
                        ]
                    ],
                    true
                ]
            ],
            "stations": [
                {
                    "coord": [
                        472,
                        209
                    ],
                    "is_working": true,
                    "name": "Деревяницы-2",
                    "rect": [
                        486,
                        203,
                        75,
                        15
                    ],
                    "text_id": 17,
                    "uid": 16
                },
                {
                    "coord": [
                        469,
                        288
                    ],
                    "is_working": true,
                    "name": "Деревяницы-1",
                    "rect": [
                        485,
                        282,
                        75,
                        15
                    ],
                    "text_id": 18,
                    "uid": 17
                },
                {
                    "coord": [
                        392,
                        355
                    ],
                    "is_working": true,
                    "name": "Сельхозинститут",
                    "rect": [
                        424,
                        339,
                        91,
                        15
                    ],
                    "text_id": 19,
                    "uid": 18
                },
                {
                    "coord": [
                        387,
                        407
                    ],
                    "is_working": true,
                    "name": "Антоново",
                    "rect": [
                        326,
                        373,
                        51,
                        15
                    ],
                    "text_id": 20,
                    "uid": 19
                },
                {
                    "coord": [
                        311,
                        446
                    ],
                    "is_working": true,
                    "name": "Русь",
                    "rect": null,
                    "text_id": 8,
                    "uid": 20
                },
                {
                    "coord": [
                        239,
                        455
                    ],
                    "is_working": true,
                    "name": "Вокзал",
                    "rect": [
                        194,
                        465,
                        39,
                        15
                    ],
                    "text_id": 21,
                    "uid": 21
                },
                {
                    "coord": [
                        175,
                        449
                    ],
                    "is_working": true,
                    "name": "Универсам",
                    "rect": [
                        180,
                        425,
                        58,
                        15
                    ],
                    "text_id": 22,
                    "uid": 22
                },
                {
                    "coord": [
                        160,
                        386
                    ],
                    "is_working": true,
                    "name": "Кочетовский рынок",
                    "rect": [
                        39,
                        357,
                        101,
                        15
                    ],
                    "text_id": 23,
                    "uid": 23
                },
                {
                    "coord": [
                        31,
                        402
                    ],
                    "is_working": true,
                    "name": "Ермолино",
                    "rect": [
                        27,
                        417,
                        54,
                        15
                    ],
                    "text_id": 24,
                    "uid": 24
                }
            ],
            "text_id": 25
        },
        {
            "labels_bg_color": "-1",
            "labels_color": "B8860B",
            "line_color": "B8860B",
            "line_width": 6,
            "name": "Ульяново-Московская",
            "segments": [
                [
                    25,
                    26,
                    [
                        [
                            105,
                            306
                        ],
                        [
                            130,
                            220
                        ]
                    ],
                    true
                ],
                [
                    26,
                    27,
                    [
                        [
                            189,
                            342
                        ],
                        [
                            105,
                            306
                        ]
                    ],
                    true
                ],
                [
                    27,
                    28,
                    [
                        [
                            266,
                            390
                        ],
                        [
                            189,
                            342
                        ]
                    ],
                    true
                ],
                [
                    28,
                    29,
                    [
                        [
                            369,
                            407
                        ],
                        [
                            266,
                            390
                        ]
                    ],
                    true
                ],
                [
                    29,
                    30,
                    [
                        [
                            416,
                            420
                        ],
                        [
                            369,
                            407
                        ]
                    ],
                    true
                ],
                [
                    30,
                    31,
                    [
                        [
                            521,
                            414
                        ],
                        [
                            416,
                            420
                        ]
                    ],
                    true
                ]
            ],
            "stations": [
                {
                    "coord": [
                        130,
                        220
                    ],
                    "is_working": true,
                    "name": "Акрон",
                    "rect": [
                        83,
                        212,
                        33,
                        15
                    ],
                    "text_id": 26,
                    "uid": 25
                },
                {
                    "coord": [
                        105,
                        306
                    ],
                    "is_working": true,
                    "name": "Ульяново",
                    "rect": [
                        122,
                        290,
                        51,
                        15
                    ],
                    "text_id": 27,
                    "uid": 26
                },
                {
                    "coord": [
                        189,
                        342
                    ],
                    "is_working": true,
                    "name": "Дека",
                    "rect": [
                        200,
                        319,
                        26,
                        15
                    ],
                    "text_id": 28,
                    "uid": 27
                },
                {
                    "coord": [
                        266,
                        390
                    ],
                    "is_working": true,
                    "name": "НовГУ",
                    "rect": null,
                    "text_id": 7,
                    "uid": 28
                },
                {
                    "coord": [
                        369,
                        407
                    ],
                    "is_working": true,
                    "name": "Антоново",
                    "rect": null,
                    "text_id": 20,
                    "uid": 29
                },
                {
                    "coord": [
                        416,
                        420
                    ],
                    "is_working": true,
                    "name": "Славия",
                    "rect": [
                        381,
                        437,
                        41,
                        15
                    ],
                    "text_id": 29,
                    "uid": 30
                },
                {
                    "coord": [
                        521,
                        414
                    ],
                    "is_working": true,
                    "name": "Дирол",
                    "rect": [
                        535,
                        407,
                        34,
                        15
                    ],
                    "text_id": 30,
                    "uid": 31
                }
            ],
            "text_id": 31
        },
        {
            "labels_bg_color": "-1",
            "labels_color": "B22222",
            "line_color": "B22222",
            "line_width": 6,
            "name": "Кремлевское кольцо",
            "segments": [
                [
                    32,
                    33,
                    [
                        [
                            408.0,
                            346.0
                        ],
                        [
                            403.81,
                            340.91
                        ],
                        [
                            399.5,
                            336.03
                        ],
                        [
                            395.06,
                            331.35
                        ],
                        [
                            390.5,
                            326.88
                        ],
                        [
                            385.81,
                            322.6
                        ],
                        [
                            381.0,
                            318.53
                        ],
                        [
                            376.06,
                            314.66
                        ],
                        [
                            371.0,
                            311.0
                        ],
                        [
                            365.81,
                            307.54
                        ],
                        [
                            360.5,
                            304.28
                        ],
                        [
                            355.06,
                            301.23
                        ],
                        [
                            349.5,
                            298.38
                        ],
                        [
                            343.81,
                            295.73
                        ],
                        [
                            338.0,
                            293.28
                        ],
                        [
                            332.06,
                            291.04
                        ],
                        [
                            326.0,
                            289.0
                        ]
                    ],
                    true
                ],
                [
                    32,
                    43,
                    [
                        [
                            172.0,
                            336.0
                        ],
                        [
                            179.98,
                            327.79
                        ],
                        [
                            188.19,
                            320.28
                        ],
                        [
                            196.61,
                            313.48
                        ],
                        [
                            205.25,
                            307.38
                        ],
                        [
                            214.11,
                            301.98
                        ],
                        [
                            223.19,
                            297.28
                        ],
                        [
                            232.48,
                            293.29
                        ],
                        [
                            242.0,
                            290.0
                        ],
                        [
                            251.73,
                            287.41
                        ],
                        [
                            261.69,
                            285.53
                        ],
                        [
                            271.86,
                            284.35
                        ],
                        [
                            282.25,
                            283.88
                        ],
                        [
                            292.86,
                            284.1
                        ],
                        [
                            303.69,
                            285.03
                        ],
                        [
                            314.73,
                            286.66
                        ],
                        [
                            326.0,
                            289.0
                        ]
                    ],
                    true
                ],
                [
                    33,
                    34,
                    [
                        [
                            434.0,
                            418.0
                        ],
                        [
                            433.31,
                            413.27
                        ],
                        [
                            432.5,
                            408.56
                        ],
                        [
                            431.56,
                            403.89
                        ],
                        [
                            430.5,
                            399.25
                        ],
                        [
                            429.31,
                            394.64
                        ],
                        [
                            428.0,
                            390.06
                        ],
                        [
                            426.56,
                            385.52
                        ],
                        [
                            425.0,
                            381.0
                        ],
                        [
                            423.31,
                            376.52
                        ],
                        [
                            421.5,
                            372.06
                        ],
                        [
                            419.56,
                            367.64
                        ],
                        [
                            417.5,
                            363.25
                        ],
                        [
                            415.31,
                            358.89
                        ],
                        [
                            413.0,
                            354.56
                        ],
                        [
                            410.56,
                            350.27
                        ],
                        [
                            408.0,
                            346.0
                        ]
                    ],
                    true
                ],
                [
                    34,
                    35,
                    [
                        [
                            422.0,
                            488.0
                        ],
                        [
                            423.69,
                            483.62
                        ],
                        [
                            425.25,
                            479.25
                        ],
                        [
                            426.69,
                            474.88
                        ],
                        [
                            428.0,
                            470.5
                        ],
                        [
                            429.19,
                            466.12
                        ],
                        [
                            430.25,
                            461.75
                        ],
                        [
                            431.19,
                            457.38
                        ],
                        [
                            432.0,
                            453.0
                        ],
                        [
                            432.69,
                            448.62
                        ],
                        [
                            433.25,
                            444.25
                        ],
                        [
                            433.69,
                            439.88
                        ],
                        [
                            434.0,
                            435.5
                        ],
                        [
                            434.19,
                            431.12
                        ],
                        [
                            434.25,
                            426.75
                        ],
                        [
                            434.19,
                            422.38
                        ],
                        [
                            434.0,
                            418.0
                        ]
                    ],
                    true
                ],
                [
                    35,
                    36,
                    [
                        [
                            393.0,
                            536.0
                        ],
                        [
                            395.63,
                            533.0
                        ],
                        [
                            398.16,
                            530.0
                        ],
                        [
                            400.57,
                            527.0
                        ],
                        [
                            402.88,
                            524.0
                        ],
                        [
                            405.07,
                            521.0
                        ],
                        [
                            407.16,
                            518.0
                        ],
                        [
                            409.13,
                            515.0
                        ],
                        [
                            411.0,
                            512.0
                        ],
                        [
                            412.76,
                            509.0
                        ],
                        [
                            414.41,
                            506.0
                        ],
                        [
                            415.95,
                            503.0
                        ],
                        [
                            417.38,
                            500.0
                        ],
                        [
                            418.7,
                            497.0
                        ],
                        [
                            419.91,
                            494.0
                        ],
                        [
                            421.01,
                            491.0
                        ],
                        [
                            422.0,
                            488.0
                        ]
                    ],
                    true
                ],
                [
                    36,
                    37,
                    [
                        [
                            349.0,
                            567.0
                        ],
                        [
                            352.22,
                            565.41
                        ],
                        [
                            355.38,
                            563.78
                        ],
                        [
                            358.47,
                            562.1
                        ],
                        [
                            361.5,
                            560.38
                        ],
                        [
                            364.47,
                            558.6
                        ],
                        [
                            367.38,
                            556.78
                        ],
                        [
                            370.22,
                            554.91
                        ],
                        [
                            373.0,
                            553.0
                        ],
                        [
                            375.72,
                            551.04
                        ],
                        [
                            378.38,
                            549.03
                        ],
                        [
                            380.97,
                            546.98
                        ],
                        [
                            383.5,
                            544.88
                        ],
                        [
                            385.97,
                            542.73
                        ],
                        [
                            388.38,
                            540.53
                        ],
                        [
                            390.72,
                            538.29
                        ],
                        [
                            393.0,
                            536.0
                        ]
                    ],
                    true
                ],
                [
                    37,
                    38,
                    [
                        [
                            299.0,
                            581.0
                        ],
                        [
                            302.36,
                            580.59
                        ],
                        [
                            305.69,
                            580.12
                        ],
                        [
                            308.98,
                            579.59
                        ],
                        [
                            312.25,
                            579.0
                        ],
                        [
                            315.48,
                            578.34
                        ],
                        [
                            318.69,
                            577.62
                        ],
                        [
                            321.86,
                            576.84
                        ],
                        [
                            325.0,
                            576.0
                        ],
                        [
                            328.11,
                            575.09
                        ],
                        [
                            331.19,
                            574.12
                        ],
                        [
                            334.23,
                            573.09
                        ],
                        [
                            337.25,
                            572.0
                        ],
                        [
                            340.23,
                            570.84
                        ],
                        [
                            343.19,
                            569.62
                        ],
                        [
                            346.11,
                            568.34
                        ],
                        [
                            349.0,
                            567.0
                        ]
                    ],
                    true
                ],
                [
                    38,
                    39,
                    [
                        [
                            217.0,
                            564.0
                        ],
                        [
                            222.12,
                            566.35
                        ],
                        [
                            227.25,
                            568.53
                        ],
                        [
                            232.38,
                            570.54
                        ],
                        [
                            237.5,
                            572.38
                        ],
                        [
                            242.62,
                            574.04
                        ],
                        [
                            247.75,
                            575.53
                        ],
                        [
                            252.88,
                            576.85
                        ],
                        [
                            258.0,
                            578.0
                        ],
                        [
                            263.12,
                            578.98
                        ],
                        [
                            268.25,
                            579.78
                        ],
                        [
                            273.38,
                            580.41
                        ],
                        [
                            278.5,
                            580.88
                        ],
                        [
                            283.62,
                            581.16
                        ],
                        [
                            288.75,
                            581.28
                        ],
                        [
                            293.88,
                            581.23
                        ],
                        [
                            299.0,
                            581.0
                        ]
                    ],
                    true
                ],
                [
                    39,
                    40,
                    [
                        [
                            173.0,
                            531.0
                        ],
                        [
                            175.28,
                            533.41
                        ],
                        [
                            177.62,
                            535.78
                        ],
                        [
                            180.03,
                            538.1
                        ],
                        [
                            182.5,
                            540.38
                        ],
                        [
                            185.03,
                            542.6
                        ],
                        [
                            187.62,
                            544.78
                        ],
                        [
                            190.28,
                            546.91
                        ],
                        [
                            193.0,
                            549.0
                        ],
                        [
                            195.78,
                            551.04
                        ],
                        [
                            198.62,
                            553.03
                        ],
                        [
                            201.53,
                            554.98
                        ],
                        [
                            204.5,
                            556.88
                        ],
                        [
                            207.53,
                            558.73
                        ],
                        [
                            210.62,
                            560.53
                        ],
                        [
                            213.78,
                            562.29
                        ],
                        [
                            217.0,
                            564.0
                        ]
                    ],
                    true
                ],
                [
                    40,
                    41,
                    [
                        [
                            143.0,
                            478.0
                        ],
                        [
                            143.94,
                            481.2
                        ],
                        [
                            145.0,
                            484.41
                        ],
                        [
                            146.19,
                            487.63
                        ],
                        [
                            147.5,
                            490.88
                        ],
                        [
                            148.94,
                            494.13
                        ],
                        [
                            150.5,
                            497.41
                        ],
                        [
                            152.19,
                            500.7
                        ],
                        [
                            154.0,
                            504.0
                        ],
                        [
                            155.94,
                            507.32
                        ],
                        [
                            158.0,
                            510.66
                        ],
                        [
                            160.19,
                            514.01
                        ],
                        [
                            162.5,
                            517.38
                        ],
                        [
                            164.94,
                            520.76
                        ],
                        [
                            167.5,
                            524.16
                        ],
                        [
                            170.19,
                            527.57
                        ],
                        [
                            173.0,
                            531.0
                        ]
                    ],
                    true
                ],
                [
                    41,
                    42,
                    [
                        [
                            142.0,
                            391.0
                        ],
                        [
                            140.77,
                            396.32
                        ],
                        [
                            139.72,
                            401.66
                        ],
                        [
                            138.84,
                            407.01
                        ],
                        [
                            138.12,
                            412.38
                        ],
                        [
                            137.59,
                            417.76
                        ],
                        [
                            137.22,
                            423.16
                        ],
                        [
                            137.02,
                            428.57
                        ],
                        [
                            137.0,
                            434.0
                        ],
                        [
                            137.15,
                            439.45
                        ],
                        [
                            137.47,
                            444.91
                        ],
                        [
                            137.96,
                            450.38
                        ],
                        [
                            138.62,
                            455.88
                        ],
                        [
                            139.46,
                            461.38
                        ],
                        [
                            140.47,
                            466.91
                        ],
                        [
                            141.65,
                            472.45
                        ],
                        [
                            143.0,
                            478.0
                        ]
                    ],
                    true
                ],
                [
                    42,
                    43,
                    [
                        [
                            172.0,
                            336.0
                        ],
                        [
                            169.19,
                            339.32
                        ],
                        [
                            166.5,
                            342.66
                        ],
                        [
                            163.94,
                            346.01
                        ],
                        [
                            161.5,
                            349.38
                        ],
                        [
                            159.19,
                            352.76
                        ],
                        [
                            157.0,
                            356.16
                        ],
                        [
                            154.94,
                            359.57
                        ],
                        [
                            153.0,
                            363.0
                        ],
                        [
                            151.19,
                            366.45
                        ],
                        [
                            149.5,
                            369.91
                        ],
                        [
                            147.94,
                            373.38
                        ],
                        [
                            146.5,
                            376.88
                        ],
                        [
                            145.19,
                            380.38
                        ],
                        [
                            144.0,
                            383.91
                        ],
                        [
                            142.94,
                            387.45
                        ],
                        [
                            142.0,
                            391.0
                        ]
                    ],
                    true
                ]
            ],
            "stations": [
                {
                    "coord": [
                        326,
                        289
                    ],
                    "is_working": true,
                    "name": "Колмово",
                    "rect": null,
                    "text_id": 6,
                    "uid": 32
                },
                {
                    "coord": [
                        408,
                        346
                    ],
                    "is_working": true,
                    "name": "Сельхозинститут",
                    "rect": null,
                    "text_id": 19,
                    "uid": 33
                },
                {
                    "coord": [
                        434,
                        418
                    ],
                    "is_working": true,
                    "name": "Славия",
                    "rect": null,
                    "text_id": 29,
                    "uid": 34
                },
                {
                    "coord": [
                        422,
                        488
                    ],
                    "is_working": true,
                    "name": "Диалог",
                    "rect": [
                        436,
                        482,
                        38,
                        15
                    ],
                    "text_id": 32,
                    "uid": 35
                },
                {
                    "coord": [
                        393,
                        536
                    ],
                    "is_working": true,
                    "name": "Федоровский ручей",
                    "rect": [
                        408,
                        530,
                        104,
                        15
                    ],
                    "text_id": 33,
                    "uid": 36
                },
                {
                    "coord": [
                        349,
                        567
                    ],
                    "is_working": true,
                    "name": "Лодочная станция",
                    "rect": [
                        360,
                        574,
                        96,
                        15
                    ],
                    "text_id": 34,
                    "uid": 37
                },
                {
                    "coord": [
                        299,
                        581
                    ],
                    "is_working": true,
                    "name": "Кремль",
                    "rect": [
                        263,
                        594,
                        41,
                        15
                    ],
                    "text_id": 35,
                    "uid": 38
                },
                {
                    "coord": [
                        217,
                        564
                    ],
                    "is_working": true,
                    "name": "ИЭиУ",
                    "rect": null,
                    "text_id": 9,
                    "uid": 39
                },
                {
                    "coord": [
                        173,
                        531
                    ],
                    "is_working": true,
                    "name": "Сплав",
                    "rect": [
                        139,
                        547,
                        35,
                        15
                    ],
                    "text_id": 36,
                    "uid": 40
                },
                {
                    "coord": [
                        143,
                        478
                    ],
                    "is_working": true,
                    "name": "Спорткомплекс \"Акрон\"",
                    "rect": [
                        20,
                        501,
                        126,
                        15
                    ],
                    "text_id": 37,
                    "uid": 41
                },
                {
                    "coord": [
                        142,
                        391
                    ],
                    "is_working": true,
                    "name": "Кочетовский рынок",
                    "rect": null,
                    "text_id": 23,
                    "uid": 42
                },
                {
                    "coord": [
                        172,
                        336
                    ],
                    "is_working": true,
                    "name": "Дека",
                    "rect": null,
                    "text_id": 28,
                    "uid": 43
                }
            ],
            "text_id": 38
        }
    ],
    "lines_width": 6,
    "name": "metro",
    "name_text_id": 39,
    "stations_diameter": 18.0,
    "transfers": [
        [
            6,
            32,
            [
                320,
                305
            ],
            [
                326,
                289
            ]
        ],
        [
            7,
            28,
            [
                284,
                390
            ],
            [
                266,
                390
            ]
        ],
        [
            8,
            20,
            [
                294,
                446
            ],
            [
                311,
                446
            ]
        ],
        [
            9,
            39,
            [
                228,
                550
            ],
            [
                217,
                564
            ]
        ],
        [
            18,
            33,
            [
                392,
                355
            ],
            [
                408,
                346
            ]
        ],
        [
            19,
            29,
            [
                387,
                407
            ],
            [
                369,
                407
            ]
        ],
        [
            23,
            42,
            [
                160,
                386
            ],
            [
                142,
                391
            ]
        ],
        [
            27,
            43,
            [
                189,
                342
            ],
            [
                172,
                336
            ]
        ],
        [
            30,
            34,
            [
                416,
                420
            ],
            [
                434,
                418
            ]
        ]
    ],
    "transports": [
        "metro"
    ],
    "type_name": "ROOT",
    "type_text_id": 40,
    "upper_case": false,
    "width": 671,
    "word_wrap": false
}