{
    "lines": [
        {
            "delays": [
                300,
                480
            ],
            "name": "U1",
            "scheme": "u1",
            "segments": [
                [
                    0,
                    1,
                    120
                ],
                [
                    1,
                    0,
                    120
                ],
                [
                    1,
                    2,
                    60
                ],
                [
                    2,
                    1,
                    60
                ],
                [
                    2,
                    3,
                    60
                ],
                [
                    3,
                    2,
                    60
                ],
                [
                    3,
                    4,
                    120
                ],
                [
                    4,
                    3,
                    120
                ],
                [
                    4,
                    5,
                    120
                ],
                [
                    5,
                    4,
                    120
                ],
                [
                    5,
                    6,
                    120
                ],
                [
                    6,
                    5,
                    120
                ],
                [
                    6,
                    7,
                    60
                ],
                [
                    7,
                    6,
                    60
                ],
                [
                    7,
                    8,
                    60
                ],
                [
                    8,
                    7,
                    60
                ],
                [
                    8,
                    9,
                    60
                ],
                [
                    9,
                    8,
                    60
                ],
                [
                    9,
                    10,
                    120
                ],
                [
                    10,
                    9,
                    120
                ],
                [
                    10,
                    11,
                    60
                ],
                [
                    11,
                    10,
                    60
                ],
                [
                    11,
                    12,
                    60
                ],
                [
                    12,
                    11,
                    60
                ],
                [
                    12,
                    13,
                    60
                ],
                [
                    13,
                    12,
                    60
                ],
                [
                    13,
                    14,
                    120
                ],
                [
                    14,
                    13,
                    120
                ],
                [
                    14,
                    15,
                    60
                ],
                [
                    15,
                    14,
                    60
                ],
                [
                    15,
                    16,
                    120
                ],
                [
                    16,
                    15,
                    120
                ],
                [
                    16,
                    17,
                    120
                ],
                [
                    17,
                    16,
                    120
                ],
                [
                    17,
                    18,
                    60
                ],
                [
                    18,
                    17,
                    60
                ]
            ],
            "stations": [
                [
                    0,
                    "Leopoldau",
                    0
                ],
                [
                    1,
                    "Grossfeldsiedlung",
                    1
                ],
                [
                    2,
                    "Aderklaaer Strasse",
                    2
                ],
                [
                    3,
                    "Rennbahnweg",
                    3
                ],
                [
                    4,
                    "Karganer Platz",
                    4
                ],
                [
                    5,
                    "Kagran",
                    5
                ],
                [
                    6,
                    "Alte Donau",
                    6
                ],
                [
                    7,
                    "Kaisermuhlan - VIC",
                    7
                ],
                [
                    8,
                    "Donauinsel",
                    8
                ],
                [
                    9,
                    "Vorgartenstrasse",
                    9
                ],
                [
                    10,
                    "Praterstern",
                    10
                ],
                [
                    11,
                    "Nestroyplatz",
                    11
                ],
                [
                    12,
                    "Schweden- platz",
                    12
                ],
                [
                    13,
                    "Stephans- platz",
                    13
                ],
                [
                    14,
                    "Karls- platz",
                    14
                ],
                [
                    15,
                    "Taubstummengasse",
                    15
                ],
                [
                    16,
                    "Sudtiroler Platz",
                    16
                ],
                [
                    17,
                    "Keplrerplatz",
                    17
                ],
                [
                    18,
                    "Reumannplatz",
                    18
                ]
            ],
            "text_id": 19
        },
        {
            "delays": [
                300,
                480
            ],
            "name": "U2",
            "scheme": "u2",
            "segments": [
                [
                    19,
                    20,
                    120
                ],
                [
                    20,
                    19,
                    120
                ],
                [
                    20,
                    21,
                    120
                ],
                [
                    21,
                    20,
                    120
                ],
                [
                    21,
                    22,
                    120
                ],
                [
                    22,
                    21,
                    120
                ],
                [
                    22,
                    23,
                    120
                ],
                [
                    23,
                    22,
                    120
                ],
                [
                    23,
                    24,
                    120
                ],
                [
                    24,
                    23,
                    120
                ],
                [
                    24,
                    25,
                    120
                ],
                [
                    25,
                    24,
                    120
                ],
                [
                    25,
                    26,
                    120
                ],
                [
                    26,
                    25,
                    120
                ],
                [
                    26,
                    27,
                    120
                ],
                [
                    27,
                    26,
                    120
                ],
                [
                    27,
                    28,
                    120
                ],
                [
                    28,
                    27,
                    120
                ],
                [
                    28,
                    29,
                    120
                ],
                [
                    29,
                    28,
                    120
                ],
                [
                    29,
                    30,
                    120
                ],
                [
                    30,
                    29,
                    120
                ],
                [
                    30,
                    31,
                    120
                ],
                [
                    31,
                    30,
                    120
                ],
                [
                    31,
                    32,
                    120
                ],
                [
                    32,
                    31,
                    120
                ],
                [
                    32,
                    33,
                    120
                ],
                [
                    33,
                    32,
                    120
                ],
                [
                    33,
                    34,
                    60
                ],
                [
                    34,
                    33,
                    60
                ],
                [
                    34,
                    35,
                    60
                ],
                [
                    35,
                    34,
                    60
                ]
            ],
            "stations": [
                [
                    19,
                    "Aspernstrasse",
                    20
                ],
                [
                    20,
                    "Donauspital",
                    21
                ],
                [
                    21,
                    "Hardegggasse",
                    22
                ],
                [
                    22,
                    "Stadlau",
                    23
                ],
                [
                    23,
                    "Donaustadtbrucke",
                    24
                ],
                [
                    24,
                    "Donaumarina",
                    25
                ],
                [
                    25,
                    "Stadion",
                    26
                ],
                [
                    26,
                    "Krieau",
                    27
                ],
                [
                    27,
                    "Messe-Prater",
                    28
                ],
                [
                    28,
                    "Praterstern",
                    10
                ],
                [
                    29,
                    "Taborstrasse",
                    29
                ],
                [
                    30,
                    "Schottenring",
                    30
                ],
                [
                    31,
                    "Shottentor Universitat",
                    31
                ],
                [
                    32,
                    "Rathaus",
                    32
                ],
                [
                    33,
                    "Volks- theater",
                    33
                ],
                [
                    34,
                    "Museumsquartier",
                    34
                ],
                [
                    35,
                    "Karls- platz",
                    14
                ]
            ],
            "text_id": 35
        },
        {
            "delays": [
                300,
                480
            ],
            "name": "U3",
            "scheme": "u3",
            "segments": [
                [
                    36,
                    37,
                    60
                ],
                [
                    37,
                    36,
                    60
                ],
                [
                    37,
                    38,
                    60
                ],
                [
                    38,
                    37,
                    60
                ],
                [
                    38,
                    39,
                    60
                ],
                [
                    39,
                    38,
                    60
                ],
                [
                    39,
                    40,
                    60
                ],
                [
                    40,
                    39,
                    60
                ],
                [
                    40,
                    41,
                    120
                ],
                [
                    41,
                    40,
                    120
                ],
                [
                    41,
                    42,
                    120
                ],
                [
                    42,
                    41,
                    120
                ],
                [
                    42,
                    43,
                    60
                ],
                [
                    43,
                    42,
                    60
                ],
                [
                    43,
                    44,
                    60
                ],
                [
                    44,
                    43,
                    60
                ],
                [
                    44,
                    45,
                    120
                ],
                [
                    45,
                    44,
                    120
                ],
                [
                    45,
                    46,
                    60
                ],
                [
                    46,
                    45,
                    60
                ],
                [
                    46,
                    47,
                    60
                ],
                [
                    47,
                    46,
                    60
                ],
                [
                    47,
                    48,
                    60
                ],
                [
                    48,
                    47,
                    60
                ],
                [
                    48,
                    49,
                    60
                ],
                [
                    49,
                    48,
                    60
                ],
                [
                    49,
                    50,
                    60
                ],
                [
                    50,
                    49,
                    60
                ],
                [
                    50,
                    51,
                    60
                ],
                [
                    51,
                    50,
                    60
                ],
                [
                    51,
                    52,
                    120
                ],
                [
                    52,
                    51,
                    120
                ],
                [
                    52,
                    53,
                    60
                ],
                [
                    53,
                    52,
                    60
                ],
                [
                    53,
                    54,
                    60
                ],
                [
                    54,
                    53,
                    60
                ],
                [
                    54,
                    55,
                    120
                ],
                [
                    55,
                    54,
                    120
                ],
                [
                    55,
                    56,
                    60
                ],
                [
                    56,
                    55,
                    60
                ]
            ],
            "stations": [
                [
                    36,
                    "Ottarking",
                    36
                ],
                [
                    37,
                    "Kendlerstrasse",
                    37
                ],
                [
                    38,
                    "Hutteldorfer Strasse",
                    38
                ],
                [
                    39,
                    "Johnstrasse",
                    39
                ],
                [
                    40,
                    "Schweglerstrasse",
                    40
                ],
                [
                    41,
                    "West- bahnhof",
                    41
                ],
                [
                    42,
                    "Ziegler- gasse",
                    42
                ],
                [
                    43,
                    "Neubau- gasse",
                    43
                ],
                [
                    44,
                    "Volks- theater",
                    33
                ],
                [
                    45,
                    "Herren- gasse",
                    44
                ],
                [
                    46,
                    "Stephansplatz",
                    45
                ],
                [
                    47,
                    "Stubentor",
                    46
                ],
                [
                    48,
                    "Landstrasse",
                    47
                ],
                [
                    49,
                    "Rochusgasse",
                    48
                ],
                [
                    50,
                    "Kardinal-Nagl-Platz",
                    49
                ],
                [
                    51,
                    "Schlachthausgasse",
                    50
                ],
                [
                    52,
                    "Erdberg",
                    51
                ],
                [
                    53,
                    "Gasometer",
                    52
                ],
                [
                    54,
                    "Zippererstrasse",
                    53
                ],
                [
                    55,
                    "Enkplatz",
                    54
                ],
                [
                    56,
                    "Simmering",
                    55
                ]
            ],
            "text_id": 56
        },
        {
            "delays": [
                300,
                480
            ],
            "name": "U4",
            "scheme": "u4",
            "segments": [
                [
                    57,
                    58,
                    180
                ],
                [
                    58,
                    57,
                    180
                ],
                [
                    58,
                    59,
                    120
                ],
                [
                    59,
                    58,
                    120
                ],
                [
                    59,
                    60,
                    60
                ],
                [
                    60,
                    59,
                    60
                ],
                [
                    60,
                    61,
                    60
                ],
                [
                    61,
                    60,
                    60
                ],
                [
                    61,
                    62,
                    60
                ],
                [
                    62,
                    61,
                    60
                ],
                [
                    62,
                    63,
                    60
                ],
                [
                    63,
                    62,
                    60
                ],
                [
                    63,
                    64,
                    60
                ],
                [
                    64,
                    63,
                    60
                ],
                [
                    64,
                    65,
                    60
                ],
                [
                    65,
                    64,
                    60
                ],
                [
                    65,
                    66,
                    180
                ],
                [
                    66,
                    65,
                    180
                ],
                [
                    66,
                    67,
                    120
                ],
                [
                    67,
                    66,
                    120
                ],
                [
                    67,
                    68,
                    60
                ],
                [
                    68,
                    67,
                    60
                ],
                [
                    68,
                    69,
                    60
                ],
                [
                    69,
                    68,
                    60
                ],
                [
                    69,
                    70,
                    120
                ],
                [
                    70,
                    69,
                    120
                ],
                [
                    70,
                    71,
                    120
                ],
                [
                    71,
                    70,
                    120
                ],
                [
                    71,
                    72,
                    60
                ],
                [
                    72,
                    71,
                    60
                ],
                [
                    72,
                    73,
                    60
                ],
                [
                    73,
                    72,
                    60
                ],
                [
                    73,
                    74,
                    60
                ],
                [
                    74,
                    73,
                    60
                ],
                [
                    74,
                    75,
                    120
                ],
                [
                    75,
                    74,
                    120
                ],
                [
                    75,
                    76,
                    120
                ],
                [
                    76,
                    75,
                    120
                ]
            ],
            "stations": [
                [
                    57,
                    "Heiligenstadt",
                    57
                ],
                [
                    58,
                    "Spittelau",
                    58
                ],
                [
                    59,
                    "Friedensbrucke",
                    59
                ],
                [
                    60,
                    "Rossauer Lande",
                    60
                ],
                [
                    61,
                    "Schottenring",
                    30
                ],
                [
                    62,
                    "Schwedenplatz",
                    61
                ],
                [
                    63,
                    "Landstrasse",
                    47
                ],
                [
                    64,
                    "Stadtpark",
                    62
                ],
                [
                    65,
                    "Karls- platz",
                    14
                ],
                [
                    66,
                    "Kettenbruckengasse",
                    63
                ],
                [
                    67,
                    "Pilgramgasse",
                    64
                ],
                [
                    68,
                    "Margareten- gurtel",
                    65
                ],
                [
                    69,
                    "Langenfeldgasse",
                    66
                ],
                [
                    70,
                    "Meidling Haupstrasse",
                    67
                ],
                [
                    71,
                    "Schonbrunn",
                    68
                ],
                [
                    72,
                    "Hiezing",
                    69
                ],
                [
                    73,
                    "Braunschweiggasse",
                    70
                ],
                [
                    74,
                    "Unter St. Veit",
                    71
                ],
                [
                    75,
                    "Ober St.Veit",
                    72
                ],
                [
                    76,
                    "Hutteldorf",
                    73
                ]
            ],
            "text_id": 74
        },
        {
            "delays": [
                300,
                480
            ],
            "name": "U6",
            "scheme": "u6",
            "segments": [
                [
                    77,
                    78,
                    60
                ],
                [
                    78,
                    77,
                    60
                ],
                [
                    78,
                    79,
                    120
                ],
                [
                    79,
                    78,
                    120
                ],
                [
                    79,
                    80,
                    60
                ],
                [
                    80,
                    79,
                    60
                ],
                [
                    80,
                    81,
                    120
                ],
                [
                    81,
                    80,
                    120
                ],
                [
                    81,
                    82,
                    120
                ],
                [
                    82,
                    81,
                    120
                ],
                [
                    82,
                    83,
                    60
                ],
                [
                    83,
                    82,
                    60
                ],
                [
                    83,
                    84,
                    120
                ],
                [
                    84,
                    83,
                    120
                ],
                [
                    84,
                    85,
                    120
                ],
                [
                    85,
                    84,
                    120
                ],
                [
                    85,
                    86,
                    60
                ],
                [
                    86,
                    85,
                    60
                ],
                [
                    86,
                    87,
                    60
                ],
                [
                    87,
                    86,
                    60
                ],
                [
                    87,
                    88,
                    120
                ],
                [
                    88,
                    87,
                    120
                ],
                [
                    88,
                    89,
                    60
                ],
                [
                    89,
                    88,
                    60
                ],
                [
                    89,
                    90,
                    120
                ],
                [
                    90,
                    89,
                    120
                ],
                [
                    90,
                    91,
                    65
                ],
                [
                    91,
                    90,
                    65
                ],
                [
                    91,
                    92,
                    65
                ],
                [
                    92,
                    91,
                    65
                ],
                [
                    92,
                    93,
                    120
                ],
                [
                    93,
                    92,
                    120
                ],
                [
                    93,
                    94,
                    60
                ],
                [
                    94,
                    93,
                    60
                ],
                [
                    94,
                    95,
                    60
                ],
                [
                    95,
                    94,
                    60
                ],
                [
                    95,
                    96,
                    60
                ],
                [
                    96,
                    95,
                    60
                ],
                [
                    96,
                    97,
                    180
                ],
                [
                    97,
                    96,
                    180
                ],
                [
                    97,
                    98,
                    180
                ],
                [
                    98,
                    97,
                    180
                ],
                [
                    98,
                    99,
                    60
                ],
                [
                    99,
                    98,
                    60
                ],
                [
                    99,
                    100,
                    60
                ],
                [
                    100,
                    99,
                    60
                ]
            ],
            "stations": [
                [
                    77,
                    "Floridsdorf",
                    75
                ],
                [
                    78,
                    "Neue Donau",
                    76
                ],
                [
                    79,
                    "Handelskai",
                    77
                ],
                [
                    80,
                    "Dresdner Strasse",
                    78
                ],
                [
                    81,
                    "Jagerstrasse",
                    79
                ],
                [
                    82,
                    "Spittelau",
                    58
                ],
                [
                    83,
                    "Nussdorfer Strasse",
                    80
                ],
                [
                    84,
                    "Vahringer Strasse - Volksoper",
                    81
                ],
                [
                    85,
                    "Michelbeuern -AKH",
                    82
                ],
                [
                    86,
                    "Alser Strasse",
                    83
                ],
                [
                    87,
                    "Josefstadter Strasse",
                    84
                ],
                [
                    88,
                    "Thaliastrasse",
                    85
                ],
                [
                    89,
                    "Burgasse Stadthalle",
                    86
                ],
                [
                    90,
                    "West- bahnhof",
                    41
                ],
                [
                    91,
                    "Gumpendorfer Strasse",
                    87
                ],
                [
                    92,
                    "Langenfeldgasse",
                    66
                ],
                [
                    93,
                    "Niederhofstrasse",
                    88
                ],
                [
                    94,
                    "Philadelphiabrucke",
                    89
                ],
                [
                    95,
                    "Tscherttegasse",
                    90
                ],
                [
                    96,
                    "Am Schopfwerk",
                    91
                ],
                [
                    97,
                    "Alterlaa",
                    92
                ],
                [
                    98,
                    "Erlaaer Strasse",
                    93
                ],
                [
                    99,
                    "Perfektastrasse",
                    94
                ],
                [
                    100,
                    "Siebenhirten",
                    95
                ]
            ],
            "text_id": 96
        }
    ],
    "name": "metro",
    "transfers": [
        [
            14,
            35,
            120,
            true
        ],
        [
            69,
            92,
            120,
            true
        ],
        [
            65,
            35,
            120,
            true
        ],
        [
            28,
            10,
            120,
            true
        ],
        [
            33,
            44,
            120,
            true
        ],
        [
            13,
            46,
            120,
            true
        ],
        [
            41,
            90,
            120,
            true
        ],
        [
            58,
            82,
            120,
            true
        ],
        [
            61,
            30,
            120,
            true
        ],
        [
            62,
            12,
            120,
            true
        ],
        [
            63,
            48,
            120,
            true
        ],
        [
            65,
            14,
            120,
            true
        ]
    ],
    "type_name": "Метро"
}