{
    "0": "San Pedrito",
    "1": "San Jose de Flores",
    "2": "Carabobo",
    "3": "Puan",
    "4": "Primera Junta",
    "5": "Acoyte",
    "6": "Rio de Janeiro",
    "7": "Castro Barros",
    "8": "Loria",
    "9": "Plaza Miserere",
    "10": "Alberti",
    "11": "Pasco",
    "12": "Congreso",
    "13": "Saenz Pena",
    "14": "Lima",
    "15": "Piedras",
    "16": "Peru",
    "17": "Plaza de Mayo",
    "18": "A",
    "19": "Juan Manuel de Rosas",
    "20": "Echeverria",
    "21": "Los Incas",
    "22": "Tonador",
    "23": "Federico Lacroze",
    "24": "Dorrego",
    "25": "Malabia",
    "26": "Angel Gallardo",
    "27": "Medrano",
    "28": "Gardel",
    "29": "Pueyrredun B",
    "30": "Pasteur",
    "31": "Callao B",
    "32": "Uruguay",
    "33": "Carlos Pellegrini",
    "34": "Florida",
    "35": "Leandro N. Alem",
    "36": "B",
    "37": "Retiro",
    "38": "General San Martin",
    "39": "Lavalle",
    "40": "Diagonal Norte",
    "41": "Avenida de Mayo",
    "42": "Moreno",
    "43": "Independencia",
    "44": "San Juan",
    "45": "Constitucion",
    "46": "C",
    "47": "Congreso de Tucuman",
    "48": "Juramento",
    "49": "Jose Hernandez",
    "50": "Olleros",
    "51": "Ministro Carranza",
    "52": "Palermo",
    "53": "Plaza Italia",
    "54": "Scalabrini Ortiz",
    "55": "Bulnes",
    "56": "Aguero",
    "57": "Pueyrredun D",
    "58": "Facultad de Medicina",
    "59": "Callao D",
    "60": "Tribunales",
    "61": "Nueve de julio",
    "62": "Catedral",
    "63": "D",
    "64": "Plaza de los Virreyes",
    "65": "Varela",
    "66": "Medalla Milagrosa",
    "67": "Emilio Mitre",
    "68": "Jose Maria Moreno",
    "69": "Avenida La Plata",
    "70": "Boedo",
    "71": "General Urquiza",
    "72": "Jujuy",
    "73": "Pichincha",
    "74": "Rodolfo Walsh",
    "75": "San Jose",
    "76": "Belgrano",
    "77": "Bolivar",
    "78": "E",
    "79": "Intendente Saguier",
    "80": "Balbastro",
    "81": "Fuerza Area",
    "82": "Fernandez de la Cruz",
    "83": "Pte Illia",
    "84": "Parque de la Ciudad",
    "85": "Jumbo",
    "86": "Armada Argentina",
    "87": "Ministro R.Carillo",
    "88": "Gabino Ezeiza",
    "89": "General Savio",
    "90": "Centro Civico",
    "91": "E2",
    "92": "Las Heras",
    "93": "Santa Fe",
    "94": "Cordoba",
    "95": "Corrientes",
    "96": "Once",
    "97": "Venezuela",
    "98": "Humberto I",
    "99": "Inclan",
    "100": "Caseros",
    "101": "Parque Patricios",
    "102": "Hospitales",
    "103": "H",
    "104": "Metro",
    "105": "ROOT",
    "106": "Shema ot 27.01.2016g.",
    "107": "Imported from http://pmetro.su"
}