{
    "default_transports": [
        "metro"
    ],
    "height": 1124,
    "images": [
        "res/schemes/volgograd.svg"
    ],
    "is_vector": true,
    "lines": [
        {
            "labels_bg_color": "-1",
            "labels_color": "FB0505",
            "line_color": "FB0505",
            "line_width": 9,
            "name": "СТ",
            "segments": [
                [
                    0,
                    1,
                    [
                        [
                            736,
                            95
                        ],
                        [
                            757,
                            53
                        ]
                    ],
                    false
                ],
                [
                    1,
                    2,
                    [
                        [
                            718,
                            126
                        ],
                        [
                            736,
                            95
                        ]
                    ],
                    true
                ],
                [
                    2,
                    3,
                    [
                        [
                            697,
                            156
                        ],
                        [
                            718,
                            126
                        ]
                    ],
                    true
                ],
                [
                    3,
                    4,
                    [
                        [
                            662,
                            186
                        ],
                        [
                            697,
                            156
                        ]
                    ],
                    true
                ],
                [
                    4,
                    5,
                    [
                        [
                            636,
                            212
                        ],
                        [
                            662,
                            186
                        ]
                    ],
                    true
                ],
                [
                    5,
                    6,
                    [
                        [
                            622,
                            227
                        ],
                        [
                            636,
                            212
                        ]
                    ],
                    true
                ],
                [
                    6,
                    7,
                    [
                        [
                            606,
                            244
                        ],
                        [
                            622,
                            227
                        ]
                    ],
                    true
                ],
                [
                    7,
                    8,
                    [
                        [
                            582,
                            289
                        ],
                        [
                            606,
                            244
                        ]
                    ],
                    true
                ],
                [
                    8,
                    9,
                    [
                        [
                            559,
                            329
                        ],
                        [
                            582,
                            289
                        ]
                    ],
                    true
                ],
                [
                    9,
                    10,
                    [
                        [
                            544,
                            352
                        ],
                        [
                            559,
                            329
                        ]
                    ],
                    true
                ],
                [
                    10,
                    11,
                    [
                        [
                            537,
                            384
                        ],
                        [
                            544,
                            352
                        ]
                    ],
                    true
                ],
                [
                    11,
                    12,
                    [
                        [
                            534,
                            423
                        ],
                        [
                            537,
                            384
                        ]
                    ],
                    true
                ],
                [
                    12,
                    13,
                    [
                        [
                            520,
                            447
                        ],
                        [
                            534,
                            423
                        ]
                    ],
                    true
                ],
                [
                    13,
                    14,
                    [
                        [
                            504,
                            473
                        ],
                        [
                            520,
                            447
                        ]
                    ],
                    true
                ],
                [
                    14,
                    15,
                    [
                        [
                            469,
                            547
                        ],
                        [
                            504,
                            473
                        ]
                    ],
                    true
                ],
                [
                    15,
                    16,
                    [
                        [
                            432,
                            591
                        ],
                        [
                            469,
                            547
                        ]
                    ],
                    true
                ],
                [
                    16,
                    17,
                    [
                        [
                            396,
                            619
                        ],
                        [
                            432,
                            591
                        ]
                    ],
                    true
                ],
                [
                    17,
                    18,
                    [
                        [
                            356,
                            618
                        ],
                        [
                            374.0,
                            636.0
                        ],
                        [
                            396,
                            619
                        ]
                    ],
                    true
                ],
                [
                    17,
                    19,
                    [
                        [
                            349,
                            656
                        ],
                        [
                            396,
                            619
                        ]
                    ],
                    true
                ],
                [
                    19,
                    20,
                    [
                        [
                            308,
                            698
                        ],
                        [
                            349,
                            656
                        ]
                    ],
                    true
                ],
                [
                    20,
                    21,
                    [
                        [
                            249,
                            749
                        ],
                        [
                            308,
                            698
                        ]
                    ],
                    true
                ],
                [
                    21,
                    22,
                    [
                        [
                            178,
                            775
                        ],
                        [
                            249,
                            749
                        ]
                    ],
                    false
                ],
                [
                    22,
                    23,
                    [
                        [
                            147,
                            788
                        ],
                        [
                            178,
                            775
                        ]
                    ],
                    false
                ],
                [
                    23,
                    24,
                    [
                        [
                            132,
                            835
                        ],
                        [
                            147,
                            788
                        ]
                    ],
                    false
                ],
                [
                    24,
                    25,
                    [
                        [
                            124,
                            870
                        ],
                        [
                            132,
                            835
                        ]
                    ],
                    false
                ],
                [
                    25,
                    26,
                    [
                        [
                            114,
                            914
                        ],
                        [
                            124,
                            870
                        ]
                    ],
                    false
                ],
                [
                    26,
                    27,
                    [
                        [
                            100,
                            974
                        ],
                        [
                            114,
                            914
                        ]
                    ],
                    false
                ]
            ],
            "stations": [
                {
                    "coord": [
                        757,
                        53
                    ],
                    "is_working": false,
                    "name": "Спартановка",
                    "rect": [
                        725,
                        26,
                        68,
                        15
                    ],
                    "text_id": 0,
                    "uid": 0
                },
                {
                    "coord": [
                        736,
                        95
                    ],
                    "is_working": true,
                    "name": "Тракторный завод",
                    "rect": [
                        628,
                        78,
                        96,
                        15
                    ],
                    "text_id": 1,
                    "uid": 1
                },
                {
                    "coord": [
                        718,
                        126
                    ],
                    "is_working": true,
                    "name": "Хлебозавод",
                    "rect": [
                        643,
                        110,
                        64,
                        15
                    ],
                    "text_id": 2,
                    "uid": 2
                },
                {
                    "coord": [
                        697,
                        156
                    ],
                    "is_working": true,
                    "name": "Водоотстой",
                    "rect": [
                        622,
                        138,
                        63,
                        15
                    ],
                    "text_id": 3,
                    "uid": 3
                },
                {
                    "coord": [
                        662,
                        186
                    ],
                    "is_working": true,
                    "name": "Больница Ильича",
                    "rect": [
                        562,
                        161,
                        95,
                        15
                    ],
                    "text_id": 4,
                    "uid": 4
                },
                {
                    "coord": [
                        636,
                        212
                    ],
                    "is_working": true,
                    "name": "Баррикады",
                    "rect": [
                        569,
                        185,
                        61,
                        15
                    ],
                    "text_id": 5,
                    "uid": 5
                },
                {
                    "coord": [
                        622,
                        227
                    ],
                    "is_working": true,
                    "name": "Гимназия №14",
                    "rect": [
                        532,
                        208,
                        78,
                        15
                    ],
                    "text_id": 6,
                    "uid": 6
                },
                {
                    "coord": [
                        606,
                        244
                    ],
                    "is_working": true,
                    "name": "Стадион \"Монолит\"",
                    "rect": [
                        489,
                        235,
                        104,
                        15
                    ],
                    "text_id": 7,
                    "uid": 7
                },
                {
                    "coord": [
                        582,
                        289
                    ],
                    "is_working": true,
                    "name": "Завод \"Красный Октябрь\"",
                    "rect": [
                        432,
                        276,
                        137,
                        15
                    ],
                    "text_id": 8,
                    "uid": 8
                },
                {
                    "coord": [
                        559,
                        329
                    ],
                    "is_working": true,
                    "name": "ул.39-й Гвардейской Дивизии",
                    "rect": [
                        396,
                        306,
                        153,
                        15
                    ],
                    "text_id": 9,
                    "uid": 9
                },
                {
                    "coord": [
                        544,
                        352
                    ],
                    "is_working": true,
                    "name": "Площадь Возрождения",
                    "rect": [
                        409,
                        344,
                        123,
                        15
                    ],
                    "text_id": 10,
                    "uid": 10
                },
                {
                    "coord": [
                        537,
                        384
                    ],
                    "is_working": true,
                    "name": "Дворец Спорта",
                    "rect": [
                        447,
                        374,
                        79,
                        15
                    ],
                    "text_id": 11,
                    "uid": 11
                },
                {
                    "coord": [
                        534,
                        423
                    ],
                    "is_working": true,
                    "name": "Мамаев Курган",
                    "rect": [
                        442,
                        408,
                        80,
                        15
                    ],
                    "text_id": 12,
                    "uid": 12
                },
                {
                    "coord": [
                        520,
                        447
                    ],
                    "is_working": true,
                    "name": "Центральный Стадион",
                    "rect": [
                        387,
                        438,
                        120,
                        15
                    ],
                    "text_id": 13,
                    "uid": 13
                },
                {
                    "coord": [
                        504,
                        473
                    ],
                    "is_working": true,
                    "name": "ЦПКиО",
                    "rect": [
                        453,
                        465,
                        38,
                        15
                    ],
                    "text_id": 14,
                    "uid": 14
                },
                {
                    "coord": [
                        469,
                        547
                    ],
                    "is_working": true,
                    "name": "Площадь Ленина",
                    "rect": [
                        481,
                        544,
                        91,
                        15
                    ],
                    "text_id": 15,
                    "uid": 15
                },
                {
                    "coord": [
                        432,
                        591
                    ],
                    "is_working": true,
                    "name": "Комсомольская",
                    "rect": [
                        451,
                        591,
                        84,
                        15
                    ],
                    "text_id": 16,
                    "uid": 16
                },
                {
                    "coord": [
                        396,
                        619
                    ],
                    "is_working": true,
                    "name": "Пионерская",
                    "rect": [
                        410,
                        620,
                        63,
                        15
                    ],
                    "text_id": 17,
                    "uid": 17
                },
                {
                    "coord": [
                        356,
                        618
                    ],
                    "is_working": true,
                    "name": "Площадь Чекистов",
                    "rect": [
                        238,
                        609,
                        101,
                        15
                    ],
                    "text_id": 18,
                    "uid": 18
                },
                {
                    "coord": [
                        349,
                        656
                    ],
                    "is_working": true,
                    "name": "Профсоюзная",
                    "rect": [
                        261,
                        648,
                        75,
                        15
                    ],
                    "text_id": 19,
                    "uid": 19
                },
                {
                    "coord": [
                        308,
                        698
                    ],
                    "is_working": true,
                    "name": "ТЮЗ",
                    "rect": [
                        266,
                        686,
                        26,
                        15
                    ],
                    "text_id": 20,
                    "uid": 20
                },
                {
                    "coord": [
                        249,
                        749
                    ],
                    "is_working": true,
                    "name": "Ельшанка",
                    "rect": [
                        183,
                        733,
                        54,
                        15
                    ],
                    "text_id": 21,
                    "uid": 21
                },
                {
                    "coord": [
                        178,
                        775
                    ],
                    "is_working": false,
                    "name": "Районная",
                    "rect": [
                        130,
                        751,
                        51,
                        15
                    ],
                    "text_id": 22,
                    "uid": 22
                },
                {
                    "coord": [
                        147,
                        788
                    ],
                    "is_working": false,
                    "name": "Сельхозакадемия",
                    "rect": [
                        38,
                        778,
                        96,
                        15
                    ],
                    "text_id": 23,
                    "uid": 23
                },
                {
                    "coord": [
                        132,
                        835
                    ],
                    "is_working": false,
                    "name": "Тормосиновская",
                    "rect": [
                        31,
                        826,
                        87,
                        15
                    ],
                    "text_id": 24,
                    "uid": 24
                },
                {
                    "coord": [
                        124,
                        870
                    ],
                    "is_working": false,
                    "name": "Панфиловская",
                    "rect": [
                        32,
                        859,
                        79,
                        15
                    ],
                    "text_id": 25,
                    "uid": 25
                },
                {
                    "coord": [
                        114,
                        914
                    ],
                    "is_working": false,
                    "name": "Микрорайон 231",
                    "rect": [
                        17,
                        907,
                        85,
                        15
                    ],
                    "text_id": 26,
                    "uid": 26
                },
                {
                    "coord": [
                        100,
                        974
                    ],
                    "is_working": false,
                    "name": "Университет",
                    "rect": [
                        20,
                        967,
                        66,
                        15
                    ],
                    "text_id": 27,
                    "uid": 27
                }
            ],
            "text_id": 28
        },
        {
            "labels_bg_color": "-1",
            "labels_color": "FB0505",
            "line_color": "FB0505",
            "line_width": 9,
            "name": "СТ-2",
            "segments": [
                [
                    28,
                    29,
                    [
                        [
                            736,
                            95
                        ],
                        [
                            757,
                            53
                        ]
                    ],
                    false
                ],
                [
                    29,
                    30,
                    [
                        [
                            718,
                            126
                        ],
                        [
                            736,
                            95
                        ]
                    ],
                    true
                ],
                [
                    30,
                    31,
                    [
                        [
                            697,
                            156
                        ],
                        [
                            718,
                            126
                        ]
                    ],
                    true
                ],
                [
                    31,
                    32,
                    [
                        [
                            662,
                            186
                        ],
                        [
                            697,
                            156
                        ]
                    ],
                    true
                ],
                [
                    32,
                    33,
                    [
                        [
                            636,
                            212
                        ],
                        [
                            662,
                            186
                        ]
                    ],
                    true
                ],
                [
                    33,
                    34,
                    [
                        [
                            622,
                            227
                        ],
                        [
                            636,
                            212
                        ]
                    ],
                    true
                ],
                [
                    34,
                    35,
                    [
                        [
                            606,
                            244
                        ],
                        [
                            622,
                            227
                        ]
                    ],
                    true
                ],
                [
                    35,
                    36,
                    [
                        [
                            582,
                            289
                        ],
                        [
                            606,
                            244
                        ]
                    ],
                    true
                ],
                [
                    36,
                    37,
                    [
                        [
                            559,
                            329
                        ],
                        [
                            582,
                            289
                        ]
                    ],
                    true
                ],
                [
                    37,
                    38,
                    [
                        [
                            544,
                            352
                        ],
                        [
                            559,
                            329
                        ]
                    ],
                    true
                ],
                [
                    38,
                    39,
                    [
                        [
                            537,
                            384
                        ],
                        [
                            544,
                            352
                        ]
                    ],
                    true
                ],
                [
                    39,
                    40,
                    [
                        [
                            534,
                            423
                        ],
                        [
                            537,
                            384
                        ]
                    ],
                    true
                ],
                [
                    40,
                    41,
                    [
                        [
                            520,
                            447
                        ],
                        [
                            534,
                            423
                        ]
                    ],
                    true
                ],
                [
                    41,
                    42,
                    [
                        [
                            504,
                            473
                        ],
                        [
                            520,
                            447
                        ]
                    ],
                    true
                ],
                [
                    42,
                    43,
                    [
                        [
                            469,
                            547
                        ],
                        [
                            504,
                            473
                        ]
                    ],
                    true
                ],
                [
                    43,
                    44,
                    [
                        [
                            432,
                            591
                        ],
                        [
                            469,
                            547
                        ]
                    ],
                    true
                ],
                [
                    44,
                    45,
                    [
                        [
                            396,
                            619
                        ],
                        [
                            432,
                            591
                        ]
                    ],
                    true
                ],
                [
                    45,
                    46,
                    [
                        [
                            356,
                            618
                        ],
                        [
                            396,
                            619
                        ]
                    ],
                    true
                ],
                [
                    45,
                    47,
                    [
                        [
                            349,
                            656
                        ],
                        [
                            396,
                            619
                        ]
                    ],
                    true
                ],
                [
                    47,
                    48,
                    [
                        [
                            308,
                            698
                        ],
                        [
                            349,
                            656
                        ]
                    ],
                    true
                ],
                [
                    48,
                    49,
                    [
                        [
                            249,
                            749
                        ],
                        [
                            308,
                            698
                        ]
                    ],
                    true
                ],
                [
                    49,
                    50,
                    [
                        [
                            178,
                            775
                        ],
                        [
                            249,
                            749
                        ]
                    ],
                    false
                ],
                [
                    50,
                    51,
                    [
                        [
                            147,
                            788
                        ],
                        [
                            178,
                            775
                        ]
                    ],
                    false
                ],
                [
                    51,
                    52,
                    [
                        [
                            132,
                            835
                        ],
                        [
                            147,
                            788
                        ]
                    ],
                    false
                ],
                [
                    52,
                    53,
                    [
                        [
                            124,
                            870
                        ],
                        [
                            132,
                            835
                        ]
                    ],
                    false
                ],
                [
                    53,
                    54,
                    [
                        [
                            114,
                            914
                        ],
                        [
                            124,
                            870
                        ]
                    ],
                    false
                ],
                [
                    54,
                    55,
                    [
                        [
                            100,
                            974
                        ],
                        [
                            114,
                            914
                        ]
                    ],
                    false
                ]
            ],
            "stations": [
                {
                    "coord": [
                        757,
                        53
                    ],
                    "is_working": false,
                    "name": "Спартановка",
                    "rect": [
                        725,
                        26,
                        68,
                        15
                    ],
                    "text_id": 0,
                    "uid": 28
                },
                {
                    "coord": [
                        736,
                        95
                    ],
                    "is_working": true,
                    "name": "Тракторный завод",
                    "rect": [
                        628,
                        78,
                        96,
                        15
                    ],
                    "text_id": 1,
                    "uid": 29
                },
                {
                    "coord": [
                        718,
                        126
                    ],
                    "is_working": true,
                    "name": "Хлебозавод",
                    "rect": [
                        643,
                        110,
                        64,
                        15
                    ],
                    "text_id": 2,
                    "uid": 30
                },
                {
                    "coord": [
                        697,
                        156
                    ],
                    "is_working": true,
                    "name": "Водоотстой",
                    "rect": [
                        622,
                        138,
                        63,
                        15
                    ],
                    "text_id": 3,
                    "uid": 31
                },
                {
                    "coord": [
                        662,
                        186
                    ],
                    "is_working": true,
                    "name": "Больница Ильича",
                    "rect": [
                        562,
                        161,
                        95,
                        15
                    ],
                    "text_id": 4,
                    "uid": 32
                },
                {
                    "coord": [
                        636,
                        212
                    ],
                    "is_working": true,
                    "name": "Баррикады",
                    "rect": [
                        569,
                        185,
                        61,
                        15
                    ],
                    "text_id": 5,
                    "uid": 33
                },
                {
                    "coord": [
                        622,
                        227
                    ],
                    "is_working": true,
                    "name": "Гимназия №14",
                    "rect": [
                        532,
                        208,
                        78,
                        15
                    ],
                    "text_id": 6,
                    "uid": 34
                },
                {
                    "coord": [
                        606,
                        244
                    ],
                    "is_working": true,
                    "name": "Стадион \"Монолит\"",
                    "rect": [
                        489,
                        235,
                        104,
                        15
                    ],
                    "text_id": 7,
                    "uid": 35
                },
                {
                    "coord": [
                        582,
                        289
                    ],
                    "is_working": true,
                    "name": "Завод \"Красный Октябрь\"",
                    "rect": [
                        432,
                        276,
                        137,
                        15
                    ],
                    "text_id": 8,
                    "uid": 36
                },
                {
                    "coord": [
                        559,
                        329
                    ],
                    "is_working": true,
                    "name": "ул.39-й Гвардейской Дивизии",
                    "rect": [
                        396,
                        306,
                        153,
                        15
                    ],
                    "text_id": 9,
                    "uid": 37
                },
                {
                    "coord": [
                        544,
                        352
                    ],
                    "is_working": true,
                    "name": "Площадь Возрождения",
                    "rect": [
                        409,
                        344,
                        123,
                        15
                    ],
                    "text_id": 10,
                    "uid": 38
                },
                {
                    "coord": [
                        537,
                        384
                    ],
                    "is_working": true,
                    "name": "Дворец Спорта",
                    "rect": [
                        447,
                        374,
                        79,
                        15
                    ],
                    "text_id": 11,
                    "uid": 39
                },
                {
                    "coord": [
                        534,
                        423
                    ],
                    "is_working": true,
                    "name": "Мамаев Курган",
                    "rect": [
                        442,
                        408,
                        80,
                        15
                    ],
                    "text_id": 12,
                    "uid": 40
                },
                {
                    "coord": [
                        520,
                        447
                    ],
                    "is_working": true,
                    "name": "Центральный Стадион",
                    "rect": [
                        387,
                        438,
                        120,
                        15
                    ],
                    "text_id": 13,
                    "uid": 41
                },
                {
                    "coord": [
                        504,
                        473
                    ],
                    "is_working": true,
                    "name": "ЦПКиО",
                    "rect": [
                        453,
                        465,
                        38,
                        15
                    ],
                    "text_id": 14,
                    "uid": 42
                },
                {
                    "coord": [
                        469,
                        547
                    ],
                    "is_working": true,
                    "name": "Площадь Ленина",
                    "rect": [
                        481,
                        544,
                        91,
                        15
                    ],
                    "text_id": 15,
                    "uid": 43
                },
                {
                    "coord": [
                        432,
                        591
                    ],
                    "is_working": true,
                    "name": "Комсомольская",
                    "rect": [
                        451,
                        591,
                        84,
                        15
                    ],
                    "text_id": 16,
                    "uid": 44
                },
                {
                    "coord": [
                        396,
                        619
                    ],
                    "is_working": true,
                    "name": "Пионерская",
                    "rect": [
                        410,
                        620,
                        63,
                        15
                    ],
                    "text_id": 17,
                    "uid": 45
                },
                {
                    "coord": [
                        356,
                        618
                    ],
                    "is_working": true,
                    "name": "Площадь Чекистов",
                    "rect": [
                        238,
                        609,
                        101,
                        15
                    ],
                    "text_id": 18,
                    "uid": 46
                },
                {
                    "coord": [
                        349,
                        656
                    ],
                    "is_working": true,
                    "name": "Профсоюзная",
                    "rect": [
                        261,
                        648,
                        75,
                        15
                    ],
                    "text_id": 19,
                    "uid": 47
                },
                {
                    "coord": [
                        308,
                        698
                    ],
                    "is_working": true,
                    "name": "ТЮЗ",
                    "rect": [
                        266,
                        686,
                        26,
                        15
                    ],
                    "text_id": 20,
                    "uid": 48
                },
                {
                    "coord": [
                        249,
                        749
                    ],
                    "is_working": true,
                    "name": "Ельшанка",
                    "rect": [
                        183,
                        733,
                        54,
                        15
                    ],
                    "text_id": 21,
                    "uid": 49
                },
                {
                    "coord": [
                        178,
                        775
                    ],
                    "is_working": false,
                    "name": "Районная",
                    "rect": [
                        130,
                        751,
                        51,
                        15
                    ],
                    "text_id": 22,
                    "uid": 50
                },
                {
                    "coord": [
                        147,
                        788
                    ],
                    "is_working": false,
                    "name": "Сельхозакадемия",
                    "rect": [
                        38,
                        778,
                        96,
                        15
                    ],
                    "text_id": 23,
                    "uid": 51
                },
                {
                    "coord": [
                        132,
                        835
                    ],
                    "is_working": false,
                    "name": "Тормосиновская",
                    "rect": [
                        31,
                        826,
                        87,
                        15
                    ],
                    "text_id": 24,
                    "uid": 52
                },
                {
                    "coord": [
                        124,
                        870
                    ],
                    "is_working": false,
                    "name": "Панфиловская",
                    "rect": [
                        32,
                        859,
                        79,
                        15
                    ],
                    "text_id": 25,
                    "uid": 53
                },
                {
                    "coord": [
                        114,
                        914
                    ],
                    "is_working": false,
                    "name": "Микрорайон 231",
                    "rect": [
                        17,
                        907,
                        85,
                        15
                    ],
                    "text_id": 26,
                    "uid": 54
                },
                {
                    "coord": [
                        100,
                        974
                    ],
                    "is_working": false,
                    "name": "Университет",
                    "rect": [
                        20,
                        967,
                        66,
                        15
                    ],
                    "text_id": 27,
                    "uid": 55
                }
            ],
            "text_id": 29
        },
        {
            "labels_bg_color": "-1",
            "labels_color": "33CC66",
            "line_color": "33CC66",
            "line_width": 9,
            "name": "СТ-3",
            "segments": [
                [
                    56,
                    57,
                    [
                        [
                            368,
                            520
                        ],
                        [
                            414,
                            575
                        ]
                    ],
                    false
                ]
            ],
            "stations": [
                {
                    "coord": [
                        414,
                        575
                    ],
                    "is_working": false,
                    "name": "Комсомольская",
                    "rect": [
                        311,
                        571,
                        84,
                        15
                    ],
                    "text_id": 16,
                    "uid": 56
                },
                {
                    "coord": [
                        368,
                        520
                    ],
                    "is_working": false,
                    "name": "Жилгородок",
                    "rect": [
                        292,
                        510,
                        64,
                        15
                    ],
                    "text_id": 30,
                    "uid": 57
                }
            ],
            "text_id": 31
        }
    ],
    "lines_width": 9,
    "name": "metro",
    "name_text_id": 32,
    "stations_diameter": 18.0,
    "transfers": [
        [
            16,
            56,
            [
                432,
                591
            ],
            [
                414,
                575
            ]
        ]
    ],
    "transports": [
        "metro"
    ],
    "type_name": "ROOT",
    "type_text_id": 33,
    "upper_case": false,
    "width": 907,
    "word_wrap": false
}