{
    "0": "Akademmіstechko",
    "1": "Zhitomirs'ka",
    "2": "Svjatoshin",
    "3": "Nivki",
    "4": "Berestejs'ka",
    "5": "Shuljavs'ka",
    "6": "Polіtehnіchnij іnstitut",
    "7": "Vokzal'na",
    "8": "Unіversitet",
    "9": "Teatral'na",
    "10": "Hreschatik",
    "11": "Arsenal'na",
    "12": "Dnіpro",
    "13": "Gіdropark",
    "14": "Lіvoberezhna",
    "15": "Darnitsja",
    "16": "Chernіgіvs'ka",
    "17": "Lіsova",
    "18": "Svjatoshins'ko-Brovors'ka",
    "19": "Geroїv Dnіpra",
    "20": "Mіns'ka",
    "21": "Obolon'",
    "22": "Petrіvka",
    "23": "Tarasa Shevchenka",
    "24": "Kontraktova ploscha",
    "25": "Poshtova ploscha",
    "26": "Majdan Nezalezhnostі",
    "27": "Ploscha L'va Tolstogo",
    "28": "Olіmpіjs'ka",
    "29": "Palats \"Ukraїna\"",
    "30": "Libіds'ka",
    "31": "Kurenіvs'ka-Chervonoarmіjs'ka",
    "32": "Sirets'",
    "33": "Dorogozhichі",
    "34": "Luk'janіvs'ka",
    "35": "Zolotі vorota",
    "36": "Palats sportu",
    "37": "Klov'ska",
    "38": "Pechers'ka",
    "39": "Druzhbi narodіv",
    "40": "Vidubichі",
    "41": "Slavutich",
    "42": "Osokorki",
    "43": "Poznjaki",
    "44": "Harkіvs'ka",
    "45": "Virlitsja",
    "46": "Borispіl's'ka",
    "47": "Chervonij hutіr",
    "48": "Sirets'ko-Pechers'ka",
    "49": "Kiїv - Petrіvka",
    "50": "pl. Zenіt",
    "51": "pl. Vishgopods'ka",
    "52": "pl. Sirets'",
    "53": "pl. Rubezhіvs'ka",
    "54": "pl. Hovobіlichі",
    "55": "Bіlichі",
    "56": "Ippіn'",
    "57": "pl. Lіsova Bucha",
    "58": "Bucha",
    "59": "pl. Sklozavod",
    "60": "pl. Vorzel'",
    "61": "pl. Kicheєve",
    "62": "Hemіshaєve",
    "63": "Klavdієve",
    "64": "pl. Makіjchukove",
    "65": "Borodjanka",
    "66": "pl. Hutіp Gaj",
    "67": "pl. Zagal'tsі",
    "68": "Spartak",
    "69": "pl. Pіski",
    "70": "Tetepіv",
    "71": "pl. Makalevichі",
    "72": "Іrsha",
    "73": "Penizevichі",
    "74": "pl. Schebzavod",
    "75": "Malin",
    "76": "pl. Pirіzhkіvs'kij",
    "77": "pl. Golovki",
    "78": "pl. Tishіv",
    "79": "pl. Josipіvka",
    "80": "Chopovichі",
    "81": "pl. Melenі",
    "82": "pl. Baljarka",
    "83": "pl. Stremigorod",
    "84": "pl. Novaki",
    "85": "Shatrische",
    "86": "pl. Drevljanka",
    "87": "Korosten'",
    "88": "pl. Bopschagіvka",
    "89": "Kiїv-Volins'kij",
    "90": "Karavaevі Dachі",
    "91": "Kiїv - Pasarzhis'kij/pl. Pіvnіchna",
    "92": "Teterіvs'ka elektrichka",
    "93": "pl. Almaz",
    "94": "Vishneve",
    "95": "pl. Krjukіvschina",
    "96": "pl. Tarasіvka",
    "97": "Bojarka",
    "98": "pl. Maljutinka",
    "99": "pl. Shljahova",
    "100": "pl. Glevaha",
    "101": "pl. 888 km.",
    "102": "Vasil'kіv - 1",
    "103": "pl. Korchі",
    "104": "Motovilіvka",
    "105": "pl. Bіlki",
    "106": "pl. Pіvnі",
    "107": "pl. Vishnjaki",
    "108": "Sorochij Brіd",
    "109": "pl. Snіtinka",
    "110": "Fastіv - 1",
    "111": "Trilіsi",
    "112": "Kozhanka",
    "113": "Popіl'nja",
    "114": "pl. Harlіїvka",
    "115": "Brіvki",
    "116": "pl. Vchorajshe",
    "117": "Chornorudka",
    "118": "pl. Bіlosіllja",
    "119": "pl. Vernigorodok",
    "120": "Sestrinіvka",
    "121": "Kozjatin - Pasazhirs'kij",
    "122": "pl. Zalіznichne",
    "123": "Kozjatin - 2",
    "124": "pl. Kaolіnova",
    "125": "pl. Gluhіvtsі",
    "126": "pl. Іvankіvtsі",
    "127": "Berdichіv",
    "128": "pl. Rajki",
    "129": "pl. Miroslavka",
    "130": "Demchen",
    "131": "pl. Raechki",
    "132": "Mihajlenki",
    "133": "pl. Vakulenchuk",
    "134": "Chudnіv - Vol.",
    "135": "pl. Dovische",
    "136": "Razіne",
    "137": "pl. Gordіїvka",
    "138": "Pechanіvka",
    "139": "pl. Kolodjazhnij",
    "140": "Miropіl'",
    "141": "pl. Blidnі",
    "142": "Ponіnka",
    "143": "Polonne",
    "144": "pl. Gannusine",
    "145": "pl. Poljani",
    "146": "pl. Novichі",
    "147": "Hrolin",
    "148": "pl. Vatutіne",
    "149": "Sudilkіv",
    "150": "Shepetіvka - 1",
    "151": "Tsvіtoha",
    "152": "Slavuta-1",
    "153": "Krivin",
    "154": "Mogiljani",
    "155": "Ostrog",
    "156": "Ivachkove",
    "157": "Zdolbunіv-Pіvdenij",
    "158": "Zdolbunіv-Pasazhirs'kij",
    "159": "pl. Kvasilіv",
    "160": "Basіv Kut",
    "161": "Dvorets'ka",
    "162": "Rіvno",
    "163": "pl. Signal",
    "164": "Kordishіvka",
    "165": "pl. Mikolaїvka",
    "166": "Golendri",
    "167": "pl. Cherepashintsі",
    "168": "Gulіvtsі",
    "169": "pl. Varshitsja",
    "170": "Kalinіvka-1",
    "171": "pl. Sal'nits'kij",
    "172": "Sosonka",
    "173": "pl. Desenka",
    "174": "pl. Stadnitsja",
    "175": "Vіnnitsja vantazhna",
    "176": "Vіnnitsja",
    "177": "pl. Porpurіvs'kij",
    "178": "Tjushki",
    "179": "pl. Veselka",
    "180": "pl. Jarishіvka",
    "181": "pl. Selischans'kij",
    "182": "Gnіvan'",
    "183": "pl. Mogilіvka",
    "184": "pl. Demidіvka",
    "185": "pl. Kozachіvka",
    "186": "Braїlіv",
    "187": "pl. Tartak",
    "188": "Zhmerinka-Pasazhirs'ka",
    "189": "Fastіvs'ka elektrichka",
    "190": "pl. Protasіv Jar",
    "191": "Kiїv - Moskovs'kij",
    "192": "pl. Vidubichі",
    "193": "pl. pp. Hauki",
    "194": "Petro Krivonіs",
    "195": "pl. Lіsniki",
    "196": "Podgіrtsi",
    "197": "Roman'kіv",
    "198": "pl. Mar'janіvka",
    "199": "Novі Bezradichі",
    "200": "pl. Tatsenki",
    "201": "pl. Stugna",
    "202": "Tpipіllja",
    "203": "pl. Scherbanіvka",
    "204": "pl. 45 km.",
    "205": "pl. Gopdin'",
    "206": "Ozepnij",
    "207": "pl. Zіpka",
    "208": "pl. Lozi",
    "209": "Rasava",
    "210": "Kagaplik",
    "211": "Galine",
    "212": "pl. Pustovіti",
    "213": "Mironіvka",
    "214": "Mironіvs'ka elektrichka",
    "215": "Fastіv - 2",
    "216": "pl. 8 km.",
    "217": "pl. Paljanichnitsі",
    "218": "Ustinіvka",
    "219": "pl. Gaj",
    "220": "Bіla Tserkva",
    "221": "Rotok",
    "222": "pl. Tomilіvka",
    "223": "pl. Bіrjuki",
    "224": "pl. Chepeljaїvka",
    "225": "Suholesi",
    "226": "pl. Zhitnі Gori",
    "227": "Rokitne",
    "228": "pl. Bushevo",
    "229": "Ol'shannitsja",
    "230": "pl. Ljutars'kij",
    "231": "pl. Karapishi - 2",
    "232": "Karapishi",
    "233": "Mironіvs'ka elektrichka(cherez Fastіv)",
    "234": "pl. Lіvij Bepeg",
    "235": "pl. Farmatsevtichna",
    "236": "pl. Lіsnitstvo",
    "237": "Bortnichі",
    "238": "pl. M.Aleksandp",
    "239": "pl. Chubins'kij",
    "240": "Borispіl'",
    "241": "pl. Tpavneva",
    "242": "pl. Kuchakove",
    "243": "pl. Hovotpojanda",
    "244": "pl. Selichіvka",
    "245": "Barishіvka",
    "246": "pl. Korzhі",
    "247": "pl. Zhovtnevij",
    "248": "Bepezan'",
    "249": "pl. Hmelevik",
    "250": "Pepejaslavs'ka",
    "251": "pl. 78 km",
    "252": "pl. Rankovij",
    "253": "Jagotin",
    "254": "pl. Chepnjahov",
    "255": "pl. Bogdanіvka",
    "256": "Kononіvka",
    "257": "Mar'janіvka",
    "258": "pl. Parizhs'ka Kommuna",
    "259": "pl. Sl. Petrіvka",
    "260": "Grebіnka",
    "261": "pl. Kiїv - Rusanіvka",
    "262": "Kiїv - Dnіprovs'kij",
    "263": "Troєschina",
    "264": "pl. Obolon'",
    "265": "Grebenkіvs'ka elektrichka",
    "266": "Darnitsja - depo",
    "267": "pl. Jalinka",
    "268": "pl. DVRZ",
    "269": "pl. Knjazhichі",
    "270": "Brovari",
    "271": "pl. Kvіtnevij",
    "272": "pl. Parnikova",
    "273": "pl. Dimerka",
    "274": "pl. Zherdove",
    "275": "Bobrik",
    "276": "pl. Semipolki",
    "277": "Zavorichі",
    "278": "pl. Trubіzh",
    "279": "pl. Jaroslavka",
    "280": "pl. Markіvtsі",
    "281": "pl. Makarіvka",
    "282": "Bobrovitsі",
    "283": "pl. Popudrenna",
    "284": "Kobizhchі",
    "285": "pl. Kosmіchna",
    "286": "Nosіvka",
    "287": "pl. Doslіdna",
    "288": "pl. Chepvonoj partії",
    "289": "pl. Gr.-Іvanіvka",
    "290": "Nіzhin",
    "291": "Nіzhins'ka elektrichka",
    "292": "Metro",
    "293": "ROOT",
    "294": "Metro",
    "295": "Train",
    "296": "Mapa vid 04.07.2005r.\n\nInformatsija pro chas proїzdu:\n-Programa MMetro Kostjantina Shtennikova,\na takozh (za informatsiєju z sajta http://mmetro.al.ru):\n-Vadim Dzigun, Kostya Kostyuchenko, Tropin Kirilo.\n\nMapu nadislavi:\n-Vadim Dzigun, Oleksij Shepetovich.\nInformatsija po ctantsijam - z sajtu http://metropoliten.kiev.ua ta http://www.metro.kiev.ua.\nInformatsija pro nazemnij transport:\n-Vadim Dzigun.\nInformatsija pro pokrittja operatorami mobil'nogo zv'jazku :\n-Oleksij Shepetovich.",
    "297": "Imported from http://pmetro.su"
}