{
    "0": "Академмістечко",
    "1": "Житомирська",
    "2": "Святошин",
    "3": "Нивки",
    "4": "Берестейська",
    "5": "Шулявська",
    "6": "Політехнічний інститут",
    "7": "Вокзальна",
    "8": "Університет",
    "9": "Театральна",
    "10": "Хрещатик",
    "11": "Арсенальна",
    "12": "Дніпро",
    "13": "Гідропарк",
    "14": "Лівобережна",
    "15": "Дарниця",
    "16": "Чернігівська",
    "17": "Лісова",
    "18": "Святошинсько-Броворська",
    "19": "Героїв Дніпра",
    "20": "Мінська",
    "21": "Оболонь",
    "22": "Петрівка",
    "23": "Тараса Шевченка",
    "24": "Контрактова площа",
    "25": "Поштова площа",
    "26": "Майдан Незалежності",
    "27": "Площа Льва Толстого",
    "28": "Олімпійська",
    "29": "Палац \"Україна\"",
    "30": "Либідська",
    "31": "Куренівська-Червоноармійська",
    "32": "Сирець",
    "33": "Дорогожичі",
    "34": "Лук'янівська",
    "35": "Золоті ворота",
    "36": "Палац спорту",
    "37": "Кловьска",
    "38": "Печерська",
    "39": "Дружби народів",
    "40": "Видубичі",
    "41": "Славутич",
    "42": "Осокорки",
    "43": "Позняки",
    "44": "Харківська",
    "45": "Вирлиця",
    "46": "Бориспільська",
    "47": "Червоний хутір",
    "48": "Сирецько-Печерська",
    "49": "Київ - Петрівка",
    "50": "пл. Зеніт",
    "51": "пл. Вишгоpодська",
    "52": "пл. Сирець",
    "53": "пл. Рубежівська",
    "54": "пл. Hовобіличі",
    "55": "Біличі",
    "56": "Ipпінь",
    "57": "пл. Лісова Буча",
    "58": "Буча",
    "59": "пл. Склозавод",
    "60": "пл. Ворзель",
    "61": "пл. Кичеєве",
    "62": "Hемішаєве",
    "63": "Клавдієве",
    "64": "пл. Макійчукове",
    "65": "Бородянка",
    "66": "пл. Хутіp Гай",
    "67": "пл. Загальці",
    "68": "Спартак",
    "69": "пл. Піски",
    "70": "Тетеpів",
    "71": "пл. Макалевичі",
    "72": "Ірша",
    "73": "Пенизевичі",
    "74": "пл. Щебзавод",
    "75": "Малин",
    "76": "пл. Пиріжківський",
    "77": "пл. Головки",
    "78": "пл. Тишів",
    "79": "пл. Йосипівка",
    "80": "Чоповичі",
    "81": "пл. Мелені",
    "82": "пл. Балярка",
    "83": "пл. Стремигород",
    "84": "пл. Новаки",
    "85": "Шатрище",
    "86": "пл. Древлянка",
    "87": "Коростень",
    "88": "пл. Боpщагівка",
    "89": "Київ-Волинський",
    "90": "Караваеві Дачі",
    "91": "Київ - Пасаржиський/пл. Північна",
    "92": "Тетерівська електричка",
    "93": "пл. Алмаз",
    "94": "Вишневе",
    "95": "пл. Крюківщина",
    "96": "пл. Тарасівка",
    "97": "Боярка",
    "98": "пл. Малютинка",
    "99": "пл. Шляхова",
    "100": "пл. Глеваха",
    "101": "пл. 888 км.",
    "102": "Васильків - 1",
    "103": "пл. Корчі",
    "104": "Мотовилівка",
    "105": "пл. Білки",
    "106": "пл. Півні",
    "107": "пл. Вишняки",
    "108": "Сорочий Брід",
    "109": "пл. Снітинка",
    "110": "Фастів - 1",
    "111": "Триліси",
    "112": "Кожанка",
    "113": "Попільня",
    "114": "пл. Харліївка",
    "115": "Брівки",
    "116": "пл. Вчорайше",
    "117": "Чорнорудка",
    "118": "пл. Білосілля",
    "119": "пл. Вернигородок",
    "120": "Сестринівка",
    "121": "Козятин - Пасажирський",
    "122": "пл. Залізничне",
    "123": "Козятин - 2",
    "124": "пл. Каолінова",
    "125": "пл. Глухівці",
    "126": "пл. Іванківці",
    "127": "Бердичів",
    "128": "пл. Райки",
    "129": "пл. Мирославка",
    "130": "Демчен",
    "131": "пл. Раечки",
    "132": "Михайленки",
    "133": "пл. Вакуленчук",
    "134": "Чуднів - Вол.",
    "135": "пл. Довище",
    "136": "Разіне",
    "137": "пл. Гордіївка",
    "138": "Печанівка",
    "139": "пл. Колодяжний",
    "140": "Миропіль",
    "141": "пл. Блидні",
    "142": "Понінка",
    "143": "Полонне",
    "144": "пл. Ганнусине",
    "145": "пл. Поляни",
    "146": "пл. Новичі",
    "147": "Хролин",
    "148": "пл. Ватутіне",
    "149": "Судилків",
    "150": "Шепетівка - 1",
    "151": "Цвітоха",
    "152": "Славута-1",
    "153": "Кривин",
    "154": "Могиляни",
    "155": "Острог",
    "156": "Ивачкове",
    "157": "Здолбунів-Південий",
    "158": "Здолбунів-Пасажирський",
    "159": "пл. Квасилів",
    "160": "Басів Кут",
    "161": "Дворецька",
    "162": "Рівно",
    "163": "пл. Сигнал",
    "164": "Кордишівка",
    "165": "пл. Миколаївка",
    "166": "Голендри",
    "167": "пл. Черепашинці",
    "168": "Гулівці",
    "169": "пл. Варшиця",
    "170": "Калинівка-1",
    "171": "пл. Сальницький",
    "172": "Сосонка",
    "173": "пл. Десенка",
    "174": "пл. Стадниця",
    "175": "Вінниця вантажна",
    "176": "Вінниця",
    "177": "пл. Порпурівський",
    "178": "Тюшки",
    "179": "пл. Веселка",
    "180": "пл. Яришівка",
    "181": "пл. Селищанський",
    "182": "Гнівань",
    "183": "пл. Могилівка",
    "184": "пл. Демидівка",
    "185": "пл. Козачівка",
    "186": "Браїлів",
    "187": "пл. Тартак",
    "188": "Жмеринка-Пасажирська",
    "189": "Фастівська електричка",
    "190": "пл. Протасів Яр",
    "191": "Київ - Московський",
    "192": "пл. Видубичі",
    "193": "пл. пp. Hауки",
    "194": "Петро Кривоніс",
    "195": "пл. Лісники",
    "196": "Подгірци",
    "197": "Романьків",
    "198": "пл. Мар'янівка",
    "199": "Нові Безрадичі",
    "200": "пл. Таценки",
    "201": "пл. Стугна",
    "202": "Тpипілля",
    "203": "пл. Щербанівка",
    "204": "пл. 45 км.",
    "205": "пл. Гоpдинь",
    "206": "Озеpний",
    "207": "пл. Зіpка",
    "208": "пл. Лози",
    "209": "Расава",
    "210": "Кагаpлик",
    "211": "Галине",
    "212": "пл. Пустовіти",
    "213": "Миронівка",
    "214": "Миронівська електричка",
    "215": "Фастів - 2",
    "216": "пл. 8 км.",
    "217": "пл. Паляничниці",
    "218": "Устинівка",
    "219": "пл. Гай",
    "220": "Біла Церква",
    "221": "Роток",
    "222": "пл. Томилівка",
    "223": "пл. Бірюки",
    "224": "пл. Чепеляївка",
    "225": "Сухолеси",
    "226": "пл. Житні Гори",
    "227": "Рокитне",
    "228": "пл. Бушево",
    "229": "Ольшанниця",
    "230": "пл. Лютарський",
    "231": "пл. Карапиши - 2",
    "232": "Карапиши",
    "233": "Миронівська електричка(через Фастів)",
    "234": "пл. Лівий Беpег",
    "235": "пл. Фармацевтична",
    "236": "пл. Лісництво",
    "237": "Бортничі",
    "238": "пл. М.Александp",
    "239": "пл. Чубинський",
    "240": "Бориспіль",
    "241": "пл. Тpавнева",
    "242": "пл. Кучакове",
    "243": "пл. Hовотpоянда",
    "244": "пл. Селичівка",
    "245": "Баришівка",
    "246": "пл. Коржі",
    "247": "пл. Жовтневий",
    "248": "Беpезань",
    "249": "пл. Хмелевик",
    "250": "Пеpеяславська",
    "251": "пл. 78 км",
    "252": "пл. Ранковий",
    "253": "Яготин",
    "254": "пл. Чеpняхов",
    "255": "пл. Богданівка",
    "256": "Кононівка",
    "257": "Мар'янівка",
    "258": "пл. Парижська Коммуна",
    "259": "пл. Сл. Петрівка",
    "260": "Гребінка",
    "261": "пл. Київ - Русанівка",
    "262": "Київ - Дніпровський",
    "263": "Троєщина",
    "264": "пл. Оболонь",
    "265": "Гребенківська електричка",
    "266": "Дарниця - депо",
    "267": "пл. Ялинка",
    "268": "пл. ДВРЗ",
    "269": "пл. Княжичі",
    "270": "Бровари",
    "271": "пл. Квітневий",
    "272": "пл. Парникова",
    "273": "пл. Димерка",
    "274": "пл. Жердове",
    "275": "Бобрик",
    "276": "пл. Семиполки",
    "277": "Заворичі",
    "278": "пл. Трубіж",
    "279": "пл. Ярославка",
    "280": "пл. Марківці",
    "281": "пл. Макарівка",
    "282": "Бобровиці",
    "283": "пл. Попудренна",
    "284": "Кобижчі",
    "285": "пл. Космічна",
    "286": "Носівка",
    "287": "пл. Дослідна",
    "288": "пл. Чеpвоной партії",
    "289": "пл. Гр.-Іванівка",
    "290": "Ніжин",
    "291": "Ніжинська електричка",
    "292": "Метро",
    "293": "ROOT",
    "294": "Метро",
    "295": "Электричка",
    "296": "Мапа вiд 04.07.2005р.\n\nIнформацiя про час проїзду:\n-Програма MMetro Костянтина Штенникова,\nа також (за iнформацiєю з сайта http://mmetro.al.ru):\n-Вадим Дзигун, Kostya Kostyuchenko, Тропин Кирило.\n\nМапу надiслави:\n-Вадим Дзигун, Олексiй Шепетович.\nIнформацiя по cтанцiям - з сайту http://metropoliten.kiev.ua та http://www.metro.kiev.ua.\nIнформацiя про наземний транспорт:\n-Вадим Дзигун.\nIнформацiя про покриття операторами мобiльного зв'язку :\n-Олексiй Шепетович.",
    "297": "Imported from http://pmetro.su"
}