{
    "0": "Zael'tsovskaja",
    "1": "Gagarinskaja",
    "2": "Krasnyj prospekt",
    "3": "Ploschad' Lenina",
    "4": "Oktjabr'skaja",
    "5": "Rechnoj Vokzal",
    "6": "Studencheskaja",
    "7": "Ploschad' Marksa",
    "8": "Ploschad' Stanislavskogo",
    "9": "Leninskaja",
    "10": "Ploschad' Garina-Mihajlovskogo",
    "11": "Sibirskaja",
    "12": "Marshala Pokryshkina",
    "13": "Berezovaja Roscha",
    "14": "Zolotaja niva",
    "15": "Dzerzhinskaja",
    "16": "Novosibirsk-Glavnyj",
    "17": "Plehanovskaja",
    "18": "Novosibirsk-Vostochnyj",
    "19": "Inja",
    "20": "Jubilejnaja",
    "21": "Mochische",
    "22": "Razdol'e",
    "23": "Barlak",
    "24": "Sokur",
    "25": "Zelenodol'skaja",
    "26": "Koshevo",
    "27": "3388 km.",
    "28": "Moshkovo",
    "29": "Poros",
    "30": "3406 km.",
    "31": "Tasino",
    "32": "Ojash",
    "33": "Kubovo",
    "34": "3429 km.",
    "35": "Chebula",
    "36": "Chahlovo",
    "37": "Bolotnaja",
    "38": "Shkola",
    "39": "Pashino",
    "40": "Elektropoezda_na_vostok",
    "41": "Tsentr",
    "42": "Novosibirsk-Juzhnyj",
    "43": "Kamyshenskaja",
    "44": "Raz'ezd Inja",
    "45": "Novogodnjaja",
    "46": "Pervomajskaja",
    "47": "Inskaja",
    "48": "Izdrevaja",
    "49": "Uchebnyj",
    "50": "Dubrava",
    "51": "Komarovka",
    "52": "Gusinyj Brod",
    "53": "Novolugovskaja",
    "54": "Zherebtsovo",
    "55": "Ferma",
    "56": "Raz'ezd Inja-juzhnaja",
    "57": "Rechport",
    "58": "Matveevka",
    "59": "Junost'",
    "60": "Nizhnjaja El'tsovka",
    "61": "Sejatel'",
    "62": "Obskoe More",
    "63": "Beregovaja",
    "64": "Rechkunovka",
    "65": "Berdsk",
    "66": "Morozovo",
    "67": "Sel'skaja",
    "68": "Obskoj Zaliv",
    "69": "52 km.",
    "70": "Sovhoz Berdskij",
    "71": "Iskitim",
    "72": "Monolitnaja",
    "73": "Mramornaja",
    "74": "65 km.",
    "75": "Lozhok",
    "76": "67 km.",
    "77": "Evsino",
    "78": "Kojniha",
    "79": "Linevo",
    "80": "Dorogino",
    "81": "Posevnaja",
    "82": "Cherepanovo",
    "83": "Baryshevo",
    "84": "Krahal'",
    "85": "38 km.",
    "86": "Sovhoznaja",
    "87": "Shelkovichiha",
    "88": "Geodezicheskaja",
    "89": "Novorodnikovyj",
    "90": "Vostochnaja",
    "91": "Rep'evo",
    "92": "Krinitsa",
    "93": "Parovoznyj",
    "94": "Motkovo",
    "95": "L'niha",
    "96": "Borovushka",
    "97": "Kuvshinka",
    "98": "Bugotak",
    "99": "L'nozavod",
    "100": "Izynskij",
    "101": "Salair",
    "102": "Otgonka",
    "103": "Murlytkino",
    "104": "Rozhnevskij Bor",
    "105": "Mezeniha",
    "106": "Kudrino",
    "107": "Toguchin",
    "108": "Devino",
    "109": "141km.",
    "110": "Granit",
    "111": "Izylinka",
    "112": "156 km.",
    "113": "Kurundus",
    "114": "Elektropoezda_na_jug.Kuzbass.Sokur_cherez_Inskuju",
    "115": "Pravaja Ob'",
    "116": "Levaja Ob'",
    "117": "Zhilmassiv",
    "118": "Novosibirsk-Zapadnyj",
    "119": "Zapadnaja",
    "120": "Ippodrom",
    "121": "Ob'",
    "122": "Aeroflot",
    "123": "Pavino",
    "124": "Sady",
    "125": "3307 km.",
    "126": "Chik",
    "127": "Shagalovskij",
    "128": "3293 km.",
    "129": "Kochenevo",
    "130": "3277 km.",
    "131": "3273 km.",
    "132": "Lesnaja Poljana",
    "133": "3264 km.",
    "134": "Oesh",
    "135": "Duplenskja",
    "136": "Rjamok",
    "137": "Tihomirovo",
    "138": "Kabinetnoe",
    "139": "Bol'shedorozhnoe",
    "140": "Chulymskaja",
    "141": "Sekty",
    "142": "3192 km.",
    "143": "Kokoshino",
    "144": "Kapralovo",
    "145": "Kargat",
    "146": "Elektropoezda_na_zapad",
    "147": "Metro",
    "148": "ROOT",
    "149": "Metro",
    "150": "Train",
    "151": "Train",
    "152": "Shema ot 29.03.2018g.\nVersija karty: ot 27.07.2006g.\n\nInformatsiju o vremeni proezda prislal n4c <n4c@yandex.ru>.\n\nInformatsija o stantsijah vzjata s sajtov http://www.nsk.su/~metro/ i http://www.metronsk.narod.ru/.\n\nInformatsija o nazemnom transporte - s sajta http://2gis.ru.\n\nInformatsiju o nochnyh klubah prislal n4c <n4c@yandex.ru>.\nInformatsiju o kinoteatrah prislal n4c <n4c@yandex.ru>.\nInformatsiju o teatrah prislal n4c <n4c@yandex.ru>.\nInformatsiju ob internet-kafe prislal n4c <n4c@yandex.ru>.\nInformatsija o vremeni otkrytija vyhodov i vremeni prosledovanija pervyh i poslednih poezdov opublikovana na ofitsial'nom sajte Novosibirskogo metropolitena http://metro-nsk.ru .\nShemy prigorodnyh elektropoezdov podgotovil Mihail Jaroslavtsev <myaroslavtsev@yandex.ru>.",
    "153": "Imported from http://pmetro.su"
}