{
    "lines": [
        {
            "delays": [],
            "name": "1",
            "scheme": null,
            "segments": [
                [
                    0,
                    1,
                    120
                ],
                [
                    1,
                    0,
                    120
                ],
                [
                    1,
                    2,
                    120
                ],
                [
                    2,
                    1,
                    120
                ],
                [
                    2,
                    3,
                    120
                ],
                [
                    3,
                    2,
                    120
                ],
                [
                    3,
                    4,
                    120
                ],
                [
                    4,
                    3,
                    120
                ],
                [
                    4,
                    5,
                    120
                ],
                [
                    5,
                    4,
                    120
                ],
                [
                    5,
                    6,
                    120
                ],
                [
                    6,
                    5,
                    120
                ],
                [
                    6,
                    7,
                    120
                ],
                [
                    7,
                    6,
                    120
                ],
                [
                    7,
                    8,
                    120
                ],
                [
                    8,
                    7,
                    120
                ],
                [
                    8,
                    9,
                    120
                ],
                [
                    9,
                    8,
                    120
                ],
                [
                    9,
                    10,
                    120
                ],
                [
                    10,
                    9,
                    120
                ],
                [
                    10,
                    11,
                    120
                ],
                [
                    11,
                    10,
                    120
                ],
                [
                    11,
                    12,
                    120
                ],
                [
                    12,
                    11,
                    120
                ],
                [
                    12,
                    13,
                    120
                ],
                [
                    13,
                    12,
                    120
                ],
                [
                    13,
                    14,
                    120
                ],
                [
                    14,
                    13,
                    120
                ],
                [
                    14,
                    15,
                    120
                ],
                [
                    15,
                    14,
                    120
                ],
                [
                    15,
                    16,
                    120
                ],
                [
                    16,
                    15,
                    120
                ],
                [
                    16,
                    17,
                    120
                ],
                [
                    17,
                    16,
                    120
                ],
                [
                    17,
                    18,
                    120
                ],
                [
                    18,
                    17,
                    120
                ],
                [
                    18,
                    19,
                    120
                ],
                [
                    19,
                    18,
                    120
                ],
                [
                    19,
                    20,
                    120
                ],
                [
                    20,
                    19,
                    120
                ],
                [
                    20,
                    21,
                    120
                ],
                [
                    21,
                    20,
                    120
                ]
            ],
            "stations": [
                [
                    0,
                    "Schildesche",
                    0
                ],
                [
                    1,
                    "Heidegarten",
                    1
                ],
                [
                    2,
                    "Kattenkamp",
                    2
                ],
                [
                    3,
                    "Deciusstrasse",
                    3
                ],
                [
                    4,
                    "Johannesstift",
                    4
                ],
                [
                    5,
                    "Sudbrackstrasse",
                    5
                ],
                [
                    6,
                    "Hauptbahnhof",
                    6
                ],
                [
                    7,
                    "Jahnplatz",
                    7
                ],
                [
                    8,
                    "Rathaus",
                    8
                ],
                [
                    9,
                    "Landgericht",
                    9
                ],
                [
                    10,
                    "Adenauerplatz",
                    10
                ],
                [
                    11,
                    "Bethel",
                    11
                ],
                [
                    12,
                    "Friedrich-List-Strasse",
                    12
                ],
                [
                    13,
                    "Eggeweg",
                    13
                ],
                [
                    14,
                    "Brackwede Bahnhof",
                    14
                ],
                [
                    15,
                    "Gaswerkstrasse",
                    15
                ],
                [
                    16,
                    "Normannenstrasse",
                    16
                ],
                [
                    17,
                    "Brackwede Kirche",
                    17
                ],
                [
                    18,
                    "Windelsbleicher Strasse",
                    18
                ],
                [
                    19,
                    "Rosenhohe",
                    19
                ],
                [
                    20,
                    "Sennefriedhof",
                    20
                ],
                [
                    21,
                    "Senne",
                    21
                ]
            ],
            "text_id": 22
        },
        {
            "delays": [],
            "name": "2",
            "scheme": null,
            "segments": [
                [
                    22,
                    23,
                    120
                ],
                [
                    23,
                    22,
                    120
                ],
                [
                    23,
                    24,
                    120
                ],
                [
                    24,
                    23,
                    120
                ],
                [
                    24,
                    25,
                    120
                ],
                [
                    25,
                    24,
                    120
                ],
                [
                    25,
                    26,
                    120
                ],
                [
                    26,
                    25,
                    120
                ],
                [
                    26,
                    27,
                    120
                ],
                [
                    27,
                    26,
                    120
                ],
                [
                    27,
                    28,
                    120
                ],
                [
                    28,
                    27,
                    120
                ],
                [
                    28,
                    29,
                    120
                ],
                [
                    29,
                    28,
                    120
                ],
                [
                    29,
                    30,
                    120
                ],
                [
                    30,
                    29,
                    120
                ],
                [
                    30,
                    31,
                    120
                ],
                [
                    31,
                    30,
                    120
                ],
                [
                    31,
                    32,
                    120
                ],
                [
                    32,
                    31,
                    120
                ],
                [
                    32,
                    33,
                    120
                ],
                [
                    33,
                    32,
                    120
                ],
                [
                    33,
                    34,
                    120
                ],
                [
                    34,
                    33,
                    120
                ],
                [
                    34,
                    35,
                    120
                ],
                [
                    35,
                    34,
                    120
                ],
                [
                    35,
                    36,
                    120
                ],
                [
                    36,
                    35,
                    120
                ],
                [
                    36,
                    37,
                    120
                ],
                [
                    37,
                    36,
                    120
                ],
                [
                    37,
                    38,
                    120
                ],
                [
                    38,
                    37,
                    120
                ],
                [
                    38,
                    39,
                    120
                ],
                [
                    39,
                    38,
                    120
                ],
                [
                    39,
                    40,
                    120
                ],
                [
                    40,
                    39,
                    120
                ],
                [
                    40,
                    41,
                    120
                ],
                [
                    41,
                    40,
                    120
                ],
                [
                    41,
                    42,
                    120
                ],
                [
                    42,
                    41,
                    120
                ]
            ],
            "stations": [
                [
                    22,
                    "Altenhagen",
                    23
                ],
                [
                    23,
                    "Buschbachtal",
                    24
                ],
                [
                    24,
                    "Milse",
                    25
                ],
                [
                    25,
                    "Schelpmilser Weg",
                    26
                ],
                [
                    26,
                    "Baumheide",
                    27
                ],
                [
                    27,
                    "Seidenstickerstrasse",
                    28
                ],
                [
                    28,
                    "Schuco",
                    29
                ],
                [
                    29,
                    "Ziegelstrasse",
                    30
                ],
                [
                    30,
                    "Finkenstrasse",
                    31
                ],
                [
                    31,
                    "Schillerstrasse",
                    32
                ],
                [
                    32,
                    "Stadtheider Strasse",
                    33
                ],
                [
                    33,
                    "Beckhausstrasse",
                    34
                ],
                [
                    34,
                    "Hauptbahnhof",
                    6
                ],
                [
                    35,
                    "Jahnplatz",
                    7
                ],
                [
                    36,
                    "Rathaus",
                    8
                ],
                [
                    37,
                    "Landgericht",
                    9
                ],
                [
                    38,
                    "August-Bebel-Strasse",
                    35
                ],
                [
                    39,
                    "Teutoburger Strasse",
                    36
                ],
                [
                    40,
                    "Mozartstrasse",
                    37
                ],
                [
                    41,
                    "Priessallee",
                    38
                ],
                [
                    42,
                    "Sieker",
                    39
                ]
            ],
            "text_id": 40
        },
        {
            "delays": [],
            "name": "3",
            "scheme": null,
            "segments": [
                [
                    43,
                    44,
                    120
                ],
                [
                    44,
                    43,
                    120
                ],
                [
                    44,
                    45,
                    120
                ],
                [
                    45,
                    44,
                    120
                ],
                [
                    45,
                    46,
                    120
                ],
                [
                    46,
                    45,
                    120
                ],
                [
                    46,
                    47,
                    120
                ],
                [
                    47,
                    46,
                    120
                ],
                [
                    47,
                    48,
                    120
                ],
                [
                    48,
                    47,
                    120
                ],
                [
                    48,
                    49,
                    120
                ],
                [
                    49,
                    48,
                    120
                ],
                [
                    49,
                    50,
                    120
                ],
                [
                    50,
                    49,
                    120
                ],
                [
                    50,
                    51,
                    120
                ],
                [
                    51,
                    50,
                    120
                ],
                [
                    51,
                    52,
                    120
                ],
                [
                    52,
                    51,
                    120
                ],
                [
                    52,
                    53,
                    120
                ],
                [
                    53,
                    52,
                    120
                ],
                [
                    53,
                    54,
                    120
                ],
                [
                    54,
                    53,
                    120
                ],
                [
                    54,
                    55,
                    120
                ],
                [
                    55,
                    54,
                    120
                ],
                [
                    55,
                    56,
                    120
                ],
                [
                    56,
                    55,
                    120
                ],
                [
                    56,
                    57,
                    120
                ],
                [
                    57,
                    56,
                    120
                ],
                [
                    57,
                    58,
                    120
                ],
                [
                    58,
                    57,
                    120
                ],
                [
                    58,
                    59,
                    120
                ],
                [
                    59,
                    58,
                    120
                ],
                [
                    59,
                    60,
                    120
                ],
                [
                    60,
                    59,
                    120
                ],
                [
                    60,
                    61,
                    120
                ],
                [
                    61,
                    60,
                    120
                ],
                [
                    61,
                    62,
                    120
                ],
                [
                    62,
                    61,
                    120
                ],
                [
                    62,
                    63,
                    120
                ],
                [
                    63,
                    62,
                    120
                ]
            ],
            "stations": [
                [
                    43,
                    "Babenhausen Sud",
                    41
                ],
                [
                    44,
                    "Voltmannstrasse",
                    42
                ],
                [
                    45,
                    "Koblenzer Strasse",
                    43
                ],
                [
                    46,
                    "Lange Strasse",
                    44
                ],
                [
                    47,
                    "Auf der Hufe",
                    45
                ],
                [
                    48,
                    "Nordpark",
                    46
                ],
                [
                    49,
                    "Wittekindstrasse",
                    47
                ],
                [
                    50,
                    "Hauptbahnhof",
                    6
                ],
                [
                    51,
                    "Jahnplatz",
                    7
                ],
                [
                    52,
                    "Rathaus",
                    8
                ],
                [
                    53,
                    "August-Schroder-Strasse",
                    48
                ],
                [
                    54,
                    "Ravensberger Strasse",
                    49
                ],
                [
                    55,
                    "Krankenhaus Mitte",
                    50
                ],
                [
                    56,
                    "Oststrasse",
                    51
                ],
                [
                    57,
                    "Hartlager Weg",
                    52
                ],
                [
                    58,
                    "Sieker Mitte",
                    53
                ],
                [
                    59,
                    "Luther-Kirche",
                    54
                ],
                [
                    60,
                    "Roggenkamp",
                    55
                ],
                [
                    61,
                    "Elpke",
                    56
                ],
                [
                    62,
                    "Gesamtschule Stieghorst",
                    57
                ],
                [
                    63,
                    "Stieghorst-Zentrum",
                    58
                ]
            ],
            "text_id": 59
        },
        {
            "delays": [],
            "name": "4",
            "scheme": null,
            "segments": [
                [
                    64,
                    65,
                    120
                ],
                [
                    65,
                    64,
                    120
                ],
                [
                    65,
                    66,
                    120
                ],
                [
                    66,
                    65,
                    120
                ],
                [
                    66,
                    67,
                    120
                ],
                [
                    67,
                    66,
                    120
                ],
                [
                    67,
                    68,
                    120
                ],
                [
                    68,
                    67,
                    120
                ],
                [
                    68,
                    69,
                    120
                ],
                [
                    69,
                    68,
                    120
                ],
                [
                    69,
                    70,
                    120
                ],
                [
                    70,
                    69,
                    120
                ],
                [
                    70,
                    71,
                    120
                ],
                [
                    71,
                    70,
                    120
                ],
                [
                    71,
                    72,
                    120
                ],
                [
                    72,
                    71,
                    120
                ],
                [
                    72,
                    73,
                    120
                ],
                [
                    73,
                    72,
                    120
                ]
            ],
            "stations": [
                [
                    64,
                    "Lohmannshof",
                    60
                ],
                [
                    65,
                    "Wellensiek",
                    61
                ],
                [
                    66,
                    "Universitat",
                    62
                ],
                [
                    67,
                    "Bultmannshof",
                    63
                ],
                [
                    68,
                    "Graf-von-Stauffenberg-Strasse",
                    64
                ],
                [
                    69,
                    "Rudolf-Oetker-Halle",
                    65
                ],
                [
                    70,
                    "Siegfriedplatz",
                    66
                ],
                [
                    71,
                    "Hauptbahnhof",
                    6
                ],
                [
                    72,
                    "Jahnplatz",
                    7
                ],
                [
                    73,
                    "Rathaus",
                    8
                ]
            ],
            "text_id": 67
        }
    ],
    "name": "metro",
    "transfers": [
        [
            6,
            50,
            0,
            true
        ],
        [
            6,
            71,
            0,
            true
        ],
        [
            34,
            50,
            0,
            true
        ],
        [
            34,
            71,
            0,
            true
        ],
        [
            50,
            71,
            0,
            true
        ],
        [
            7,
            35,
            0,
            true
        ],
        [
            7,
            51,
            0,
            true
        ],
        [
            7,
            72,
            0,
            true
        ],
        [
            35,
            51,
            0,
            true
        ],
        [
            35,
            72,
            0,
            true
        ],
        [
            51,
            72,
            0,
            true
        ],
        [
            9,
            37,
            0,
            true
        ],
        [
            8,
            36,
            0,
            true
        ],
        [
            8,
            52,
            0,
            true
        ],
        [
            8,
            73,
            0,
            true
        ],
        [
            36,
            52,
            0,
            true
        ],
        [
            36,
            73,
            0,
            true
        ],
        [
            52,
            73,
            0,
            true
        ]
    ],
    "type_name": "Электричка"
}