{
    "default_transports": [
        "metro"
    ],
    "height": 846,
    "images": [
        "res/schemes/pyongyang.svg"
    ],
    "is_vector": true,
    "lines": [
        {
            "labels_bg_color": "-1",
            "labels_color": "E41c0c",
            "line_color": "E41c0c",
            "line_width": 7,
            "name": "Chollima",
            "segments": [
                [
                    0,
                    1,
                    [
                        [
                            591,
                            29
                        ],
                        [
                            664,
                            25
                        ]
                    ],
                    false
                ],
                [
                    1,
                    2,
                    [
                        [
                            523,
                            35
                        ],
                        [
                            591,
                            29
                        ]
                    ],
                    false
                ],
                [
                    2,
                    3,
                    [
                        [
                            460,
                            46
                        ],
                        [
                            523,
                            35
                        ]
                    ],
                    false
                ],
                [
                    3,
                    4,
                    [
                        [
                            396,
                            58
                        ],
                        [
                            460,
                            46
                        ]
                    ],
                    false
                ],
                [
                    4,
                    5,
                    [
                        [
                            330,
                            74
                        ],
                        [
                            396,
                            58
                        ]
                    ],
                    false
                ],
                [
                    5,
                    6,
                    [
                        [
                            276,
                            90
                        ],
                        [
                            330,
                            74
                        ]
                    ],
                    false
                ],
                [
                    6,
                    7,
                    [
                        [
                            235,
                            105
                        ],
                        [
                            276,
                            90
                        ]
                    ],
                    false
                ],
                [
                    7,
                    8,
                    [
                        [
                            196,
                            123
                        ],
                        [
                            235,
                            105
                        ]
                    ],
                    false
                ],
                [
                    8,
                    9,
                    [
                        [
                            223,
                            169
                        ],
                        [
                            196,
                            123
                        ]
                    ],
                    false
                ],
                [
                    9,
                    10,
                    [
                        [
                            244,
                            209
                        ],
                        [
                            223,
                            169
                        ]
                    ],
                    false
                ],
                [
                    10,
                    11,
                    [
                        [
                            254,
                            262
                        ],
                        [
                            244,
                            209
                        ]
                    ],
                    true
                ],
                [
                    11,
                    12,
                    [
                        [
                            266,
                            321
                        ],
                        [
                            254,
                            262
                        ]
                    ],
                    true
                ],
                [
                    12,
                    13,
                    [
                        [
                            275,
                            363
                        ],
                        [
                            266,
                            321
                        ]
                    ],
                    true
                ],
                [
                    13,
                    14,
                    [
                        [
                            304,
                            410
                        ],
                        [
                            275,
                            363
                        ]
                    ],
                    true
                ],
                [
                    14,
                    15,
                    [
                        [
                            294,
                            493
                        ],
                        [
                            304,
                            410
                        ]
                    ],
                    true
                ],
                [
                    15,
                    16,
                    [
                        [
                            245,
                            546
                        ],
                        [
                            294,
                            493
                        ]
                    ],
                    true
                ],
                [
                    16,
                    17,
                    [
                        [
                            172,
                            576
                        ],
                        [
                            245,
                            546
                        ]
                    ],
                    true
                ],
                [
                    17,
                    18,
                    [
                        [
                            88,
                            539
                        ],
                        [
                            172,
                            576
                        ]
                    ],
                    false
                ],
                [
                    18,
                    19,
                    [
                        [
                            24,
                            560
                        ],
                        [
                            88,
                            539
                        ]
                    ],
                    false
                ],
                [
                    19,
                    20,
                    [
                        [
                            13,
                            528
                        ],
                        [
                            24,
                            560
                        ]
                    ],
                    false
                ],
                [
                    20,
                    21,
                    [
                        [
                            38,
                            504
                        ],
                        [
                            13,
                            528
                        ]
                    ],
                    false
                ],
                [
                    21,
                    22,
                    [
                        [
                            22,
                            480
                        ],
                        [
                            38,
                            504
                        ]
                    ],
                    false
                ],
                [
                    22,
                    23,
                    [
                        [
                            11,
                            454
                        ],
                        [
                            22,
                            480
                        ]
                    ],
                    false
                ],
                [
                    23,
                    24,
                    [
                        [
                            13,
                            428
                        ],
                        [
                            11,
                            454
                        ]
                    ],
                    false
                ],
                [
                    24,
                    25,
                    [
                        [
                            15,
                            398
                        ],
                        [
                            13,
                            428
                        ]
                    ],
                    false
                ]
            ],
            "stations": [
                {
                    "coord": [
                        664,
                        25
                    ],
                    "is_working": false,
                    "name": "Pyongsong",
                    "rect": [
                        594,
                        4,
                        71,
                        15
                    ],
                    "text_id": 0,
                    "uid": 0
                },
                {
                    "coord": [
                        591,
                        29
                    ],
                    "is_working": false,
                    "name": "Likwadaehak",
                    "rect": [
                        563,
                        36,
                        84,
                        15
                    ],
                    "text_id": 1,
                    "uid": 1
                },
                {
                    "coord": [
                        523,
                        35
                    ],
                    "is_working": false,
                    "name": "Paesan",
                    "rect": [
                        505,
                        44,
                        47,
                        15
                    ],
                    "text_id": 2,
                    "uid": 2
                },
                {
                    "coord": [
                        460,
                        46
                    ],
                    "is_working": false,
                    "name": "Limwon",
                    "rect": [
                        450,
                        54,
                        46,
                        15
                    ],
                    "text_id": 3,
                    "uid": 3
                },
                {
                    "coord": [
                        396,
                        58
                    ],
                    "is_working": false,
                    "name": "Masan",
                    "rect": [
                        383,
                        66,
                        42,
                        15
                    ],
                    "text_id": 4,
                    "uid": 4
                },
                {
                    "coord": [
                        330,
                        74
                    ],
                    "is_working": false,
                    "name": "Susan",
                    "rect": [
                        294,
                        56,
                        40,
                        15
                    ],
                    "text_id": 5,
                    "uid": 5
                },
                {
                    "coord": [
                        276,
                        90
                    ],
                    "is_working": false,
                    "name": "Ryongsong",
                    "rect": [
                        280,
                        95,
                        72,
                        15
                    ],
                    "text_id": 6,
                    "uid": 6
                },
                {
                    "coord": [
                        235,
                        105
                    ],
                    "is_working": false,
                    "name": "Ryongmun",
                    "rect": [
                        177,
                        82,
                        66,
                        15
                    ],
                    "text_id": 7,
                    "uid": 7
                },
                {
                    "coord": [
                        196,
                        123
                    ],
                    "is_working": false,
                    "name": "Sopo",
                    "rect": [
                        157,
                        115,
                        32,
                        15
                    ],
                    "text_id": 8,
                    "uid": 8
                },
                {
                    "coord": [
                        223,
                        169
                    ],
                    "is_working": false,
                    "name": "Ryonmot",
                    "rect": [
                        161,
                        164,
                        56,
                        15
                    ],
                    "text_id": 9,
                    "uid": 9
                },
                {
                    "coord": [
                        244,
                        209
                    ],
                    "is_working": true,
                    "name": "Pulgunbyol",
                    "rect": [
                        162,
                        207,
                        76,
                        15
                    ],
                    "text_id": 10,
                    "uid": 10
                },
                {
                    "coord": [
                        254,
                        262
                    ],
                    "is_working": true,
                    "name": "Chonu",
                    "rect": [
                        264,
                        262,
                        42,
                        15
                    ],
                    "text_id": 11,
                    "uid": 11
                },
                {
                    "coord": [
                        266,
                        321
                    ],
                    "is_working": true,
                    "name": "Kaeson",
                    "rect": [
                        271,
                        300,
                        48,
                        15
                    ],
                    "text_id": 12,
                    "uid": 12
                },
                {
                    "coord": [
                        275,
                        363
                    ],
                    "is_working": true,
                    "name": "Tongil",
                    "rect": [
                        225,
                        351,
                        41,
                        15
                    ],
                    "text_id": 13,
                    "uid": 13
                },
                {
                    "coord": [
                        304,
                        410
                    ],
                    "is_working": true,
                    "name": "Sungni",
                    "rect": [
                        250,
                        406,
                        44,
                        15
                    ],
                    "text_id": 14,
                    "uid": 14
                },
                {
                    "coord": [
                        294,
                        493
                    ],
                    "is_working": true,
                    "name": "Ponghwa",
                    "rect": [
                        229,
                        483,
                        59,
                        15
                    ],
                    "text_id": 15,
                    "uid": 15
                },
                {
                    "coord": [
                        245,
                        546
                    ],
                    "is_working": true,
                    "name": "Yonggwang",
                    "rect": [
                        258,
                        541,
                        75,
                        15
                    ],
                    "text_id": 16,
                    "uid": 16
                },
                {
                    "coord": [
                        172,
                        576
                    ],
                    "is_working": true,
                    "name": "Puhung",
                    "rect": [
                        178,
                        578,
                        49,
                        15
                    ],
                    "text_id": 17,
                    "uid": 17
                },
                {
                    "coord": [
                        88,
                        539
                    ],
                    "is_working": false,
                    "name": "Chongchun",
                    "rect": [
                        94,
                        523,
                        74,
                        15
                    ],
                    "text_id": 18,
                    "uid": 18
                },
                {
                    "coord": [
                        24,
                        560
                    ],
                    "is_working": false,
                    "name": "Mangyongdae",
                    "rect": [
                        8,
                        566,
                        89,
                        15
                    ],
                    "text_id": 19,
                    "uid": 19
                },
                {
                    "coord": [
                        13,
                        528
                    ],
                    "is_working": false,
                    "name": "Songsan",
                    "rect": [
                        22,
                        523,
                        56,
                        15
                    ],
                    "text_id": 20,
                    "uid": 20
                },
                {
                    "coord": [
                        38,
                        504
                    ],
                    "is_working": false,
                    "name": "Haksaengsonyongungjon",
                    "rect": [
                        46,
                        497,
                        164,
                        15
                    ],
                    "text_id": 21,
                    "uid": 21
                },
                {
                    "coord": [
                        22,
                        480
                    ],
                    "is_working": false,
                    "name": "Chinson",
                    "rect": [
                        30,
                        472,
                        52,
                        15
                    ],
                    "text_id": 22,
                    "uid": 22
                },
                {
                    "coord": [
                        11,
                        454
                    ],
                    "is_working": false,
                    "name": "Chigol",
                    "rect": [
                        18,
                        448,
                        43,
                        15
                    ],
                    "text_id": 23,
                    "uid": 23
                },
                {
                    "coord": [
                        13,
                        428
                    ],
                    "is_working": false,
                    "name": "Yongung",
                    "rect": [
                        20,
                        430,
                        57,
                        15
                    ],
                    "text_id": 24,
                    "uid": 24
                },
                {
                    "coord": [
                        15,
                        398
                    ],
                    "is_working": false,
                    "name": "Kwangbok",
                    "rect": [
                        20,
                        376,
                        68,
                        15
                    ],
                    "text_id": 25,
                    "uid": 25
                }
            ],
            "text_id": 26
        },
        {
            "labels_bg_color": "-1",
            "labels_color": "34349C",
            "line_color": "34349C",
            "line_width": 7,
            "name": "Hyoskin",
            "segments": [
                [
                    26,
                    27,
                    [
                        [
                            372,
                            202
                        ],
                        [
                            443,
                            192
                        ]
                    ],
                    true
                ],
                [
                    27,
                    28,
                    [
                        [
                            312,
                            222
                        ],
                        [
                            372,
                            202
                        ]
                    ],
                    true
                ],
                [
                    28,
                    29,
                    [
                        [
                            257,
                            248
                        ],
                        [
                            312,
                            222
                        ]
                    ],
                    true
                ],
                [
                    29,
                    30,
                    [
                        [
                            189,
                            316
                        ],
                        [
                            257,
                            248
                        ]
                    ],
                    true
                ],
                [
                    30,
                    31,
                    [
                        [
                            179,
                            378
                        ],
                        [
                            189,
                            316
                        ]
                    ],
                    true
                ],
                [
                    31,
                    32,
                    [
                        [
                            158,
                            432
                        ],
                        [
                            179,
                            378
                        ]
                    ],
                    true
                ],
                [
                    32,
                    33,
                    [
                        [
                            83,
                            407
                        ],
                        [
                            158,
                            432
                        ]
                    ],
                    true
                ],
                [
                    33,
                    34,
                    [
                        [
                            27,
                            398
                        ],
                        [
                            83,
                            407
                        ]
                    ],
                    true
                ]
            ],
            "stations": [
                {
                    "coord": [
                        443,
                        192
                    ],
                    "is_working": true,
                    "name": "Rakwon",
                    "rect": [
                        429,
                        173,
                        52,
                        15
                    ],
                    "text_id": 27,
                    "uid": 26
                },
                {
                    "coord": [
                        372,
                        202
                    ],
                    "is_working": true,
                    "name": "Kwangmyong",
                    "rect": [
                        308,
                        180,
                        84,
                        15
                    ],
                    "text_id": 28,
                    "uid": 27
                },
                {
                    "coord": [
                        312,
                        222
                    ],
                    "is_working": true,
                    "name": "Samhung",
                    "rect": [
                        320,
                        226,
                        58,
                        15
                    ],
                    "text_id": 29,
                    "uid": 28
                },
                {
                    "coord": [
                        257,
                        248
                    ],
                    "is_working": true,
                    "name": "Chonsung",
                    "rect": [
                        269,
                        246,
                        65,
                        15
                    ],
                    "text_id": 30,
                    "uid": 29
                },
                {
                    "coord": [
                        189,
                        316
                    ],
                    "is_working": true,
                    "name": "Hyoskin",
                    "rect": [
                        147,
                        282,
                        51,
                        15
                    ],
                    "text_id": 31,
                    "uid": 30
                },
                {
                    "coord": [
                        179,
                        378
                    ],
                    "is_working": true,
                    "name": "Konsol",
                    "rect": [
                        183,
                        375,
                        47,
                        15
                    ],
                    "text_id": 32,
                    "uid": 31
                },
                {
                    "coord": [
                        158,
                        432
                    ],
                    "is_working": true,
                    "name": "Hwanggumbol",
                    "rect": [
                        167,
                        436,
                        91,
                        15
                    ],
                    "text_id": 33,
                    "uid": 32
                },
                {
                    "coord": [
                        83,
                        407
                    ],
                    "is_working": true,
                    "name": "Konguk",
                    "rect": [
                        87,
                        394,
                        50,
                        15
                    ],
                    "text_id": 34,
                    "uid": 33
                },
                {
                    "coord": [
                        27,
                        398
                    ],
                    "is_working": true,
                    "name": "Kwangbok",
                    "rect": [
                        20,
                        376,
                        68,
                        15
                    ],
                    "text_id": 25,
                    "uid": 34
                }
            ],
            "text_id": 31
        },
        {
            "labels_bg_color": "-1",
            "labels_color": "000000",
            "line_color": "000000",
            "line_width": 7,
            "name": "Planned",
            "segments": [
                [
                    35,
                    36,
                    [
                        [
                            28,
                            264
                        ],
                        [
                            2,
                            191
                        ]
                    ],
                    false
                ],
                [
                    36,
                    37,
                    [
                        [
                            107,
                            299
                        ],
                        [
                            28,
                            264
                        ]
                    ],
                    false
                ],
                [
                    37,
                    38,
                    [
                        [
                            189,
                            305
                        ],
                        [
                            107,
                            299
                        ]
                    ],
                    false
                ],
                [
                    38,
                    39,
                    [
                        [
                            277,
                            329
                        ],
                        [
                            189,
                            305
                        ]
                    ],
                    false
                ],
                [
                    39,
                    40,
                    [
                        [
                            352,
                            360
                        ],
                        [
                            277,
                            329
                        ]
                    ],
                    false
                ],
                [
                    40,
                    41,
                    [
                        [
                            429,
                            364
                        ],
                        [
                            352,
                            360
                        ]
                    ],
                    false
                ],
                [
                    41,
                    42,
                    [
                        [
                            423,
                            421
                        ],
                        [
                            429,
                            364
                        ]
                    ],
                    false
                ],
                [
                    42,
                    43,
                    [
                        [
                            419,
                            482
                        ],
                        [
                            423,
                            421
                        ]
                    ],
                    false
                ],
                [
                    43,
                    44,
                    [
                        [
                            409,
                            541
                        ],
                        [
                            419,
                            482
                        ]
                    ],
                    false
                ],
                [
                    44,
                    45,
                    [
                        [
                            387,
                            583
                        ],
                        [
                            409,
                            541
                        ]
                    ],
                    false
                ],
                [
                    45,
                    46,
                    [
                        [
                            352,
                            628
                        ],
                        [
                            387,
                            583
                        ]
                    ],
                    false
                ],
                [
                    46,
                    47,
                    [
                        [
                            299,
                            660
                        ],
                        [
                            352,
                            628
                        ]
                    ],
                    false
                ],
                [
                    47,
                    48,
                    [
                        [
                            246,
                            672
                        ],
                        [
                            299,
                            660
                        ]
                    ],
                    false
                ],
                [
                    48,
                    49,
                    [
                        [
                            196,
                            679
                        ],
                        [
                            246,
                            672
                        ]
                    ],
                    false
                ],
                [
                    49,
                    50,
                    [
                        [
                            146,
                            682
                        ],
                        [
                            196,
                            679
                        ]
                    ],
                    false
                ]
            ],
            "stations": [
                {
                    "coord": [
                        2,
                        191
                    ],
                    "is_working": false,
                    "name": "Yonghwachwalyongso",
                    "rect": [
                        5,
                        176,
                        145,
                        15
                    ],
                    "text_id": 35,
                    "uid": 35
                },
                {
                    "coord": [
                        28,
                        264
                    ],
                    "is_working": false,
                    "name": "Hadang",
                    "rect": [
                        33,
                        251,
                        50,
                        15
                    ],
                    "text_id": 36,
                    "uid": 36
                },
                {
                    "coord": [
                        107,
                        299
                    ],
                    "is_working": false,
                    "name": "Sopyongyang",
                    "rect": [
                        11,
                        316,
                        86,
                        15
                    ],
                    "text_id": 37,
                    "uid": 37
                },
                {
                    "coord": [
                        189,
                        305
                    ],
                    "is_working": false,
                    "name": "Hyoskin",
                    "rect": [
                        147,
                        282,
                        51,
                        15
                    ],
                    "text_id": 31,
                    "uid": 38
                },
                {
                    "coord": [
                        277,
                        329
                    ],
                    "is_working": false,
                    "name": "Kaeson",
                    "rect": [
                        271,
                        300,
                        48,
                        15
                    ],
                    "text_id": 12,
                    "uid": 39
                },
                {
                    "coord": [
                        352,
                        360
                    ],
                    "is_working": false,
                    "name": "Rungnado",
                    "rect": [
                        354,
                        341,
                        66,
                        15
                    ],
                    "text_id": 38,
                    "uid": 40
                },
                {
                    "coord": [
                        429,
                        364
                    ],
                    "is_working": false,
                    "name": "Munsu",
                    "rect": [
                        435,
                        360,
                        42,
                        15
                    ],
                    "text_id": 39,
                    "uid": 41
                },
                {
                    "coord": [
                        423,
                        421
                    ],
                    "is_working": false,
                    "name": "Tongdaemun",
                    "rect": [
                        430,
                        410,
                        80,
                        15
                    ],
                    "text_id": 40,
                    "uid": 42
                },
                {
                    "coord": [
                        419,
                        482
                    ],
                    "is_working": false,
                    "name": "Chongyingori",
                    "rect": [
                        426,
                        479,
                        87,
                        15
                    ],
                    "text_id": 41,
                    "uid": 43
                },
                {
                    "coord": [
                        409,
                        541
                    ],
                    "is_working": false,
                    "name": "Songyo",
                    "rect": [
                        415,
                        536,
                        48,
                        15
                    ],
                    "text_id": 42,
                    "uid": 44
                },
                {
                    "coord": [
                        387,
                        583
                    ],
                    "is_working": false,
                    "name": "Taehung",
                    "rect": [
                        393,
                        580,
                        55,
                        15
                    ],
                    "text_id": 43,
                    "uid": 45
                },
                {
                    "coord": [
                        352,
                        628
                    ],
                    "is_working": false,
                    "name": "Yongje",
                    "rect": [
                        364,
                        623,
                        46,
                        15
                    ],
                    "text_id": 44,
                    "uid": 46
                },
                {
                    "coord": [
                        299,
                        660
                    ],
                    "is_working": false,
                    "name": "Chongo",
                    "rect": [
                        301,
                        666,
                        50,
                        15
                    ],
                    "text_id": 45,
                    "uid": 47
                },
                {
                    "coord": [
                        246,
                        672
                    ],
                    "is_working": false,
                    "name": "Chungsong",
                    "rect": [
                        199,
                        650,
                        73,
                        15
                    ],
                    "text_id": 46,
                    "uid": 48
                },
                {
                    "coord": [
                        196,
                        679
                    ],
                    "is_working": false,
                    "name": "Kwanmun",
                    "rect": [
                        176,
                        684,
                        61,
                        15
                    ],
                    "text_id": 47,
                    "uid": 49
                },
                {
                    "coord": [
                        146,
                        682
                    ],
                    "is_working": false,
                    "name": "Tosong",
                    "rect": [
                        123,
                        663,
                        47,
                        15
                    ],
                    "text_id": 48,
                    "uid": 50
                }
            ],
            "text_id": 49
        },
        {
            "labels_bg_color": "-1",
            "labels_color": "808080",
            "line_color": "808080",
            "line_width": 7,
            "name": "National Railroad",
            "segments": [
                [
                    51,
                    52,
                    [
                        [
                            97,
                            305
                        ],
                        [
                            166,
                            5
                        ]
                    ],
                    true
                ],
                [
                    52,
                    53,
                    [
                        [
                            153,
                            446
                        ],
                        [
                            97,
                            305
                        ]
                    ],
                    true
                ],
                [
                    53,
                    54,
                    [
                        [
                            232,
                            540
                        ],
                        [
                            153,
                            446
                        ]
                    ],
                    true
                ],
                [
                    53,
                    57,
                    [
                        [
                            60,
                            407
                        ],
                        [
                            153,
                            446
                        ]
                    ],
                    true
                ],
                [
                    54,
                    55,
                    [
                        [
                            333,
                            618
                        ],
                        [
                            232,
                            540
                        ]
                    ],
                    true
                ],
                [
                    55,
                    56,
                    [
                        [
                            420,
                            696
                        ],
                        [
                            333,
                            618
                        ]
                    ],
                    true
                ]
            ],
            "stations": [
                {
                    "coord": [
                        166,
                        5
                    ],
                    "is_working": true,
                    "name": "Sinuiju",
                    "rect": [
                        113,
                        3,
                        45,
                        15
                    ],
                    "text_id": 50,
                    "uid": 51
                },
                {
                    "coord": [
                        97,
                        305
                    ],
                    "is_working": true,
                    "name": "Sopyongyang",
                    "rect": [
                        11,
                        316,
                        86,
                        15
                    ],
                    "text_id": 37,
                    "uid": 52
                },
                {
                    "coord": [
                        153,
                        446
                    ],
                    "is_working": true,
                    "name": "Hwanggumbol",
                    "rect": [
                        167,
                        436,
                        91,
                        15
                    ],
                    "text_id": 33,
                    "uid": 53
                },
                {
                    "coord": [
                        232,
                        540
                    ],
                    "is_working": true,
                    "name": "Pyongyang",
                    "rect": [
                        153,
                        538,
                        71,
                        15
                    ],
                    "text_id": 51,
                    "uid": 54
                },
                {
                    "coord": [
                        333,
                        618
                    ],
                    "is_working": true,
                    "name": "Taedonggang",
                    "rect": [
                        240,
                        625,
                        87,
                        15
                    ],
                    "text_id": 52,
                    "uid": 55
                },
                {
                    "coord": [
                        420,
                        696
                    ],
                    "is_working": true,
                    "name": "Seoul",
                    "rect": [
                        428,
                        684,
                        38,
                        15
                    ],
                    "text_id": 53,
                    "uid": 56
                },
                {
                    "coord": [
                        60,
                        407
                    ],
                    "is_working": true,
                    "name": "Potonggang",
                    "rect": [
                        23,
                        413,
                        79,
                        15
                    ],
                    "text_id": 54,
                    "uid": 57
                }
            ],
            "text_id": 55
        }
    ],
    "lines_width": 7,
    "name": "metro",
    "name_text_id": 56,
    "stations_diameter": 13.0,
    "transfers": [
        [
            11,
            29,
            [
                254,
                262
            ],
            [
                257,
                248
            ]
        ],
        [
            25,
            34,
            [
                15,
                398
            ],
            [
                27,
                398
            ]
        ],
        [
            12,
            39,
            [
                266,
                321
            ],
            [
                277,
                329
            ]
        ],
        [
            16,
            54,
            [
                245,
                546
            ],
            [
                232,
                540
            ]
        ],
        [
            30,
            38,
            [
                189,
                316
            ],
            [
                189,
                305
            ]
        ],
        [
            32,
            53,
            [
                158,
                432
            ],
            [
                153,
                446
            ]
        ],
        [
            37,
            52,
            [
                107,
                299
            ],
            [
                97,
                305
            ]
        ],
        [
            46,
            55,
            [
                352,
                628
            ],
            [
                333,
                618
            ]
        ]
    ],
    "transports": [
        "metro"
    ],
    "type_name": "ROOT",
    "type_text_id": 57,
    "upper_case": true,
    "width": 814,
    "word_wrap": true
}