{
    "lines": [
        {
            "delays": [],
            "name": "Tram",
            "scheme": null,
            "segments": [
                [
                    0,
                    1,
                    120
                ],
                [
                    1,
                    0,
                    120
                ],
                [
                    1,
                    2,
                    120
                ],
                [
                    2,
                    1,
                    120
                ],
                [
                    2,
                    3,
                    120
                ],
                [
                    3,
                    2,
                    120
                ],
                [
                    3,
                    4,
                    120
                ],
                [
                    3,
                    7,
                    120
                ],
                [
                    4,
                    3,
                    120
                ],
                [
                    4,
                    5,
                    120
                ],
                [
                    5,
                    4,
                    120
                ],
                [
                    5,
                    6,
                    120
                ],
                [
                    6,
                    5,
                    120
                ],
                [
                    7,
                    3,
                    120
                ],
                [
                    7,
                    8,
                    120
                ],
                [
                    8,
                    7,
                    120
                ],
                [
                    8,
                    9,
                    120
                ],
                [
                    9,
                    8,
                    120
                ],
                [
                    9,
                    10,
                    120
                ],
                [
                    10,
                    9,
                    120
                ],
                [
                    10,
                    11,
                    120
                ],
                [
                    11,
                    10,
                    120
                ],
                [
                    11,
                    12,
                    120
                ],
                [
                    12,
                    11,
                    120
                ],
                [
                    12,
                    13,
                    120
                ],
                [
                    13,
                    12,
                    120
                ],
                [
                    13,
                    14,
                    120
                ],
                [
                    14,
                    13,
                    120
                ],
                [
                    14,
                    15,
                    120
                ],
                [
                    15,
                    14,
                    120
                ]
            ],
            "stations": [
                [
                    0,
                    "Bergbahnhof Urfahr",
                    0
                ],
                [
                    1,
                    "Muhlkreisbahnhof",
                    1
                ],
                [
                    2,
                    "Biegung",
                    2
                ],
                [
                    3,
                    "Rudolfstrasse",
                    3
                ],
                [
                    4,
                    "Wildbergstrasse",
                    4
                ],
                [
                    5,
                    "Peuerbachstrasse",
                    5
                ],
                [
                    6,
                    "Linke Bruckenstrasse",
                    6
                ],
                [
                    7,
                    "Hauptplatz",
                    7
                ],
                [
                    8,
                    "Taubenmarkt",
                    8
                ],
                [
                    9,
                    "Mozartkreuzung",
                    9
                ],
                [
                    10,
                    "Burgerstrasse",
                    10
                ],
                [
                    11,
                    "Goethekreuzung",
                    11
                ],
                [
                    12,
                    "Hauptbahnhof",
                    12
                ],
                [
                    13,
                    "Unionkreuzung",
                    13
                ],
                [
                    14,
                    "Herz-Jesu-Kirche",
                    14
                ],
                [
                    15,
                    "Bulgariplatz",
                    15
                ]
            ],
            "text_id": 16
        }
    ],
    "name": "metro",
    "transfers": [],
    "type_name": "Трамвай"
}