{
    "0": "Lapa",
    "1": "Campo da Polvora",
    "2": "Brotas",
    "3": "Bonoco",
    "4": "Acesso Norte",
    "5": "Retiro",
    "6": "Bon Jua",
    "7": "Piraja",
    "8": "Mata Escura",
    "9": "Pau de Lima",
    "10": "Cajazeiras",
    "11": "Linha 1",
    "12": "Detran",
    "13": "Rodoviaria",
    "14": "Pernambues",
    "15": "Imbui",
    "16": "Centro Administrativo da Bahia",
    "17": "Pituacu",
    "18": "Flamboyant",
    "19": "Tamburugy",
    "20": "Bairro da Paz",
    "21": "Mussurunga",
    "22": "Aeroporto",
    "23": "Lauro de Freitas",
    "24": "Linha 2",
    "25": "Метро",
    "26": "ROOT",
    "27": "Схема от 26.04.2015г.\nИнтервалы движения - ждем Вашей помощи.",
    "28": "Imported from http://pmetro.su"
}