{
    "lines": [
        {
            "delays": [],
            "name": "A",
            "scheme": null,
            "segments": [
                [
                    0,
                    1,
                    120
                ],
                [
                    1,
                    0,
                    120
                ],
                [
                    1,
                    2,
                    120
                ],
                [
                    2,
                    1,
                    120
                ],
                [
                    2,
                    3,
                    120
                ],
                [
                    3,
                    2,
                    120
                ],
                [
                    3,
                    4,
                    120
                ],
                [
                    4,
                    3,
                    120
                ],
                [
                    4,
                    5,
                    120
                ],
                [
                    5,
                    4,
                    120
                ],
                [
                    5,
                    6,
                    120
                ],
                [
                    6,
                    5,
                    120
                ],
                [
                    6,
                    7,
                    120
                ],
                [
                    7,
                    6,
                    120
                ],
                [
                    7,
                    8,
                    120
                ],
                [
                    8,
                    7,
                    120
                ],
                [
                    8,
                    9,
                    120
                ],
                [
                    9,
                    8,
                    120
                ],
                [
                    9,
                    10,
                    120
                ],
                [
                    10,
                    9,
                    120
                ],
                [
                    10,
                    11,
                    120
                ],
                [
                    11,
                    10,
                    120
                ],
                [
                    11,
                    12,
                    120
                ],
                [
                    12,
                    11,
                    120
                ],
                [
                    12,
                    13,
                    120
                ],
                [
                    13,
                    12,
                    120
                ],
                [
                    13,
                    14,
                    120
                ],
                [
                    14,
                    13,
                    120
                ],
                [
                    14,
                    15,
                    120
                ],
                [
                    15,
                    14,
                    120
                ],
                [
                    15,
                    16,
                    120
                ],
                [
                    16,
                    15,
                    120
                ],
                [
                    16,
                    17,
                    120
                ],
                [
                    17,
                    16,
                    120
                ],
                [
                    17,
                    18,
                    120
                ],
                [
                    18,
                    17,
                    120
                ],
                [
                    18,
                    19,
                    120
                ],
                [
                    19,
                    18,
                    120
                ],
                [
                    19,
                    20,
                    120
                ],
                [
                    20,
                    19,
                    120
                ],
                [
                    20,
                    21,
                    120
                ],
                [
                    21,
                    20,
                    120
                ]
            ],
            "stations": [
                [
                    0,
                    "Hautepierre-Maillon",
                    0
                ],
                [
                    1,
                    "Dante",
                    1
                ],
                [
                    2,
                    "Hopital de Hautepierre",
                    2
                ],
                [
                    3,
                    "Ducs d'Alsace",
                    3
                ],
                [
                    4,
                    "Saint-Florent",
                    4
                ],
                [
                    5,
                    "Rotonde",
                    5
                ],
                [
                    6,
                    "Gare Centrale",
                    6
                ],
                [
                    7,
                    "Ancienne Synagogue-Les Halles",
                    7
                ],
                [
                    8,
                    "Homme de Fer",
                    8
                ],
                [
                    9,
                    "Langstross-Grand'Rue",
                    9
                ],
                [
                    10,
                    "Porte de l'Hopital",
                    10
                ],
                [
                    11,
                    "Etoile Bourse",
                    11
                ],
                [
                    12,
                    "Schluthfeld",
                    12
                ],
                [
                    13,
                    "Krimmeri-Stade de la Meinau",
                    13
                ],
                [
                    14,
                    "Lycce Couffignal",
                    14
                ],
                [
                    15,
                    "Emile Mathis",
                    15
                ],
                [
                    16,
                    "Hohwart",
                    16
                ],
                [
                    17,
                    "Baggersee",
                    17
                ],
                [
                    18,
                    "Colonne",
                    18
                ],
                [
                    19,
                    "Leclerc",
                    19
                ],
                [
                    20,
                    "Campus d'Illkirch",
                    20
                ],
                [
                    21,
                    "Illkirch Lixenbuhl",
                    21
                ]
            ],
            "text_id": 22
        },
        {
            "delays": [],
            "name": "B",
            "scheme": null,
            "segments": [
                [
                    22,
                    23,
                    120
                ],
                [
                    23,
                    22,
                    120
                ],
                [
                    23,
                    24,
                    120
                ],
                [
                    24,
                    23,
                    120
                ],
                [
                    24,
                    25,
                    120
                ],
                [
                    25,
                    24,
                    120
                ],
                [
                    25,
                    26,
                    120
                ],
                [
                    26,
                    25,
                    120
                ],
                [
                    26,
                    27,
                    120
                ],
                [
                    27,
                    26,
                    120
                ],
                [
                    27,
                    28,
                    120
                ],
                [
                    28,
                    27,
                    120
                ],
                [
                    28,
                    29,
                    120
                ],
                [
                    29,
                    28,
                    120
                ],
                [
                    29,
                    30,
                    120
                ],
                [
                    30,
                    29,
                    120
                ],
                [
                    30,
                    31,
                    120
                ],
                [
                    31,
                    30,
                    120
                ],
                [
                    31,
                    32,
                    120
                ],
                [
                    32,
                    31,
                    120
                ],
                [
                    32,
                    33,
                    120
                ],
                [
                    33,
                    32,
                    120
                ],
                [
                    33,
                    34,
                    120
                ],
                [
                    34,
                    33,
                    120
                ],
                [
                    34,
                    35,
                    120
                ],
                [
                    35,
                    34,
                    120
                ],
                [
                    35,
                    36,
                    120
                ],
                [
                    36,
                    35,
                    120
                ],
                [
                    36,
                    37,
                    120
                ],
                [
                    37,
                    36,
                    120
                ],
                [
                    37,
                    38,
                    120
                ],
                [
                    38,
                    37,
                    120
                ],
                [
                    38,
                    39,
                    120
                ],
                [
                    39,
                    38,
                    120
                ],
                [
                    39,
                    40,
                    120
                ],
                [
                    40,
                    39,
                    120
                ],
                [
                    40,
                    41,
                    120
                ],
                [
                    41,
                    40,
                    120
                ]
            ],
            "stations": [
                [
                    22,
                    "Hoenheim Gare",
                    23
                ],
                [
                    23,
                    "General de Gaulle",
                    24
                ],
                [
                    24,
                    "Le Ried",
                    25
                ],
                [
                    25,
                    "Lycce Marc Bloch",
                    26
                ],
                [
                    26,
                    "Pont Phario",
                    27
                ],
                [
                    27,
                    "Le Marais",
                    28
                ],
                [
                    28,
                    "Futura Glaciere",
                    29
                ],
                [
                    29,
                    "Rives de l'Aar",
                    30
                ],
                [
                    30,
                    "Wacken",
                    31
                ],
                [
                    31,
                    "Lycce Klcber",
                    32
                ],
                [
                    32,
                    "Parc du Contades",
                    33
                ],
                [
                    33,
                    "Rcpublique",
                    34
                ],
                [
                    34,
                    "Broglie",
                    35
                ],
                [
                    35,
                    "Homme de Fer",
                    8
                ],
                [
                    36,
                    "Alt Winmarik",
                    36
                ],
                [
                    37,
                    "Faubourg National",
                    37
                ],
                [
                    38,
                    "Musee d'Art Moderne",
                    38
                ],
                [
                    39,
                    "Laiterie",
                    39
                ],
                [
                    40,
                    "Montagne verte",
                    40
                ],
                [
                    41,
                    "Elsau",
                    41
                ]
            ],
            "text_id": 42
        },
        {
            "delays": [],
            "name": "C",
            "scheme": null,
            "segments": [
                [
                    42,
                    43,
                    120
                ],
                [
                    43,
                    42,
                    120
                ],
                [
                    43,
                    44,
                    120
                ],
                [
                    44,
                    43,
                    120
                ],
                [
                    44,
                    45,
                    120
                ],
                [
                    45,
                    44,
                    120
                ],
                [
                    45,
                    46,
                    120
                ],
                [
                    46,
                    45,
                    120
                ],
                [
                    46,
                    47,
                    120
                ],
                [
                    47,
                    46,
                    120
                ],
                [
                    47,
                    48,
                    120
                ],
                [
                    48,
                    47,
                    120
                ],
                [
                    48,
                    49,
                    120
                ],
                [
                    49,
                    48,
                    120
                ],
                [
                    49,
                    50,
                    120
                ],
                [
                    50,
                    49,
                    120
                ],
                [
                    50,
                    51,
                    120
                ],
                [
                    51,
                    50,
                    120
                ],
                [
                    51,
                    52,
                    120
                ],
                [
                    52,
                    51,
                    120
                ],
                [
                    52,
                    53,
                    120
                ],
                [
                    53,
                    52,
                    120
                ],
                [
                    53,
                    54,
                    120
                ],
                [
                    54,
                    53,
                    120
                ]
            ],
            "stations": [
                [
                    42,
                    "Esplanade",
                    43
                ],
                [
                    43,
                    "Observatoire",
                    44
                ],
                [
                    44,
                    "Universites",
                    45
                ],
                [
                    45,
                    "Gallia",
                    46
                ],
                [
                    46,
                    "Rcpublique",
                    34
                ],
                [
                    47,
                    "Broglie",
                    35
                ],
                [
                    48,
                    "Homme de Fer",
                    8
                ],
                [
                    49,
                    "Alt Winmarik",
                    36
                ],
                [
                    50,
                    "Faubourg National",
                    37
                ],
                [
                    51,
                    "Musee d'Art Moderne",
                    38
                ],
                [
                    52,
                    "Laiterie",
                    39
                ],
                [
                    53,
                    "Montagne verte",
                    40
                ],
                [
                    54,
                    "Elsau",
                    41
                ]
            ],
            "text_id": 47
        },
        {
            "delays": [],
            "name": "D",
            "scheme": null,
            "segments": [
                [
                    55,
                    56,
                    120
                ],
                [
                    56,
                    55,
                    120
                ],
                [
                    56,
                    57,
                    120
                ],
                [
                    57,
                    56,
                    120
                ],
                [
                    57,
                    58,
                    120
                ],
                [
                    58,
                    57,
                    120
                ],
                [
                    58,
                    59,
                    120
                ],
                [
                    59,
                    58,
                    120
                ],
                [
                    59,
                    60,
                    120
                ],
                [
                    60,
                    59,
                    120
                ],
                [
                    60,
                    61,
                    120
                ],
                [
                    61,
                    60,
                    120
                ],
                [
                    61,
                    62,
                    120
                ],
                [
                    62,
                    61,
                    120
                ]
            ],
            "stations": [
                [
                    55,
                    "Rotonde",
                    5
                ],
                [
                    56,
                    "Gare Centrale",
                    6
                ],
                [
                    57,
                    "Ancienne Synagogue-Les Halles",
                    7
                ],
                [
                    58,
                    "Homme de Fer",
                    8
                ],
                [
                    59,
                    "Langstross-Grand'Rue",
                    9
                ],
                [
                    60,
                    "Porte de l'Hopital",
                    10
                ],
                [
                    61,
                    "Etoile Bourse",
                    11
                ],
                [
                    62,
                    "Etoile Polygone",
                    48
                ]
            ],
            "text_id": 49
        }
    ],
    "name": "metro",
    "transfers": [
        [
            5,
            55,
            120,
            true
        ],
        [
            33,
            46,
            120,
            true
        ],
        [
            34,
            47,
            120,
            true
        ],
        [
            35,
            58,
            120,
            true
        ],
        [
            35,
            48,
            120,
            true
        ],
        [
            36,
            49,
            120,
            true
        ],
        [
            37,
            50,
            120,
            true
        ],
        [
            38,
            51,
            120,
            true
        ],
        [
            39,
            52,
            120,
            true
        ],
        [
            40,
            53,
            120,
            true
        ],
        [
            41,
            54,
            120,
            true
        ],
        [
            6,
            56,
            120,
            true
        ],
        [
            58,
            48,
            120,
            true
        ],
        [
            7,
            57,
            120,
            true
        ],
        [
            8,
            35,
            120,
            true
        ],
        [
            8,
            58,
            120,
            true
        ],
        [
            8,
            48,
            120,
            true
        ],
        [
            9,
            59,
            120,
            true
        ],
        [
            10,
            60,
            120,
            true
        ],
        [
            11,
            61,
            120,
            true
        ]
    ],
    "type_name": "Трамвай"
}