{
    "lines": [
        {
            "delays": [
                480,
                900
            ],
            "name": "55",
            "scheme": null,
            "segments": [
                [
                    0,
                    1,
                    120
                ],
                [
                    1,
                    0,
                    120
                ],
                [
                    1,
                    2,
                    120
                ],
                [
                    2,
                    1,
                    120
                ],
                [
                    2,
                    3,
                    120
                ],
                [
                    3,
                    2,
                    120
                ],
                [
                    3,
                    4,
                    120
                ],
                [
                    4,
                    3,
                    120
                ],
                [
                    4,
                    5,
                    120
                ],
                [
                    5,
                    4,
                    120
                ],
                [
                    5,
                    6,
                    120
                ],
                [
                    6,
                    5,
                    120
                ],
                [
                    6,
                    7,
                    180
                ],
                [
                    7,
                    6,
                    180
                ],
                [
                    7,
                    8,
                    120
                ],
                [
                    8,
                    7,
                    120
                ],
                [
                    8,
                    9,
                    120
                ],
                [
                    9,
                    8,
                    120
                ],
                [
                    9,
                    10,
                    120
                ],
                [
                    10,
                    9,
                    120
                ],
                [
                    10,
                    11,
                    120
                ],
                [
                    11,
                    10,
                    120
                ],
                [
                    11,
                    12,
                    120
                ],
                [
                    12,
                    11,
                    120
                ],
                [
                    12,
                    13,
                    120
                ],
                [
                    13,
                    12,
                    120
                ],
                [
                    13,
                    14,
                    240
                ],
                [
                    14,
                    13,
                    240
                ],
                [
                    14,
                    15,
                    120
                ],
                [
                    15,
                    14,
                    120
                ],
                [
                    15,
                    16,
                    180
                ],
                [
                    16,
                    15,
                    180
                ]
            ],
            "stations": [
                [
                    0,
                    "Warehouse District/Hennepin Avenue",
                    0
                ],
                [
                    1,
                    "Nicollet Mall",
                    1
                ],
                [
                    2,
                    "Government Plaza",
                    2
                ],
                [
                    3,
                    "Downtown East/Metrodome",
                    3
                ],
                [
                    4,
                    "Cedar-Riverside",
                    4
                ],
                [
                    5,
                    "Franklin Avenue",
                    5
                ],
                [
                    6,
                    "Lake Street/Midtown",
                    6
                ],
                [
                    7,
                    "38th Street",
                    7
                ],
                [
                    8,
                    "46th Street",
                    8
                ],
                [
                    9,
                    "50th Street/Minnehaha Park",
                    9
                ],
                [
                    10,
                    "VA Medical Center",
                    10
                ],
                [
                    11,
                    "Fort Snelling",
                    11
                ],
                [
                    12,
                    "Lindbergh Terminal",
                    12
                ],
                [
                    13,
                    "Humphrey Terminal",
                    13
                ],
                [
                    14,
                    "Bloomington Central",
                    14
                ],
                [
                    15,
                    "28th Avenue",
                    15
                ],
                [
                    16,
                    "Mall of America",
                    16
                ]
            ],
            "text_id": 17
        }
    ],
    "name": "metro",
    "transfers": [],
    "type_name": "Трамвай"
}