{
    "0": "Hospital de Bellvitge",
    "1": "Bellvitge",
    "2": "Av. Carrilet",
    "3": "Rambla Just Oliveras",
    "4": "Can Serra",
    "5": "Florida",
    "6": "Torrassa",
    "7": "Santa Eulalia",
    "8": "Mercat Nou",
    "9": "Placa de Sants",
    "10": "Hostafrancs",
    "11": "Espanya",
    "12": "Rocafort",
    "13": "Urgell",
    "14": "Universitat",
    "15": "Catalunya",
    "16": "Urquinaona",
    "17": "Arc de Triomf",
    "18": "Marina",
    "19": "Glories",
    "20": "Clot",
    "21": "Navas",
    "22": "La Sagrera",
    "23": "Fabra i Puig",
    "24": "Sant Andreu",
    "25": "Torras i Bages",
    "26": "Trinitat Vella",
    "27": "Baro de Viver",
    "28": "Santa Coloma",
    "29": "Fondo",
    "30": "L1",
    "31": "Paral·lel",
    "32": "Sant Antoni",
    "33": "Passeig de Gracia",
    "34": "Tetuan",
    "35": "Monumental",
    "36": "Sagrada Familia",
    "37": "Encants",
    "38": "Bac de Roda",
    "39": "Sant Marti",
    "40": "La Pau",
    "41": "Verneda",
    "42": "Artigues Sant Adria",
    "43": "Sant Roc",
    "44": "Gorg",
    "45": "Pep Ventura",
    "46": "Badalona Pompeu Fabra",
    "47": "L2",
    "48": "Zona Universitaria",
    "49": "Palau Reial",
    "50": "Maria Cristina",
    "51": "Les Corts",
    "52": "Placa del Centre",
    "53": "Sants Estacio",
    "54": "Tarragona",
    "55": "Poble Sec",
    "56": "Drassanes",
    "57": "Liceu",
    "58": "Diagonal",
    "59": "Fontana",
    "60": "Lesseps",
    "61": "Vallcarca",
    "62": "Penitents",
    "63": "Vall d’Hebron",
    "64": "Montbau",
    "65": "Mundet",
    "66": "Valldaura",
    "67": "Canyelles",
    "68": "Roquetes",
    "69": "Trinitat Nova",
    "70": "L3",
    "71": "Besos",
    "72": "Besos Mar",
    "73": "El Maresme|Forum",
    "74": "Selva de Mar",
    "75": "Poblenou",
    "76": "Llacuna",
    "77": "Bogatell",
    "78": "Ciutadella|Vila Olimpica",
    "79": "Barceloneta",
    "80": "Jaume I",
    "81": "Girona",
    "82": "Verdaguer",
    "83": "Joanic",
    "84": "Alfons X",
    "85": "Guinardo Hospital de Sant Pau",
    "86": "Maragall",
    "87": "Llucmajor",
    "88": "Via Julia",
    "89": "L4",
    "90": "Cornella Centre",
    "91": "Gavarra",
    "92": "Sant Ildefons",
    "93": "Can Boixeres",
    "94": "Can Vidalet",
    "95": "Pubilla Cases",
    "96": "Ernest Lluch",
    "97": "Collblanc",
    "98": "Badal",
    "99": "Entenca",
    "100": "Hospital Clinic",
    "101": "Sant Pau Dos de Maig",
    "102": "Camp de l’Arpa",
    "103": "Congres",
    "104": "Virrei Amat",
    "105": "Vilapicina",
    "106": "Horta",
    "107": "El Carmel",
    "108": "El Coll La Teixonera",
    "109": "Vall d'Hebron",
    "110": "L5",
    "111": "Estacio AVE",
    "112": "Onze de Setembre",
    "113": "Bon Pastor",
    "114": "Can Peixauet",
    "115": "Santa Rosa",
    "116": "Esglesia Major",
    "117": "Singuerlin",
    "118": "Can Zam",
    "119": "L9",
    "120": "Llefia",
    "121": "La Salut",
    "122": "L10",
    "123": "Casa de l’Aigua",
    "124": "Torre Baro|Vallbona",
    "125": "Ciutat Meridiana",
    "126": "Can Cuias",
    "127": "L11",
    "128": "Provenca",
    "129": "Gracia",
    "130": "Sant Gervasi",
    "131": "Muntaner",
    "132": "La Bonanova",
    "133": "Les Tres Torres",
    "134": "Sarria",
    "135": "Reina Elisenda",
    "136": "L6",
    "137": "Pl. Molina",
    "138": "Padua",
    "139": "El Putxet",
    "140": "Av. Tibidabo",
    "141": "L7",
    "142": "Magoria La Campana",
    "143": "Ildefons Cerda",
    "144": "Europa|Fira",
    "145": "Gornal",
    "146": "Sant Josep",
    "147": "L'Hospitalet Av. Carrilet",
    "148": "Almeda",
    "149": "Cornella Riera",
    "150": "Sant Boi",
    "151": "Moli Nou Ciutat Cooperativa",
    "152": "L8",
    "153": "Molins de Rei",
    "154": "Sant Feliu de Llobregat",
    "155": "Sant Joan Despi",
    "156": "Cornella",
    "157": "L'Hospitalet de Llobregat",
    "158": "Sants",
    "159": "El Clot-Arago",
    "160": "Sant Adria de Besos",
    "161": "Badalona",
    "162": "Montgat",
    "163": "Montgat Nord",
    "164": "R1",
    "165": "Castelldefels",
    "166": "Gava",
    "167": "Viladecans",
    "168": "El Prat de Llobregat",
    "169": "Sant Andreu Comtal",
    "170": "Montcada i Reixac",
    "171": "R2",
    "172": "Aeroport",
    "173": "R2-Nord",
    "174": "Platja de Castelldefels",
    "175": "Estacio de Franca",
    "176": "R2-Sud",
    "177": "La Sagrera-Meridiana",
    "178": "Sant Andreu Arenal",
    "179": "Torre del Baro",
    "180": "Montcada Bifurcacio",
    "181": "Montcada Ripollet",
    "182": "R3",
    "183": "Montcada i Reixac-Manresa",
    "184": "Montcada i Reixac-Santa Maria",
    "185": "R4",
    "186": "R7",
    "187": "Francesc Macia",
    "188": "L'Illa",
    "189": "Numancia",
    "190": "Pius XII",
    "191": "Avinguda de Xile",
    "192": "Can Rigal",
    "193": "Ca n'Oliveres",
    "194": "Can Clota",
    "195": "Pont d'Esplugues",
    "196": "La Sardana",
    "197": "Montesa",
    "198": "El Pedro",
    "199": "Ignasi Iglesias",
    "200": "Les Aigues",
    "201": "Fontsanta Fatjo",
    "202": "Bon Viatge",
    "203": "T1",
    "204": "La Fontsanta",
    "205": "Centre Miquel Marti i Pol",
    "206": "Llevant Les Planes",
    "207": "T2",
    "208": "Hospital Sant Joan Despi|TV3",
    "209": "Rambla de Sant Just",
    "210": "Walden",
    "211": "Torreblanca",
    "212": "Sant Feliu Consell Comarcal",
    "213": "T3",
    "214": "Wellington",
    "215": "Auditori Teatre Nacional",
    "216": "Ca l'Aranyo",
    "217": "Pere IV",
    "218": "Fluvia",
    "219": "El Maresme",
    "220": "Forum",
    "221": "Can Llima",
    "222": "Central Termica del Besos",
    "223": "Estacio de Sant Adria",
    "224": "T4",
    "225": "La Farinera",
    "226": "Can Jaumandreu",
    "227": "Espronceda",
    "228": "Sant Marti de Provencais",
    "229": "Alfons el Magnanim",
    "230": "Parc del Besos",
    "231": "La Catalana",
    "232": "Sant Joan Baptista",
    "233": "Encants de Sant Adria",
    "234": "T5",
    "235": "La Mina",
    "236": "T6",
    "237": "TMB Metro",
    "238": "ROOT",
    "239": "FGC",
    "240": "TMB Metro",
    "241": "Rodalies",
    "242": "Tramvia",
    "243": "Схема от 11.06.2013г.\nАктуальность схемы: август 2011 г.\nАвторы: Варламов Дмитрий (www.chpeks.com) - первоначальная схема; Жук Юрий - новая версия.",
    "244": "Imported from http://pmetro.su"
}