{
    "0": "7th St.",
    "1": "Charlotte Transportation Center/Arena",
    "2": "3rd St./Convention Center",
    "3": "Stonewall",
    "4": "Carson",
    "5": "Bland",
    "6": "East/West Blvd",
    "7": "New Bern",
    "8": "Scaleybark",
    "9": "Woodlawn",
    "10": "Tyvola",
    "11": "Archdale",
    "12": "Arrowood",
    "13": "Sharon Road West",
    "14": "I-485/South Blvd",
    "15": "Blue Line",
    "16": "Tram",
    "17": "ROOT",
    "18": "Shema ot 30.01.2008g.\nAvtor: Varlamov Dmitrij (www.chpeks.com)",
    "19": "Imported from http://pmetro.su"
}