{
    "default_transports": [
        "metro"
    ],
    "height": 780,
    "images": [
        "res/schemes/m3.svg"
    ],
    "is_vector": true,
    "lines": [
        {
            "labels_bg_color": "-1",
            "labels_color": "000000",
            "line_color": "FFCD31",
            "line_width": 9,
            "name": "M1",
            "segments": [],
            "stations": [
                {
                    "coord": null,
                    "is_working": true,
                    "name": "Mexikoi Ut",
                    "rect": null,
                    "text_id": 0,
                    "uid": 0
                },
                {
                    "coord": null,
                    "is_working": true,
                    "name": "Szechenyi furdo",
                    "rect": null,
                    "text_id": 1,
                    "uid": 1
                },
                {
                    "coord": null,
                    "is_working": true,
                    "name": "Hosok tere",
                    "rect": null,
                    "text_id": 2,
                    "uid": 2
                },
                {
                    "coord": null,
                    "is_working": true,
                    "name": "Bajza utca",
                    "rect": null,
                    "text_id": 3,
                    "uid": 3
                },
                {
                    "coord": null,
                    "is_working": true,
                    "name": "Kodaly korond",
                    "rect": null,
                    "text_id": 4,
                    "uid": 4
                },
                {
                    "coord": null,
                    "is_working": true,
                    "name": "Vorosmarty utca",
                    "rect": null,
                    "text_id": 5,
                    "uid": 5
                },
                {
                    "coord": null,
                    "is_working": true,
                    "name": "Oktogon",
                    "rect": null,
                    "text_id": 6,
                    "uid": 6
                },
                {
                    "coord": null,
                    "is_working": true,
                    "name": "Opera",
                    "rect": null,
                    "text_id": 7,
                    "uid": 7
                },
                {
                    "coord": null,
                    "is_working": true,
                    "name": "Bajcsy- Zsilinszky ut",
                    "rect": null,
                    "text_id": 8,
                    "uid": 8
                },
                {
                    "coord": [
                        181,
                        366
                    ],
                    "is_working": true,
                    "name": "Deak Ferenc ter",
                    "rect": [
                        60,
                        350,
                        100,
                        20
                    ],
                    "text_id": 9,
                    "uid": 9
                },
                {
                    "coord": null,
                    "is_working": true,
                    "name": "Vorosmarty ter",
                    "rect": null,
                    "text_id": 10,
                    "uid": 10
                }
            ],
            "text_id": 11
        },
        {
            "labels_bg_color": "-1",
            "labels_color": "000000",
            "line_color": "8383FF",
            "line_width": 9,
            "name": "M3",
            "segments": [
                [
                    22,
                    23,
                    [
                        [
                            200,
                            90
                        ],
                        [
                            200,
                            60
                        ]
                    ],
                    true
                ],
                [
                    23,
                    24,
                    [
                        [
                            200,
                            120
                        ],
                        [
                            200,
                            90
                        ]
                    ],
                    true
                ],
                [
                    24,
                    25,
                    [
                        [
                            200,
                            150
                        ],
                        [
                            200,
                            120
                        ]
                    ],
                    true
                ],
                [
                    25,
                    26,
                    [
                        [
                            200,
                            180
                        ],
                        [
                            200,
                            150
                        ]
                    ],
                    true
                ],
                [
                    26,
                    27,
                    [
                        [
                            200,
                            210
                        ],
                        [
                            200,
                            180
                        ]
                    ],
                    true
                ],
                [
                    27,
                    28,
                    [
                        [
                            200,
                            237
                        ],
                        [
                            200,
                            210
                        ]
                    ],
                    true
                ],
                [
                    28,
                    29,
                    [
                        [
                            200,
                            262
                        ],
                        [
                            200,
                            237
                        ]
                    ],
                    true
                ],
                [
                    29,
                    30,
                    [
                        [
                            200,
                            292
                        ],
                        [
                            200,
                            262
                        ]
                    ],
                    true
                ],
                [
                    30,
                    31,
                    [
                        [
                            200,
                            335
                        ],
                        [
                            200,
                            292
                        ]
                    ],
                    true
                ],
                [
                    31,
                    32,
                    [
                        [
                            200,
                            376
                        ],
                        [
                            200,
                            335
                        ]
                    ],
                    true
                ],
                [
                    32,
                    33,
                    [
                        [
                            200,
                            409
                        ],
                        [
                            200,
                            376
                        ]
                    ],
                    true
                ],
                [
                    33,
                    34,
                    [
                        [
                            200,
                            432
                        ],
                        [
                            200,
                            409
                        ]
                    ],
                    true
                ],
                [
                    34,
                    35,
                    [
                        [
                            200,
                            458
                        ],
                        [
                            200,
                            432
                        ]
                    ],
                    true
                ],
                [
                    35,
                    36,
                    [
                        [
                            200,
                            484
                        ],
                        [
                            200,
                            458
                        ]
                    ],
                    true
                ],
                [
                    36,
                    37,
                    [
                        [
                            200,
                            510
                        ],
                        [
                            200,
                            484
                        ]
                    ],
                    true
                ],
                [
                    37,
                    38,
                    [
                        [
                            200,
                            540
                        ],
                        [
                            200,
                            510
                        ]
                    ],
                    true
                ],
                [
                    38,
                    39,
                    [
                        [
                            200,
                            570
                        ],
                        [
                            200,
                            540
                        ]
                    ],
                    true
                ],
                [
                    39,
                    40,
                    [
                        [
                            200,
                            600
                        ],
                        [
                            200,
                            570
                        ]
                    ],
                    true
                ],
                [
                    40,
                    41,
                    [
                        [
                            200,
                            630
                        ],
                        [
                            200,
                            600
                        ]
                    ],
                    false
                ]
            ],
            "stations": [
                {
                    "coord": [
                        200,
                        60
                    ],
                    "is_working": true,
                    "name": "Kobanya-Kispest",
                    "rect": [
                        215,
                        50,
                        100,
                        20
                    ],
                    "text_id": 23,
                    "uid": 22
                },
                {
                    "coord": [
                        200,
                        90
                    ],
                    "is_working": true,
                    "name": "Hatar ut",
                    "rect": [
                        215,
                        80,
                        100,
                        20
                    ],
                    "text_id": 24,
                    "uid": 23
                },
                {
                    "coord": [
                        200,
                        120
                    ],
                    "is_working": true,
                    "name": "Pottyos utca",
                    "rect": [
                        215,
                        110,
                        100,
                        20
                    ],
                    "text_id": 25,
                    "uid": 24
                },
                {
                    "coord": [
                        200,
                        150
                    ],
                    "is_working": true,
                    "name": "Ecseri ut",
                    "rect": [
                        215,
                        140,
                        100,
                        20
                    ],
                    "text_id": 26,
                    "uid": 25
                },
                {
                    "coord": [
                        200,
                        180
                    ],
                    "is_working": true,
                    "name": "Nepliget",
                    "rect": [
                        215,
                        170,
                        100,
                        20
                    ],
                    "text_id": 27,
                    "uid": 26
                },
                {
                    "coord": [
                        200,
                        210
                    ],
                    "is_working": true,
                    "name": "Nagyvarad ter",
                    "rect": [
                        215,
                        200,
                        100,
                        20
                    ],
                    "text_id": 28,
                    "uid": 27
                },
                {
                    "coord": [
                        200,
                        237
                    ],
                    "is_working": true,
                    "name": "Klinikak",
                    "rect": [
                        215,
                        227,
                        100,
                        20
                    ],
                    "text_id": 29,
                    "uid": 28
                },
                {
                    "coord": [
                        200,
                        262
                    ],
                    "is_working": true,
                    "name": "Ferenc Korut",
                    "rect": [
                        215,
                        253,
                        100,
                        20
                    ],
                    "text_id": 30,
                    "uid": 29
                },
                {
                    "coord": [
                        200,
                        292
                    ],
                    "is_working": true,
                    "name": "Kalvin ter",
                    "rect": [
                        215,
                        283,
                        100,
                        20
                    ],
                    "text_id": 31,
                    "uid": 30
                },
                {
                    "coord": [
                        200,
                        335
                    ],
                    "is_working": true,
                    "name": "Ferenciek tere",
                    "rect": [
                        214,
                        325,
                        100,
                        20
                    ],
                    "text_id": 32,
                    "uid": 31
                },
                {
                    "coord": [
                        200,
                        376
                    ],
                    "is_working": true,
                    "name": "Deak Ferenc ter",
                    "rect": [
                        215,
                        368,
                        100,
                        20
                    ],
                    "text_id": 9,
                    "uid": 32
                },
                {
                    "coord": [
                        200,
                        409
                    ],
                    "is_working": true,
                    "name": "Arany Janos utca",
                    "rect": [
                        215,
                        398,
                        100,
                        20
                    ],
                    "text_id": 33,
                    "uid": 33
                },
                {
                    "coord": [
                        200,
                        432
                    ],
                    "is_working": true,
                    "name": "Nyugati ter",
                    "rect": [
                        215,
                        422,
                        100,
                        20
                    ],
                    "text_id": 34,
                    "uid": 34
                },
                {
                    "coord": [
                        200,
                        458
                    ],
                    "is_working": true,
                    "name": "Lehel ter",
                    "rect": [
                        215,
                        447,
                        100,
                        20
                    ],
                    "text_id": 35,
                    "uid": 35
                },
                {
                    "coord": [
                        200,
                        484
                    ],
                    "is_working": true,
                    "name": "Dozsa Gyorgy ut",
                    "rect": [
                        215,
                        473,
                        100,
                        20
                    ],
                    "text_id": 36,
                    "uid": 36
                },
                {
                    "coord": [
                        200,
                        510
                    ],
                    "is_working": true,
                    "name": "Arpad hid",
                    "rect": [
                        215,
                        500,
                        100,
                        20
                    ],
                    "text_id": 37,
                    "uid": 37
                },
                {
                    "coord": [
                        200,
                        540
                    ],
                    "is_working": true,
                    "name": "Forgach utca",
                    "rect": [
                        215,
                        530,
                        100,
                        20
                    ],
                    "text_id": 38,
                    "uid": 38
                },
                {
                    "coord": [
                        200,
                        570
                    ],
                    "is_working": true,
                    "name": "Gyongyosi utca",
                    "rect": [
                        215,
                        560,
                        100,
                        20
                    ],
                    "text_id": 39,
                    "uid": 39
                },
                {
                    "coord": [
                        200,
                        600
                    ],
                    "is_working": true,
                    "name": "Ujpest Varoskapu",
                    "rect": [
                        215,
                        590,
                        100,
                        20
                    ],
                    "text_id": 40,
                    "uid": 40
                },
                {
                    "coord": [
                        200,
                        630
                    ],
                    "is_working": false,
                    "name": "Ujpest-kozpont",
                    "rect": [
                        215,
                        620,
                        100,
                        20
                    ],
                    "text_id": 41,
                    "uid": 41
                }
            ],
            "text_id": 42
        },
        {
            "labels_bg_color": "-1",
            "labels_color": "000000",
            "line_color": "FD0000",
            "line_width": 9,
            "name": "M2",
            "segments": [],
            "stations": [
                {
                    "coord": null,
                    "is_working": true,
                    "name": "Ors Vezer tere",
                    "rect": null,
                    "text_id": 12,
                    "uid": 11
                },
                {
                    "coord": null,
                    "is_working": true,
                    "name": "Pillango utca",
                    "rect": null,
                    "text_id": 13,
                    "uid": 12
                },
                {
                    "coord": null,
                    "is_working": true,
                    "name": "Stadionok",
                    "rect": null,
                    "text_id": 14,
                    "uid": 13
                },
                {
                    "coord": null,
                    "is_working": true,
                    "name": "Keleti palyaudvar",
                    "rect": null,
                    "text_id": 15,
                    "uid": 14
                },
                {
                    "coord": null,
                    "is_working": true,
                    "name": "Blaha Lujza ter",
                    "rect": null,
                    "text_id": 16,
                    "uid": 15
                },
                {
                    "coord": null,
                    "is_working": true,
                    "name": "Astoria",
                    "rect": null,
                    "text_id": 17,
                    "uid": 16
                },
                {
                    "coord": [
                        181,
                        386
                    ],
                    "is_working": true,
                    "name": "Deak Ferenc ter",
                    "rect": [
                        60,
                        376,
                        100,
                        20
                    ],
                    "text_id": 9,
                    "uid": 17
                },
                {
                    "coord": null,
                    "is_working": true,
                    "name": "Kossuth Lajos ter",
                    "rect": null,
                    "text_id": 18,
                    "uid": 18
                },
                {
                    "coord": null,
                    "is_working": true,
                    "name": "Batthyany ter",
                    "rect": null,
                    "text_id": 19,
                    "uid": 19
                },
                {
                    "coord": null,
                    "is_working": true,
                    "name": "Moszkva ter",
                    "rect": null,
                    "text_id": 20,
                    "uid": 20
                },
                {
                    "coord": null,
                    "is_working": true,
                    "name": "Deli palyaudvar",
                    "rect": null,
                    "text_id": 21,
                    "uid": 21
                }
            ],
            "text_id": 22
        }
    ],
    "lines_width": 9,
    "name": "m3",
    "name_text_id": 42,
    "stations_diameter": 16.0,
    "transfers": [
        [
            9,
            17,
            [
                181,
                366
            ],
            [
                181,
                386
            ]
        ],
        [
            9,
            32,
            [
                181,
                366
            ],
            [
                200,
                376
            ]
        ],
        [
            17,
            32,
            [
                181,
                386
            ],
            [
                200,
                376
            ]
        ]
    ],
    "transports": [
        "metro"
    ],
    "type_name": "Метро",
    "type_text_id": 45,
    "upper_case": true,
    "width": 350,
    "word_wrap": true
}