{
    "default_transports": [
        "metro"
    ],
    "height": 675,
    "images": [
        "res/schemes/palma.svg"
    ],
    "is_vector": true,
    "lines": [
        {
            "labels_bg_color": "-1",
            "labels_color": "1C35B1",
            "line_color": "1C35B1",
            "line_width": 7,
            "name": "1",
            "segments": [
                [
                    0,
                    1,
                    [
                        [
                            106,
                            490
                        ],
                        [
                            66,
                            525
                        ]
                    ],
                    true
                ],
                [
                    1,
                    2,
                    [
                        [
                            141,
                            460
                        ],
                        [
                            106,
                            490
                        ]
                    ],
                    true
                ],
                [
                    2,
                    3,
                    [
                        [
                            176.0,
                            360.0
                        ],
                        [
                            174.87,
                            371.41
                        ],
                        [
                            173.59,
                            382.12
                        ],
                        [
                            172.18,
                            392.16
                        ],
                        [
                            170.62,
                            401.5
                        ],
                        [
                            168.93,
                            410.16
                        ],
                        [
                            167.09,
                            418.12
                        ],
                        [
                            165.12,
                            425.41
                        ],
                        [
                            163.0,
                            432.0
                        ],
                        [
                            160.74,
                            437.91
                        ],
                        [
                            158.34,
                            443.12
                        ],
                        [
                            155.8,
                            447.66
                        ],
                        [
                            153.12,
                            451.5
                        ],
                        [
                            150.3,
                            454.66
                        ],
                        [
                            147.34,
                            457.12
                        ],
                        [
                            144.24,
                            458.91
                        ],
                        [
                            141.0,
                            460.0
                        ]
                    ],
                    true
                ],
                [
                    3,
                    4,
                    [
                        [
                            181.0,
                            320.0
                        ],
                        [
                            181.74,
                            322.5
                        ],
                        [
                            182.34,
                            325.0
                        ],
                        [
                            182.8,
                            327.5
                        ],
                        [
                            183.12,
                            330.0
                        ],
                        [
                            183.3,
                            332.5
                        ],
                        [
                            183.34,
                            335.0
                        ],
                        [
                            183.24,
                            337.5
                        ],
                        [
                            183.0,
                            340.0
                        ],
                        [
                            182.62,
                            342.5
                        ],
                        [
                            182.09,
                            345.0
                        ],
                        [
                            181.43,
                            347.5
                        ],
                        [
                            180.62,
                            350.0
                        ],
                        [
                            179.68,
                            352.5
                        ],
                        [
                            178.59,
                            355.0
                        ],
                        [
                            177.37,
                            357.5
                        ],
                        [
                            176.0,
                            360.0
                        ]
                    ],
                    true
                ],
                [
                    4,
                    5,
                    [
                        [
                            156,
                            285
                        ],
                        [
                            181,
                            320
                        ]
                    ],
                    true
                ],
                [
                    5,
                    6,
                    [
                        [
                            131,
                            245
                        ],
                        [
                            156,
                            285
                        ]
                    ],
                    true
                ],
                [
                    6,
                    7,
                    [
                        [
                            106.0,
                            160.0
                        ],
                        [
                            104.87,
                            163.79
                        ],
                        [
                            104.09,
                            167.78
                        ],
                        [
                            103.68,
                            171.98
                        ],
                        [
                            103.62,
                            176.38
                        ],
                        [
                            103.93,
                            180.98
                        ],
                        [
                            104.59,
                            185.78
                        ],
                        [
                            105.62,
                            190.79
                        ],
                        [
                            107.0,
                            196.0
                        ],
                        [
                            108.74,
                            201.41
                        ],
                        [
                            110.84,
                            207.03
                        ],
                        [
                            113.3,
                            212.85
                        ],
                        [
                            116.12,
                            218.88
                        ],
                        [
                            119.3,
                            225.1
                        ],
                        [
                            122.84,
                            231.53
                        ],
                        [
                            126.74,
                            238.16
                        ],
                        [
                            131.0,
                            245.0
                        ]
                    ],
                    true
                ],
                [
                    7,
                    8,
                    [
                        [
                            29.0,
                            32.0
                        ],
                        [
                            40.49,
                            47.27
                        ],
                        [
                            51.09,
                            61.56
                        ],
                        [
                            60.8,
                            74.89
                        ],
                        [
                            69.62,
                            87.25
                        ],
                        [
                            77.55,
                            98.64
                        ],
                        [
                            84.59,
                            109.06
                        ],
                        [
                            90.74,
                            118.52
                        ],
                        [
                            96.0,
                            127.0
                        ],
                        [
                            100.37,
                            134.52
                        ],
                        [
                            103.84,
                            141.06
                        ],
                        [
                            106.43,
                            146.64
                        ],
                        [
                            108.12,
                            151.25
                        ],
                        [
                            108.93,
                            154.89
                        ],
                        [
                            108.84,
                            157.56
                        ],
                        [
                            107.87,
                            159.27
                        ],
                        [
                            106.0,
                            160.0
                        ]
                    ],
                    true
                ]
            ],
            "stations": [
                {
                    "coord": [
                        66,
                        525
                    ],
                    "is_working": true,
                    "name": "Placa d'Espanya",
                    "rect": [
                        75,
                        524,
                        90,
                        15
                    ],
                    "text_id": 0,
                    "uid": 0
                },
                {
                    "coord": [
                        106,
                        490
                    ],
                    "is_working": true,
                    "name": "Jacint Verdauger",
                    "rect": [
                        117,
                        487,
                        90,
                        15
                    ],
                    "text_id": 1,
                    "uid": 1
                },
                {
                    "coord": [
                        141,
                        460
                    ],
                    "is_working": true,
                    "name": "Son Costa - Son Fortesa",
                    "rect": [
                        152,
                        459,
                        130,
                        15
                    ],
                    "text_id": 2,
                    "uid": 2
                },
                {
                    "coord": [
                        176,
                        360
                    ],
                    "is_working": true,
                    "name": "Son Fuster Vell",
                    "rect": [
                        76,
                        357,
                        90,
                        15
                    ],
                    "text_id": 3,
                    "uid": 3
                },
                {
                    "coord": [
                        181,
                        320
                    ],
                    "is_working": true,
                    "name": "Son Castello",
                    "rect": [
                        82,
                        315,
                        90,
                        15
                    ],
                    "text_id": 4,
                    "uid": 4
                },
                {
                    "coord": [
                        156,
                        285
                    ],
                    "is_working": true,
                    "name": "Gran Via Asima",
                    "rect": [
                        55,
                        281,
                        90,
                        15
                    ],
                    "text_id": 5,
                    "uid": 5
                },
                {
                    "coord": [
                        131,
                        245
                    ],
                    "is_working": true,
                    "name": "Cami dels Reis",
                    "rect": [
                        34,
                        245,
                        90,
                        15
                    ],
                    "text_id": 6,
                    "uid": 6
                },
                {
                    "coord": [
                        106,
                        160
                    ],
                    "is_working": true,
                    "name": "Son Sardina",
                    "rect": [
                        115,
                        155,
                        90,
                        15
                    ],
                    "text_id": 7,
                    "uid": 7
                },
                {
                    "coord": [
                        29,
                        32
                    ],
                    "is_working": true,
                    "name": "UIB",
                    "rect": [
                        40,
                        15,
                        20,
                        15
                    ],
                    "text_id": 8,
                    "uid": 8
                }
            ],
            "text_id": 9
        }
    ],
    "lines_width": 7,
    "name": "metro",
    "name_text_id": 10,
    "stations_diameter": 13.0,
    "transfers": [],
    "transports": [
        "metro"
    ],
    "type_name": "ROOT",
    "type_text_id": 11,
    "upper_case": false,
    "width": 333,
    "word_wrap": false
}