{
    "0": "St. Thomas Mount",
    "1": "Alandur",
    "2": "Ekkattuthangal",
    "3": "Ashok Nagar",
    "4": "Vadapazhani",
    "5": "Arumbakkam",
    "6": "CMBT",
    "7": "Koyambedu",
    "8": "Green line",
    "9": "Chennai Beach",
    "10": "Fort",
    "11": "Park Town",
    "12": "Chintadripet",
    "13": "Chepauk",
    "14": "Tiruvellikeni",
    "15": "Light House",
    "16": "Tirumailai",
    "17": "Mandaveli",
    "18": "Greenways Rd",
    "19": "Kotturpuram",
    "20": "Kasturba Nagar",
    "21": "Indira Nagar",
    "22": "Tiruvanmiyur",
    "23": "Taramani",
    "24": "Perungudi",
    "25": "Velachery",
    "26": "Railway",
    "27": "Метро",
    "28": "ROOT",
    "29": "Схема от 17.11.2015г.\nАвтор: Варламов Дмитрий (www.chpeks.com)",
    "30": "Imported from http://pmetro.su"
}