{
    "lines": [
        {
            "delays": [],
            "name": "Трамвай № 1",
            "scheme": null,
            "segments": [
                [
                    0,
                    1,
                    300
                ],
                [
                    1,
                    0,
                    300
                ],
                [
                    1,
                    2,
                    300
                ],
                [
                    2,
                    1,
                    300
                ],
                [
                    2,
                    3,
                    300
                ],
                [
                    3,
                    2,
                    300
                ],
                [
                    3,
                    4,
                    300
                ],
                [
                    4,
                    3,
                    300
                ],
                [
                    4,
                    5,
                    300
                ],
                [
                    5,
                    4,
                    300
                ],
                [
                    5,
                    6,
                    300
                ],
                [
                    6,
                    5,
                    300
                ],
                [
                    6,
                    7,
                    300
                ],
                [
                    7,
                    6,
                    300
                ],
                [
                    7,
                    8,
                    300
                ],
                [
                    8,
                    7,
                    300
                ],
                [
                    8,
                    9,
                    300
                ],
                [
                    9,
                    8,
                    300
                ],
                [
                    9,
                    10,
                    300
                ],
                [
                    10,
                    9,
                    300
                ],
                [
                    10,
                    11,
                    300
                ],
                [
                    11,
                    10,
                    300
                ],
                [
                    11,
                    12,
                    300
                ],
                [
                    12,
                    11,
                    300
                ],
                [
                    12,
                    13,
                    300
                ],
                [
                    13,
                    12,
                    300
                ],
                [
                    13,
                    14,
                    300
                ],
                [
                    14,
                    13,
                    300
                ],
                [
                    14,
                    15,
                    300
                ],
                [
                    15,
                    14,
                    300
                ],
                [
                    15,
                    16,
                    300
                ],
                [
                    16,
                    15,
                    300
                ],
                [
                    16,
                    17,
                    300
                ],
                [
                    17,
                    16,
                    300
                ],
                [
                    17,
                    18,
                    300
                ],
                [
                    18,
                    17,
                    300
                ],
                [
                    18,
                    19,
                    300
                ],
                [
                    19,
                    18,
                    300
                ]
            ],
            "stations": [
                [
                    0,
                    "ТЭЦ-9",
                    0
                ],
                [
                    1,
                    "НПЗ",
                    1
                ],
                [
                    2,
                    "Нефтепровод",
                    2
                ],
                [
                    3,
                    "М. Тракт",
                    3
                ],
                [
                    4,
                    "АЭМЗ",
                    4
                ],
                [
                    5,
                    "Энергосбыт",
                    5
                ],
                [
                    6,
                    "ОКБА",
                    6
                ],
                [
                    7,
                    "По требованию",
                    7
                ],
                [
                    8,
                    "102 кв-л",
                    8
                ],
                [
                    9,
                    "П. Байкальск",
                    9
                ],
                [
                    10,
                    "Ул. Чайковского",
                    10
                ],
                [
                    11,
                    "Ул. Файзулина",
                    11
                ],
                [
                    12,
                    "Ул. Горького",
                    12
                ],
                [
                    13,
                    "Швейная фабрика",
                    13
                ],
                [
                    14,
                    "Дворец творчества",
                    14
                ],
                [
                    15,
                    "Ул. Московская",
                    15
                ],
                [
                    16,
                    "Техникум",
                    16
                ],
                [
                    17,
                    "Ц. Рынок",
                    17
                ],
                [
                    18,
                    "Тех. Училище",
                    18
                ],
                [
                    19,
                    "Сангородок",
                    19
                ]
            ],
            "text_id": 20
        },
        {
            "delays": [],
            "name": "Трамвай № 3",
            "scheme": null,
            "segments": [
                [
                    20,
                    21,
                    300
                ],
                [
                    21,
                    20,
                    300
                ],
                [
                    21,
                    22,
                    300
                ],
                [
                    22,
                    21,
                    300
                ],
                [
                    22,
                    23,
                    300
                ],
                [
                    23,
                    22,
                    300
                ],
                [
                    23,
                    24,
                    300
                ],
                [
                    24,
                    23,
                    300
                ],
                [
                    24,
                    25,
                    300
                ],
                [
                    25,
                    24,
                    300
                ],
                [
                    25,
                    26,
                    300
                ],
                [
                    26,
                    25,
                    300
                ],
                [
                    26,
                    27,
                    300
                ],
                [
                    27,
                    26,
                    300
                ],
                [
                    27,
                    28,
                    300
                ],
                [
                    28,
                    27,
                    300
                ],
                [
                    28,
                    29,
                    300
                ],
                [
                    29,
                    28,
                    300
                ],
                [
                    29,
                    30,
                    300
                ],
                [
                    30,
                    29,
                    300
                ],
                [
                    30,
                    31,
                    300
                ],
                [
                    31,
                    30,
                    300
                ],
                [
                    31,
                    32,
                    300
                ],
                [
                    32,
                    31,
                    300
                ],
                [
                    32,
                    33,
                    300
                ],
                [
                    33,
                    32,
                    300
                ],
                [
                    33,
                    34,
                    300
                ],
                [
                    34,
                    33,
                    300
                ],
                [
                    34,
                    35,
                    300
                ],
                [
                    35,
                    34,
                    300
                ],
                [
                    35,
                    36,
                    300
                ],
                [
                    36,
                    35,
                    300
                ],
                [
                    36,
                    37,
                    300
                ],
                [
                    37,
                    36,
                    300
                ],
                [
                    37,
                    38,
                    300
                ],
                [
                    38,
                    37,
                    300
                ],
                [
                    38,
                    39,
                    300
                ],
                [
                    39,
                    38,
                    300
                ],
                [
                    39,
                    40,
                    300
                ],
                [
                    40,
                    39,
                    300
                ],
                [
                    40,
                    41,
                    300
                ],
                [
                    41,
                    40,
                    300
                ],
                [
                    41,
                    42,
                    300
                ],
                [
                    42,
                    41,
                    300
                ],
                [
                    42,
                    43,
                    300
                ],
                [
                    43,
                    42,
                    300
                ],
                [
                    43,
                    44,
                    300
                ],
                [
                    44,
                    43,
                    300
                ],
                [
                    44,
                    45,
                    300
                ],
                [
                    45,
                    44,
                    300
                ]
            ],
            "stations": [
                [
                    20,
                    "17 мк/р",
                    21
                ],
                [
                    21,
                    "Ул. Коминтерна",
                    22
                ],
                [
                    22,
                    "Аптека",
                    23
                ],
                [
                    23,
                    "Ул. Космонавтов",
                    24
                ],
                [
                    24,
                    "к/т Родина",
                    25
                ],
                [
                    25,
                    "Ангарский проспект",
                    26
                ],
                [
                    26,
                    "Ул. Зурабова",
                    27
                ],
                [
                    27,
                    "Ул. Крупской",
                    28
                ],
                [
                    28,
                    "Горгаз",
                    29
                ],
                [
                    29,
                    "Стальконструкция",
                    30
                ],
                [
                    30,
                    "102 кв-л",
                    8
                ],
                [
                    31,
                    "П. Байкальск",
                    9
                ],
                [
                    32,
                    "Ул. Чайковского",
                    10
                ],
                [
                    33,
                    "Ул. Файзулина",
                    11
                ],
                [
                    34,
                    "Ул. Горького",
                    12
                ],
                [
                    35,
                    "Швейная фабрика",
                    13
                ],
                [
                    36,
                    "Дворец творчества",
                    14
                ],
                [
                    37,
                    "Ул. Московская",
                    15
                ],
                [
                    38,
                    "Техникум",
                    16
                ],
                [
                    39,
                    "Ц. Рынок",
                    17
                ],
                [
                    40,
                    "Тех. Училище",
                    18
                ],
                [
                    41,
                    "Сангородок",
                    19
                ],
                [
                    42,
                    "По требованию",
                    7
                ],
                [
                    43,
                    "Сады",
                    31
                ],
                [
                    44,
                    "ул. Связи",
                    32
                ],
                [
                    45,
                    "Майский вокзал",
                    33
                ]
            ],
            "text_id": 34
        },
        {
            "delays": [],
            "name": "Трамвай № 4",
            "scheme": null,
            "segments": [
                [
                    46,
                    47,
                    300
                ],
                [
                    47,
                    46,
                    300
                ],
                [
                    47,
                    48,
                    300
                ],
                [
                    48,
                    47,
                    300
                ],
                [
                    48,
                    49,
                    300
                ],
                [
                    49,
                    48,
                    300
                ],
                [
                    49,
                    50,
                    300
                ],
                [
                    50,
                    49,
                    300
                ],
                [
                    50,
                    51,
                    300
                ],
                [
                    51,
                    50,
                    300
                ],
                [
                    51,
                    52,
                    300
                ],
                [
                    52,
                    51,
                    300
                ],
                [
                    52,
                    53,
                    300
                ],
                [
                    53,
                    52,
                    300
                ],
                [
                    53,
                    54,
                    300
                ],
                [
                    54,
                    53,
                    300
                ],
                [
                    54,
                    55,
                    300
                ],
                [
                    55,
                    54,
                    300
                ],
                [
                    55,
                    56,
                    300
                ],
                [
                    56,
                    55,
                    300
                ],
                [
                    56,
                    57,
                    300
                ],
                [
                    57,
                    56,
                    300
                ],
                [
                    57,
                    58,
                    300
                ],
                [
                    58,
                    57,
                    300
                ],
                [
                    58,
                    59,
                    300
                ],
                [
                    59,
                    58,
                    300
                ],
                [
                    59,
                    60,
                    300
                ],
                [
                    60,
                    59,
                    300
                ],
                [
                    60,
                    61,
                    300
                ],
                [
                    61,
                    60,
                    300
                ],
                [
                    61,
                    62,
                    300
                ],
                [
                    62,
                    61,
                    300
                ],
                [
                    62,
                    63,
                    300
                ],
                [
                    63,
                    62,
                    300
                ],
                [
                    63,
                    64,
                    300
                ],
                [
                    64,
                    63,
                    300
                ],
                [
                    64,
                    65,
                    300
                ],
                [
                    65,
                    64,
                    300
                ],
                [
                    65,
                    66,
                    300
                ],
                [
                    66,
                    65,
                    300
                ],
                [
                    66,
                    67,
                    300
                ],
                [
                    67,
                    66,
                    300
                ],
                [
                    67,
                    68,
                    300
                ],
                [
                    68,
                    67,
                    300
                ]
            ],
            "stations": [
                [
                    46,
                    "17 мк/р",
                    21
                ],
                [
                    47,
                    "Ул. Коминтерна",
                    22
                ],
                [
                    48,
                    "Ул. Социалистическая",
                    35
                ],
                [
                    49,
                    "Ул. Енисейская",
                    36
                ],
                [
                    50,
                    "11 мк/р",
                    37
                ],
                [
                    51,
                    "12 мк/р",
                    38
                ],
                [
                    52,
                    "7А мк/р",
                    39
                ],
                [
                    53,
                    "Узел Связи",
                    40
                ],
                [
                    54,
                    "Институт",
                    41
                ],
                [
                    55,
                    "Ул. Гагарина",
                    42
                ],
                [
                    56,
                    "Ул. Ворошилова",
                    43
                ],
                [
                    57,
                    "Радуга",
                    44
                ],
                [
                    58,
                    "Ул. Чайковского",
                    10
                ],
                [
                    59,
                    "П. Байкальск",
                    9
                ],
                [
                    60,
                    "102 кв-л",
                    8
                ],
                [
                    61,
                    "По требованию",
                    7
                ],
                [
                    62,
                    "ОКБА",
                    6
                ],
                [
                    63,
                    "Энергосбыт",
                    5
                ],
                [
                    64,
                    "АЭМЗ",
                    4
                ],
                [
                    65,
                    "М. Тракт",
                    3
                ],
                [
                    66,
                    "Нефтепровод",
                    2
                ],
                [
                    67,
                    "НПЗ",
                    1
                ],
                [
                    68,
                    "ТЭЦ-9",
                    0
                ]
            ],
            "text_id": 45
        },
        {
            "delays": [],
            "name": "Трамвай № 5",
            "scheme": null,
            "segments": [
                [
                    69,
                    70,
                    300
                ],
                [
                    70,
                    69,
                    300
                ],
                [
                    70,
                    71,
                    300
                ],
                [
                    71,
                    70,
                    300
                ],
                [
                    71,
                    72,
                    300
                ],
                [
                    72,
                    71,
                    300
                ],
                [
                    72,
                    73,
                    300
                ],
                [
                    73,
                    72,
                    300
                ],
                [
                    73,
                    74,
                    300
                ],
                [
                    74,
                    73,
                    300
                ],
                [
                    74,
                    75,
                    300
                ],
                [
                    75,
                    74,
                    300
                ],
                [
                    75,
                    76,
                    300
                ],
                [
                    76,
                    75,
                    300
                ],
                [
                    76,
                    77,
                    300
                ],
                [
                    77,
                    76,
                    300
                ],
                [
                    77,
                    78,
                    300
                ],
                [
                    78,
                    77,
                    300
                ],
                [
                    78,
                    79,
                    300
                ],
                [
                    79,
                    78,
                    300
                ],
                [
                    79,
                    80,
                    300
                ],
                [
                    80,
                    79,
                    300
                ],
                [
                    80,
                    81,
                    300
                ],
                [
                    81,
                    80,
                    300
                ],
                [
                    81,
                    82,
                    300
                ],
                [
                    82,
                    81,
                    300
                ],
                [
                    82,
                    83,
                    300
                ],
                [
                    83,
                    82,
                    300
                ],
                [
                    83,
                    84,
                    300
                ],
                [
                    84,
                    83,
                    300
                ],
                [
                    84,
                    85,
                    300
                ],
                [
                    85,
                    84,
                    300
                ],
                [
                    85,
                    86,
                    300
                ],
                [
                    86,
                    85,
                    300
                ],
                [
                    86,
                    87,
                    300
                ],
                [
                    87,
                    86,
                    300
                ],
                [
                    87,
                    88,
                    300
                ],
                [
                    88,
                    87,
                    300
                ],
                [
                    88,
                    89,
                    300
                ],
                [
                    89,
                    88,
                    300
                ],
                [
                    89,
                    90,
                    300
                ],
                [
                    90,
                    89,
                    300
                ],
                [
                    90,
                    91,
                    300
                ],
                [
                    91,
                    90,
                    300
                ],
                [
                    91,
                    92,
                    300
                ],
                [
                    92,
                    91,
                    300
                ],
                [
                    92,
                    93,
                    300
                ],
                [
                    93,
                    92,
                    300
                ]
            ],
            "stations": [
                [
                    69,
                    "205 кв-л",
                    46
                ],
                [
                    70,
                    "Кв-л А",
                    47
                ],
                [
                    71,
                    "Ул. Социалистическая",
                    35
                ],
                [
                    72,
                    "Ул. Енисейская",
                    36
                ],
                [
                    73,
                    "11 мк/р",
                    37
                ],
                [
                    74,
                    "12 мк/р",
                    38
                ],
                [
                    75,
                    "7А мк/р",
                    39
                ],
                [
                    76,
                    "Узел Связи",
                    40
                ],
                [
                    77,
                    "Институт",
                    41
                ],
                [
                    78,
                    "Ул. Гагарина",
                    42
                ],
                [
                    79,
                    "Ул. Ворошилова",
                    43
                ],
                [
                    80,
                    "Радуга",
                    44
                ],
                [
                    81,
                    "Ул. Чайковского",
                    10
                ],
                [
                    82,
                    "Ул. Файзулина",
                    11
                ],
                [
                    83,
                    "Ул. Горького",
                    12
                ],
                [
                    84,
                    "Швейная фабрика",
                    13
                ],
                [
                    85,
                    "Дворец творчества",
                    14
                ],
                [
                    86,
                    "Ул. Московская",
                    15
                ],
                [
                    87,
                    "Техникум",
                    16
                ],
                [
                    88,
                    "Автостанция",
                    48
                ],
                [
                    89,
                    "А/к 1948",
                    49
                ],
                [
                    90,
                    "АНХК",
                    50
                ],
                [
                    91,
                    "РМЗ",
                    51
                ],
                [
                    92,
                    "АТПР",
                    52
                ],
                [
                    93,
                    "Завод полимеров",
                    53
                ]
            ],
            "text_id": 54
        },
        {
            "delays": [],
            "name": "Трамвай № 6",
            "scheme": null,
            "segments": [
                [
                    94,
                    95,
                    300
                ],
                [
                    95,
                    94,
                    300
                ],
                [
                    95,
                    96,
                    300
                ],
                [
                    96,
                    95,
                    300
                ],
                [
                    96,
                    97,
                    300
                ],
                [
                    97,
                    96,
                    300
                ],
                [
                    97,
                    98,
                    300
                ],
                [
                    98,
                    97,
                    300
                ],
                [
                    98,
                    99,
                    300
                ],
                [
                    99,
                    98,
                    300
                ],
                [
                    99,
                    100,
                    300
                ],
                [
                    100,
                    99,
                    300
                ],
                [
                    100,
                    101,
                    300
                ],
                [
                    101,
                    100,
                    300
                ],
                [
                    101,
                    102,
                    300
                ],
                [
                    102,
                    101,
                    300
                ],
                [
                    102,
                    103,
                    300
                ],
                [
                    103,
                    102,
                    300
                ],
                [
                    103,
                    104,
                    300
                ],
                [
                    104,
                    103,
                    300
                ],
                [
                    104,
                    105,
                    300
                ],
                [
                    105,
                    104,
                    300
                ],
                [
                    105,
                    106,
                    300
                ],
                [
                    106,
                    105,
                    300
                ],
                [
                    106,
                    107,
                    300
                ],
                [
                    107,
                    106,
                    300
                ],
                [
                    107,
                    108,
                    300
                ],
                [
                    108,
                    107,
                    300
                ],
                [
                    108,
                    109,
                    300
                ],
                [
                    109,
                    108,
                    300
                ],
                [
                    109,
                    110,
                    300
                ],
                [
                    110,
                    109,
                    300
                ],
                [
                    110,
                    111,
                    300
                ],
                [
                    111,
                    110,
                    300
                ],
                [
                    111,
                    112,
                    300
                ],
                [
                    112,
                    111,
                    300
                ],
                [
                    112,
                    113,
                    300
                ],
                [
                    113,
                    112,
                    300
                ],
                [
                    113,
                    114,
                    300
                ],
                [
                    114,
                    113,
                    300
                ],
                [
                    114,
                    115,
                    300
                ],
                [
                    115,
                    114,
                    300
                ]
            ],
            "stations": [
                [
                    94,
                    "205 кв-л",
                    46
                ],
                [
                    95,
                    "Кв-л А",
                    47
                ],
                [
                    96,
                    "Ул. Социалистическая",
                    35
                ],
                [
                    97,
                    "Ул. Енисейская",
                    36
                ],
                [
                    98,
                    "11 мк/р",
                    37
                ],
                [
                    99,
                    "12 мк/р",
                    38
                ],
                [
                    100,
                    "7А мк/р",
                    39
                ],
                [
                    101,
                    "Узел Связи",
                    40
                ],
                [
                    102,
                    "Институт",
                    41
                ],
                [
                    103,
                    "Ул. Гагарина",
                    42
                ],
                [
                    104,
                    "Ул. Ворошилова",
                    43
                ],
                [
                    105,
                    "Радуга",
                    44
                ],
                [
                    106,
                    "Ул. Чайковского",
                    10
                ],
                [
                    107,
                    "Ул. Файзулина",
                    11
                ],
                [
                    108,
                    "Ул. Горького",
                    12
                ],
                [
                    109,
                    "Швейная фабрика",
                    13
                ],
                [
                    110,
                    "Дворец творчества",
                    14
                ],
                [
                    111,
                    "Ул. Московская",
                    15
                ],
                [
                    112,
                    "Техникум",
                    16
                ],
                [
                    113,
                    "Ц. Рынок",
                    17
                ],
                [
                    114,
                    "Тех. Училище",
                    18
                ],
                [
                    115,
                    "Сангородок",
                    19
                ]
            ],
            "text_id": 55
        },
        {
            "delays": [],
            "name": "Трамвай № 7",
            "scheme": null,
            "segments": [
                [
                    116,
                    117,
                    300
                ],
                [
                    117,
                    116,
                    300
                ],
                [
                    117,
                    118,
                    300
                ],
                [
                    118,
                    117,
                    300
                ],
                [
                    118,
                    119,
                    300
                ],
                [
                    119,
                    118,
                    300
                ],
                [
                    119,
                    120,
                    300
                ],
                [
                    120,
                    119,
                    300
                ],
                [
                    120,
                    121,
                    300
                ],
                [
                    121,
                    120,
                    300
                ],
                [
                    121,
                    122,
                    300
                ],
                [
                    122,
                    121,
                    300
                ],
                [
                    122,
                    123,
                    300
                ],
                [
                    123,
                    122,
                    300
                ],
                [
                    123,
                    124,
                    300
                ],
                [
                    124,
                    123,
                    300
                ],
                [
                    124,
                    125,
                    300
                ],
                [
                    125,
                    124,
                    300
                ],
                [
                    125,
                    126,
                    300
                ],
                [
                    126,
                    125,
                    300
                ],
                [
                    126,
                    127,
                    300
                ],
                [
                    127,
                    126,
                    300
                ],
                [
                    127,
                    128,
                    300
                ],
                [
                    128,
                    127,
                    300
                ],
                [
                    128,
                    129,
                    300
                ],
                [
                    129,
                    128,
                    300
                ],
                [
                    129,
                    130,
                    300
                ],
                [
                    130,
                    129,
                    300
                ],
                [
                    130,
                    131,
                    300
                ],
                [
                    131,
                    130,
                    300
                ],
                [
                    131,
                    132,
                    300
                ],
                [
                    132,
                    131,
                    300
                ],
                [
                    132,
                    133,
                    300
                ],
                [
                    133,
                    132,
                    300
                ],
                [
                    133,
                    134,
                    300
                ],
                [
                    134,
                    133,
                    300
                ],
                [
                    134,
                    135,
                    300
                ],
                [
                    135,
                    134,
                    300
                ],
                [
                    135,
                    136,
                    300
                ],
                [
                    136,
                    135,
                    300
                ]
            ],
            "stations": [
                [
                    116,
                    "205 кв-л",
                    46
                ],
                [
                    117,
                    "Кв-л А",
                    47
                ],
                [
                    118,
                    "Ул. Социалистическая",
                    35
                ],
                [
                    119,
                    "Ул. Коминтерна",
                    22
                ],
                [
                    120,
                    "Аптека",
                    23
                ],
                [
                    121,
                    "Ул. Космонавтов",
                    24
                ],
                [
                    122,
                    "к/т Родина",
                    25
                ],
                [
                    123,
                    "Ангарский проспект",
                    26
                ],
                [
                    124,
                    "Ул. Зурабова",
                    27
                ],
                [
                    125,
                    "Ул. Крупской",
                    28
                ],
                [
                    126,
                    "Горгаз",
                    29
                ],
                [
                    127,
                    "Стальконструкция",
                    30
                ],
                [
                    128,
                    "102 кв-л",
                    8
                ],
                [
                    129,
                    "По требованию",
                    7
                ],
                [
                    130,
                    "ОКБА",
                    6
                ],
                [
                    131,
                    "Энергосбыт",
                    5
                ],
                [
                    132,
                    "АЭМЗ",
                    4
                ],
                [
                    133,
                    "М. Тракт",
                    3
                ],
                [
                    134,
                    "Нефтепровод",
                    2
                ],
                [
                    135,
                    "НПЗ",
                    1
                ],
                [
                    136,
                    "ТЭЦ-9",
                    0
                ]
            ],
            "text_id": 56
        },
        {
            "delays": [],
            "name": "Трамвай № 10",
            "scheme": null,
            "segments": [
                [
                    137,
                    138,
                    300
                ],
                [
                    138,
                    137,
                    300
                ],
                [
                    138,
                    139,
                    300
                ],
                [
                    139,
                    138,
                    300
                ],
                [
                    139,
                    140,
                    300
                ],
                [
                    140,
                    139,
                    300
                ],
                [
                    140,
                    141,
                    300
                ],
                [
                    141,
                    140,
                    300
                ],
                [
                    141,
                    142,
                    300
                ],
                [
                    142,
                    141,
                    300
                ],
                [
                    142,
                    143,
                    300
                ],
                [
                    143,
                    142,
                    300
                ],
                [
                    143,
                    144,
                    300
                ],
                [
                    144,
                    143,
                    300
                ],
                [
                    144,
                    145,
                    300
                ],
                [
                    145,
                    144,
                    300
                ],
                [
                    145,
                    146,
                    300
                ],
                [
                    146,
                    145,
                    300
                ],
                [
                    146,
                    147,
                    300
                ],
                [
                    147,
                    146,
                    300
                ],
                [
                    147,
                    148,
                    300
                ],
                [
                    148,
                    147,
                    300
                ],
                [
                    148,
                    149,
                    300
                ],
                [
                    149,
                    148,
                    300
                ],
                [
                    149,
                    150,
                    300
                ],
                [
                    150,
                    149,
                    300
                ],
                [
                    150,
                    151,
                    300
                ],
                [
                    151,
                    150,
                    300
                ],
                [
                    151,
                    152,
                    300
                ],
                [
                    152,
                    151,
                    300
                ],
                [
                    152,
                    153,
                    300
                ],
                [
                    153,
                    152,
                    300
                ],
                [
                    153,
                    154,
                    300
                ],
                [
                    154,
                    153,
                    300
                ],
                [
                    154,
                    155,
                    300
                ],
                [
                    155,
                    154,
                    300
                ],
                [
                    155,
                    156,
                    300
                ],
                [
                    156,
                    155,
                    300
                ],
                [
                    156,
                    157,
                    300
                ],
                [
                    157,
                    156,
                    300
                ],
                [
                    157,
                    158,
                    300
                ],
                [
                    158,
                    157,
                    300
                ]
            ],
            "stations": [
                [
                    137,
                    "17 мк/р",
                    21
                ],
                [
                    138,
                    "Ул. Коминтерна",
                    22
                ],
                [
                    139,
                    "Аптека",
                    23
                ],
                [
                    140,
                    "Ул. Космонавтов",
                    24
                ],
                [
                    141,
                    "к/т Родина",
                    25
                ],
                [
                    142,
                    "Ангарский проспект",
                    26
                ],
                [
                    143,
                    "Ул. Зурабова",
                    27
                ],
                [
                    144,
                    "Ул. Крупской",
                    28
                ],
                [
                    145,
                    "Горгаз",
                    29
                ],
                [
                    146,
                    "Стальконструкция",
                    30
                ],
                [
                    147,
                    "102 кв-л",
                    8
                ],
                [
                    148,
                    "П. Байкальск",
                    9
                ],
                [
                    149,
                    "Ул. Чайковского",
                    10
                ],
                [
                    150,
                    "Ул. Мира",
                    57
                ],
                [
                    151,
                    "Рыббаза",
                    58
                ],
                [
                    152,
                    "Пересечение",
                    59
                ],
                [
                    153,
                    "НПЗ",
                    1
                ],
                [
                    154,
                    "По требованию1",
                    7
                ],
                [
                    155,
                    "Ангара",
                    60
                ],
                [
                    156,
                    "По требованию2",
                    7
                ],
                [
                    157,
                    "Лодочная",
                    61
                ],
                [
                    158,
                    "ЗБХ",
                    62
                ]
            ],
            "text_id": 63
        },
        {
            "delays": [],
            "name": "Трамвай № 11",
            "scheme": null,
            "segments": [
                [
                    159,
                    160,
                    300
                ],
                [
                    160,
                    159,
                    300
                ],
                [
                    160,
                    161,
                    300
                ],
                [
                    161,
                    160,
                    300
                ],
                [
                    161,
                    162,
                    300
                ],
                [
                    162,
                    161,
                    300
                ],
                [
                    162,
                    163,
                    300
                ],
                [
                    163,
                    162,
                    300
                ],
                [
                    163,
                    164,
                    300
                ],
                [
                    164,
                    163,
                    300
                ],
                [
                    164,
                    165,
                    300
                ],
                [
                    165,
                    164,
                    300
                ],
                [
                    165,
                    166,
                    300
                ],
                [
                    166,
                    165,
                    300
                ],
                [
                    166,
                    167,
                    300
                ],
                [
                    167,
                    166,
                    300
                ],
                [
                    167,
                    168,
                    300
                ],
                [
                    168,
                    167,
                    300
                ],
                [
                    168,
                    169,
                    300
                ],
                [
                    169,
                    168,
                    300
                ],
                [
                    169,
                    170,
                    300
                ],
                [
                    170,
                    169,
                    300
                ],
                [
                    170,
                    171,
                    300
                ],
                [
                    171,
                    170,
                    300
                ],
                [
                    171,
                    172,
                    300
                ],
                [
                    172,
                    171,
                    300
                ],
                [
                    172,
                    173,
                    300
                ],
                [
                    173,
                    172,
                    300
                ],
                [
                    173,
                    174,
                    300
                ],
                [
                    174,
                    173,
                    300
                ],
                [
                    174,
                    175,
                    300
                ],
                [
                    175,
                    174,
                    300
                ],
                [
                    175,
                    176,
                    300
                ],
                [
                    176,
                    175,
                    300
                ],
                [
                    176,
                    177,
                    300
                ],
                [
                    177,
                    176,
                    300
                ],
                [
                    177,
                    178,
                    300
                ],
                [
                    178,
                    177,
                    300
                ],
                [
                    178,
                    179,
                    300
                ],
                [
                    179,
                    178,
                    300
                ]
            ],
            "stations": [
                [
                    159,
                    "17 мк/р",
                    21
                ],
                [
                    160,
                    "Ул. Коминтерна",
                    22
                ],
                [
                    161,
                    "Аптека",
                    23
                ],
                [
                    162,
                    "Ул. Космонавтов",
                    24
                ],
                [
                    163,
                    "к/т Родина",
                    25
                ],
                [
                    164,
                    "Ангарский проспект",
                    26
                ],
                [
                    165,
                    "Ул. Зурабова",
                    27
                ],
                [
                    166,
                    "Ул. Крупской",
                    28
                ],
                [
                    167,
                    "Горгаз",
                    29
                ],
                [
                    168,
                    "Стальконструкция",
                    30
                ],
                [
                    169,
                    "102 кв-л",
                    8
                ],
                [
                    170,
                    "П. Байкальск",
                    9
                ],
                [
                    171,
                    "Ул. Чайковского",
                    10
                ],
                [
                    172,
                    "Ул. Мира",
                    57
                ],
                [
                    173,
                    "Рыббаза",
                    58
                ],
                [
                    174,
                    "Пересечение",
                    59
                ],
                [
                    175,
                    "Кислородная",
                    64
                ],
                [
                    176,
                    "АНХК",
                    50
                ],
                [
                    177,
                    "РМЗ",
                    51
                ],
                [
                    178,
                    "АТПР",
                    52
                ],
                [
                    179,
                    "Завод полимеров",
                    53
                ]
            ],
            "text_id": 65
        }
    ],
    "name": "metro",
    "transfers": [
        [
            10,
            32,
            300,
            true
        ],
        [
            10,
            58,
            300,
            true
        ],
        [
            10,
            81,
            300,
            true
        ],
        [
            10,
            106,
            300,
            true
        ],
        [
            10,
            149,
            300,
            true
        ],
        [
            10,
            171,
            300,
            true
        ],
        [
            32,
            58,
            300,
            true
        ],
        [
            32,
            81,
            300,
            true
        ],
        [
            32,
            106,
            300,
            true
        ],
        [
            32,
            149,
            300,
            true
        ],
        [
            32,
            171,
            300,
            true
        ],
        [
            58,
            81,
            300,
            true
        ],
        [
            58,
            106,
            300,
            true
        ],
        [
            58,
            149,
            300,
            true
        ],
        [
            58,
            171,
            300,
            true
        ],
        [
            81,
            106,
            300,
            true
        ],
        [
            81,
            149,
            300,
            true
        ],
        [
            81,
            171,
            300,
            true
        ],
        [
            106,
            149,
            300,
            true
        ],
        [
            106,
            171,
            300,
            true
        ],
        [
            149,
            171,
            300,
            true
        ],
        [
            8,
            30,
            300,
            true
        ],
        [
            8,
            60,
            300,
            true
        ],
        [
            8,
            128,
            300,
            true
        ],
        [
            8,
            147,
            300,
            true
        ],
        [
            8,
            169,
            300,
            true
        ],
        [
            30,
            60,
            300,
            true
        ],
        [
            30,
            128,
            300,
            true
        ],
        [
            30,
            147,
            300,
            true
        ],
        [
            30,
            169,
            300,
            true
        ],
        [
            60,
            128,
            300,
            true
        ],
        [
            60,
            147,
            300,
            true
        ],
        [
            60,
            169,
            300,
            true
        ],
        [
            128,
            147,
            300,
            true
        ],
        [
            128,
            169,
            300,
            true
        ],
        [
            147,
            169,
            300,
            true
        ],
        [
            9,
            31,
            300,
            true
        ],
        [
            9,
            59,
            300,
            true
        ],
        [
            9,
            148,
            300,
            true
        ],
        [
            9,
            170,
            300,
            true
        ],
        [
            31,
            59,
            300,
            true
        ],
        [
            31,
            148,
            300,
            true
        ],
        [
            31,
            170,
            300,
            true
        ],
        [
            59,
            148,
            300,
            true
        ],
        [
            59,
            170,
            300,
            true
        ],
        [
            148,
            170,
            300,
            true
        ],
        [
            21,
            47,
            300,
            true
        ],
        [
            21,
            119,
            300,
            true
        ],
        [
            21,
            138,
            300,
            true
        ],
        [
            21,
            160,
            300,
            true
        ],
        [
            47,
            119,
            300,
            true
        ],
        [
            47,
            138,
            300,
            true
        ],
        [
            47,
            160,
            300,
            true
        ],
        [
            119,
            138,
            300,
            true
        ],
        [
            119,
            160,
            300,
            true
        ],
        [
            138,
            160,
            300,
            true
        ],
        [
            11,
            33,
            300,
            true
        ],
        [
            11,
            82,
            300,
            true
        ],
        [
            11,
            107,
            300,
            true
        ],
        [
            33,
            82,
            300,
            true
        ],
        [
            33,
            107,
            300,
            true
        ],
        [
            82,
            107,
            300,
            true
        ],
        [
            12,
            34,
            300,
            true
        ],
        [
            12,
            83,
            300,
            true
        ],
        [
            12,
            108,
            300,
            true
        ],
        [
            34,
            83,
            300,
            true
        ],
        [
            34,
            108,
            300,
            true
        ],
        [
            83,
            108,
            300,
            true
        ],
        [
            13,
            35,
            300,
            true
        ],
        [
            13,
            84,
            300,
            true
        ],
        [
            13,
            109,
            300,
            true
        ],
        [
            35,
            84,
            300,
            true
        ],
        [
            35,
            109,
            300,
            true
        ],
        [
            84,
            109,
            300,
            true
        ],
        [
            14,
            36,
            300,
            true
        ],
        [
            14,
            85,
            300,
            true
        ],
        [
            14,
            110,
            300,
            true
        ],
        [
            36,
            85,
            300,
            true
        ],
        [
            36,
            110,
            300,
            true
        ],
        [
            85,
            110,
            300,
            true
        ],
        [
            15,
            37,
            300,
            true
        ],
        [
            15,
            86,
            300,
            true
        ],
        [
            15,
            111,
            300,
            true
        ],
        [
            37,
            86,
            300,
            true
        ],
        [
            37,
            111,
            300,
            true
        ],
        [
            86,
            111,
            300,
            true
        ],
        [
            16,
            38,
            300,
            true
        ],
        [
            16,
            87,
            300,
            true
        ],
        [
            16,
            112,
            300,
            true
        ],
        [
            38,
            87,
            300,
            true
        ],
        [
            38,
            112,
            300,
            true
        ],
        [
            87,
            112,
            300,
            true
        ],
        [
            48,
            71,
            300,
            true
        ],
        [
            48,
            96,
            300,
            true
        ],
        [
            48,
            118,
            300,
            true
        ],
        [
            71,
            96,
            300,
            true
        ],
        [
            71,
            118,
            300,
            true
        ],
        [
            96,
            118,
            300,
            true
        ],
        [
            20,
            46,
            300,
            true
        ],
        [
            20,
            137,
            300,
            true
        ],
        [
            20,
            159,
            300,
            true
        ],
        [
            46,
            137,
            300,
            true
        ],
        [
            46,
            159,
            300,
            true
        ],
        [
            137,
            159,
            300,
            true
        ],
        [
            22,
            120,
            300,
            true
        ],
        [
            22,
            139,
            300,
            true
        ],
        [
            22,
            161,
            300,
            true
        ],
        [
            120,
            139,
            300,
            true
        ],
        [
            120,
            161,
            300,
            true
        ],
        [
            139,
            161,
            300,
            true
        ],
        [
            23,
            121,
            300,
            true
        ],
        [
            23,
            140,
            300,
            true
        ],
        [
            23,
            162,
            300,
            true
        ],
        [
            121,
            140,
            300,
            true
        ],
        [
            121,
            162,
            300,
            true
        ],
        [
            140,
            162,
            300,
            true
        ],
        [
            24,
            122,
            300,
            true
        ],
        [
            24,
            141,
            300,
            true
        ],
        [
            24,
            163,
            300,
            true
        ],
        [
            122,
            141,
            300,
            true
        ],
        [
            122,
            163,
            300,
            true
        ],
        [
            141,
            163,
            300,
            true
        ],
        [
            25,
            123,
            300,
            true
        ],
        [
            25,
            142,
            300,
            true
        ],
        [
            25,
            164,
            300,
            true
        ],
        [
            123,
            142,
            300,
            true
        ],
        [
            123,
            164,
            300,
            true
        ],
        [
            142,
            164,
            300,
            true
        ],
        [
            26,
            124,
            300,
            true
        ],
        [
            26,
            143,
            300,
            true
        ],
        [
            26,
            165,
            300,
            true
        ],
        [
            124,
            143,
            300,
            true
        ],
        [
            124,
            165,
            300,
            true
        ],
        [
            143,
            165,
            300,
            true
        ],
        [
            27,
            125,
            300,
            true
        ],
        [
            27,
            144,
            300,
            true
        ],
        [
            27,
            166,
            300,
            true
        ],
        [
            125,
            144,
            300,
            true
        ],
        [
            125,
            166,
            300,
            true
        ],
        [
            144,
            166,
            300,
            true
        ],
        [
            28,
            126,
            300,
            true
        ],
        [
            28,
            145,
            300,
            true
        ],
        [
            28,
            167,
            300,
            true
        ],
        [
            126,
            145,
            300,
            true
        ],
        [
            126,
            167,
            300,
            true
        ],
        [
            145,
            167,
            300,
            true
        ],
        [
            29,
            127,
            300,
            true
        ],
        [
            29,
            146,
            300,
            true
        ],
        [
            29,
            168,
            300,
            true
        ],
        [
            127,
            146,
            300,
            true
        ],
        [
            127,
            168,
            300,
            true
        ],
        [
            146,
            168,
            300,
            true
        ],
        [
            0,
            68,
            300,
            true
        ],
        [
            0,
            136,
            300,
            true
        ],
        [
            68,
            136,
            300,
            true
        ],
        [
            1,
            67,
            300,
            true
        ],
        [
            1,
            135,
            300,
            true
        ],
        [
            67,
            135,
            300,
            true
        ],
        [
            2,
            66,
            300,
            true
        ],
        [
            2,
            134,
            300,
            true
        ],
        [
            66,
            134,
            300,
            true
        ],
        [
            3,
            65,
            300,
            true
        ],
        [
            3,
            133,
            300,
            true
        ],
        [
            65,
            133,
            300,
            true
        ],
        [
            4,
            64,
            300,
            true
        ],
        [
            4,
            132,
            300,
            true
        ],
        [
            64,
            132,
            300,
            true
        ],
        [
            5,
            63,
            300,
            true
        ],
        [
            5,
            131,
            300,
            true
        ],
        [
            63,
            131,
            300,
            true
        ],
        [
            6,
            62,
            300,
            true
        ],
        [
            6,
            130,
            300,
            true
        ],
        [
            62,
            130,
            300,
            true
        ],
        [
            7,
            61,
            300,
            true
        ],
        [
            7,
            129,
            300,
            true
        ],
        [
            61,
            129,
            300,
            true
        ],
        [
            49,
            72,
            300,
            true
        ],
        [
            49,
            97,
            300,
            true
        ],
        [
            72,
            97,
            300,
            true
        ],
        [
            50,
            73,
            300,
            true
        ],
        [
            50,
            98,
            300,
            true
        ],
        [
            73,
            98,
            300,
            true
        ],
        [
            51,
            74,
            300,
            true
        ],
        [
            51,
            99,
            300,
            true
        ],
        [
            74,
            99,
            300,
            true
        ],
        [
            52,
            75,
            300,
            true
        ],
        [
            52,
            100,
            300,
            true
        ],
        [
            75,
            100,
            300,
            true
        ],
        [
            53,
            76,
            300,
            true
        ],
        [
            53,
            101,
            300,
            true
        ],
        [
            76,
            101,
            300,
            true
        ],
        [
            54,
            77,
            300,
            true
        ],
        [
            54,
            102,
            300,
            true
        ],
        [
            77,
            102,
            300,
            true
        ],
        [
            55,
            78,
            300,
            true
        ],
        [
            55,
            103,
            300,
            true
        ],
        [
            78,
            103,
            300,
            true
        ],
        [
            56,
            79,
            300,
            true
        ],
        [
            56,
            104,
            300,
            true
        ],
        [
            79,
            104,
            300,
            true
        ],
        [
            57,
            80,
            300,
            true
        ],
        [
            57,
            105,
            300,
            true
        ],
        [
            80,
            105,
            300,
            true
        ],
        [
            17,
            39,
            300,
            true
        ],
        [
            17,
            113,
            300,
            true
        ],
        [
            39,
            113,
            300,
            true
        ],
        [
            18,
            40,
            300,
            true
        ],
        [
            18,
            114,
            300,
            true
        ],
        [
            40,
            114,
            300,
            true
        ],
        [
            19,
            41,
            300,
            true
        ],
        [
            19,
            115,
            300,
            true
        ],
        [
            41,
            115,
            300,
            true
        ],
        [
            69,
            94,
            300,
            true
        ],
        [
            69,
            116,
            300,
            true
        ],
        [
            94,
            116,
            300,
            true
        ],
        [
            70,
            95,
            300,
            true
        ],
        [
            70,
            117,
            300,
            true
        ],
        [
            95,
            117,
            300,
            true
        ],
        [
            90,
            176,
            300,
            true
        ],
        [
            91,
            177,
            300,
            true
        ],
        [
            92,
            178,
            300,
            true
        ],
        [
            93,
            179,
            300,
            true
        ],
        [
            150,
            172,
            300,
            true
        ],
        [
            151,
            173,
            300,
            true
        ],
        [
            152,
            174,
            300,
            true
        ]
    ],
    "type_name": "Трамвай"
}