{
    "0": "Hadongzhan",
    "1": "Huashujie",
    "2": "Jiatongxueyuan",
    "3": "Taipingqiao",
    "4": "Gongchengdaxue",
    "5": "Yanchang",
    "6": "Yidayiyuan",
    "7": "Bowuguan",
    "8": "Tieluju",
    "9": "Hagongda",
    "10": "Xidaqiao",
    "11": "Hexinglu",
    "12": "Xuefulu",
    "13": "Ligongdaxue",
    "14": "Heilongjiangdaxue",
    "15": "Yidaeryuan",
    "16": "Hada",
    "17": "Hananzhan",
    "18": "1",
    "19": "Metro",
    "20": "ROOT",
    "21": "Shema ot 30.08.2014g.",
    "22": "Imported from http://pmetro.su"
}