{
    "0": "Bayamon",
    "1": "Deportivo",
    "2": "Jardines",
    "3": "Torrimar",
    "4": "Martinez Nadal",
    "5": "Las Lomas",
    "6": "San Francisco",
    "7": "Centro Medico",
    "8": "Cupey",
    "9": "Rio Piedras",
    "10": "Universidad",
    "11": "Pinero",
    "12": "Domenech",
    "13": "Roosevelt",
    "14": "Hato Rey",
    "15": "Sagrado Corazon",
    "16": "1",
    "17": "Метро",
    "18": "ROOT",
    "19": "Схема от 19.08.2019г.\nАвтор: Дмитрий Варламов\nИнформация взята с сайта www.urbanrail.net\n19.08.2019 Указаны реальные интервалы движения. Прислал Дмитрий Варламов.\n14.11.2006 Первая версия.",
    "20": "Imported from http://pmetro.su"
}