{
    "lines": [
        {
            "delays": [
                180,
                480
            ],
            "name": "M1",
            "scheme": "m1",
            "segments": [
                [
                    0,
                    1,
                    90
                ],
                [
                    1,
                    0,
                    90
                ],
                [
                    1,
                    2,
                    110
                ],
                [
                    2,
                    1,
                    110
                ],
                [
                    2,
                    3,
                    74
                ],
                [
                    3,
                    2,
                    74
                ],
                [
                    3,
                    4,
                    66
                ],
                [
                    4,
                    3,
                    66
                ],
                [
                    4,
                    5,
                    65
                ],
                [
                    5,
                    4,
                    65
                ],
                [
                    5,
                    6,
                    63
                ],
                [
                    6,
                    5,
                    63
                ],
                [
                    6,
                    7,
                    67
                ],
                [
                    7,
                    6,
                    67
                ],
                [
                    7,
                    8,
                    68
                ],
                [
                    8,
                    7,
                    68
                ],
                [
                    8,
                    9,
                    74
                ],
                [
                    9,
                    8,
                    74
                ],
                [
                    9,
                    10,
                    69
                ],
                [
                    10,
                    9,
                    69
                ],
                [
                    10,
                    11,
                    74
                ],
                [
                    11,
                    10,
                    74
                ],
                [
                    11,
                    12,
                    68
                ],
                [
                    12,
                    11,
                    68
                ],
                [
                    12,
                    13,
                    65
                ],
                [
                    13,
                    12,
                    65
                ],
                [
                    13,
                    14,
                    65
                ],
                [
                    14,
                    13,
                    65
                ],
                [
                    14,
                    15,
                    120
                ],
                [
                    15,
                    14,
                    120
                ],
                [
                    15,
                    16,
                    64
                ],
                [
                    16,
                    15,
                    64
                ],
                [
                    16,
                    17,
                    72
                ],
                [
                    17,
                    16,
                    72
                ],
                [
                    17,
                    18,
                    85
                ],
                [
                    18,
                    17,
                    85
                ],
                [
                    18,
                    19,
                    66
                ],
                [
                    19,
                    18,
                    66
                ],
                [
                    19,
                    20,
                    72
                ],
                [
                    19,
                    31,
                    120
                ],
                [
                    20,
                    19,
                    72
                ],
                [
                    20,
                    21,
                    67
                ],
                [
                    21,
                    20,
                    67
                ],
                [
                    21,
                    22,
                    92
                ],
                [
                    22,
                    21,
                    92
                ],
                [
                    22,
                    23,
                    120
                ],
                [
                    23,
                    22,
                    120
                ],
                [
                    23,
                    24,
                    120
                ],
                [
                    24,
                    23,
                    120
                ],
                [
                    24,
                    25,
                    120
                ],
                [
                    25,
                    24,
                    120
                ],
                [
                    25,
                    26,
                    120
                ],
                [
                    26,
                    25,
                    120
                ],
                [
                    26,
                    27,
                    120
                ],
                [
                    27,
                    26,
                    120
                ],
                [
                    27,
                    28,
                    120
                ],
                [
                    28,
                    27,
                    120
                ],
                [
                    28,
                    29,
                    120
                ],
                [
                    29,
                    28,
                    120
                ],
                [
                    29,
                    30,
                    120
                ],
                [
                    30,
                    29,
                    120
                ],
                [
                    31,
                    19,
                    120
                ],
                [
                    31,
                    32,
                    120
                ],
                [
                    32,
                    31,
                    120
                ],
                [
                    32,
                    33,
                    120
                ],
                [
                    33,
                    32,
                    120
                ],
                [
                    33,
                    34,
                    120
                ],
                [
                    34,
                    33,
                    120
                ],
                [
                    34,
                    35,
                    120
                ],
                [
                    35,
                    34,
                    120
                ],
                [
                    35,
                    36,
                    120
                ],
                [
                    36,
                    35,
                    120
                ],
                [
                    36,
                    37,
                    120
                ],
                [
                    37,
                    36,
                    120
                ]
            ],
            "stations": [
                [
                    0,
                    "Sesto FS 1 Maggio",
                    0
                ],
                [
                    1,
                    "Sesto Rondo",
                    1
                ],
                [
                    2,
                    "Sesto Marelli",
                    2
                ],
                [
                    3,
                    "Villa San Giovanni",
                    3
                ],
                [
                    4,
                    "Precotto",
                    4
                ],
                [
                    5,
                    "Gorla",
                    5
                ],
                [
                    6,
                    "Turro",
                    6
                ],
                [
                    7,
                    "Rovereto",
                    7
                ],
                [
                    8,
                    "Pasteur",
                    8
                ],
                [
                    9,
                    "Loreto",
                    9
                ],
                [
                    10,
                    "Lima",
                    10
                ],
                [
                    11,
                    "Porta Venezia",
                    11
                ],
                [
                    12,
                    "Palestro",
                    12
                ],
                [
                    13,
                    "San Babila",
                    13
                ],
                [
                    14,
                    "Duomo",
                    14
                ],
                [
                    15,
                    "Cordusio",
                    15
                ],
                [
                    16,
                    "Cairoli",
                    16
                ],
                [
                    17,
                    "Cadorna",
                    17
                ],
                [
                    18,
                    "Conciliazioni",
                    18
                ],
                [
                    19,
                    "Pagano",
                    19
                ],
                [
                    20,
                    "Buonarroti",
                    20
                ],
                [
                    21,
                    "Amendola Fiera",
                    21
                ],
                [
                    22,
                    "Lotto",
                    22
                ],
                [
                    23,
                    "Q.T.8",
                    23
                ],
                [
                    24,
                    "Lampugnano",
                    24
                ],
                [
                    25,
                    "Uruguay",
                    25
                ],
                [
                    26,
                    "Bonola",
                    26
                ],
                [
                    27,
                    "San Leonardo",
                    27
                ],
                [
                    28,
                    "Molino Dorino",
                    28
                ],
                [
                    29,
                    "Pero",
                    29
                ],
                [
                    30,
                    "Rho Fiera",
                    30
                ],
                [
                    31,
                    "Wagner",
                    31
                ],
                [
                    32,
                    "De Angeli",
                    32
                ],
                [
                    33,
                    "Gambara",
                    33
                ],
                [
                    34,
                    "Bande Nere",
                    34
                ],
                [
                    35,
                    "Primaticcio",
                    35
                ],
                [
                    36,
                    "Inganni",
                    36
                ],
                [
                    37,
                    "Bisceglie",
                    37
                ]
            ],
            "text_id": 38
        },
        {
            "delays": [
                180,
                480
            ],
            "name": "M2",
            "scheme": "m2",
            "segments": [
                [
                    38,
                    41,
                    120
                ],
                [
                    39,
                    40,
                    120
                ],
                [
                    40,
                    39,
                    120
                ],
                [
                    40,
                    41,
                    120
                ],
                [
                    41,
                    38,
                    120
                ],
                [
                    41,
                    40,
                    120
                ],
                [
                    41,
                    42,
                    120
                ],
                [
                    42,
                    41,
                    120
                ],
                [
                    42,
                    43,
                    120
                ],
                [
                    43,
                    42,
                    120
                ],
                [
                    43,
                    44,
                    88
                ],
                [
                    44,
                    43,
                    88
                ],
                [
                    44,
                    45,
                    63
                ],
                [
                    45,
                    44,
                    63
                ],
                [
                    45,
                    46,
                    90
                ],
                [
                    46,
                    45,
                    90
                ],
                [
                    46,
                    47,
                    103
                ],
                [
                    47,
                    46,
                    103
                ],
                [
                    47,
                    48,
                    87
                ],
                [
                    48,
                    47,
                    87
                ],
                [
                    48,
                    49,
                    93
                ],
                [
                    49,
                    48,
                    93
                ],
                [
                    49,
                    50,
                    106
                ],
                [
                    50,
                    49,
                    106
                ],
                [
                    50,
                    51,
                    83
                ],
                [
                    51,
                    50,
                    83
                ],
                [
                    51,
                    52,
                    120
                ],
                [
                    52,
                    51,
                    120
                ],
                [
                    52,
                    53,
                    120
                ],
                [
                    53,
                    52,
                    120
                ],
                [
                    53,
                    54,
                    120
                ],
                [
                    54,
                    53,
                    120
                ],
                [
                    54,
                    55,
                    120
                ],
                [
                    55,
                    54,
                    120
                ],
                [
                    55,
                    56,
                    120
                ],
                [
                    56,
                    55,
                    120
                ],
                [
                    56,
                    57,
                    120
                ],
                [
                    57,
                    56,
                    120
                ],
                [
                    57,
                    58,
                    120
                ],
                [
                    58,
                    57,
                    120
                ],
                [
                    58,
                    59,
                    120
                ],
                [
                    59,
                    58,
                    120
                ],
                [
                    59,
                    60,
                    120
                ],
                [
                    59,
                    70,
                    120
                ],
                [
                    60,
                    59,
                    120
                ],
                [
                    60,
                    61,
                    120
                ],
                [
                    61,
                    60,
                    120
                ],
                [
                    61,
                    62,
                    120
                ],
                [
                    62,
                    61,
                    120
                ],
                [
                    62,
                    63,
                    120
                ],
                [
                    63,
                    62,
                    120
                ],
                [
                    63,
                    64,
                    120
                ],
                [
                    64,
                    63,
                    120
                ],
                [
                    64,
                    65,
                    120
                ],
                [
                    65,
                    64,
                    120
                ],
                [
                    65,
                    66,
                    120
                ],
                [
                    66,
                    65,
                    120
                ],
                [
                    66,
                    67,
                    120
                ],
                [
                    67,
                    66,
                    120
                ],
                [
                    67,
                    68,
                    120
                ],
                [
                    68,
                    67,
                    120
                ],
                [
                    68,
                    69,
                    120
                ],
                [
                    69,
                    68,
                    120
                ],
                [
                    70,
                    59,
                    120
                ],
                [
                    70,
                    71,
                    120
                ],
                [
                    71,
                    70,
                    120
                ],
                [
                    71,
                    72,
                    120
                ],
                [
                    72,
                    71,
                    120
                ]
            ],
            "stations": [
                [
                    38,
                    "Abbiategrasso",
                    39
                ],
                [
                    39,
                    "Milanofiori Forum",
                    40
                ],
                [
                    40,
                    "Milanofiori Nord",
                    41
                ],
                [
                    41,
                    "Famagosta",
                    42
                ],
                [
                    42,
                    "Romolo FS",
                    43
                ],
                [
                    43,
                    "Porta Genova FS",
                    44
                ],
                [
                    44,
                    "Sant Agostino",
                    45
                ],
                [
                    45,
                    "Sant Ambrogio",
                    46
                ],
                [
                    46,
                    "Cadorna",
                    17
                ],
                [
                    47,
                    "Lanza",
                    47
                ],
                [
                    48,
                    "Moscova",
                    48
                ],
                [
                    49,
                    "Garibaldi",
                    49
                ],
                [
                    50,
                    "Gioia",
                    50
                ],
                [
                    51,
                    "Centrale FS",
                    51
                ],
                [
                    52,
                    "Caiazzo",
                    52
                ],
                [
                    53,
                    "Loreto",
                    9
                ],
                [
                    54,
                    "Piola",
                    53
                ],
                [
                    55,
                    "Lambrate FS",
                    54
                ],
                [
                    56,
                    "Udine",
                    55
                ],
                [
                    57,
                    "Cimiano",
                    56
                ],
                [
                    58,
                    "Crescenzago",
                    57
                ],
                [
                    59,
                    "Cascina Gobba",
                    58
                ],
                [
                    60,
                    "Vimodrone",
                    59
                ],
                [
                    61,
                    "Cascina Burrona",
                    60
                ],
                [
                    62,
                    "Cernusco S.N.",
                    61
                ],
                [
                    63,
                    "Villa Fiorita",
                    62
                ],
                [
                    64,
                    "Cassina de' Pecchi",
                    63
                ],
                [
                    65,
                    "Bussero",
                    64
                ],
                [
                    66,
                    "Villa Pompea",
                    65
                ],
                [
                    67,
                    "Gorgonzola",
                    66
                ],
                [
                    68,
                    "Cascina Antonietta",
                    67
                ],
                [
                    69,
                    "Gessate",
                    68
                ],
                [
                    70,
                    "Cologno Sud",
                    69
                ],
                [
                    71,
                    "Cologno Centro",
                    70
                ],
                [
                    72,
                    "Cologno Nord",
                    71
                ]
            ],
            "text_id": 72
        },
        {
            "delays": [
                180,
                480
            ],
            "name": "M3",
            "scheme": "m3",
            "segments": [
                [
                    73,
                    74,
                    120
                ],
                [
                    74,
                    73,
                    120
                ],
                [
                    74,
                    75,
                    120
                ],
                [
                    75,
                    74,
                    120
                ],
                [
                    75,
                    76,
                    120
                ],
                [
                    76,
                    75,
                    120
                ],
                [
                    76,
                    77,
                    120
                ],
                [
                    77,
                    76,
                    120
                ],
                [
                    77,
                    78,
                    120
                ],
                [
                    78,
                    77,
                    120
                ],
                [
                    78,
                    79,
                    120
                ],
                [
                    79,
                    78,
                    120
                ],
                [
                    79,
                    80,
                    120
                ],
                [
                    80,
                    79,
                    120
                ],
                [
                    80,
                    81,
                    120
                ],
                [
                    81,
                    80,
                    120
                ],
                [
                    81,
                    82,
                    120
                ],
                [
                    82,
                    81,
                    120
                ],
                [
                    82,
                    83,
                    55
                ],
                [
                    83,
                    82,
                    55
                ],
                [
                    83,
                    84,
                    97
                ],
                [
                    84,
                    83,
                    97
                ],
                [
                    84,
                    85,
                    120
                ],
                [
                    85,
                    84,
                    120
                ],
                [
                    85,
                    86,
                    120
                ],
                [
                    86,
                    85,
                    120
                ],
                [
                    86,
                    87,
                    120
                ],
                [
                    87,
                    86,
                    120
                ],
                [
                    87,
                    88,
                    120
                ],
                [
                    88,
                    87,
                    120
                ],
                [
                    88,
                    89,
                    120
                ],
                [
                    89,
                    88,
                    120
                ],
                [
                    89,
                    90,
                    120
                ],
                [
                    90,
                    89,
                    120
                ],
                [
                    90,
                    91,
                    120
                ],
                [
                    91,
                    90,
                    120
                ],
                [
                    91,
                    92,
                    120
                ],
                [
                    92,
                    91,
                    120
                ],
                [
                    92,
                    93,
                    120
                ],
                [
                    93,
                    92,
                    120
                ]
            ],
            "stations": [
                [
                    73,
                    "Comasina",
                    73
                ],
                [
                    74,
                    "Affori FN",
                    74
                ],
                [
                    75,
                    "Affori Centro",
                    75
                ],
                [
                    76,
                    "Dergano",
                    76
                ],
                [
                    77,
                    "Maciachini",
                    77
                ],
                [
                    78,
                    "Zara",
                    78
                ],
                [
                    79,
                    "Sondrio",
                    79
                ],
                [
                    80,
                    "Centrale FS",
                    51
                ],
                [
                    81,
                    "Repubblica",
                    80
                ],
                [
                    82,
                    "Turati",
                    81
                ],
                [
                    83,
                    "Monte Napoleone",
                    82
                ],
                [
                    84,
                    "Duomo",
                    14
                ],
                [
                    85,
                    "Missori",
                    83
                ],
                [
                    86,
                    "Crocetta",
                    84
                ],
                [
                    87,
                    "Porta Romana",
                    85
                ],
                [
                    88,
                    "Lodi T.I.B.B.",
                    86
                ],
                [
                    89,
                    "Brenta",
                    87
                ],
                [
                    90,
                    "Corvetto",
                    88
                ],
                [
                    91,
                    "Porto di Mare",
                    89
                ],
                [
                    92,
                    "Rogoredo",
                    90
                ],
                [
                    93,
                    "S.Donato",
                    91
                ]
            ],
            "text_id": 92
        },
        {
            "delays": [
                180,
                480
            ],
            "name": "M5",
            "scheme": "m5",
            "segments": [
                [
                    94,
                    95,
                    120
                ],
                [
                    95,
                    94,
                    120
                ],
                [
                    95,
                    96,
                    120
                ],
                [
                    96,
                    95,
                    120
                ],
                [
                    96,
                    97,
                    120
                ],
                [
                    97,
                    96,
                    120
                ],
                [
                    97,
                    98,
                    120
                ],
                [
                    98,
                    97,
                    120
                ],
                [
                    98,
                    99,
                    120
                ],
                [
                    99,
                    98,
                    120
                ],
                [
                    99,
                    100,
                    120
                ],
                [
                    100,
                    99,
                    120
                ],
                [
                    100,
                    101,
                    120
                ],
                [
                    101,
                    100,
                    120
                ],
                [
                    101,
                    102,
                    120
                ],
                [
                    102,
                    101,
                    120
                ],
                [
                    102,
                    103,
                    120
                ],
                [
                    103,
                    102,
                    120
                ],
                [
                    103,
                    104,
                    120
                ],
                [
                    104,
                    103,
                    120
                ],
                [
                    104,
                    105,
                    120
                ],
                [
                    105,
                    104,
                    120
                ],
                [
                    105,
                    106,
                    120
                ],
                [
                    106,
                    105,
                    120
                ],
                [
                    106,
                    107,
                    180
                ],
                [
                    107,
                    106,
                    180
                ],
                [
                    107,
                    108,
                    null
                ],
                [
                    108,
                    107,
                    null
                ],
                [
                    108,
                    109,
                    120
                ],
                [
                    109,
                    108,
                    120
                ],
                [
                    109,
                    110,
                    120
                ],
                [
                    110,
                    109,
                    120
                ],
                [
                    110,
                    111,
                    120
                ],
                [
                    111,
                    110,
                    120
                ],
                [
                    111,
                    112,
                    120
                ],
                [
                    112,
                    111,
                    120
                ]
            ],
            "stations": [
                [
                    94,
                    "Bignami",
                    93
                ],
                [
                    95,
                    "Ponale",
                    94
                ],
                [
                    96,
                    "Bicocca",
                    95
                ],
                [
                    97,
                    "Ca Granda",
                    96
                ],
                [
                    98,
                    "Istria",
                    97
                ],
                [
                    99,
                    "Marche",
                    98
                ],
                [
                    100,
                    "Zara",
                    78
                ],
                [
                    101,
                    "Isola",
                    99
                ],
                [
                    102,
                    "Garibaldi",
                    49
                ],
                [
                    103,
                    "Monumentale",
                    100
                ],
                [
                    104,
                    "Cenisio",
                    101
                ],
                [
                    105,
                    "Gerusalemme",
                    102
                ],
                [
                    106,
                    "Domodossola",
                    103
                ],
                [
                    107,
                    "Tre Torri",
                    104
                ],
                [
                    108,
                    "Portello",
                    105
                ],
                [
                    109,
                    "Lotto",
                    22
                ],
                [
                    110,
                    "Segesta",
                    106
                ],
                [
                    111,
                    "San Siro Ippodromo",
                    107
                ],
                [
                    112,
                    "San Siro Stadio",
                    108
                ]
            ],
            "text_id": 109
        }
    ],
    "name": "metro",
    "transfers": [
        [
            9,
            53,
            120,
            true
        ],
        [
            14,
            84,
            120,
            true
        ],
        [
            17,
            46,
            101,
            true
        ],
        [
            51,
            80,
            120,
            true
        ],
        [
            100,
            78,
            120,
            true
        ],
        [
            102,
            49,
            120,
            true
        ],
        [
            22,
            109,
            120,
            true
        ]
    ],
    "type_name": "Метро"
}