{
    "lines": [
        {
            "delays": [],
            "name": "Детская ж/д.",
            "scheme": null,
            "segments": [
                [
                    36,
                    37,
                    120
                ],
                [
                    37,
                    36,
                    120
                ],
                [
                    37,
                    38,
                    240
                ],
                [
                    38,
                    37,
                    240
                ]
            ],
            "stations": [
                [
                    36,
                    "Заслоново",
                    37
                ],
                [
                    37,
                    "Пионерская",
                    38
                ],
                [
                    38,
                    "Сосновый Бор",
                    39
                ]
            ],
            "text_id": 40
        }
    ],
    "name": "childtrain",
    "transfers": [
        [
            11,
            36,
            180,
            false
        ]
    ],
    "type_name": "Детская железная дорога"
}