{
    "lines": [
        {
            "delays": [
                600,
                1200
            ],
            "name": "Prima linea",
            "scheme": null,
            "segments": [
                [
                    0,
                    1,
                    0
                ],
                [
                    1,
                    0,
                    0
                ],
                [
                    1,
                    2,
                    120
                ],
                [
                    2,
                    1,
                    120
                ],
                [
                    2,
                    3,
                    120
                ],
                [
                    3,
                    2,
                    120
                ],
                [
                    3,
                    4,
                    120
                ],
                [
                    4,
                    3,
                    120
                ],
                [
                    4,
                    5,
                    120
                ],
                [
                    5,
                    4,
                    120
                ],
                [
                    5,
                    6,
                    120
                ],
                [
                    6,
                    5,
                    120
                ],
                [
                    6,
                    7,
                    120
                ],
                [
                    7,
                    6,
                    120
                ],
                [
                    7,
                    8,
                    null
                ],
                [
                    7,
                    9,
                    240
                ],
                [
                    8,
                    7,
                    null
                ],
                [
                    8,
                    9,
                    0
                ],
                [
                    9,
                    7,
                    240
                ],
                [
                    9,
                    8,
                    null
                ]
            ],
            "stations": [
                [
                    0,
                    "Canepari",
                    0
                ],
                [
                    1,
                    "Brin",
                    1
                ],
                [
                    2,
                    "Dinegro",
                    2
                ],
                [
                    3,
                    "Principe",
                    3
                ],
                [
                    4,
                    "Darsena",
                    4
                ],
                [
                    5,
                    "San Giorgio",
                    5
                ],
                [
                    6,
                    "Sarzano",
                    6
                ],
                [
                    7,
                    "De Ferrari",
                    7
                ],
                [
                    8,
                    "Corvetto",
                    8
                ],
                [
                    9,
                    "Bringole",
                    9
                ]
            ],
            "text_id": 10
        }
    ],
    "name": "metro",
    "transfers": [],
    "type_name": "Метро"
}