{
    "0": "Canepari",
    "1": "Brin",
    "2": "Dinegro",
    "3": "Principe",
    "4": "Darsena",
    "5": "San Giorgio",
    "6": "Sarzano",
    "7": "De Ferrari",
    "8": "Corvetto",
    "9": "Bringole",
    "10": "Prima linea",
    "11": "Метро",
    "12": "ROOT",
    "13": "Схема от 22.05.2013г.\nКарту прислал Савицкий Владислав.\n\nИнформация по станциям - Савицкий Владислав.\n\nИнтервалы движения - ждем Вашей помощи.",
    "14": "Imported from http://pmetro.su"
}