{
    "default_transports": [
        "metro"
    ],
    "height": 1021,
    "images": [
        "res/schemes/minneapolis.svg"
    ],
    "is_vector": false,
    "lines": [
        {
            "labels_bg_color": "-1",
            "labels_color": "af0000",
            "line_color": "cf0000",
            "line_width": 8,
            "name": "55",
            "segments": [
                [
                    0,
                    1,
                    [
                        [
                            97,
                            95
                        ],
                        [
                            82,
                            84
                        ]
                    ],
                    true
                ],
                [
                    1,
                    2,
                    [
                        [
                            115,
                            106
                        ],
                        [
                            97,
                            95
                        ]
                    ],
                    true
                ],
                [
                    2,
                    3,
                    [
                        [
                            144.0,
                            118.0
                        ],
                        [
                            143.01,
                            118.19
                        ],
                        [
                            141.91,
                            118.25
                        ],
                        [
                            140.7,
                            118.19
                        ],
                        [
                            139.38,
                            118.0
                        ],
                        [
                            137.95,
                            117.69
                        ],
                        [
                            136.41,
                            117.25
                        ],
                        [
                            134.76,
                            116.69
                        ],
                        [
                            133.0,
                            116.0
                        ],
                        [
                            131.13,
                            115.19
                        ],
                        [
                            129.16,
                            114.25
                        ],
                        [
                            127.07,
                            113.19
                        ],
                        [
                            124.88,
                            112.0
                        ],
                        [
                            122.57,
                            110.69
                        ],
                        [
                            120.16,
                            109.25
                        ],
                        [
                            117.63,
                            107.69
                        ],
                        [
                            115.0,
                            106.0
                        ]
                    ],
                    true
                ],
                [
                    3,
                    4,
                    [
                        [
                            186.0,
                            162.0
                        ],
                        [
                            184.62,
                            158.67
                        ],
                        [
                            183.25,
                            155.44
                        ],
                        [
                            181.88,
                            152.29
                        ],
                        [
                            180.5,
                            149.25
                        ],
                        [
                            179.11,
                            146.32
                        ],
                        [
                            177.71,
                            143.48
                        ],
                        [
                            176.34,
                            140.72
                        ],
                        [
                            175.0,
                            138.0
                        ],
                        [
                            173.77,
                            135.26
                        ],
                        [
                            172.57,
                            132.59
                        ],
                        [
                            171.34,
                            130.03
                        ],
                        [
                            170.06,
                            127.62
                        ],
                        [
                            168.72,
                            125.39
                        ],
                        [
                            167.28,
                            123.35
                        ],
                        [
                            165.72,
                            121.54
                        ],
                        [
                            164.0,
                            120.0
                        ],
                        [
                            162.03,
                            118.83
                        ],
                        [
                            159.88,
                            117.96
                        ],
                        [
                            157.57,
                            117.35
                        ],
                        [
                            155.12,
                            117.0
                        ],
                        [
                            152.55,
                            116.88
                        ],
                        [
                            149.84,
                            117.0
                        ],
                        [
                            146.99,
                            117.38
                        ],
                        [
                            144.0,
                            118.0
                        ]
                    ],
                    true
                ],
                [
                    4,
                    5,
                    [
                        [
                            205,
                            200
                        ],
                        [
                            186,
                            162
                        ]
                    ],
                    true
                ],
                [
                    5,
                    6,
                    [
                        [
                            232.0,
                            279.0
                        ],
                        [
                            230.91,
                            276.73
                        ],
                        [
                            229.88,
                            274.44
                        ],
                        [
                            228.91,
                            272.11
                        ],
                        [
                            228.0,
                            269.75
                        ],
                        [
                            227.12,
                            267.32
                        ],
                        [
                            226.3,
                            264.88
                        ],
                        [
                            225.58,
                            262.41
                        ],
                        [
                            225.0,
                            260.0
                        ],
                        [
                            224.7,
                            257.74
                        ],
                        [
                            224.51,
                            255.5
                        ],
                        [
                            224.33,
                            253.18
                        ],
                        [
                            224.12,
                            250.75
                        ],
                        [
                            223.84,
                            248.16
                        ],
                        [
                            223.43,
                            245.38
                        ],
                        [
                            222.85,
                            242.35
                        ],
                        [
                            222.0,
                            239.0
                        ],
                        [
                            220.72,
                            235.18
                        ],
                        [
                            219.13,
                            231.0
                        ],
                        [
                            217.31,
                            226.52
                        ],
                        [
                            215.25,
                            221.75
                        ],
                        [
                            213.01,
                            216.73
                        ],
                        [
                            210.56,
                            211.44
                        ],
                        [
                            207.89,
                            205.86
                        ],
                        [
                            205.0,
                            200.0
                        ]
                    ],
                    true
                ],
                [
                    6,
                    7,
                    [
                        [
                            273,
                            361
                        ],
                        [
                            232,
                            279
                        ]
                    ],
                    true
                ],
                [
                    7,
                    8,
                    [
                        [
                            316,
                            450
                        ],
                        [
                            273,
                            361
                        ]
                    ],
                    true
                ],
                [
                    8,
                    9,
                    [
                        [
                            359,
                            507
                        ],
                        [
                            316,
                            450
                        ]
                    ],
                    true
                ],
                [
                    9,
                    10,
                    [
                        [
                            388.0,
                            562.0
                        ],
                        [
                            388.06,
                            558.51
                        ],
                        [
                            388.0,
                            555.16
                        ],
                        [
                            387.81,
                            551.95
                        ],
                        [
                            387.5,
                            548.88
                        ],
                        [
                            387.07,
                            545.92
                        ],
                        [
                            386.52,
                            543.12
                        ],
                        [
                            385.83,
                            540.46
                        ],
                        [
                            385.0,
                            538.0
                        ],
                        [
                            384.0,
                            535.79
                        ],
                        [
                            382.86,
                            533.76
                        ],
                        [
                            381.61,
                            531.83
                        ],
                        [
                            380.25,
                            530.0
                        ],
                        [
                            378.8,
                            528.23
                        ],
                        [
                            377.27,
                            526.49
                        ],
                        [
                            375.66,
                            524.77
                        ],
                        [
                            374.0,
                            523.0
                        ],
                        [
                            372.33,
                            521.1
                        ],
                        [
                            370.61,
                            519.13
                        ],
                        [
                            368.83,
                            517.14
                        ],
                        [
                            367.0,
                            515.12
                        ],
                        [
                            365.09,
                            513.11
                        ],
                        [
                            363.12,
                            511.09
                        ],
                        [
                            361.09,
                            509.05
                        ],
                        [
                            359.0,
                            507.0
                        ]
                    ],
                    true
                ],
                [
                    10,
                    11,
                    [
                        [
                            421.0,
                            624.0
                        ],
                        [
                            421.38,
                            616.71
                        ],
                        [
                            421.5,
                            609.97
                        ],
                        [
                            421.37,
                            603.78
                        ],
                        [
                            421.0,
                            598.12
                        ],
                        [
                            420.43,
                            592.94
                        ],
                        [
                            419.61,
                            588.32
                        ],
                        [
                            418.49,
                            584.29
                        ],
                        [
                            417.0,
                            581.0
                        ],
                        [
                            414.94,
                            578.7
                        ],
                        [
                            412.55,
                            577.05
                        ],
                        [
                            409.99,
                            575.85
                        ],
                        [
                            407.31,
                            575.0
                        ],
                        [
                            404.6,
                            574.4
                        ],
                        [
                            401.92,
                            573.95
                        ],
                        [
                            399.33,
                            573.55
                        ],
                        [
                            397.0,
                            573.0
                        ],
                        [
                            395.15,
                            571.96
                        ],
                        [
                            393.61,
                            570.68
                        ],
                        [
                            392.28,
                            569.31
                        ],
                        [
                            391.12,
                            567.88
                        ],
                        [
                            390.09,
                            566.47
                        ],
                        [
                            389.22,
                            565.03
                        ],
                        [
                            388.52,
                            563.54
                        ],
                        [
                            388.0,
                            562.0
                        ]
                    ],
                    true
                ],
                [
                    11,
                    12,
                    [
                        [
                            395.0,
                            681.0
                        ],
                        [
                            396.61,
                            679.22
                        ],
                        [
                            398.19,
                            677.38
                        ],
                        [
                            399.74,
                            675.47
                        ],
                        [
                            401.25,
                            673.5
                        ],
                        [
                            402.73,
                            671.48
                        ],
                        [
                            404.17,
                            669.39
                        ],
                        [
                            405.59,
                            667.23
                        ],
                        [
                            407.0,
                            665.0
                        ],
                        [
                            408.42,
                            662.67
                        ],
                        [
                            409.83,
                            660.27
                        ],
                        [
                            411.19,
                            657.81
                        ],
                        [
                            412.5,
                            655.31
                        ],
                        [
                            413.75,
                            652.77
                        ],
                        [
                            414.92,
                            650.2
                        ],
                        [
                            416.01,
                            647.6
                        ],
                        [
                            417.0,
                            645.0
                        ],
                        [
                            417.85,
                            642.42
                        ],
                        [
                            418.58,
                            639.83
                        ],
                        [
                            419.21,
                            637.24
                        ],
                        [
                            419.75,
                            634.62
                        ],
                        [
                            420.2,
                            631.99
                        ],
                        [
                            420.56,
                            629.34
                        ],
                        [
                            420.83,
                            626.68
                        ],
                        [
                            421.0,
                            624.0
                        ]
                    ],
                    true
                ],
                [
                    12,
                    13,
                    [
                        [
                            304.0,
                            719.0
                        ],
                        [
                            303.52,
                            717.17
                        ],
                        [
                            303.56,
                            715.44
                        ],
                        [
                            304.15,
                            713.8
                        ],
                        [
                            305.25,
                            712.25
                        ],
                        [
                            306.79,
                            710.75
                        ],
                        [
                            308.89,
                            709.36
                        ],
                        [
                            311.57,
                            708.08
                        ],
                        [
                            315.0,
                            707.0
                        ],
                        [
                            319.47,
                            706.24
                        ],
                        [
                            324.61,
                            705.64
                        ],
                        [
                            330.15,
                            705.07
                        ],
                        [
                            336.0,
                            704.5
                        ],
                        [
                            342.04,
                            703.87
                        ],
                        [
                            348.14,
                            703.11
                        ],
                        [
                            354.21,
                            702.19
                        ],
                        [
                            360.0,
                            701.0
                        ],
                        [
                            365.12,
                            699.35
                        ],
                        [
                            369.86,
                            697.39
                        ],
                        [
                            374.39,
                            695.18
                        ],
                        [
                            378.75,
                            692.75
                        ],
                        [
                            383.04,
                            690.14
                        ],
                        [
                            387.19,
                            687.31
                        ],
                        [
                            391.17,
                            684.27
                        ],
                        [
                            395.0,
                            681.0
                        ]
                    ],
                    true
                ],
                [
                    13,
                    14,
                    [
                        [
                            299.0,
                            822.0
                        ],
                        [
                            301.03,
                            824.07
                        ],
                        [
                            302.88,
                            825.16
                        ],
                        [
                            304.53,
                            825.23
                        ],
                        [
                            306.0,
                            824.38
                        ],
                        [
                            307.3,
                            822.77
                        ],
                        [
                            308.41,
                            820.12
                        ],
                        [
                            309.32,
                            816.34
                        ],
                        [
                            310.0,
                            811.0
                        ],
                        [
                            310.4,
                            803.28
                        ],
                        [
                            310.59,
                            794.22
                        ],
                        [
                            310.62,
                            784.53
                        ],
                        [
                            310.5,
                            774.44
                        ],
                        [
                            310.25,
                            764.29
                        ],
                        [
                            309.91,
                            754.43
                        ],
                        [
                            309.47,
                            745.1
                        ],
                        [
                            309.0,
                            737.0
                        ],
                        [
                            308.56,
                            731.16
                        ],
                        [
                            308.09,
                            726.79
                        ],
                        [
                            307.58,
                            723.43
                        ],
                        [
                            307.0,
                            721.0
                        ],
                        [
                            306.35,
                            719.22
                        ],
                        [
                            305.62,
                            718.25
                        ],
                        [
                            304.84,
                            718.19
                        ],
                        [
                            304.0,
                            719.0
                        ]
                    ],
                    true
                ],
                [
                    14,
                    15,
                    [
                        [
                            268.0,
                            826.0
                        ],
                        [
                            269.3,
                            825.28
                        ],
                        [
                            270.59,
                            824.62
                        ],
                        [
                            271.87,
                            824.03
                        ],
                        [
                            273.12,
                            823.5
                        ],
                        [
                            274.38,
                            823.02
                        ],
                        [
                            275.61,
                            822.61
                        ],
                        [
                            276.82,
                            822.26
                        ],
                        [
                            278.0,
                            822.0
                        ],
                        [
                            279.12,
                            821.85
                        ],
                        [
                            280.2,
                            821.77
                        ],
                        [
                            281.29,
                            821.74
                        ],
                        [
                            282.38,
                            821.75
                        ],
                        [
                            283.48,
                            821.79
                        ],
                        [
                            284.61,
                            821.86
                        ],
                        [
                            285.78,
                            821.94
                        ],
                        [
                            287.0,
                            822.0
                        ],
                        [
                            288.32,
                            822.02
                        ],
                        [
                            289.7,
                            822.02
                        ],
                        [
                            291.14,
                            822.01
                        ],
                        [
                            292.62,
                            822.0
                        ],
                        [
                            294.15,
                            822.0
                        ],
                        [
                            295.72,
                            822.0
                        ],
                        [
                            297.34,
                            822.0
                        ],
                        [
                            299.0,
                            822.0
                        ]
                    ],
                    true
                ],
                [
                    15,
                    16,
                    [
                        [
                            236.0,
                            858.0
                        ],
                        [
                            235.57,
                            860.03
                        ],
                        [
                            235.41,
                            861.88
                        ],
                        [
                            235.52,
                            863.54
                        ],
                        [
                            235.88,
                            865.0
                        ],
                        [
                            236.44,
                            866.22
                        ],
                        [
                            237.29,
                            867.26
                        ],
                        [
                            238.43,
                            868.15
                        ],
                        [
                            240.0,
                            869.0
                        ],
                        [
                            242.19,
                            870.0
                        ],
                        [
                            244.75,
                            870.89
                        ],
                        [
                            247.47,
                            871.52
                        ],
                        [
                            250.31,
                            871.81
                        ],
                        [
                            253.18,
                            871.69
                        ],
                        [
                            255.97,
                            871.07
                        ],
                        [
                            258.64,
                            869.9
                        ],
                        [
                            261.0,
                            868.0
                        ],
                        [
                            262.78,
                            865.12
                        ],
                        [
                            264.18,
                            861.46
                        ],
                        [
                            265.33,
                            857.12
                        ],
                        [
                            266.25,
                            852.12
                        ],
                        [
                            267.01,
                            846.55
                        ],
                        [
                            267.56,
                            840.34
                        ],
                        [
                            267.89,
                            833.49
                        ],
                        [
                            268.0,
                            826.0
                        ]
                    ],
                    true
                ]
            ],
            "stations": [
                {
                    "coord": [
                        82,
                        84
                    ],
                    "is_working": true,
                    "name": "Warehouse District/Hennepin Avenue",
                    "rect": [
                        98,
                        50,
                        232,
                        15
                    ],
                    "text_id": 0,
                    "uid": 0
                },
                {
                    "coord": [
                        97,
                        95
                    ],
                    "is_working": true,
                    "name": "Nicollet Mall",
                    "rect": [
                        113,
                        66,
                        86,
                        15
                    ],
                    "text_id": 1,
                    "uid": 1
                },
                {
                    "coord": [
                        115,
                        106
                    ],
                    "is_working": true,
                    "name": "Government Plaza",
                    "rect": [
                        128,
                        81,
                        116,
                        15
                    ],
                    "text_id": 2,
                    "uid": 2
                },
                {
                    "coord": [
                        144,
                        118
                    ],
                    "is_working": true,
                    "name": "Downtown East/Metrodome",
                    "rect": [
                        156,
                        97,
                        172,
                        15
                    ],
                    "text_id": 3,
                    "uid": 3
                },
                {
                    "coord": [
                        186,
                        162
                    ],
                    "is_working": true,
                    "name": "Cedar-Riverside",
                    "rect": [
                        198,
                        149,
                        102,
                        15
                    ],
                    "text_id": 4,
                    "uid": 4
                },
                {
                    "coord": [
                        205,
                        200
                    ],
                    "is_working": true,
                    "name": "Franklin Avenue",
                    "rect": [
                        217,
                        188,
                        105,
                        15
                    ],
                    "text_id": 5,
                    "uid": 5
                },
                {
                    "coord": [
                        232,
                        279
                    ],
                    "is_working": true,
                    "name": "Lake Street/Midtown",
                    "rect": [
                        246,
                        266,
                        130,
                        15
                    ],
                    "text_id": 6,
                    "uid": 6
                },
                {
                    "coord": [
                        273,
                        361
                    ],
                    "is_working": true,
                    "name": "38th Street",
                    "rect": [
                        284,
                        348,
                        72,
                        15
                    ],
                    "text_id": 7,
                    "uid": 7
                },
                {
                    "coord": [
                        316,
                        450
                    ],
                    "is_working": true,
                    "name": "46th Street",
                    "rect": [
                        326,
                        436,
                        72,
                        15
                    ],
                    "text_id": 8,
                    "uid": 8
                },
                {
                    "coord": [
                        359,
                        507
                    ],
                    "is_working": true,
                    "name": "50th Street/Minnehaha Park",
                    "rect": [
                        151,
                        505,
                        176,
                        15
                    ],
                    "text_id": 9,
                    "uid": 9
                },
                {
                    "coord": [
                        388,
                        562
                    ],
                    "is_working": true,
                    "name": "VA Medical Center",
                    "rect": [
                        176,
                        555,
                        116,
                        15
                    ],
                    "text_id": 10,
                    "uid": 10
                },
                {
                    "coord": [
                        421,
                        624
                    ],
                    "is_working": true,
                    "name": "Fort Snelling",
                    "rect": [
                        287,
                        616,
                        86,
                        15
                    ],
                    "text_id": 11,
                    "uid": 11
                },
                {
                    "coord": [
                        395,
                        681
                    ],
                    "is_working": true,
                    "name": "Lindbergh Terminal",
                    "rect": [
                        262,
                        660,
                        124,
                        15
                    ],
                    "text_id": 12,
                    "uid": 12
                },
                {
                    "coord": [
                        304,
                        719
                    ],
                    "is_working": true,
                    "name": "Humphrey Terminal",
                    "rect": [
                        172,
                        713,
                        122,
                        15
                    ],
                    "text_id": 13,
                    "uid": 13
                },
                {
                    "coord": [
                        299,
                        822
                    ],
                    "is_working": true,
                    "name": "Bloomington Central",
                    "rect": [
                        318,
                        819,
                        136,
                        15
                    ],
                    "text_id": 14,
                    "uid": 14
                },
                {
                    "coord": [
                        268,
                        826
                    ],
                    "is_working": true,
                    "name": "28th Avenue",
                    "rect": [
                        278,
                        836,
                        76,
                        15
                    ],
                    "text_id": 15,
                    "uid": 15
                },
                {
                    "coord": [
                        236,
                        858
                    ],
                    "is_working": true,
                    "name": "Mall of America",
                    "rect": [
                        178,
                        878,
                        102,
                        15
                    ],
                    "text_id": 16,
                    "uid": 16
                }
            ],
            "text_id": 17
        }
    ],
    "lines_width": 8,
    "name": "metro",
    "name_text_id": 18,
    "stations_diameter": 16.0,
    "transfers": [],
    "transports": [
        "metro"
    ],
    "type_name": "ROOT",
    "type_text_id": 19,
    "upper_case": true,
    "width": 571,
    "word_wrap": false
}