{
    "0": "Takabata",
    "1": "Hatta",
    "2": "Iwatsuka",
    "3": "Nakamura Koen",
    "4": "Nakamura Nisseki",
    "5": "Honjin",
    "6": "Kamejima",
    "7": "Nagoya",
    "8": "Fushimi",
    "9": "Sakae",
    "10": "Shinsakae-machi",
    "11": "Chikusa",
    "12": "Imaike",
    "13": "Ikeshita",
    "14": "Kakuozan",
    "15": "Motoyama",
    "16": "Higashiyama Park",
    "17": "Hoshigaoka",
    "18": "Issha",
    "19": "Kamiyashiro",
    "20": "Hongo",
    "21": "Fujigaoka",
    "22": "Higashiyama",
    "23": "Kanayama",
    "24": "Higashi Betsuin",
    "25": "Kamimaezu",
    "26": "Yabacho",
    "27": "Hisaya-odori",
    "28": "Shiyakusho",
    "29": "Meijo Koen",
    "30": "Kurokawa",
    "31": "Shiga-hondori",
    "32": "Heian-dori",
    "33": "Ozone",
    "34": "Nagoya Dome-mae Yada",
    "35": "Sunadabashi",
    "36": "Chayagasaka",
    "37": "Jiyugaoka",
    "38": "Nagoya Daigaku",
    "39": "Yagoto Nisseki",
    "40": "Yagoto",
    "41": "Sogo Rihabiri Center",
    "42": "Mizuho Undojo Higashi",
    "43": "Aratama-bashi",
    "44": "Myoon-dori",
    "45": "Horita",
    "46": "Temma-cho",
    "47": "Jingu-Nishi",
    "48": "Nishi Takakura",
    "49": "Meijo",
    "50": "Hibino",
    "51": "Rokuban-cho",
    "52": "Tokai-dori",
    "53": "Minato Kuyakusho",
    "54": "Tsukiji-guchi",
    "55": "Nagoya Port",
    "56": "Meiko",
    "57": "Biwajima Junction",
    "58": "Shimo-Otai",
    "59": "Naka-Otai",
    "60": "Kami-Otai",
    "61": "Nishiharu",
    "62": "Tokushige-Nagoya-Geidai",
    "63": "Taisanji",
    "64": "Iwakura",
    "65": "Ishibotoke",
    "66": "Hotei",
    "67": "Konan",
    "68": "Kashiwamori",
    "69": "Fuso",
    "70": "Kotsuyosui",
    "71": "Inuyamaguchi",
    "72": "Inuyama",
    "73": "Inuyama-Yuen",
    "74": "Shin-Unuma",
    "75": "Meitetsu Inuyama",
    "76": "Shonai Ryokuchi Koen",
    "77": "Shonai-dori",
    "78": "Joshin",
    "79": "Sengen-cho",
    "80": "Marunouchi",
    "81": "Osu Kannon",
    "82": "Tsurumai",
    "83": "Arahata",
    "84": "Gokiso",
    "85": "Kawana",
    "86": "Irinaka",
    "87": "Shiogama-guchi",
    "88": "Ueda",
    "89": "Hara",
    "90": "Hirabari",
    "91": "Akaike",
    "92": "Toyotashi",
    "93": "Umetsubo",
    "94": "Kamitoyota",
    "95": "Josui",
    "96": "Miyoshigaoka",
    "97": "Kurozasa",
    "98": "Komenoki",
    "99": "Nisshin",
    "100": "Meitetsu Toyota",
    "101": "Nakamura Kuyakusho",
    "102": "Kokusai Center",
    "103": "Takaoka",
    "104": "Kurumamichi",
    "105": "Fukiage",
    "106": "Sakurayama",
    "107": "Mizuho Kuyakusho",
    "108": "Mizuho Undojo Nishi",
    "109": "Sakura-hommachi",
    "110": "Tsurusato",
    "111": "Nonami",
    "112": "Naruko Kita",
    "113": "Aioiyama",
    "114": "Kamisawa",
    "115": "Tokushige",
    "116": "Sakura-dori",
    "117": "Kamiiida",
    "118": "Ajima",
    "119": "Ajiyoshi",
    "120": "Kasugai",
    "121": "Ushiyama",
    "122": "Manai",
    "123": "Komakiguchi",
    "124": "Komaki",
    "125": "Komakihara",
    "126": "Ajioka",
    "127": "Tagata-jinja-mae",
    "128": "Gakuden",
    "129": "Haguro",
    "130": "Meitetsu Komaki",
    "131": "Akatsuka",
    "132": "Maruta-machi",
    "133": "Metro",
    "134": "ROOT",
    "135": "Shema ot 23.04.2011g.",
    "136": "Imported from http://pmetro.su"
}