{
    "0": "Etxebarri",
    "1": "Bolueta",
    "2": "Basarrate",
    "3": "Santutxu",
    "4": "Casco Viejo",
    "5": "Abando",
    "6": "Moyua",
    "7": "Indautxu",
    "8": "San Mames",
    "9": "Deusto",
    "10": "Sarriko",
    "11": "San Inazio",
    "12": "Lutxana",
    "13": "Erandio",
    "14": "Astrabudua",
    "15": "Leioa",
    "16": "Lamiako",
    "17": "Areeta",
    "18": "Gobela",
    "19": "Neguri",
    "20": "Aiboa",
    "21": "Algorta",
    "22": "Bidezabal",
    "23": "Berango",
    "24": "Larrabasterra",
    "25": "Sopelana",
    "26": "Urduliz",
    "27": "Plentzia",
    "28": "1",
    "29": "Basauri",
    "30": "Ariz",
    "31": "Gurutzeta/Cruces",
    "32": "Ansio",
    "33": "Barakaldo",
    "34": "Bagatza",
    "35": "Urbinaga",
    "36": "Sestao",
    "37": "Abatxolo",
    "38": "Portugalete",
    "39": "Penota",
    "40": "Santurtzi",
    "41": "2",
    "42": "Метро",
    "43": "ROOT",
    "44": "Метро",
    "45": "Схема от 09.06.2013г.\nАвтор: Варламов Дмитрий (www.chpeks.com)\nИнформация взята с сайтов www.urbanrail.net, www.metrobilbao.com, www.bilbao.net и www.euskotren.es.",
    "46": "Imported from http://pmetro.su",
    "47": "EtBi",
    "48": "BiEt",
    "49": "EtPo",
    "50": "PoEt"
}