{
    "0": "Rashidiya",
    "1": "Emirates",
    "2": "Airport Terminal 3",
    "3": "Airport Terminal 1",
    "4": "GGICO",
    "5": "Deira City Centre",
    "6": "Al Rigga",
    "7": "Union",
    "8": "Burjuman",
    "9": "Al Karama",
    "10": "Al Jafiliya",
    "11": "World Trade Centre",
    "12": "Emirates Towers",
    "13": "Financial Centre",
    "14": "Burj Khalifa/Dubai Mall",
    "15": "Business Bay",
    "16": "Noor Islamic Bank",
    "17": "First Gulf Bank",
    "18": "Mall of the Emirates",
    "19": "Sharaf DG",
    "20": "Dubai Internet City",
    "21": "Nakheel",
    "22": "Dubai Marina",
    "23": "Jumeirah Lake Towers",
    "24": "Nakheel Harbour & Tower",
    "25": "Ibn Battuta",
    "26": "Energy",
    "27": "Danube",
    "28": "Jebel Ali",
    "29": "Red Line",
    "30": "Etisalat",
    "31": "Al Quasis",
    "32": "Dubai Airport Free Zone",
    "33": "Al Nahada",
    "34": "Stadium",
    "35": "Al Qiyadah",
    "36": "Abu Hail",
    "37": "Abu Baker Al Siddique",
    "38": "Baniyas Square",
    "39": "Palm Deira",
    "40": "Al Ras",
    "41": "Al Ghubaiba",
    "42": "Al Fahidi",
    "43": "Oud Metha",
    "44": "Dubai Healthcare City",
    "45": "Al Jadaf",
    "46": "Creek",
    "47": "Green Line",
    "48": "Gateway Towers",
    "49": "Retail Plaza",
    "50": "Trump Tower",
    "51": "Atlantis",
    "52": "Palm Jumeirah Monorail",
    "53": "Metro",
    "54": "ROOT",
    "55": "Shema ot 22.05.2013g.\nAvtory: Zhuk Jurij, Muradov Boris",
    "56": "Imported from http://pmetro.su"
}