{
    "default_transports": [
        "metro"
    ],
    "height": 690,
    "images": [
        "res/schemes/nurnberg.svg"
    ],
    "is_vector": true,
    "lines": [
        {
            "labels_bg_color": "-1",
            "labels_color": "20208f",
            "line_color": "3030af",
            "line_width": 7,
            "name": "U1",
            "segments": [
                [
                    0,
                    1,
                    [
                        [
                            655,
                            520
                        ],
                        [
                            675,
                            540
                        ]
                    ],
                    true
                ],
                [
                    1,
                    2,
                    [
                        [
                            634,
                            499
                        ],
                        [
                            655,
                            520
                        ]
                    ],
                    true
                ],
                [
                    2,
                    3,
                    [
                        [
                            615,
                            480
                        ],
                        [
                            634,
                            499
                        ]
                    ],
                    true
                ],
                [
                    3,
                    4,
                    [
                        [
                            595,
                            460
                        ],
                        [
                            615,
                            480
                        ]
                    ],
                    true
                ],
                [
                    4,
                    5,
                    [
                        [
                            575,
                            440
                        ],
                        [
                            595,
                            460
                        ]
                    ],
                    true
                ],
                [
                    5,
                    6,
                    [
                        [
                            555,
                            420
                        ],
                        [
                            575,
                            440
                        ]
                    ],
                    true
                ],
                [
                    6,
                    7,
                    [
                        [
                            523,
                            388
                        ],
                        [
                            555,
                            420
                        ]
                    ],
                    true
                ],
                [
                    7,
                    8,
                    [
                        [
                            523,
                            359
                        ],
                        [
                            523,
                            388
                        ]
                    ],
                    true
                ],
                [
                    8,
                    9,
                    [
                        [
                            523,
                            330
                        ],
                        [
                            523,
                            359
                        ]
                    ],
                    true
                ],
                [
                    9,
                    10,
                    [
                        [
                            523,
                            300
                        ],
                        [
                            523,
                            330
                        ]
                    ],
                    true
                ],
                [
                    10,
                    11,
                    [
                        [
                            523,
                            260
                        ],
                        [
                            523,
                            300
                        ]
                    ],
                    true
                ],
                [
                    11,
                    12,
                    [
                        [
                            488,
                            225
                        ],
                        [
                            523,
                            260
                        ]
                    ],
                    true
                ],
                [
                    12,
                    13,
                    [
                        [
                            460,
                            225
                        ],
                        [
                            488,
                            225
                        ]
                    ],
                    true
                ],
                [
                    13,
                    14,
                    [
                        [
                            425,
                            260
                        ],
                        [
                            460,
                            225
                        ]
                    ],
                    true
                ],
                [
                    14,
                    15,
                    [
                        [
                            390,
                            260
                        ],
                        [
                            425,
                            260
                        ]
                    ],
                    true
                ],
                [
                    15,
                    16,
                    [
                        [
                            355,
                            260
                        ],
                        [
                            390,
                            260
                        ]
                    ],
                    true
                ],
                [
                    16,
                    17,
                    [
                        [
                            325,
                            260
                        ],
                        [
                            355,
                            260
                        ]
                    ],
                    true
                ],
                [
                    17,
                    18,
                    [
                        [
                            290,
                            260
                        ],
                        [
                            325,
                            260
                        ]
                    ],
                    true
                ],
                [
                    18,
                    19,
                    [
                        [
                            260,
                            260
                        ],
                        [
                            290,
                            260
                        ]
                    ],
                    true
                ],
                [
                    19,
                    20,
                    [
                        [
                            225,
                            260
                        ],
                        [
                            260,
                            260
                        ]
                    ],
                    true
                ],
                [
                    20,
                    21,
                    [
                        [
                            195,
                            260
                        ],
                        [
                            225,
                            260
                        ]
                    ],
                    true
                ],
                [
                    21,
                    22,
                    [
                        [
                            155,
                            260
                        ],
                        [
                            195,
                            260
                        ]
                    ],
                    true
                ],
                [
                    22,
                    23,
                    [
                        [
                            135,
                            240
                        ],
                        [
                            155,
                            260
                        ]
                    ],
                    true
                ],
                [
                    23,
                    24,
                    [
                        [
                            95,
                            230
                        ],
                        [
                            125.0,
                            230.0
                        ],
                        [
                            135,
                            240
                        ]
                    ],
                    true
                ],
                [
                    24,
                    25,
                    [
                        [
                            60,
                            230
                        ],
                        [
                            95,
                            230
                        ]
                    ],
                    true
                ],
                [
                    25,
                    26,
                    [
                        [
                            20,
                            255
                        ],
                        [
                            45.0,
                            230.0
                        ],
                        [
                            60,
                            230
                        ]
                    ],
                    true
                ]
            ],
            "stations": [
                {
                    "coord": [
                        675,
                        540
                    ],
                    "is_working": true,
                    "name": "Langwasser Sud",
                    "rect": [
                        582,
                        537,
                        84,
                        15
                    ],
                    "text_id": 0,
                    "uid": 0
                },
                {
                    "coord": [
                        655,
                        520
                    ],
                    "is_working": true,
                    "name": "Gemeinschaftshaus",
                    "rect": [
                        546,
                        517,
                        100,
                        15
                    ],
                    "text_id": 1,
                    "uid": 1
                },
                {
                    "coord": [
                        634,
                        499
                    ],
                    "is_working": true,
                    "name": "Langwasser Mitte",
                    "rect": [
                        536,
                        496,
                        89,
                        15
                    ],
                    "text_id": 2,
                    "uid": 2
                },
                {
                    "coord": [
                        615,
                        480
                    ],
                    "is_working": true,
                    "name": "Scharfreiterring",
                    "rect": [
                        527,
                        477,
                        79,
                        15
                    ],
                    "text_id": 3,
                    "uid": 3
                },
                {
                    "coord": [
                        595,
                        460
                    ],
                    "is_working": true,
                    "name": "Langwasser Nord",
                    "rect": [
                        497,
                        457,
                        89,
                        15
                    ],
                    "text_id": 4,
                    "uid": 4
                },
                {
                    "coord": [
                        575,
                        440
                    ],
                    "is_working": true,
                    "name": "Messe",
                    "rect": [
                        531,
                        437,
                        35,
                        15
                    ],
                    "text_id": 5,
                    "uid": 5
                },
                {
                    "coord": [
                        555,
                        420
                    ],
                    "is_working": true,
                    "name": "Bauernfeindstrasse",
                    "rect": [
                        447,
                        417,
                        99,
                        15
                    ],
                    "text_id": 6,
                    "uid": 6
                },
                {
                    "coord": [
                        523,
                        388
                    ],
                    "is_working": true,
                    "name": "Hasenbuck",
                    "rect": [
                        532,
                        376,
                        58,
                        15
                    ],
                    "text_id": 7,
                    "uid": 7
                },
                {
                    "coord": [
                        523,
                        359
                    ],
                    "is_working": true,
                    "name": "Frankenstrasse",
                    "rect": [
                        532,
                        352,
                        79,
                        15
                    ],
                    "text_id": 8,
                    "uid": 8
                },
                {
                    "coord": [
                        523,
                        330
                    ],
                    "is_working": true,
                    "name": "Maffeiplatz",
                    "rect": [
                        532,
                        323,
                        55,
                        15
                    ],
                    "text_id": 9,
                    "uid": 9
                },
                {
                    "coord": [
                        523,
                        300
                    ],
                    "is_working": true,
                    "name": "Aufsessplatz",
                    "rect": [
                        532,
                        293,
                        66,
                        15
                    ],
                    "text_id": 10,
                    "uid": 10
                },
                {
                    "coord": [
                        523,
                        260
                    ],
                    "is_working": true,
                    "name": "Nurnberg Hauptbahnhof",
                    "rect": [
                        535,
                        258,
                        119,
                        15
                    ],
                    "text_id": 11,
                    "uid": 11
                },
                {
                    "coord": [
                        488,
                        225
                    ],
                    "is_working": true,
                    "name": "Lorenzkirche",
                    "rect": [
                        481,
                        150,
                        15,
                        66
                    ],
                    "text_id": 12,
                    "uid": 12
                },
                {
                    "coord": [
                        460,
                        225
                    ],
                    "is_working": true,
                    "name": "Weisser Turm",
                    "rect": [
                        452,
                        145,
                        15,
                        71
                    ],
                    "text_id": 13,
                    "uid": 13
                },
                {
                    "coord": [
                        425,
                        260
                    ],
                    "is_working": true,
                    "name": "Plarrer",
                    "rect": [
                        411,
                        212,
                        15,
                        36
                    ],
                    "text_id": 14,
                    "uid": 14
                },
                {
                    "coord": [
                        390,
                        260
                    ],
                    "is_working": true,
                    "name": "Gostenhof",
                    "rect": [
                        382,
                        199,
                        15,
                        52
                    ],
                    "text_id": 15,
                    "uid": 15
                },
                {
                    "coord": [
                        355,
                        260
                    ],
                    "is_working": true,
                    "name": "Barenschanze",
                    "rect": [
                        348,
                        178,
                        15,
                        73
                    ],
                    "text_id": 16,
                    "uid": 16
                },
                {
                    "coord": [
                        325,
                        260
                    ],
                    "is_working": true,
                    "name": "Maximilianstrasse",
                    "rect": [
                        318,
                        158,
                        15,
                        93
                    ],
                    "text_id": 17,
                    "uid": 17
                },
                {
                    "coord": [
                        290,
                        260
                    ],
                    "is_working": true,
                    "name": "Eberhardshof",
                    "rect": [
                        283,
                        183,
                        15,
                        68
                    ],
                    "text_id": 18,
                    "uid": 18
                },
                {
                    "coord": [
                        260,
                        260
                    ],
                    "is_working": true,
                    "name": "Muggenhof",
                    "rect": [
                        253,
                        195,
                        15,
                        56
                    ],
                    "text_id": 19,
                    "uid": 19
                },
                {
                    "coord": [
                        225,
                        260
                    ],
                    "is_working": true,
                    "name": "Stadtgrenze",
                    "rect": [
                        218,
                        191,
                        15,
                        60
                    ],
                    "text_id": 20,
                    "uid": 20
                },
                {
                    "coord": [
                        195,
                        260
                    ],
                    "is_working": true,
                    "name": "Jakobinenstrasse",
                    "rect": [
                        188,
                        161,
                        15,
                        90
                    ],
                    "text_id": 21,
                    "uid": 21
                },
                {
                    "coord": [
                        155,
                        260
                    ],
                    "is_working": true,
                    "name": "Furth Hauptbahnhof",
                    "rect": [
                        153,
                        153,
                        15,
                        98
                    ],
                    "text_id": 22,
                    "uid": 22
                },
                {
                    "coord": [
                        135,
                        240
                    ],
                    "is_working": true,
                    "name": "Rathaus",
                    "rect": [
                        133,
                        188,
                        15,
                        43
                    ],
                    "text_id": 23,
                    "uid": 23
                },
                {
                    "coord": [
                        95,
                        230
                    ],
                    "is_working": true,
                    "name": "Stadthalle",
                    "rect": [
                        72,
                        239,
                        51,
                        15
                    ],
                    "text_id": 24,
                    "uid": 24
                },
                {
                    "coord": [
                        60,
                        230
                    ],
                    "is_working": true,
                    "name": "Klinikum",
                    "rect": [
                        30,
                        206,
                        46,
                        15
                    ],
                    "text_id": 25,
                    "uid": 25
                },
                {
                    "coord": [
                        20,
                        255
                    ],
                    "is_working": true,
                    "name": "HardHohe",
                    "rect": [
                        11,
                        264,
                        52,
                        15
                    ],
                    "text_id": 26,
                    "uid": 26
                }
            ],
            "text_id": 27
        },
        {
            "labels_bg_color": "-1",
            "labels_color": "af2020",
            "line_color": "cf3030",
            "line_width": 7,
            "name": "U2",
            "segments": [
                [
                    27,
                    28,
                    [
                        [
                            380,
                            390
                        ],
                        [
                            340,
                            430
                        ]
                    ],
                    true
                ],
                [
                    28,
                    29,
                    [
                        [
                            380,
                            355
                        ],
                        [
                            380,
                            390
                        ]
                    ],
                    true
                ],
                [
                    29,
                    30,
                    [
                        [
                            380,
                            320
                        ],
                        [
                            380,
                            355
                        ]
                    ],
                    true
                ],
                [
                    30,
                    31,
                    [
                        [
                            396,
                            292
                        ],
                        [
                            380.0,
                            308.0
                        ],
                        [
                            380,
                            320
                        ]
                    ],
                    true
                ],
                [
                    31,
                    32,
                    [
                        [
                            418,
                            270
                        ],
                        [
                            396,
                            292
                        ]
                    ],
                    true
                ],
                [
                    32,
                    33,
                    [
                        [
                            473,
                            270
                        ],
                        [
                            418,
                            270
                        ]
                    ],
                    true
                ],
                [
                    33,
                    34,
                    [
                        [
                            517,
                            270
                        ],
                        [
                            473,
                            270
                        ]
                    ],
                    true
                ],
                [
                    34,
                    35,
                    [
                        [
                            555,
                            232
                        ],
                        [
                            517,
                            270
                        ]
                    ],
                    true
                ],
                [
                    35,
                    36,
                    [
                        [
                            555,
                            190
                        ],
                        [
                            555,
                            232
                        ]
                    ],
                    true
                ],
                [
                    36,
                    37,
                    [
                        [
                            575,
                            170
                        ],
                        [
                            555,
                            190
                        ]
                    ],
                    true
                ],
                [
                    37,
                    38,
                    [
                        [
                            575,
                            140
                        ],
                        [
                            575,
                            170
                        ]
                    ],
                    true
                ],
                [
                    38,
                    39,
                    [
                        [
                            575,
                            110
                        ],
                        [
                            575,
                            140
                        ]
                    ],
                    true
                ],
                [
                    39,
                    40,
                    [
                        [
                            575,
                            70
                        ],
                        [
                            575,
                            110
                        ]
                    ],
                    true
                ],
                [
                    40,
                    41,
                    [
                        [
                            555,
                            50
                        ],
                        [
                            575,
                            70
                        ]
                    ],
                    true
                ],
                [
                    41,
                    42,
                    [
                        [
                            475,
                            20
                        ],
                        [
                            525.0,
                            20.0
                        ],
                        [
                            555,
                            50
                        ]
                    ],
                    true
                ]
            ],
            "stations": [
                {
                    "coord": [
                        340,
                        430
                    ],
                    "is_working": true,
                    "name": "Rothenbach",
                    "rect": [
                        270,
                        423,
                        61,
                        15
                    ],
                    "text_id": 28,
                    "uid": 27
                },
                {
                    "coord": [
                        380,
                        390
                    ],
                    "is_working": true,
                    "name": "Hohe Marter",
                    "rect": [
                        389,
                        383,
                        63,
                        15
                    ],
                    "text_id": 29,
                    "uid": 28
                },
                {
                    "coord": [
                        380,
                        355
                    ],
                    "is_working": true,
                    "name": "Schweinau",
                    "rect": [
                        389,
                        348,
                        56,
                        15
                    ],
                    "text_id": 30,
                    "uid": 29
                },
                {
                    "coord": [
                        380,
                        320
                    ],
                    "is_working": true,
                    "name": "Sankt Leonhard",
                    "rect": [
                        389,
                        313,
                        79,
                        15
                    ],
                    "text_id": 31,
                    "uid": 30
                },
                {
                    "coord": [
                        396,
                        292
                    ],
                    "is_working": true,
                    "name": "Rothenburger Strasse",
                    "rect": [
                        266,
                        272,
                        110,
                        15
                    ],
                    "text_id": 32,
                    "uid": 31
                },
                {
                    "coord": [
                        418,
                        270
                    ],
                    "is_working": true,
                    "name": "Plarrer",
                    "rect": null,
                    "text_id": 14,
                    "uid": 32
                },
                {
                    "coord": [
                        473,
                        270
                    ],
                    "is_working": true,
                    "name": "Opernhaus",
                    "rect": [
                        448,
                        282,
                        56,
                        15
                    ],
                    "text_id": 33,
                    "uid": 33
                },
                {
                    "coord": [
                        517,
                        270
                    ],
                    "is_working": true,
                    "name": "Nurnberg Hauptbahnhof",
                    "rect": null,
                    "text_id": 11,
                    "uid": 34
                },
                {
                    "coord": [
                        555,
                        232
                    ],
                    "is_working": true,
                    "name": "Wohrder Wiese",
                    "rect": [
                        567,
                        225,
                        78,
                        15
                    ],
                    "text_id": 34,
                    "uid": 35
                },
                {
                    "coord": [
                        555,
                        190
                    ],
                    "is_working": true,
                    "name": "Rathenauplatz",
                    "rect": [
                        567,
                        185,
                        72,
                        15
                    ],
                    "text_id": 35,
                    "uid": 36
                },
                {
                    "coord": [
                        575,
                        170
                    ],
                    "is_working": true,
                    "name": "Rennweg",
                    "rect": [
                        584,
                        163,
                        48,
                        15
                    ],
                    "text_id": 36,
                    "uid": 37
                },
                {
                    "coord": [
                        575,
                        140
                    ],
                    "is_working": true,
                    "name": "Schoppershof",
                    "rect": [
                        584,
                        133,
                        70,
                        15
                    ],
                    "text_id": 37,
                    "uid": 38
                },
                {
                    "coord": [
                        575,
                        110
                    ],
                    "is_working": true,
                    "name": "Nordostbahnhof",
                    "rect": [
                        584,
                        103,
                        80,
                        15
                    ],
                    "text_id": 38,
                    "uid": 39
                },
                {
                    "coord": [
                        575,
                        70
                    ],
                    "is_working": true,
                    "name": "Herrnhutte",
                    "rect": [
                        584,
                        62,
                        54,
                        15
                    ],
                    "text_id": 39,
                    "uid": 40
                },
                {
                    "coord": [
                        555,
                        50
                    ],
                    "is_working": true,
                    "name": "Ziegelstein",
                    "rect": [
                        564,
                        38,
                        56,
                        15
                    ],
                    "text_id": 40,
                    "uid": 41
                },
                {
                    "coord": [
                        475,
                        20
                    ],
                    "is_working": true,
                    "name": "Flughafen",
                    "rect": [
                        416,
                        12,
                        50,
                        15
                    ],
                    "text_id": 41,
                    "uid": 42
                }
            ],
            "text_id": 42
        },
        {
            "labels_bg_color": "-1",
            "labels_color": "00C6C6",
            "line_color": "00C6C6",
            "line_width": 7,
            "name": "U3",
            "segments": [
                [
                    43,
                    44,
                    [
                        [
                            340,
                            300
                        ],
                        [
                            313,
                            327
                        ]
                    ],
                    true
                ],
                [
                    44,
                    45,
                    [
                        [
                            389,
                            285
                        ],
                        [
                            374.0,
                            300.0
                        ],
                        [
                            340,
                            300
                        ]
                    ],
                    true
                ],
                [
                    45,
                    46,
                    [
                        [
                            414,
                            260
                        ],
                        [
                            389,
                            285
                        ]
                    ],
                    true
                ],
                [
                    46,
                    47,
                    [
                        [
                            473,
                            260
                        ],
                        [
                            414,
                            260
                        ]
                    ],
                    true
                ],
                [
                    47,
                    48,
                    [
                        [
                            512,
                            260
                        ],
                        [
                            473,
                            260
                        ]
                    ],
                    true
                ],
                [
                    48,
                    49,
                    [
                        [
                            545,
                            227
                        ],
                        [
                            512,
                            260
                        ]
                    ],
                    true
                ],
                [
                    49,
                    50,
                    [
                        [
                            545,
                            190
                        ],
                        [
                            545,
                            227
                        ]
                    ],
                    true
                ],
                [
                    50,
                    51,
                    [
                        [
                            510,
                            140
                        ],
                        [
                            545.0,
                            175.0
                        ],
                        [
                            545,
                            190
                        ]
                    ],
                    true
                ],
                [
                    51,
                    52,
                    [
                        [
                            484,
                            114
                        ],
                        [
                            510,
                            140
                        ]
                    ],
                    true
                ],
                [
                    52,
                    53,
                    [
                        [
                            441,
                            114
                        ],
                        [
                            484,
                            114
                        ]
                    ],
                    true
                ]
            ],
            "stations": [
                {
                    "coord": [
                        313,
                        327
                    ],
                    "is_working": true,
                    "name": "Gustav-Adolf-Strasse",
                    "rect": [
                        197,
                        319,
                        107,
                        15
                    ],
                    "text_id": 43,
                    "uid": 43
                },
                {
                    "coord": [
                        340,
                        300
                    ],
                    "is_working": true,
                    "name": "Sundersbuhl",
                    "rect": [
                        266,
                        289,
                        64,
                        15
                    ],
                    "text_id": 44,
                    "uid": 44
                },
                {
                    "coord": [
                        389,
                        285
                    ],
                    "is_working": true,
                    "name": "Rothenburger Strasse",
                    "rect": null,
                    "text_id": 32,
                    "uid": 45
                },
                {
                    "coord": [
                        414,
                        260
                    ],
                    "is_working": true,
                    "name": "Plarrer",
                    "rect": null,
                    "text_id": 14,
                    "uid": 46
                },
                {
                    "coord": [
                        473,
                        260
                    ],
                    "is_working": true,
                    "name": "Opernhaus",
                    "rect": null,
                    "text_id": 33,
                    "uid": 47
                },
                {
                    "coord": [
                        512,
                        260
                    ],
                    "is_working": true,
                    "name": "Nurnberg Hauptbahnhof",
                    "rect": null,
                    "text_id": 11,
                    "uid": 48
                },
                {
                    "coord": [
                        545,
                        227
                    ],
                    "is_working": true,
                    "name": "Wohrder Wiese",
                    "rect": null,
                    "text_id": 34,
                    "uid": 49
                },
                {
                    "coord": [
                        545,
                        190
                    ],
                    "is_working": true,
                    "name": "Rathenauplatz",
                    "rect": null,
                    "text_id": 35,
                    "uid": 50
                },
                {
                    "coord": [
                        510,
                        140
                    ],
                    "is_working": true,
                    "name": "Maxfeld",
                    "rect": [
                        519,
                        128,
                        41,
                        15
                    ],
                    "text_id": 45,
                    "uid": 51
                },
                {
                    "coord": [
                        484,
                        114
                    ],
                    "is_working": true,
                    "name": "Kaulbach-platz",
                    "rect": [
                        461,
                        90,
                        75,
                        15
                    ],
                    "text_id": 46,
                    "uid": 52
                },
                {
                    "coord": [
                        441,
                        114
                    ],
                    "is_working": true,
                    "name": "Friedrich-Ebert-Platz",
                    "rect": [
                        330,
                        107,
                        102,
                        15
                    ],
                    "text_id": 47,
                    "uid": 53
                }
            ],
            "text_id": 48
        }
    ],
    "lines_width": 7,
    "name": "metro",
    "name_text_id": 49,
    "stations_diameter": 13.0,
    "transfers": [
        [
            11,
            34,
            [
                523,
                260
            ],
            [
                517,
                270
            ]
        ],
        [
            11,
            48,
            [
                523,
                260
            ],
            [
                512,
                260
            ]
        ],
        [
            34,
            48,
            [
                517,
                270
            ],
            [
                512,
                260
            ]
        ],
        [
            33,
            47,
            [
                473,
                270
            ],
            [
                473,
                260
            ]
        ],
        [
            14,
            32,
            [
                425,
                260
            ],
            [
                418,
                270
            ]
        ],
        [
            14,
            46,
            [
                425,
                260
            ],
            [
                414,
                260
            ]
        ],
        [
            32,
            46,
            [
                418,
                270
            ],
            [
                414,
                260
            ]
        ],
        [
            36,
            50,
            [
                555,
                190
            ],
            [
                545,
                190
            ]
        ],
        [
            31,
            45,
            [
                396,
                292
            ],
            [
                389,
                285
            ]
        ],
        [
            35,
            49,
            [
                555,
                232
            ],
            [
                545,
                227
            ]
        ]
    ],
    "transports": [
        "metro"
    ],
    "type_name": "ROOT",
    "type_text_id": 50,
    "upper_case": false,
    "width": 825,
    "word_wrap": false
}