{
    "0": "Конькобежный центр",
    "1": "Площадь 2-х революций",
    "2": "Комсомольская",
    "3": "Пионерская",
    "4": "Площадь Советская",
    "5": "Горбольница",
    "6": "Дворец Культуры",
    "7": "Сад Дворца",
    "8": "Тепловозостроителей",
    "9": "Голутвин",
    "10": "Мосэнерго",
    "11": "Политехнический институт",
    "12": "Улица Шавырина",
    "13": "Улица Черняховского",
    "14": "Завод Станкостроителей",
    "15": "Проезд Чкалова",
    "16": "Улица Осипенко",
    "17": "Улица Калинина",
    "18": "Студенческая",
    "19": "Торговый центр «Гелиос»",
    "20": "Улица Зеленая",
    "21": "Улица Дзержинского",
    "22": "Улица Ленина",
    "23": "Трамвайное управление",
    "24": "1",
    "25": "Станция «Коломна»",
    "26": "Улица Левшина",
    "27": "Мемориальный парк",
    "28": "Музей боевой славы",
    "29": "Флотская",
    "30": "Путепровод",
    "31": "Поселок Кирова",
    "32": "Завод ЖБИ",
    "33": "Кинотеатр «Русь»",
    "34": "Улица Девичье поле",
    "35": "Улица Спирина",
    "36": "Бульвар 800-летия Коломны",
    "37": "Музыкальная школа",
    "38": "Поликлиника",
    "39": "10",
    "40": "Микрорайон № 7",
    "41": "Улица Весенняя",
    "42": "Путепровод1",
    "43": "2",
    "44": "3",
    "45": "4",
    "46": "5",
    "47": "6",
    "48": "Мясокомбинат",
    "49": "Кондитерская фабрика",
    "50": "7",
    "51": "8",
    "52": "9",
    "53": "Трамвай",
    "54": "ROOT",
    "55": "Схема движения трамваев\n\nСхема трамвайных маршрутов на 2010 г.\n\nАвтор: Крувялис Валерий\n\nИнформация частично взята с сайта  http://kolomnatram.ruz.net/",
    "56": "Imported from http://pmetro.su",
    "57": "5.00–10.00",
    "58": "10.00–15.00",
    "59": "15.00–19.00"
}