{
    "lines": [
        {
            "delays": [
                120,
                360
            ],
            "name": "1",
            "scheme": null,
            "segments": [
                [
                    0,
                    1,
                    120
                ],
                [
                    1,
                    0,
                    120
                ],
                [
                    1,
                    2,
                    120
                ],
                [
                    2,
                    1,
                    120
                ],
                [
                    2,
                    3,
                    120
                ],
                [
                    3,
                    2,
                    120
                ],
                [
                    3,
                    4,
                    120
                ],
                [
                    4,
                    3,
                    120
                ],
                [
                    4,
                    5,
                    120
                ],
                [
                    5,
                    4,
                    120
                ],
                [
                    5,
                    6,
                    120
                ],
                [
                    6,
                    5,
                    120
                ],
                [
                    6,
                    7,
                    120
                ],
                [
                    7,
                    6,
                    120
                ],
                [
                    7,
                    8,
                    120
                ],
                [
                    8,
                    7,
                    120
                ],
                [
                    8,
                    9,
                    120
                ],
                [
                    9,
                    8,
                    120
                ],
                [
                    9,
                    10,
                    120
                ],
                [
                    10,
                    9,
                    120
                ],
                [
                    10,
                    11,
                    120
                ],
                [
                    11,
                    10,
                    120
                ],
                [
                    11,
                    12,
                    120
                ],
                [
                    12,
                    11,
                    120
                ],
                [
                    12,
                    13,
                    120
                ],
                [
                    13,
                    12,
                    120
                ],
                [
                    13,
                    14,
                    120
                ],
                [
                    14,
                    13,
                    120
                ],
                [
                    14,
                    15,
                    120
                ],
                [
                    15,
                    14,
                    120
                ]
            ],
            "stations": [
                [
                    0,
                    "Azamino",
                    0
                ],
                [
                    1,
                    "Nakagawa",
                    1
                ],
                [
                    2,
                    "Center-Kita",
                    2
                ],
                [
                    3,
                    "Center-Minami",
                    3
                ],
                [
                    4,
                    "Nakamachidai",
                    4
                ],
                [
                    5,
                    "Nippa",
                    5
                ],
                [
                    6,
                    "Shin-Yokohama Kita",
                    6
                ],
                [
                    7,
                    "Shin-Yokohama",
                    7
                ],
                [
                    8,
                    "Kishine-Koen",
                    8
                ],
                [
                    9,
                    "Katakuracho",
                    9
                ],
                [
                    10,
                    "Mituzawa-Kamicho",
                    10
                ],
                [
                    11,
                    "Mituzawa-Shimocho",
                    11
                ],
                [
                    12,
                    "Yokohama",
                    12
                ],
                [
                    13,
                    "Takashimacho",
                    13
                ],
                [
                    14,
                    "Sakuragicho",
                    14
                ],
                [
                    15,
                    "Kannai",
                    15
                ]
            ],
            "text_id": 16
        },
        {
            "delays": [
                120,
                360
            ],
            "name": "3",
            "scheme": null,
            "segments": [
                [
                    16,
                    17,
                    120
                ],
                [
                    17,
                    16,
                    120
                ],
                [
                    17,
                    18,
                    120
                ],
                [
                    18,
                    17,
                    120
                ],
                [
                    18,
                    19,
                    120
                ],
                [
                    19,
                    18,
                    120
                ],
                [
                    19,
                    20,
                    120
                ],
                [
                    20,
                    19,
                    120
                ],
                [
                    20,
                    21,
                    120
                ],
                [
                    21,
                    20,
                    120
                ],
                [
                    21,
                    22,
                    120
                ],
                [
                    22,
                    21,
                    120
                ],
                [
                    22,
                    23,
                    120
                ],
                [
                    23,
                    22,
                    120
                ],
                [
                    23,
                    24,
                    120
                ],
                [
                    24,
                    23,
                    120
                ],
                [
                    24,
                    25,
                    120
                ],
                [
                    25,
                    24,
                    120
                ],
                [
                    25,
                    26,
                    120
                ],
                [
                    26,
                    25,
                    120
                ],
                [
                    26,
                    27,
                    120
                ],
                [
                    27,
                    26,
                    120
                ],
                [
                    27,
                    28,
                    120
                ],
                [
                    28,
                    27,
                    120
                ],
                [
                    28,
                    29,
                    120
                ],
                [
                    29,
                    28,
                    120
                ],
                [
                    29,
                    30,
                    120
                ],
                [
                    30,
                    29,
                    120
                ],
                [
                    30,
                    31,
                    120
                ],
                [
                    31,
                    30,
                    120
                ],
                [
                    31,
                    32,
                    120
                ],
                [
                    32,
                    31,
                    120
                ]
            ],
            "stations": [
                [
                    16,
                    "Kannai",
                    15
                ],
                [
                    17,
                    "Isezaki-Chojamachi",
                    17
                ],
                [
                    18,
                    "Bandobashi",
                    18
                ],
                [
                    19,
                    "Yoshinocho",
                    19
                ],
                [
                    20,
                    "Maita",
                    20
                ],
                [
                    21,
                    "Gumyoji",
                    21
                ],
                [
                    22,
                    "Kamiooka",
                    22
                ],
                [
                    23,
                    "Konanchuo",
                    23
                ],
                [
                    24,
                    "Kaminagaya",
                    24
                ],
                [
                    25,
                    "Shimonagaya",
                    25
                ],
                [
                    26,
                    "Maioka",
                    26
                ],
                [
                    27,
                    "Totuka",
                    27
                ],
                [
                    28,
                    "Odoriba",
                    28
                ],
                [
                    29,
                    "Nakada",
                    29
                ],
                [
                    30,
                    "Tateba",
                    30
                ],
                [
                    31,
                    "Shimoiida",
                    31
                ],
                [
                    32,
                    "Shonandai",
                    32
                ]
            ],
            "text_id": 33
        },
        {
            "delays": [
                120,
                360
            ],
            "name": "4",
            "scheme": null,
            "segments": [
                [
                    33,
                    34,
                    120
                ],
                [
                    34,
                    33,
                    120
                ],
                [
                    34,
                    35,
                    120
                ],
                [
                    35,
                    34,
                    120
                ],
                [
                    35,
                    36,
                    120
                ],
                [
                    36,
                    35,
                    120
                ],
                [
                    36,
                    37,
                    120
                ],
                [
                    37,
                    36,
                    120
                ],
                [
                    37,
                    38,
                    120
                ],
                [
                    38,
                    37,
                    120
                ],
                [
                    38,
                    39,
                    120
                ],
                [
                    39,
                    38,
                    120
                ],
                [
                    39,
                    40,
                    120
                ],
                [
                    40,
                    39,
                    120
                ],
                [
                    40,
                    41,
                    120
                ],
                [
                    41,
                    40,
                    120
                ],
                [
                    41,
                    42,
                    120
                ],
                [
                    42,
                    41,
                    120
                ]
            ],
            "stations": [
                [
                    33,
                    "Hiyoshi",
                    34
                ],
                [
                    34,
                    "Hiyoshi-Honcho",
                    35
                ],
                [
                    35,
                    "Takata",
                    36
                ],
                [
                    36,
                    "Higashiyamata",
                    37
                ],
                [
                    37,
                    "Kitayamata",
                    38
                ],
                [
                    38,
                    "Center-Kita",
                    2
                ],
                [
                    39,
                    "Center-Minami",
                    3
                ],
                [
                    40,
                    "Tsuzuki-fureainooka",
                    39
                ],
                [
                    41,
                    "Kawawacho",
                    40
                ],
                [
                    42,
                    "Nakayama",
                    41
                ]
            ],
            "text_id": 42
        },
        {
            "delays": [
                120,
                360
            ],
            "name": "Minatomirai",
            "scheme": null,
            "segments": [
                [
                    43,
                    44,
                    120
                ],
                [
                    44,
                    43,
                    120
                ],
                [
                    44,
                    45,
                    120
                ],
                [
                    45,
                    44,
                    120
                ],
                [
                    45,
                    46,
                    120
                ],
                [
                    46,
                    45,
                    120
                ],
                [
                    46,
                    47,
                    120
                ],
                [
                    47,
                    46,
                    120
                ],
                [
                    47,
                    48,
                    120
                ],
                [
                    48,
                    47,
                    120
                ]
            ],
            "stations": [
                [
                    43,
                    "Yokohama",
                    12
                ],
                [
                    44,
                    "Shin-takashima",
                    43
                ],
                [
                    45,
                    "Minatomirai",
                    44
                ],
                [
                    46,
                    "Bashamichi",
                    45
                ],
                [
                    47,
                    "Nihon-odori",
                    46
                ],
                [
                    48,
                    "Motomachi-Chukagai",
                    47
                ]
            ],
            "text_id": 44
        }
    ],
    "name": "metro",
    "transfers": [
        [
            15,
            16,
            300,
            true
        ],
        [
            2,
            38,
            300,
            true
        ],
        [
            3,
            39,
            300,
            true
        ],
        [
            12,
            43,
            300,
            true
        ]
    ],
    "type_name": "Метро"
}