{
    "0": "Devjatkino",
    "1": "Grazhdanskij pr.",
    "2": "Akademicheskaja",
    "3": "Politehnicheskaja",
    "4": "pl.Muzhestva",
    "5": "Lesnaja",
    "6": "Vyborgskaja",
    "7": "pl.Lenina",
    "8": "Chernyshevskaja",
    "9": "pl.Vosstanija",
    "10": "Vladimirskaja",
    "11": "Pushkinskaja",
    "12": "Tehnologicheskij institut-I",
    "13": "Baltijskaja",
    "14": "Narvskaja",
    "15": "Kirovskij zavod",
    "16": "Avtovo",
    "17": "Leninskij pr.",
    "18": "pr.Veteranov",
    "19": "Linija 1",
    "20": "Parnas",
    "21": "pr.Prosveschenija",
    "22": "Ozerki",
    "23": "Udel'naja",
    "24": "Pionerskaja",
    "25": "Chernaja rechka",
    "26": "Petrogradskaja",
    "27": "Gor'kovskaja",
    "28": "Nevskij pr.",
    "29": "Sennaja ploschad'",
    "30": "Tehnologicheskij institut-II",
    "31": "Frunzenskaja",
    "32": "Moskovskie vorota",
    "33": "Elektrosila",
    "34": "Park Pobedy",
    "35": "Moskovskaja",
    "36": "Zvezdnaja",
    "37": "Kupchino",
    "38": "Linija 2",
    "39": "Primorskaja",
    "40": "Vasileostrovskaja",
    "41": "Gostinyj dvor",
    "42": "Majakovskaja",
    "43": "pl.Al.Nevskogo-I",
    "44": "Elizarovskaja",
    "45": "Lomonosovskaja",
    "46": "Proletarskaja",
    "47": "Obuhovo",
    "48": "Rybatskoe",
    "49": "Linija 3",
    "50": "Komendantskij pr.",
    "51": "Staraja derevnja",
    "52": "Krestovskij ostrov",
    "53": "Chkalovskaja",
    "54": "Sportivnaja",
    "55": "Sadovaja",
    "56": "Dostoevskaja",
    "57": "Ligovskij pr.",
    "58": "pl.Al.Nevskogo-II",
    "59": "Novocherkasskaja",
    "60": "Ladozhskaja",
    "61": "pr.Bol'shevikov",
    "62": "ul.Dybenko",
    "63": "Linija 4",
    "64": "Zvenigorodskaja",
    "65": "Volkovskaja",
    "66": "Linija 5",
    "67": "Baltijskij vokzal",
    "68": "Elektrodepo",
    "69": "Bronevaja",
    "70": "Leninskij Prospekt",
    "71": "Dachnoe",
    "72": "Ul'janka",
    "73": "Ligovo",
    "74": "Sosnovaja Poljana",
    "75": "Volodarskaja",
    "76": "Strel'na",
    "77": "Krasnye Zori",
    "78": "Novyj Petergof",
    "79": "Staryj Petergof",
    "80": "Universitet",
    "81": "Martyshkino",
    "82": "Oranienbaum-I",
    "83": "Oranienbaum-II",
    "84": "Kronshtadtskaja Kolonija",
    "85": "Bronka",
    "86": "Dubochki",
    "87": "Bol'shaja Izhora",
    "88": "Chajka",
    "89": "Lebjazh'e",
    "90": "68 km",
    "91": "75 km",
    "92": "80 km",
    "93": "Kalische",
    "94": "Krasnaja Gorka",
    "95": "Krasnoflotsk",
    "96": "Gorelovo",
    "97": "Skachki",
    "98": "Krasnoe Selo",
    "99": "Mozhajskaja",
    "100": "Tajtsy",
    "101": "Pudost'",
    "102": "Marienburg",
    "103": "Gatchina-Baltijskaja",
    "104": "Gatchina-Tovarnaja",
    "105": "Gatchina-Varshavskaja",
    "106": "Elektrichka: Kalische i Gatchina",
    "107": "Predportovaja",
    "108": "Aeroport",
    "109": "Shossejnaja",
    "110": "Aleksandrovskaja",
    "111": "Kondakopshino",
    "112": "Verevo",
    "113": "Staroe Mozino",
    "114": "Novoe Mozino",
    "115": "Tat'janino",
    "116": "Sujda",
    "117": "Pribytkovo",
    "118": "Kartashevskaja",
    "119": "Siverskaja",
    "120": "Lampovo",
    "121": "Stroganovo",
    "122": "Divenskaja",
    "123": "Nizovskaja",
    "124": "Rosinka",
    "125": "Mshinskaja",
    "126": "Raz'ezd Antoniny Petrovoj",
    "127": "Tolmachevo",
    "128": "Partizanskaja",
    "129": "Raz'ezd Generala Omel'chenko",
    "130": "Luga",
    "131": "Elektrichka: Luga",
    "132": "Vitebskij vokzal",
    "133": "Borovaja",
    "134": "Vozduhoplavatel'nyj Park",
    "135": "Prospekt Slavy",
    "136": "Shushary",
    "137": "Parovoznyj Muzej",
    "138": "21 km",
    "139": "Detskoe Selo",
    "140": "Pavlovsk",
    "141": "34 km",
    "142": "36 km",
    "143": "40 km",
    "144": "Novolisino",
    "145": "46km",
    "146": "53 km",
    "147": "Lustovka",
    "148": "Kastenskaja",
    "149": "77km",
    "150": "Eglino",
    "151": "Radofinnikovo",
    "152": "101km",
    "153": "104 km",
    "154": "Ogorel'e",
    "155": "Rogavka",
    "156": "Kerest'",
    "157": "Gorenka",
    "158": "Tatino",
    "159": "Vjazhische",
    "160": "Preduzlovaja-Pavlovskaja",
    "161": "Novgorod post",
    "162": "Novgorod",
    "163": "Antropshino",
    "164": "Kobralovo",
    "165": "Semrino",
    "166": "46 km",
    "167": "Susanino",
    "168": "Krasnitsy",
    "169": "Mihajlovka",
    "170": "Vyritsa",
    "171": "63 km",
    "172": "Sluditsy",
    "173": "77 km",
    "174": "Novinka",
    "175": "90 km",
    "176": "92 km",
    "177": "Chascha",
    "178": "100 km",
    "179": "101 km",
    "180": "Cholovo",
    "181": "117 km",
    "182": "Tarkovichi",
    "183": "125 km",
    "184": "Oredezh",
    "185": "133 km",
    "186": "Zaklin'e",
    "187": "143 km",
    "188": "144km",
    "189": "Batetskaja",
    "190": "1-ja pl.",
    "191": "2-ja pl.",
    "192": "3-ja pl.",
    "193": "Poselok",
    "194": "Elektrichka: Vitebskij",
    "195": "Moskovskij vokzal",
    "196": "Navalochnaja",
    "197": "5 km",
    "198": "Farforovskaja",
    "199": "Sortirovochnaja",
    "200": "Slavjanka",
    "201": "Metallostroj",
    "202": "Izhorskij Zavod",
    "203": "Kolpino",
    "204": "Popovka",
    "205": "Sablino",
    "206": "Tosno-II",
    "207": "Tosno-I",
    "208": "Ushaki",
    "209": "Georgievskaja",
    "210": "Rjabovo",
    "211": "Sokolov Ruchej",
    "212": "Bolotnitskaja",
    "213": "Ljuban'",
    "214": "Pomeran'e",
    "215": "93 km",
    "216": "Trubnikovo",
    "217": "Babino",
    "218": "Babino-2",
    "219": "106 km",
    "220": "Torfjanoe",
    "221": "Chudovo",
    "222": "Volhovo",
    "223": "Volhov Most",
    "224": "130 km",
    "225": "Dubtsy",
    "226": "Grjady",
    "227": "144 km",
    "228": "Bol'shaja Vishera",
    "229": "157 km",
    "230": "Malaja Vishera",
    "231": "167 km",
    "232": "170 km",
    "233": "172 km",
    "234": "Krasnenka",
    "235": "179 km",
    "236": "Burga",
    "237": "186 km",
    "238": "Mstinskij Most",
    "239": "190 km",
    "240": "198 km",
    "241": "204 km",
    "242": "211 km",
    "243": "213 km",
    "244": "Torbino",
    "245": "220 km",
    "246": "Vjalka",
    "247": "226 km",
    "248": "Borovenka",
    "249": "Zaozer'e",
    "250": "243 km",
    "251": "246 km",
    "252": "Okulovka",
    "253": "253 km",
    "254": "256 km",
    "255": "Jablonovka",
    "256": "265 km",
    "257": "Uglovka",
    "258": "271 km",
    "259": "274 km",
    "260": "Selische",
    "261": "281 km",
    "262": "284 km",
    "263": "Lykoshino",
    "264": "Zakljuch'e",
    "265": "Aleshinka",
    "266": "301 km",
    "267": "Berezajka",
    "268": "Guzjatino",
    "269": "Poplavenets",
    "270": "Rodionovskaja 318 km",
    "271": "Bologoe",
    "272": "Izhory",
    "273": "Pontonnaja",
    "274": "Sapernaja",
    "275": "29 km",
    "276": "Ivanovskaja",
    "277": "Pella",
    "278": "Gory",
    "279": "45 km",
    "280": "Mga",
    "281": "3 km",
    "282": "Sologubovka",
    "283": "Turyshkino",
    "284": "Staraja Maluksa",
    "285": "Maluksa",
    "286": "Pogost'e",
    "287": "Zharok",
    "288": "52 km",
    "289": "55 km",
    "290": "Posadnikovo",
    "291": "Puteprovod",
    "292": "Volhov-Pristan'",
    "293": "Kirishi",
    "294": "74 km",
    "295": "83 km",
    "296": "Pchevzha",
    "297": "Budogosch'",
    "298": "Mihajlovskaja",
    "299": "Apraksin",
    "300": "Nazija",
    "301": "Poljany",
    "302": "Zhiharevo",
    "303": "Plitnjaki",
    "304": "Vojbokalo",
    "305": "95 km",
    "306": "Novyj Byt",
    "307": "106km",
    "308": "Pupyshevo",
    "309": "115 km",
    "310": "119 km",
    "311": "Volhovstroj-I",
    "312": "Volhovstroj-II",
    "313": "Murmanskie Vorota",
    "314": "Georgievskij",
    "315": "141 km Hamontovo",
    "316": "Kolchanovo",
    "317": "Lungachi",
    "318": "159 km",
    "319": "165 km",
    "320": "Jugi",
    "321": "Sidorovo",
    "322": "184 km",
    "323": "187 km",
    "324": "191 km",
    "325": "Pasha",
    "326": "Ojat'-Volhovstroevskij",
    "327": "Shotkusa",
    "328": "Zaostrov'e",
    "329": "229 km",
    "330": "Shamoksha",
    "331": "Lodejnoe Pole",
    "332": "Janega",
    "333": "259 km",
    "334": "Jandeba",
    "335": "Pereezd 274 km",
    "336": "Podporozh'e",
    "337": "284km",
    "338": "Svir'",
    "339": "Preduzlovaja-P.",
    "340": "64 km",
    "341": "58 km",
    "342": "Podberez'e",
    "343": "Mjasnoj Bor",
    "344": "Spasskaja Polist'",
    "345": "Tregubovo",
    "346": "Chudovo-II",
    "347": "Zarechenskaja",
    "348": "Nurma",
    "349": "13 km",
    "350": "Shapki",
    "351": "Nevdubstroj",
    "352": "11 km",
    "353": "Gribnoe",
    "354": "6km",
    "355": "4km",
    "356": "Pavlovo-na-Neve",
    "357": "Gerojskaja",
    "358": "26km",
    "359": "Ostrovnaja",
    "360": "Manushkino",
    "361": "16km",
    "362": "Koltushi",
    "363": "11km",
    "364": "Mjaglovo",
    "365": "7km",
    "366": "5km",
    "367": "Ladozhskij vokzal",
    "368": "Piskarevka",
    "369": "Kushelevka",
    "370": "Finljandskij vokzal",
    "371": "Chudovo-3",
    "372": "96 km",
    "373": "93km",
    "374": "Vodos",
    "375": "85 km",
    "376": "83km",
    "377": "Tigoda",
    "378": "Irsa",
    "379": "Andreevo",
    "380": "42 km",
    "381": "Glazhevo",
    "382": "35 km",
    "383": "30 km",
    "384": "Terebochevo",
    "385": "23 km",
    "386": "15 km",
    "387": "Gostinopol'e",
    "388": "10 km",
    "389": "Porogi",
    "390": "6 km",
    "391": "4 km",
    "392": "Novooktjabr'skij",
    "393": "Tihvin",
    "394": "Pikalevo-2",
    "395": "Efimovskaja",
    "396": "Podborov'e",
    "397": "Zabor'e",
    "398": "Verhnevol'skij",
    "399": "Teshemlja",
    "400": "Babaevo",
    "401": "Elektrichka: Moskovskij",
    "402": "Ruch'i",
    "403": "Murino",
    "404": "Lavriki",
    "405": "Kapitolovo",
    "406": "Kuz'molovo",
    "407": "Toksovo",
    "408": "Kavgolovo",
    "409": "Osel'ki",
    "410": "Peri",
    "411": "39 km",
    "412": "Gruzino",
    "413": "47 km",
    "414": "Vaskelovo",
    "415": "54 km",
    "416": "Lembolovo",
    "417": "Orehovo",
    "418": "67 km",
    "419": "69 km",
    "420": "Sosnovo",
    "421": "78 km",
    "422": "Petjajarvi",
    "423": "Losevo",
    "424": "Gromovo",
    "425": "Suhodol'e",
    "426": "Otradnoe",
    "427": "Mjulljupel'to",
    "428": "Sinevo",
    "429": "Priozersk",
    "430": "148 km",
    "431": "152 km Borovoe",
    "432": "Kuznechnoe",
    "433": "Lanskaja",
    "434": "Shuvalovo",
    "435": "Pargolovo",
    "436": "Levashovo",
    "437": "Pesochnaja",
    "438": "Dibuny",
    "439": "Beloostrov",
    "440": "Solnechnoe",
    "441": "Repino",
    "442": "Komarovo",
    "443": "Zelenogorsk",
    "444": "Ushkovo",
    "445": "Roschino",
    "446": "Gor'kovskoe",
    "447": "Shevelevo",
    "448": "Kannel'jarvi",
    "449": "Zahodskoe",
    "450": "Kirillovskoe",
    "451": "Lejpjasuo",
    "452": "Gavrilovo",
    "453": "Lebedevka",
    "454": "Verhne-Cherkasovo",
    "455": "Lazarevka",
    "456": "Vyborg",
    "457": "Novaja Derevnja",
    "458": "Staraja Derevnja",
    "459": "Jahtennaja",
    "460": "Lahta",
    "461": "Ol'gino",
    "462": "Lisij Nos",
    "463": "Gorskaja",
    "464": "Tarhovka",
    "465": "Razliv",
    "466": "Sestroretsk",
    "467": "Kurort",
    "468": "Molodezhnaja",
    "469": "Privetnenskoe",
    "470": "70 km",
    "471": "72 km",
    "472": "Mester'jarvi",
    "473": "Jappilja",
    "474": "86 km",
    "475": "Tarasovskoe",
    "476": "Kuolemajarvi",
    "477": "Ermilovo",
    "478": "Primorsk",
    "479": "Bor",
    "480": "Pribylovo",
    "481": "Sovetskij",
    "482": "Popovo",
    "483": "Matrosovo",
    "484": "Sokolinskoe",
    "485": "Rzhevka",
    "486": "Kovalevo Post",
    "487": "Kovalevo",
    "488": "Berngardovka",
    "489": "Vsevolozhskaja",
    "490": "Mel'nichnyj Ruchej",
    "491": "Romanovka",
    "492": "Kornevo",
    "493": "Proba",
    "494": "Rah'ja",
    "495": "Irinovka",
    "496": "Borisova Griva",
    "497": "Vaganovo",
    "498": "44 km",
    "499": "Ladozhskoe Ozero",
    "500": "Scheglovo",
    "501": "Kirpichnyj Zavod",
    "502": "Radchenko",
    "503": "Dunaj",
    "504": "19 km",
    "505": "Petrokrepost'",
    "506": "Sady",
    "507": "Chernaja Rechka",
    "508": "Teplobetonnaja",
    "509": "37 km",
    "510": "Nevskaja Dubrovka",
    "511": "Elektrichka: Finljandskij",
    "512": "147 km",
    "513": "151 km",
    "514": "Serebrjanka",
    "515": "167 km Volosovo",
    "516": "Ljamtsevo",
    "517": "177 km Luzhok",
    "518": "Pljussa",
    "519": "197 km",
    "520": "Strugi-Krasnye",
    "521": "Vladimirskij Lager'",
    "522": "Lapino",
    "523": "Novosel'e",
    "524": "236 km Tserkovschina",
    "525": "Molodi",
    "526": "246 km Palitsy",
    "527": "Toroshino",
    "528": "259 km Shavrovo",
    "529": "262 km",
    "530": "Chernjakovitsy",
    "531": "Ljubjatovo",
    "532": "Pskov",
    "533": "Luga 2",
    "534": "9 km",
    "535": "14 km",
    "536": "Smychkovo",
    "537": "25 km",
    "538": "Rusynja",
    "539": "38 km",
    "540": "Radom",
    "541": "50 km",
    "542": "Mojka",
    "543": "60 km",
    "544": "Ljuboljady",
    "545": "73 km",
    "546": "82 km",
    "547": "88 km",
    "548": "Novgorod Luzhskij",
    "549": "Novgorod Depo",
    "550": "Elektrichka: Luga-Pskov Luga-Novgorod",
    "551": "Metro",
    "552": "ROOT",
    "553": "Metro",
    "554": "Train",
    "555": "railways_bologoe",
    "556": "OTHER",
    "557": "railways_novgorod_pskov",
    "558": "Staraja shema 2008g.\nShema ot 24.02.2009g.\n\nInformatsija o vremeni proezda:\n- Programma MMetro Konstantina Shtennikova,\na takzhe (po informatsii s sajta http://mmetro.al.ru):\n- Mihail Zhukov,\n- Jurij Popov.\n\nInformatsija po ctantsijam - s sajta http://www.metrowalks.ru.\nInformatsija po nazemnomu transportu - s sajtov http://www.portal.spb.ru/transport/page_18.phtml?link=824 i http://www.spbtrans.ru/.\nKarta vzjata s sajta http://www.metro.spb.ru.\nInformatsija o vagonah dlja peresadok - Fedor Nikulin, Aleksej Kravchenko, Oleg Timshin, Kostya.\nInformatsija ob ofisah prodazh mobil'nyh operatorov: Petr Miheev, Fedor Nikulin.\nKarty dvizhenija elektrichek: Fedor Nikulin.",
    "559": "Imported from http://pmetro.su"
}