{
    "0": "Девяткино",
    "1": "Гражданский пр.",
    "2": "Академическая",
    "3": "Политехническая",
    "4": "пл.Мужества",
    "5": "Лесная",
    "6": "Выборгская",
    "7": "пл.Ленина",
    "8": "Чернышевская",
    "9": "пл.Восстания",
    "10": "Владимирская",
    "11": "Пушкинская",
    "12": "Технологический институт-I",
    "13": "Балтийская",
    "14": "Нарвская",
    "15": "Кировский завод",
    "16": "Автово",
    "17": "Ленинский пр.",
    "18": "пр.Ветеранов",
    "19": "Линия 1",
    "20": "Парнас",
    "21": "пр.Просвещения",
    "22": "Озерки",
    "23": "Удельная",
    "24": "Пионерская",
    "25": "Чёрная речка",
    "26": "Петроградская",
    "27": "Горьковская",
    "28": "Невский пр.",
    "29": "Сенная площадь",
    "30": "Технологический институт-II",
    "31": "Фрунзенская",
    "32": "Московские ворота",
    "33": "Электросила",
    "34": "Парк Победы",
    "35": "Московская",
    "36": "Звёздная",
    "37": "Купчино",
    "38": "Линия 2",
    "39": "Приморская",
    "40": "Василеостровская",
    "41": "Гостиный двор",
    "42": "Маяковская",
    "43": "пл.Ал.Невского-I",
    "44": "Елизаровская",
    "45": "Ломоносовская",
    "46": "Пролетарская",
    "47": "Обухово",
    "48": "Рыбацкое",
    "49": "Линия 3",
    "50": "Комендантский пр.",
    "51": "Старая деревня",
    "52": "Крестовский остров",
    "53": "Чкаловская",
    "54": "Спортивная",
    "55": "Садовая",
    "56": "Достоевская",
    "57": "Лиговский пр.",
    "58": "пл.Ал.Невского-II",
    "59": "Новочеркасская",
    "60": "Ладожская",
    "61": "пр.Большевиков",
    "62": "ул.Дыбенко",
    "63": "Линия 4",
    "64": "Звенигородская",
    "65": "Волковская",
    "66": "Линия 5",
    "67": "Балтийский вокзал",
    "68": "Электродепо",
    "69": "Броневая",
    "70": "Ленинский Проспект",
    "71": "Дачное",
    "72": "Ульянка",
    "73": "Лигово",
    "74": "Сосновая Поляна",
    "75": "Володарская",
    "76": "Стрельна",
    "77": "Красные Зори",
    "78": "Новый Петергоф",
    "79": "Старый Петергоф",
    "80": "Университет",
    "81": "Мартышкино",
    "82": "Ораниенбаум-I",
    "83": "Ораниенбаум-II",
    "84": "Кронштадтская Колония",
    "85": "Бронка",
    "86": "Дубочки",
    "87": "Большая Ижора",
    "88": "Чайка",
    "89": "Лебяжье",
    "90": "68 км",
    "91": "75 км",
    "92": "80 км",
    "93": "Калище",
    "94": "Красная Горка",
    "95": "Краснофлотск",
    "96": "Горелово",
    "97": "Скачки",
    "98": "Красное Село",
    "99": "Можайская",
    "100": "Тайцы",
    "101": "Пудость",
    "102": "Мариенбург",
    "103": "Гатчина-Балтийская",
    "104": "Гатчина-Товарная",
    "105": "Гатчина-Варшавская",
    "106": "Электричка: Калище и Гатчина",
    "107": "Предпортовая",
    "108": "Аэропорт",
    "109": "Шоссейная",
    "110": "Александровская",
    "111": "Кондакопшино",
    "112": "Верево",
    "113": "Старое Мозино",
    "114": "Новое Мозино",
    "115": "Татьянино",
    "116": "Суйда",
    "117": "Прибытково",
    "118": "Карташевская",
    "119": "Сиверская",
    "120": "Лампово",
    "121": "Строганово",
    "122": "Дивенская",
    "123": "Низовская",
    "124": "Росинка",
    "125": "Мшинская",
    "126": "Разъезд Антонины Петровой",
    "127": "Толмачево",
    "128": "Партизанская",
    "129": "Разъезд Генерала Омельченко",
    "130": "Луга",
    "131": "Электричка: Луга",
    "132": "Витебский вокзал",
    "133": "Боровая",
    "134": "Воздухоплавательный Парк",
    "135": "Проспект Славы",
    "136": "Шушары",
    "137": "Паровозный Музей",
    "138": "21 км",
    "139": "Детское Село",
    "140": "Павловск",
    "141": "34 км",
    "142": "36 км",
    "143": "40 км",
    "144": "Новолисино",
    "145": "46км",
    "146": "53 км",
    "147": "Лустовка",
    "148": "Кастенская",
    "149": "77км",
    "150": "Еглино",
    "151": "Радофинниково",
    "152": "101км",
    "153": "104 км",
    "154": "Огорелье",
    "155": "Рогавка",
    "156": "Кересть",
    "157": "Горенка",
    "158": "Татино",
    "159": "Вяжище",
    "160": "Предузловая-Павловская",
    "161": "Новгород пост",
    "162": "Новгород",
    "163": "Антропшино",
    "164": "Кобралово",
    "165": "Семрино",
    "166": "46 км",
    "167": "Сусанино",
    "168": "Красницы",
    "169": "Михайловка",
    "170": "Вырица",
    "171": "63 км",
    "172": "Слудицы",
    "173": "77 км",
    "174": "Новинка",
    "175": "90 км",
    "176": "92 км",
    "177": "Чаща",
    "178": "100 км",
    "179": "101 км",
    "180": "Чолово",
    "181": "117 км",
    "182": "Тарковичи",
    "183": "125 км",
    "184": "Оредеж",
    "185": "133 км",
    "186": "Заклинье",
    "187": "143 км",
    "188": "144км",
    "189": "Батецкая",
    "190": "1-я пл.",
    "191": "2-я пл.",
    "192": "3-я пл.",
    "193": "Посёлок",
    "194": "Электричка: Витебский",
    "195": "Московский вокзал",
    "196": "Навалочная",
    "197": "5 км",
    "198": "Фарфоровская",
    "199": "Сортировочная",
    "200": "Славянка",
    "201": "Металлострой",
    "202": "Ижорский Завод",
    "203": "Колпино",
    "204": "Поповка",
    "205": "Саблино",
    "206": "Тосно-II",
    "207": "Тосно-I",
    "208": "Ушаки",
    "209": "Георгиевская",
    "210": "Рябово",
    "211": "Соколов Ручей",
    "212": "Болотницкая",
    "213": "Любань",
    "214": "Померанье",
    "215": "93 км",
    "216": "Трубниково",
    "217": "Бабино",
    "218": "Бабино-2",
    "219": "106 км",
    "220": "Торфяное",
    "221": "Чудово",
    "222": "Волхово",
    "223": "Волхов Мост",
    "224": "130 км",
    "225": "Дубцы",
    "226": "Гряды",
    "227": "144 км",
    "228": "Большая Вишера",
    "229": "157 км",
    "230": "Малая Вишера",
    "231": "167 км",
    "232": "170 км",
    "233": "172 км",
    "234": "Красненка",
    "235": "179 км",
    "236": "Бурга",
    "237": "186 км",
    "238": "Мстинский Мост",
    "239": "190 км",
    "240": "198 км",
    "241": "204 км",
    "242": "211 км",
    "243": "213 км",
    "244": "Торбино",
    "245": "220 км",
    "246": "Вялка",
    "247": "226 км",
    "248": "Боровенка",
    "249": "Заозерье",
    "250": "243 км",
    "251": "246 км",
    "252": "Окуловка",
    "253": "253 км",
    "254": "256 км",
    "255": "Яблоновка",
    "256": "265 км",
    "257": "Угловка",
    "258": "271 км",
    "259": "274 км",
    "260": "Селище",
    "261": "281 км",
    "262": "284 км",
    "263": "Лыкошино",
    "264": "Заключье",
    "265": "Алешинка",
    "266": "301 км",
    "267": "Березайка",
    "268": "Гузятино",
    "269": "Поплавенец",
    "270": "Родионовская 318 км",
    "271": "Бологое",
    "272": "Ижоры",
    "273": "Понтонная",
    "274": "Сапёрная",
    "275": "29 км",
    "276": "Ивановская",
    "277": "Пелла",
    "278": "Горы",
    "279": "45 км",
    "280": "Мга",
    "281": "3 км",
    "282": "Сологубовка",
    "283": "Турышкино",
    "284": "Старая Малукса",
    "285": "Малукса",
    "286": "Погостье",
    "287": "Жарок",
    "288": "52 км",
    "289": "55 км",
    "290": "Посадниково",
    "291": "Путепровод",
    "292": "Волхов-Пристань",
    "293": "Кириши",
    "294": "74 км",
    "295": "83 км",
    "296": "Пчевжа",
    "297": "Будогощь",
    "298": "Михайловская",
    "299": "Апраксин",
    "300": "Назия",
    "301": "Поляны",
    "302": "Жихарево",
    "303": "Плитняки",
    "304": "Войбокало",
    "305": "95 км",
    "306": "Новый Быт",
    "307": "106км",
    "308": "Пупышево",
    "309": "115 км",
    "310": "119 км",
    "311": "Волховстрой-I",
    "312": "Волховстрой-II",
    "313": "Мурманские Ворота",
    "314": "Георгиевский",
    "315": "141 км Хамонтово",
    "316": "Колчаново",
    "317": "Лунгачи",
    "318": "159 км",
    "319": "165 км",
    "320": "Юги",
    "321": "Сидорово",
    "322": "184 км",
    "323": "187 км",
    "324": "191 км",
    "325": "Паша",
    "326": "Оять-Волховстроевский",
    "327": "Шоткуса",
    "328": "Заостровье",
    "329": "229 км",
    "330": "Шамокша",
    "331": "Лодейное Поле",
    "332": "Янега",
    "333": "259 км",
    "334": "Яндеба",
    "335": "Переезд 274 км",
    "336": "Подпорожье",
    "337": "284км",
    "338": "Свирь",
    "339": "Предузловая-П.",
    "340": "64 км",
    "341": "58 км",
    "342": "Подберезье",
    "343": "Мясной Бор",
    "344": "Спасская Полисть",
    "345": "Трегубово",
    "346": "Чудово-II",
    "347": "Зареченская",
    "348": "Нурма",
    "349": "13 км",
    "350": "Шапки",
    "351": "Невдубстрой",
    "352": "11 км",
    "353": "Грибное",
    "354": "6км",
    "355": "4км",
    "356": "Павлово-на-Неве",
    "357": "Геройская",
    "358": "26км",
    "359": "Островная",
    "360": "Манушкино",
    "361": "16км",
    "362": "Колтуши",
    "363": "11км",
    "364": "Мяглово",
    "365": "7км",
    "366": "5км",
    "367": "Ладожский вокзал",
    "368": "Пискарёвка",
    "369": "Кушелевка",
    "370": "Финляндский вокзал",
    "371": "Чудово-3",
    "372": "96 км",
    "373": "93км",
    "374": "Водос",
    "375": "85 км",
    "376": "83км",
    "377": "Тигода",
    "378": "Ирса",
    "379": "Андреево",
    "380": "42 км",
    "381": "Глажево",
    "382": "35 км",
    "383": "30 км",
    "384": "Теребочево",
    "385": "23 км",
    "386": "15 км",
    "387": "Гостинополье",
    "388": "10 км",
    "389": "Пороги",
    "390": "6 км",
    "391": "4 км",
    "392": "Новооктябрьский",
    "393": "Тихвин",
    "394": "Пикалево-2",
    "395": "Ефимовская",
    "396": "Подборовье",
    "397": "Заборье",
    "398": "Верхневольский",
    "399": "Тешемля",
    "400": "Бабаево",
    "401": "Электричка: Московский",
    "402": "Ручьи",
    "403": "Мурино",
    "404": "Лаврики",
    "405": "Капитолово",
    "406": "Кузьмолово",
    "407": "Токсово",
    "408": "Кавголово",
    "409": "Осельки",
    "410": "Пери",
    "411": "39 км",
    "412": "Грузино",
    "413": "47 км",
    "414": "Васкелово",
    "415": "54 км",
    "416": "Лемболово",
    "417": "Орехово",
    "418": "67 км",
    "419": "69 км",
    "420": "Сосново",
    "421": "78 км",
    "422": "Петяярви",
    "423": "Лосево",
    "424": "Громово",
    "425": "Суходолье",
    "426": "Отрадное",
    "427": "Мюллюпельто",
    "428": "Синево",
    "429": "Приозерск",
    "430": "148 км",
    "431": "152 км Боровое",
    "432": "Кузнечное",
    "433": "Ланская",
    "434": "Шувалово",
    "435": "Парголово",
    "436": "Левашово",
    "437": "Песочная",
    "438": "Дибуны",
    "439": "Белоостров",
    "440": "Солнечное",
    "441": "Репино",
    "442": "Комарово",
    "443": "Зеленогорск",
    "444": "Ушково",
    "445": "Рощино",
    "446": "Горьковское",
    "447": "Шевелево",
    "448": "Каннельярви",
    "449": "Заходское",
    "450": "Кирилловское",
    "451": "Лейпясуо",
    "452": "Гаврилово",
    "453": "Лебедевка",
    "454": "Верхне-Черкасово",
    "455": "Лазаревка",
    "456": "Выборг",
    "457": "Новая Деревня",
    "458": "Старая Деревня",
    "459": "Яхтенная",
    "460": "Лахта",
    "461": "Ольгино",
    "462": "Лисий Нос",
    "463": "Горская",
    "464": "Тарховка",
    "465": "Разлив",
    "466": "Сестрорецк",
    "467": "Курорт",
    "468": "Молодёжная",
    "469": "Приветненское",
    "470": "70 км",
    "471": "72 км",
    "472": "Местерьярви",
    "473": "Яппиля",
    "474": "86 км",
    "475": "Тарасовское",
    "476": "Куолемаярви",
    "477": "Ермилово",
    "478": "Приморск",
    "479": "Бор",
    "480": "Прибылово",
    "481": "Советский",
    "482": "Попово",
    "483": "Матросово",
    "484": "Соколинское",
    "485": "Ржевка",
    "486": "Ковалёво Пост",
    "487": "Ковалёво",
    "488": "Бернгардовка",
    "489": "Всеволожская",
    "490": "Мельничный Ручей",
    "491": "Романовка",
    "492": "Корнево",
    "493": "Проба",
    "494": "Рахья",
    "495": "Ириновка",
    "496": "Борисова Грива",
    "497": "Ваганово",
    "498": "44 км",
    "499": "Ладожское Озеро",
    "500": "Щеглово",
    "501": "Кирпичный Завод",
    "502": "Радченко",
    "503": "Дунай",
    "504": "19 км",
    "505": "Петрокрепость",
    "506": "Сады",
    "507": "Чёрная Речка",
    "508": "Теплобетонная",
    "509": "37 км",
    "510": "Невская Дубровка",
    "511": "Электричка: Финляндский",
    "512": "147 км",
    "513": "151 км",
    "514": "Серебрянка",
    "515": "167 км Волосово",
    "516": "Лямцево",
    "517": "177 км Лужок",
    "518": "Плюсса",
    "519": "197 км",
    "520": "Струги-Красные",
    "521": "Владимирский Лагерь",
    "522": "Лапино",
    "523": "Новоселье",
    "524": "236 км Церковщина",
    "525": "Молоди",
    "526": "246 км Палицы",
    "527": "Торошино",
    "528": "259 км Шаврово",
    "529": "262 км",
    "530": "Черняковицы",
    "531": "Любятово",
    "532": "Псков",
    "533": "Луга 2",
    "534": "9 км",
    "535": "14 км",
    "536": "Смычково",
    "537": "25 км",
    "538": "Русыня",
    "539": "38 км",
    "540": "Радом",
    "541": "50 км",
    "542": "Мойка",
    "543": "60 км",
    "544": "Люболяды",
    "545": "73 км",
    "546": "82 км",
    "547": "88 км",
    "548": "Новгород Лужский",
    "549": "Новгород Депо",
    "550": "Электричка: Луга-Псков Луга-Новгород",
    "551": "Метро",
    "552": "ROOT",
    "553": "Метро",
    "554": "Электричка",
    "555": "railways_bologoe",
    "556": "OTHER",
    "557": "railways_novgorod_pskov",
    "558": "Старая схема 2008г.\nСхема от 24.02.2009г.\n\nИнформация о времени проезда:\n- Программа MMetro Константина Штенникова,\nа также (по информации с сайта http://mmetro.al.ru):\n- Михаил Жуков,\n- Юрий Попов.\n\nИнформация по cтанциям - с сайта http://www.metrowalks.ru.\nИнформация по наземному транспорту - с сайтов http://www.portal.spb.ru/transport/page_18.phtml?link=824 и http://www.spbtrans.ru/.\nКарта взята с сайта http://www.metro.spb.ru.\nИнформация о вагонах для пересадок - Федор Никулин, Алексей Кравченко, Олег Тимшин, Kostya.\nИнформация об офисах продаж мобильных операторов: Пётр Михеев, Федор Никулин.\nКарты движения электричек: Федор Никулин.",
    "559": "Imported from http://pmetro.su"
}