{
    "lines": [
        {
            "delays": [
                300,
                600
            ],
            "name": "Chilonzor",
            "scheme": "chilonzor",
            "segments": [
                [
                    0,
                    1,
                    60
                ],
                [
                    1,
                    0,
                    60
                ],
                [
                    1,
                    2,
                    60
                ],
                [
                    2,
                    1,
                    60
                ],
                [
                    2,
                    3,
                    120
                ],
                [
                    3,
                    2,
                    120
                ],
                [
                    3,
                    4,
                    60
                ],
                [
                    4,
                    3,
                    60
                ],
                [
                    4,
                    5,
                    180
                ],
                [
                    5,
                    4,
                    180
                ],
                [
                    5,
                    6,
                    180
                ],
                [
                    6,
                    5,
                    180
                ],
                [
                    6,
                    7,
                    60
                ],
                [
                    7,
                    6,
                    60
                ],
                [
                    7,
                    8,
                    120
                ],
                [
                    8,
                    7,
                    120
                ],
                [
                    8,
                    9,
                    180
                ],
                [
                    9,
                    8,
                    180
                ],
                [
                    9,
                    10,
                    60
                ],
                [
                    10,
                    9,
                    60
                ],
                [
                    10,
                    11,
                    120
                ],
                [
                    11,
                    10,
                    120
                ],
                [
                    11,
                    12,
                    120
                ],
                [
                    12,
                    11,
                    120
                ],
                [
                    12,
                    13,
                    60
                ],
                [
                    13,
                    12,
                    60
                ],
                [
                    13,
                    14,
                    120
                ],
                [
                    14,
                    13,
                    120
                ],
                [
                    14,
                    15,
                    120
                ],
                [
                    15,
                    14,
                    120
                ],
                [
                    15,
                    16,
                    120
                ],
                [
                    16,
                    15,
                    120
                ]
            ],
            "stations": [
                [
                    0,
                    "Chinor",
                    0
                ],
                [
                    1,
                    "Yangihayot",
                    1
                ],
                [
                    2,
                    "Sergeli",
                    2
                ],
                [
                    3,
                    "O'zgarish",
                    3
                ],
                [
                    4,
                    "Choshtepa",
                    4
                ],
                [
                    5,
                    "Olmazor",
                    5
                ],
                [
                    6,
                    "Chilonzor",
                    6
                ],
                [
                    7,
                    "Mirzo Ulug'bek",
                    7
                ],
                [
                    8,
                    "Novza",
                    8
                ],
                [
                    9,
                    "Milliy bog'",
                    9
                ],
                [
                    10,
                    "Xalqlar do'stligi",
                    10
                ],
                [
                    11,
                    "Paxtakor",
                    11
                ],
                [
                    12,
                    "Mustaqillik Maydoni",
                    12
                ],
                [
                    13,
                    "Amir Temur Xiyoboni",
                    13
                ],
                [
                    14,
                    "Hamid Olimjon",
                    14
                ],
                [
                    15,
                    "Pushkin",
                    15
                ],
                [
                    16,
                    "Buyuk Ipak Yo'li",
                    16
                ]
            ],
            "text_id": 6
        },
        {
            "delays": [
                300,
                600
            ],
            "name": "O'zbekiston",
            "scheme": "ozbekiston",
            "segments": [
                [
                    17,
                    18,
                    180
                ],
                [
                    18,
                    17,
                    180
                ],
                [
                    18,
                    19,
                    120
                ],
                [
                    19,
                    18,
                    120
                ],
                [
                    19,
                    20,
                    60
                ],
                [
                    20,
                    19,
                    60
                ],
                [
                    20,
                    21,
                    120
                ],
                [
                    21,
                    20,
                    120
                ],
                [
                    21,
                    22,
                    60
                ],
                [
                    22,
                    21,
                    60
                ],
                [
                    22,
                    23,
                    120
                ],
                [
                    23,
                    22,
                    120
                ],
                [
                    23,
                    24,
                    60
                ],
                [
                    24,
                    23,
                    60
                ],
                [
                    24,
                    25,
                    120
                ],
                [
                    25,
                    24,
                    120
                ],
                [
                    25,
                    26,
                    180
                ],
                [
                    26,
                    25,
                    180
                ],
                [
                    26,
                    27,
                    120
                ],
                [
                    27,
                    26,
                    120
                ]
            ],
            "stations": [
                [
                    17,
                    "Beruniy",
                    17
                ],
                [
                    18,
                    "Tinchlik",
                    18
                ],
                [
                    19,
                    "Chorsu",
                    19
                ],
                [
                    20,
                    "G'afur G'ulom",
                    20
                ],
                [
                    21,
                    "Alisher Navoiy",
                    21
                ],
                [
                    22,
                    "O'zbekiston",
                    22
                ],
                [
                    23,
                    "Kosmonavtlar",
                    23
                ],
                [
                    24,
                    "Oybek",
                    24
                ],
                [
                    25,
                    "Toshkent",
                    25
                ],
                [
                    26,
                    "Mashinasozlar",
                    26
                ],
                [
                    27,
                    "Do'stlik",
                    27
                ]
            ],
            "text_id": 22
        },
        {
            "delays": [
                300,
                600
            ],
            "name": "Yunusobod",
            "scheme": "yunusobod",
            "segments": [
                [
                    28,
                    29,
                    180
                ],
                [
                    29,
                    28,
                    180
                ],
                [
                    29,
                    30,
                    60
                ],
                [
                    30,
                    29,
                    60
                ],
                [
                    30,
                    31,
                    60
                ],
                [
                    31,
                    30,
                    60
                ],
                [
                    31,
                    32,
                    60
                ],
                [
                    32,
                    31,
                    60
                ],
                [
                    32,
                    33,
                    180
                ],
                [
                    33,
                    32,
                    180
                ],
                [
                    33,
                    34,
                    120
                ],
                [
                    34,
                    33,
                    120
                ],
                [
                    34,
                    35,
                    60
                ],
                [
                    35,
                    34,
                    60
                ]
            ],
            "stations": [
                [
                    28,
                    "Ming o'rik",
                    28
                ],
                [
                    29,
                    "Yunus Rajabiy",
                    29
                ],
                [
                    30,
                    "Abdulla Qodiriy",
                    30
                ],
                [
                    31,
                    "Minor",
                    31
                ],
                [
                    32,
                    "Bodomzor",
                    32
                ],
                [
                    33,
                    "Shaxriston",
                    33
                ],
                [
                    34,
                    "Yunusobod",
                    34
                ],
                [
                    35,
                    "Turkiston",
                    35
                ]
            ],
            "text_id": 34
        },
        {
            "delays": [
                300,
                600
            ],
            "name": "Mustaqilligining",
            "scheme": "",
            "segments": [
                [
                    36,
                    37,
                    180
                ],
                [
                    37,
                    36,
                    180
                ],
                [
                    37,
                    38,
                    120
                ],
                [
                    38,
                    37,
                    120
                ],
                [
                    38,
                    39,
                    120
                ],
                [
                    39,
                    38,
                    120
                ],
                [
                    39,
                    40,
                    180
                ],
                [
                    40,
                    39,
                    180
                ],
                [
                    40,
                    41,
                    120
                ],
                [
                    41,
                    40,
                    120
                ],
                [
                    41,
                    42,
                    360
                ],
                [
                    42,
                    41,
                    360
                ],
                [
                    42,
                    43,
                    180
                ],
                [
                    43,
                    42,
                    180
                ],
                [
                    43,
                    44,
                    60
                ],
                [
                    44,
                    43,
                    60
                ],
                [
                    44,
                    45,
                    120
                ],
                [
                    45,
                    44,
                    120
                ],
                [
                    45,
                    46,
                    240
                ],
                [
                    46,
                    45,
                    240
                ],
                [
                    46,
                    47,
                    120
                ],
                [
                    47,
                    46,
                    120
                ],
                [
                    47,
                    48,
                    0
                ],
                [
                    48,
                    47,
                    0
                ],
                [
                    48,
                    49,
                    0
                ],
                [
                    49,
                    48,
                    0
                ]
            ],
            "stations": [
                [
                    36,
                    "Texnopark",
                    36
                ],
                [
                    37,
                    "Yashnobod",
                    37
                ],
                [
                    38,
                    "Tuzel",
                    38
                ],
                [
                    39,
                    "Olmos",
                    39
                ],
                [
                    40,
                    "Rohat",
                    40
                ],
                [
                    41,
                    "Yangiobod",
                    41
                ],
                [
                    42,
                    "Qo'yliq",
                    42
                ],
                [
                    43,
                    "Matonat",
                    43
                ],
                [
                    44,
                    "Qiyot",
                    44
                ],
                [
                    45,
                    "Tolariq",
                    45
                ],
                [
                    46,
                    "Xonobod",
                    46
                ],
                [
                    47,
                    "Quruvchilar",
                    47
                ],
                [
                    48,
                    "Turon",
                    48
                ],
                [
                    49,
                    "Qipchoq",
                    49
                ]
            ],
            "text_id": 50
        }
    ],
    "name": "metro",
    "transfers": [
        [
            11,
            21,
            120,
            true
        ],
        [
            24,
            28,
            120,
            true
        ],
        [
            29,
            13,
            120,
            true
        ],
        [
            27,
            36,
            120,
            true
        ],
        [
            49,
            0,
            120,
            true
        ]
    ],
    "type_name": "Метро"
}