{
    "0": "Broadway",
    "1": "Cadillac Square",
    "2": "Greektown",
    "3": "Bricktown",
    "4": "Renaissance Center",
    "5": "Millender Center",
    "6": "Financial District",
    "7": "Joe Louis Arena",
    "8": "Cobo Center",
    "9": "Fort/Cass",
    "10": "Michigan Avenue",
    "11": "Times Square",
    "12": "Grand Circus Park",
    "13": "Peoplemover",
    "14": "Tram",
    "15": "ROOT",
    "16": "monorail\nShema ot 29.08.2006g.\nAvtor: Varlamov Dmitrij (www.chpeks.com)\nInformatsija vzjata s sajtov www.thepeoplemover.com i www.urbanrail.net",
    "17": "Imported from http://pmetro.su"
}