{
    "0": "Mudu",
    "1": "Jinfeng Lu",
    "2": "Fenhu Lu",
    "3": "Yushan Lu",
    "4": "Suzhou Amusement Land",
    "5": "Tayuan Lu",
    "6": "Binhe Lu",
    "7": "Xihuan Lu",
    "8": "Tongjingbei Lu",
    "9": "Guangjinan Lu",
    "10": "Yangyu Xiang",
    "11": "Leqiao",
    "12": "Lindun Lu",
    "13": "Xiangmen",
    "14": "Donghuan Lu",
    "15": "Central Park",
    "16": "Xinghai Square",
    "17": "Dongfangzhimen",
    "18": "Culture & Expo Center",
    "19": "Times Square",
    "20": "Xinghu Jie",
    "21": "Nanshi Jie",
    "22": "Xingtang Jie",
    "23": "Zhongnan Jie",
    "24": "1",
    "25": "Метро",
    "26": "ROOT",
    "27": "Схема от 06.06.2013г.",
    "28": "Imported from http://pmetro.su"
}