{
    "0": "Shady Grove",
    "1": "Rockville",
    "2": "Twinbrook",
    "3": "White Flint",
    "4": "Grosvenor-Strathmore",
    "5": "Medical Center",
    "6": "Bethesda",
    "7": "Friendship Heights",
    "8": "Tenleytown-American University",
    "9": "Van Ness-University of the District of Columbia",
    "10": "Cleveland Park",
    "11": "Woodley Park-Zoo/Adams Morgan",
    "12": "Dupont Circle",
    "13": "Farragut North",
    "14": "Metro Center",
    "15": "Gallery Place-Chinatown",
    "16": "Judiciary Square",
    "17": "Union Station",
    "18": "New York Avenue",
    "19": "Rhode Island Avenue",
    "20": "Brookland-Catholic University of America",
    "21": "Fort Totten",
    "22": "Takoma",
    "23": "Silver Spring",
    "24": "Forest Glen",
    "25": "Wheaton",
    "26": "Glenmont",
    "27": "Red Line",
    "28": "Greenbelt",
    "29": "College Park-University of Maryland",
    "30": "Prince George\\",
    "31": "West Hyattsville",
    "32": "Georgia Ave-Petworth",
    "33": "Columbia Heights",
    "34": "U Street/African-Amer Civil War Memorial/Cardozo",
    "35": "Shaw-Howard University",
    "36": "Mt Vernon Square-University of the District of Columbia",
    "37": "Archives-Navy Memorial",
    "38": "L'Enfant Plaza",
    "39": "Waterfront-SEU",
    "40": "Navy Yard",
    "41": "Anacostia",
    "42": "Congress Heights",
    "43": "Southern Ave",
    "44": "Naylor Road",
    "45": "Sultland",
    "46": "Branch Ave",
    "47": "Green Line",
    "48": "Franconia-Springfield",
    "49": "Van Dorn Street",
    "50": "King Street",
    "51": "Braddock Road",
    "52": "National Airport",
    "53": "Crystal City",
    "54": "Pentagon City",
    "55": "Pentagon",
    "56": "Arlington Cemetery",
    "57": "Rosslyn",
    "58": "Foggy Bottom-George Washington University",
    "59": "Farragut West",
    "60": "McPherson Square",
    "61": "Federal Triangle",
    "62": "Smithsonian",
    "63": "Federal Center-Southwest",
    "64": "Capitol South",
    "65": "Eastern Market",
    "66": "Potomac Avenue",
    "67": "Stadium-Armory",
    "68": "Benning Road",
    "69": "Capitol Heights",
    "70": "Addison Road Seat Pleasant",
    "71": "Morgan Boulevard",
    "72": "Largo Town Center",
    "73": "Blue Line",
    "74": "Vienna/Fairfax-George Mason University",
    "75": "Dunn Loring-Merrifield",
    "76": "West Falls Church-VT/UVA",
    "77": "East Falls Church",
    "78": "Ballston-MU",
    "79": "Virginia Square-George Mason University",
    "80": "Clarendon",
    "81": "Court House",
    "82": "Minnesota Avenue",
    "83": "Deanwood",
    "84": "Cheverly",
    "85": "Landover",
    "86": "New Carrollton",
    "87": "Orange Line",
    "88": "Huntington",
    "89": "Eisenhower Avenue",
    "90": "Yellow Line",
    "91": "Метро",
    "92": "ROOT",
    "93": "Схема от 10.01.2006г.",
    "94": "Imported from http://pmetro.su"
}