{
    "0": "Грушевая поляна",
    "1": "Эсто-садок",
    "2": "Красная поляна",
    "3": "Аэровокзал",
    "4": "Железнодорожный вокзал Адлер",
    "5": "Голубые дали",
    "6": "Курортный городок",
    "7": "Кудепста",
    "8": "Хоста",
    "9": "Малый Ахун",
    "10": "Приморская",
    "11": "Курортная",
    "12": "Мацеста",
    "13": "Бытха",
    "14": "Театральная",
    "15": "Морской вокзал",
    "16": "Железнодорожный вокзал Сочи",
    "17": "Линия 1",
    "18": "Олимпийская деревня",
    "19": "Рынок",
    "20": "Гагаринская",
    "21": "Виноградная",
    "22": "Донская",
    "23": "Бочаров ручей",
    "24": "Мамайка",
    "25": "Линия 2",
    "26": "Линия 3",
    "27": "Электричка",
    "28": "ROOT",
    "29": "Перспективная схема легкого метро\nСхема от 07.03.2008г.\nМурадов Борис",
    "30": "Imported from http://pmetro.su"
}