{
    "lines": [
        {
            "delays": [
                420,
                780
            ],
            "name": "1 metrodiametr",
            "scheme": null,
            "segments": [
                [
                    0,
                    1,
                    120
                ],
                [
                    1,
                    0,
                    120
                ],
                [
                    1,
                    2,
                    120
                ],
                [
                    2,
                    1,
                    120
                ],
                [
                    2,
                    9,
                    120
                ],
                [
                    3,
                    4,
                    120
                ],
                [
                    4,
                    3,
                    120
                ],
                [
                    4,
                    5,
                    120
                ],
                [
                    5,
                    4,
                    120
                ],
                [
                    5,
                    6,
                    120
                ],
                [
                    6,
                    5,
                    120
                ],
                [
                    6,
                    7,
                    120
                ],
                [
                    7,
                    6,
                    120
                ],
                [
                    7,
                    8,
                    120
                ],
                [
                    8,
                    7,
                    120
                ],
                [
                    8,
                    9,
                    120
                ],
                [
                    9,
                    2,
                    120
                ],
                [
                    9,
                    8,
                    120
                ],
                [
                    9,
                    10,
                    120
                ],
                [
                    10,
                    9,
                    120
                ],
                [
                    10,
                    11,
                    120
                ],
                [
                    11,
                    10,
                    120
                ],
                [
                    11,
                    12,
                    120
                ],
                [
                    12,
                    11,
                    120
                ],
                [
                    12,
                    13,
                    120
                ],
                [
                    13,
                    12,
                    120
                ],
                [
                    13,
                    14,
                    120
                ],
                [
                    14,
                    13,
                    120
                ],
                [
                    14,
                    15,
                    120
                ],
                [
                    15,
                    14,
                    120
                ],
                [
                    15,
                    16,
                    124
                ],
                [
                    16,
                    15,
                    124
                ],
                [
                    16,
                    17,
                    90
                ],
                [
                    17,
                    16,
                    90
                ],
                [
                    17,
                    18,
                    104
                ],
                [
                    18,
                    17,
                    104
                ],
                [
                    18,
                    19,
                    99
                ],
                [
                    19,
                    18,
                    99
                ],
                [
                    19,
                    20,
                    85
                ],
                [
                    20,
                    19,
                    85
                ],
                [
                    20,
                    21,
                    65
                ],
                [
                    21,
                    20,
                    65
                ],
                [
                    21,
                    22,
                    155
                ],
                [
                    22,
                    21,
                    155
                ]
            ],
            "stations": [
                [
                    0,
                    "Бизнес парк София",
                    0
                ],
                [
                    1,
                    "Акад. Ал. Теодоров - Балан",
                    1
                ],
                [
                    2,
                    "Александър Малинов",
                    2
                ],
                [
                    3,
                    "Аэропорт",
                    3
                ],
                [
                    4,
                    "Софийска света гора",
                    4
                ],
                [
                    5,
                    "Искарско шосе",
                    5
                ],
                [
                    6,
                    "Дружба",
                    6
                ],
                [
                    7,
                    "ИЕЦ - Цариградско шосе",
                    7
                ],
                [
                    8,
                    "Младост 3",
                    8
                ],
                [
                    9,
                    "Младост 1",
                    9
                ],
                [
                    10,
                    "Мусагеница",
                    10
                ],
                [
                    11,
                    "Г. М. Димитров",
                    11
                ],
                [
                    12,
                    "Жолио Кюри",
                    12
                ],
                [
                    13,
                    "Стадион Васил Левски",
                    13
                ],
                [
                    14,
                    "Климент Охридски",
                    14
                ],
                [
                    15,
                    "Сердика",
                    15
                ],
                [
                    16,
                    "Опълченска",
                    16
                ],
                [
                    17,
                    "Константин Величков",
                    17
                ],
                [
                    18,
                    "Вардар",
                    18
                ],
                [
                    19,
                    "Западен парк",
                    19
                ],
                [
                    20,
                    "Люлин",
                    20
                ],
                [
                    21,
                    "Сливница",
                    21
                ],
                [
                    22,
                    "Обеля",
                    22
                ]
            ],
            "text_id": 23
        },
        {
            "delays": [
                420,
                780
            ],
            "name": "2 metrodiametr",
            "scheme": null,
            "segments": [
                [
                    23,
                    24,
                    120
                ],
                [
                    24,
                    23,
                    120
                ],
                [
                    24,
                    25,
                    120
                ],
                [
                    25,
                    24,
                    120
                ],
                [
                    25,
                    26,
                    120
                ],
                [
                    26,
                    25,
                    120
                ],
                [
                    26,
                    27,
                    120
                ],
                [
                    27,
                    26,
                    120
                ],
                [
                    27,
                    28,
                    120
                ],
                [
                    28,
                    27,
                    120
                ],
                [
                    28,
                    29,
                    120
                ],
                [
                    29,
                    28,
                    120
                ],
                [
                    29,
                    30,
                    120
                ],
                [
                    30,
                    29,
                    120
                ],
                [
                    30,
                    31,
                    120
                ],
                [
                    31,
                    30,
                    120
                ],
                [
                    31,
                    32,
                    120
                ],
                [
                    32,
                    31,
                    120
                ],
                [
                    32,
                    33,
                    120
                ],
                [
                    33,
                    32,
                    120
                ],
                [
                    33,
                    34,
                    120
                ],
                [
                    34,
                    33,
                    120
                ]
            ],
            "stations": [
                [
                    23,
                    "Обеля",
                    22
                ],
                [
                    24,
                    "Ломско шосе",
                    24
                ],
                [
                    25,
                    "Бели Дунав",
                    25
                ],
                [
                    26,
                    "Надежда",
                    26
                ],
                [
                    27,
                    "Хан Кубрат",
                    27
                ],
                [
                    28,
                    "Княгиня Мария Луиза",
                    28
                ],
                [
                    29,
                    "Централна ж.п. гара",
                    29
                ],
                [
                    30,
                    "Лъвов мост",
                    30
                ],
                [
                    31,
                    "Сердика",
                    15
                ],
                [
                    32,
                    "НДК",
                    31
                ],
                [
                    33,
                    "Европейски съюз",
                    32
                ],
                [
                    34,
                    "Джеймс Баучер",
                    33
                ]
            ],
            "text_id": 34
        }
    ],
    "name": "metro",
    "transfers": [],
    "type_name": "Метро"
}