{
    "0": "Watt/I-80",
    "1": "Watt/I-80 West",
    "2": "Roseville Road",
    "3": "Marconi/Arcade",
    "4": "Swanston",
    "5": "Royal Oaks",
    "6": "Arden/Del Paso",
    "7": "Globe",
    "8": "Alkali Flat/La Valentina",
    "9": "12th & I",
    "10": "Cathedral Square E",
    "11": "Cathedral Square W",
    "12": "St. Rose of Lima Park E",
    "13": "St. Rose of Lima Park W",
    "14": "7th & Capitol",
    "15": "8th & Capitol",
    "16": "8th & O W",
    "17": "8th & O E",
    "18": "Archives Plaza",
    "19": "13th Street",
    "20": "16th Street",
    "21": "Broadway",
    "22": "4th Avenue/Wayne Hultgren",
    "23": "City College",
    "24": "Fruitridge",
    "25": "47th Avenue",
    "26": "Florin",
    "27": "Meadowview",
    "28": "Franklin",
    "29": "Center Parkway",
    "30": "Cosumnes River College",
    "31": "Blue",
    "32": "Sacramento Valley Station",
    "33": "7th & I/County Center",
    "34": "8th & K",
    "35": "23rd Street",
    "36": "29th Street",
    "37": "39th Street",
    "38": "48th Street",
    "39": "59th Street",
    "40": "University/65th Street",
    "41": "Power Inn",
    "42": "College Greens",
    "43": "Watt/Manlove",
    "44": "Starfire",
    "45": "Tiber",
    "46": "Butterfield",
    "47": "Mather Field/Mills",
    "48": "Zinfandel",
    "49": "Cordova Town Center",
    "50": "Sunrise",
    "51": "Hazel",
    "52": "Iron Point",
    "53": "Glenn",
    "54": "Historic Folsom",
    "55": "Gold",
    "56": "Электричка",
    "57": "ROOT",
    "58": "Схема от 17.11.2015г.\nАвтор: Варламов Дмитрий (www.chpeks.com)",
    "59": "Imported from http://pmetro.su"
}