{
    "0": "Daegok",
    "1": "Jincheon",
    "2": "Wolbae",
    "3": "Sangin",
    "4": "Wolchon",
    "5": "Songhyeon",
    "6": "Seongdangmot",
    "7": "Daemyeong",
    "8": "Anjirang",
    "9": "Hyeonchungno",
    "10": "Yeongnam University of Education",
    "11": "National University of Education",
    "12": "Myeongdeok",
    "13": "Banwoldang",
    "14": "Jungangno",
    "15": "Daegu Yeok",
    "16": "Chilseong",
    "17": "Sincheon",
    "18": "Dongdaegu Yeok",
    "19": "Keungogae",
    "20": "Ayanggyo",
    "21": "Dongchon",
    "22": "Haean",
    "23": "Bangchon",
    "24": "Yonggye",
    "25": "Yulha",
    "26": "Singi",
    "27": "Banyawol",
    "28": "Gaksan",
    "29": "Ansim",
    "30": "1",
    "31": "Munyang",
    "32": "Dasa",
    "33": "Daesil",
    "34": "Gangchang",
    "35": "Keimyung Univ.",
    "36": "Seongseo Industrial Complex",
    "37": "Igok",
    "38": "Yongsan",
    "39": "Jukjeon",
    "40": "Gamsam",
    "41": "Duryu",
    "42": "Naedang",
    "43": "Bangogoae",
    "44": "Sinnam",
    "45": "Kyungpook Hospital",
    "46": "Daegu Bank",
    "47": "Beomeo",
    "48": "Suseonggu Office",
    "49": "Manchon",
    "50": "Damti",
    "51": "Yeonho",
    "52": "Daegu Grand Park",
    "53": "Gosan",
    "54": "Sinmae",
    "55": "Sawol",
    "56": "Jeongpyeong",
    "57": "Imdang",
    "58": "Yeungnam University",
    "59": "2",
    "60": "KNU Medical Center",
    "61": "Hakjeong",
    "62": "Palgeo",
    "63": "Dongcheon",
    "64": "Chilgok",
    "65": "Guam",
    "66": "Taejeon",
    "67": "Maecheon",
    "68": "Maecheon Market",
    "69": "Paldal",
    "70": "Industrial Complex",
    "71": "Manpyeong",
    "72": "Paldal Market",
    "73": "Wondae",
    "74": "Buk-gu Office",
    "75": "Dalseong Park",
    "76": "Seomun Market",
    "77": "Namsan",
    "78": "Geondeulbawi",
    "79": "Daebonggyo",
    "80": "Suseong Market",
    "81": "Suseong-gu Stadium",
    "82": "Children's Hall",
    "83": "Hwanggeum",
    "84": "Suseongmot",
    "85": "Jisan",
    "86": "Beommul",
    "87": "Yongji",
    "88": "Monorail",
    "89": "Metro",
    "90": "ROOT",
    "91": "Shema ot 26.04.2015g.",
    "92": "Imported from http://pmetro.su"
}