{
    "0": "New El Marg",
    "1": "El Marg",
    "2": "Ezbet El Nakhl",
    "3": "Ain Shams",
    "4": "El Matariya",
    "5": "Helmiyet El Zeitoun",
    "6": "Hadayek El Zeitoun",
    "7": "Saray El Kobba",
    "8": "Hammamat El Kobba",
    "9": "Kobri El Kobba",
    "10": "Manshyet El Sadr",
    "11": "El Demerdash",
    "12": "Ghamra",
    "13": "Al Shohadaa",
    "14": "Orabi",
    "15": "Nasser",
    "16": "Sadat",
    "17": "Saad Zaghloul",
    "18": "Sayeda Zeinab",
    "19": "El Malek El Saleh",
    "20": "Mar Girgis",
    "21": "Zahra",
    "22": "Dar El Salam",
    "23": "Hadayek El Maadi",
    "24": "El Maadi",
    "25": "Sakanat El Maadi",
    "26": "Tura El Balad",
    "27": "Kozzika",
    "28": "Tura El Esment",
    "29": "El Maasara",
    "30": "Hadayek Helwan",
    "31": "Wadi Hof",
    "32": "Helwan University",
    "33": "Ain Helwan",
    "34": "Helwan",
    "35": "1",
    "36": "Shubra El Kheima",
    "37": "Koleyet El Zeraah",
    "38": "El Mazallat",
    "39": "El Khalafawi",
    "40": "St. Theresa",
    "41": "Rod El Farag",
    "42": "Masarra",
    "43": "Attaba",
    "44": "Mohamed Naguib",
    "45": "Opera",
    "46": "Dokki",
    "47": "El Behoos",
    "48": "Cairo University",
    "49": "Faysal",
    "50": "Giza",
    "51": "Omm El Misryeen",
    "52": "Sakiet Mekky",
    "53": "El Monib",
    "54": "2",
    "55": "Bab El Shaariya",
    "56": "El Geish",
    "57": "Abdou Pasha",
    "58": "El Abassiya",
    "59": "Fair Zone",
    "60": "Stadium",
    "61": "Koleyet El Banat",
    "62": "El Ahram",
    "63": "Haroun",
    "64": "Heliopolis Square",
    "65": "Alf Maskan",
    "66": "Nadi El Shams",
    "67": "3",
    "68": "Метро",
    "69": "ROOT",
    "70": "Схема от 17.08.2019г.\nАвтор: Дмитрий Варламов\nИнформация взята с сайта www.urbanrail.net",
    "71": "Imported from http://pmetro.su"
}