{
    "default_transports": [
        "metro"
    ],
    "height": 719,
    "images": [
        "res/schemes/calcutta.svg"
    ],
    "is_vector": true,
    "lines": [
        {
            "labels_bg_color": "-1",
            "labels_color": "006000",
            "line_color": "008000",
            "line_width": 7,
            "name": "1",
            "segments": [
                [
                    0,
                    1,
                    [
                        [
                            120,
                            63
                        ],
                        [
                            84,
                            63
                        ]
                    ],
                    false
                ],
                [
                    1,
                    2,
                    [
                        [
                            143,
                            89
                        ],
                        [
                            120,
                            63
                        ]
                    ],
                    false
                ],
                [
                    2,
                    3,
                    [
                        [
                            143,
                            117
                        ],
                        [
                            143,
                            89
                        ]
                    ],
                    true
                ],
                [
                    3,
                    4,
                    [
                        [
                            121,
                            139
                        ],
                        [
                            143,
                            117
                        ]
                    ],
                    true
                ],
                [
                    4,
                    5,
                    [
                        [
                            99,
                            161
                        ],
                        [
                            121,
                            139
                        ]
                    ],
                    true
                ],
                [
                    5,
                    6,
                    [
                        [
                            77,
                            183
                        ],
                        [
                            99,
                            161
                        ]
                    ],
                    true
                ],
                [
                    6,
                    7,
                    [
                        [
                            77,
                            210
                        ],
                        [
                            77,
                            183
                        ]
                    ],
                    true
                ],
                [
                    7,
                    8,
                    [
                        [
                            77,
                            235
                        ],
                        [
                            77,
                            210
                        ]
                    ],
                    true
                ],
                [
                    8,
                    9,
                    [
                        [
                            57,
                            255
                        ],
                        [
                            77,
                            235
                        ]
                    ],
                    true
                ],
                [
                    9,
                    10,
                    [
                        [
                            42,
                            270
                        ],
                        [
                            57,
                            255
                        ]
                    ],
                    true
                ],
                [
                    10,
                    11,
                    [
                        [
                            42,
                            295
                        ],
                        [
                            42,
                            270
                        ]
                    ],
                    true
                ],
                [
                    11,
                    12,
                    [
                        [
                            42,
                            319
                        ],
                        [
                            42,
                            295
                        ]
                    ],
                    true
                ],
                [
                    12,
                    13,
                    [
                        [
                            42,
                            342
                        ],
                        [
                            42,
                            319
                        ]
                    ],
                    true
                ],
                [
                    13,
                    14,
                    [
                        [
                            42,
                            365
                        ],
                        [
                            42,
                            342
                        ]
                    ],
                    true
                ],
                [
                    14,
                    15,
                    [
                        [
                            42,
                            391
                        ],
                        [
                            42,
                            365
                        ]
                    ],
                    true
                ],
                [
                    15,
                    16,
                    [
                        [
                            42,
                            417
                        ],
                        [
                            42,
                            391
                        ]
                    ],
                    true
                ],
                [
                    16,
                    17,
                    [
                        [
                            42,
                            442
                        ],
                        [
                            42,
                            417
                        ]
                    ],
                    true
                ],
                [
                    17,
                    18,
                    [
                        [
                            42,
                            464
                        ],
                        [
                            42,
                            442
                        ]
                    ],
                    true
                ],
                [
                    18,
                    19,
                    [
                        [
                            42,
                            487
                        ],
                        [
                            42,
                            464
                        ]
                    ],
                    true
                ],
                [
                    19,
                    20,
                    [
                        [
                            42,
                            510
                        ],
                        [
                            42,
                            487
                        ]
                    ],
                    true
                ],
                [
                    20,
                    21,
                    [
                        [
                            42,
                            533
                        ],
                        [
                            42,
                            510
                        ]
                    ],
                    true
                ],
                [
                    21,
                    22,
                    [
                        [
                            60,
                            551
                        ],
                        [
                            42,
                            533
                        ]
                    ],
                    true
                ],
                [
                    22,
                    23,
                    [
                        [
                            78,
                            569
                        ],
                        [
                            60,
                            551
                        ]
                    ],
                    true
                ],
                [
                    23,
                    24,
                    [
                        [
                            126,
                            569
                        ],
                        [
                            78,
                            569
                        ]
                    ],
                    true
                ],
                [
                    24,
                    25,
                    [
                        [
                            186,
                            569
                        ],
                        [
                            126,
                            569
                        ]
                    ],
                    true
                ],
                [
                    25,
                    26,
                    [
                        [
                            216,
                            539
                        ],
                        [
                            186,
                            569
                        ]
                    ],
                    true
                ]
            ],
            "stations": [
                {
                    "coord": [
                        84,
                        63
                    ],
                    "is_working": false,
                    "name": "Dakshineswar",
                    "rect": [
                        29,
                        73,
                        73,
                        15
                    ],
                    "text_id": 0,
                    "uid": 0
                },
                {
                    "coord": [
                        120,
                        63
                    ],
                    "is_working": false,
                    "name": "Baranagar",
                    "rect": [
                        131,
                        52,
                        54,
                        15
                    ],
                    "text_id": 1,
                    "uid": 1
                },
                {
                    "coord": [
                        143,
                        89
                    ],
                    "is_working": true,
                    "name": "Noapara",
                    "rect": [
                        152,
                        82,
                        44,
                        15
                    ],
                    "text_id": 2,
                    "uid": 2
                },
                {
                    "coord": [
                        143,
                        117
                    ],
                    "is_working": true,
                    "name": "Dum Dum",
                    "rect": [
                        153,
                        108,
                        51,
                        15
                    ],
                    "text_id": 3,
                    "uid": 3
                },
                {
                    "coord": [
                        121,
                        139
                    ],
                    "is_working": true,
                    "name": "Belgachhia",
                    "rect": [
                        130,
                        135,
                        58,
                        15
                    ],
                    "text_id": 4,
                    "uid": 4
                },
                {
                    "coord": [
                        99,
                        161
                    ],
                    "is_working": true,
                    "name": "Shyambazar",
                    "rect": [
                        108,
                        154,
                        63,
                        15
                    ],
                    "text_id": 5,
                    "uid": 5
                },
                {
                    "coord": [
                        77,
                        183
                    ],
                    "is_working": true,
                    "name": "Shovabazar",
                    "rect": [
                        86,
                        176,
                        60,
                        15
                    ],
                    "text_id": 6,
                    "uid": 6
                },
                {
                    "coord": [
                        77,
                        210
                    ],
                    "is_working": true,
                    "name": "Girish Park",
                    "rect": [
                        86,
                        199,
                        58,
                        15
                    ],
                    "text_id": 7,
                    "uid": 7
                },
                {
                    "coord": [
                        77,
                        235
                    ],
                    "is_working": true,
                    "name": "Mahatma Gandhi Rd",
                    "rect": [
                        86,
                        229,
                        102,
                        15
                    ],
                    "text_id": 8,
                    "uid": 8
                },
                {
                    "coord": [
                        57,
                        255
                    ],
                    "is_working": true,
                    "name": "Central",
                    "rect": [
                        66,
                        252,
                        38,
                        15
                    ],
                    "text_id": 9,
                    "uid": 9
                },
                {
                    "coord": [
                        42,
                        270
                    ],
                    "is_working": true,
                    "name": "Chandni Chowk",
                    "rect": [
                        51,
                        269,
                        80,
                        15
                    ],
                    "text_id": 10,
                    "uid": 10
                },
                {
                    "coord": [
                        42,
                        295
                    ],
                    "is_working": true,
                    "name": "Esplanade",
                    "rect": [
                        51,
                        288,
                        54,
                        15
                    ],
                    "text_id": 11,
                    "uid": 11
                },
                {
                    "coord": [
                        42,
                        319
                    ],
                    "is_working": true,
                    "name": "Park Street",
                    "rect": [
                        51,
                        312,
                        57,
                        15
                    ],
                    "text_id": 12,
                    "uid": 12
                },
                {
                    "coord": [
                        42,
                        342
                    ],
                    "is_working": true,
                    "name": "Maidan",
                    "rect": [
                        51,
                        335,
                        38,
                        15
                    ],
                    "text_id": 13,
                    "uid": 13
                },
                {
                    "coord": [
                        42,
                        365
                    ],
                    "is_working": true,
                    "name": "Rabindra Sadan",
                    "rect": [
                        51,
                        358,
                        81,
                        15
                    ],
                    "text_id": 14,
                    "uid": 14
                },
                {
                    "coord": [
                        42,
                        391
                    ],
                    "is_working": true,
                    "name": "Bhowanipur",
                    "rect": [
                        51,
                        384,
                        61,
                        15
                    ],
                    "text_id": 15,
                    "uid": 15
                },
                {
                    "coord": [
                        42,
                        417
                    ],
                    "is_working": true,
                    "name": "Jatindas Park",
                    "rect": [
                        51,
                        409,
                        70,
                        15
                    ],
                    "text_id": 16,
                    "uid": 16
                },
                {
                    "coord": [
                        42,
                        442
                    ],
                    "is_working": true,
                    "name": "Kalighat",
                    "rect": [
                        51,
                        434,
                        43,
                        15
                    ],
                    "text_id": 17,
                    "uid": 17
                },
                {
                    "coord": [
                        42,
                        464
                    ],
                    "is_working": true,
                    "name": "Rabindra Sarobar",
                    "rect": [
                        52,
                        459,
                        89,
                        15
                    ],
                    "text_id": 18,
                    "uid": 18
                },
                {
                    "coord": [
                        42,
                        487
                    ],
                    "is_working": true,
                    "name": "Tollygunge",
                    "rect": [
                        53,
                        480,
                        56,
                        15
                    ],
                    "text_id": 19,
                    "uid": 19
                },
                {
                    "coord": [
                        42,
                        510
                    ],
                    "is_working": true,
                    "name": "Mahanayak Uttam Kumar",
                    "rect": [
                        54,
                        503,
                        127,
                        15
                    ],
                    "text_id": 20,
                    "uid": 20
                },
                {
                    "coord": [
                        42,
                        533
                    ],
                    "is_working": true,
                    "name": "Netaji",
                    "rect": [
                        54,
                        521,
                        31,
                        15
                    ],
                    "text_id": 21,
                    "uid": 21
                },
                {
                    "coord": [
                        60,
                        551
                    ],
                    "is_working": true,
                    "name": "Masterda Surya Sen",
                    "rect": [
                        70,
                        541,
                        102,
                        15
                    ],
                    "text_id": 22,
                    "uid": 22
                },
                {
                    "coord": [
                        78,
                        569
                    ],
                    "is_working": true,
                    "name": "Gitanjali",
                    "rect": [
                        36,
                        578,
                        43,
                        15
                    ],
                    "text_id": 23,
                    "uid": 23
                },
                {
                    "coord": [
                        126,
                        569
                    ],
                    "is_working": true,
                    "name": "Kavi Nazrul",
                    "rect": [
                        97,
                        578,
                        60,
                        15
                    ],
                    "text_id": 24,
                    "uid": 24
                },
                {
                    "coord": [
                        186,
                        569
                    ],
                    "is_working": true,
                    "name": "Shahid Khudiram",
                    "rect": [
                        181,
                        578,
                        87,
                        15
                    ],
                    "text_id": 25,
                    "uid": 25
                },
                {
                    "coord": [
                        216,
                        539
                    ],
                    "is_working": true,
                    "name": "Kavi Subhash",
                    "rect": [
                        228,
                        536,
                        71,
                        15
                    ],
                    "text_id": 26,
                    "uid": 26
                }
            ],
            "text_id": 27
        }
    ],
    "lines_width": 7,
    "name": "metro",
    "name_text_id": 28,
    "stations_diameter": 13.0,
    "transfers": [],
    "transports": [
        "metro"
    ],
    "type_name": "ROOT",
    "type_text_id": 29,
    "upper_case": false,
    "width": 366,
    "word_wrap": false
}