{
    "default_transports": [
        "metro"
    ],
    "height": 850,
    "images": [
        "res/schemes/holod-zav.svg"
    ],
    "is_vector": true,
    "lines": [
        {
            "labels_bg_color": "-1",
            "labels_color": "000000",
            "line_color": "E41c0c",
            "line_width": 9,
            "name": "Холодногірсько-Заводська",
            "segments": [
                [
                    0,
                    1,
                    [
                        [
                            200,
                            100
                        ],
                        [
                            200,
                            60
                        ]
                    ],
                    false
                ],
                [
                    1,
                    2,
                    [
                        [
                            200,
                            140
                        ],
                        [
                            200,
                            100
                        ]
                    ],
                    true
                ],
                [
                    2,
                    3,
                    [
                        [
                            200,
                            180
                        ],
                        [
                            200,
                            140
                        ]
                    ],
                    true
                ],
                [
                    3,
                    4,
                    [
                        [
                            200,
                            220
                        ],
                        [
                            200,
                            180
                        ]
                    ],
                    true
                ],
                [
                    4,
                    5,
                    [
                        [
                            200,
                            260
                        ],
                        [
                            200,
                            220
                        ]
                    ],
                    true
                ],
                [
                    5,
                    6,
                    [
                        [
                            200,
                            300
                        ],
                        [
                            200,
                            260
                        ]
                    ],
                    true
                ],
                [
                    6,
                    7,
                    [
                        [
                            200,
                            340
                        ],
                        [
                            200,
                            300
                        ]
                    ],
                    true
                ],
                [
                    7,
                    8,
                    [
                        [
                            200,
                            380
                        ],
                        [
                            200,
                            340
                        ]
                    ],
                    true
                ],
                [
                    8,
                    9,
                    [
                        [
                            200,
                            414
                        ],
                        [
                            200,
                            380
                        ]
                    ],
                    true
                ],
                [
                    9,
                    10,
                    [
                        [
                            200,
                            460
                        ],
                        [
                            200,
                            414
                        ]
                    ],
                    true
                ],
                [
                    10,
                    11,
                    [
                        [
                            200,
                            500
                        ],
                        [
                            200,
                            460
                        ]
                    ],
                    true
                ],
                [
                    11,
                    12,
                    [
                        [
                            200,
                            540
                        ],
                        [
                            200,
                            500
                        ]
                    ],
                    true
                ],
                [
                    12,
                    13,
                    [
                        [
                            200,
                            580
                        ],
                        [
                            200,
                            540
                        ]
                    ],
                    true
                ],
                [
                    13,
                    14,
                    [
                        [
                            200,
                            620
                        ],
                        [
                            200,
                            580
                        ]
                    ],
                    false
                ],
                [
                    14,
                    15,
                    [
                        [
                            200,
                            660
                        ],
                        [
                            200,
                            620
                        ]
                    ],
                    false
                ],
                [
                    15,
                    16,
                    [
                        [
                            200,
                            700
                        ],
                        [
                            200,
                            660
                        ]
                    ],
                    false
                ]
            ],
            "stations": [
                {
                    "coord": [
                        200,
                        60
                    ],
                    "is_working": false,
                    "name": "Залютіне",
                    "rect": [
                        215,
                        50,
                        100,
                        20
                    ],
                    "text_id": 0,
                    "uid": 0
                },
                {
                    "coord": [
                        200,
                        100
                    ],
                    "is_working": true,
                    "name": "Холодна Гора",
                    "rect": [
                        215,
                        90,
                        100,
                        20
                    ],
                    "text_id": 1,
                    "uid": 1
                },
                {
                    "coord": [
                        200,
                        140
                    ],
                    "is_working": true,
                    "name": "Південний Вокзал",
                    "rect": [
                        215,
                        130,
                        100,
                        20
                    ],
                    "text_id": 2,
                    "uid": 2
                },
                {
                    "coord": [
                        200,
                        180
                    ],
                    "is_working": true,
                    "name": "Центральний ринок",
                    "rect": [
                        215,
                        170,
                        100,
                        20
                    ],
                    "text_id": 3,
                    "uid": 3
                },
                {
                    "coord": [
                        200,
                        220
                    ],
                    "is_working": true,
                    "name": "Радянська",
                    "rect": [
                        215,
                        210,
                        100,
                        20
                    ],
                    "text_id": 4,
                    "uid": 4
                },
                {
                    "coord": [
                        200,
                        260
                    ],
                    "is_working": true,
                    "name": "Проспект Гагаріна",
                    "rect": [
                        215,
                        250,
                        100,
                        20
                    ],
                    "text_id": 5,
                    "uid": 5
                },
                {
                    "coord": [
                        200,
                        300
                    ],
                    "is_working": true,
                    "name": "Спортивна",
                    "rect": [
                        215,
                        290,
                        100,
                        20
                    ],
                    "text_id": 6,
                    "uid": 6
                },
                {
                    "coord": [
                        200,
                        340
                    ],
                    "is_working": true,
                    "name": "Завод ім. Малишева",
                    "rect": [
                        215,
                        330,
                        100,
                        20
                    ],
                    "text_id": 7,
                    "uid": 7
                },
                {
                    "coord": [
                        200,
                        380
                    ],
                    "is_working": true,
                    "name": "Московський проспект",
                    "rect": [
                        215,
                        370,
                        100,
                        20
                    ],
                    "text_id": 8,
                    "uid": 8
                },
                {
                    "coord": [
                        200,
                        414
                    ],
                    "is_working": true,
                    "name": "Маршала Жукова",
                    "rect": [
                        215,
                        410,
                        100,
                        20
                    ],
                    "text_id": 9,
                    "uid": 9
                },
                {
                    "coord": [
                        200,
                        460
                    ],
                    "is_working": true,
                    "name": "Радяньскої Армии",
                    "rect": [
                        215,
                        450,
                        100,
                        20
                    ],
                    "text_id": 10,
                    "uid": 10
                },
                {
                    "coord": [
                        200,
                        500
                    ],
                    "is_working": true,
                    "name": "Ім. О.С.Масельского",
                    "rect": [
                        215,
                        490,
                        100,
                        20
                    ],
                    "text_id": 11,
                    "uid": 11
                },
                {
                    "coord": [
                        200,
                        540
                    ],
                    "is_working": true,
                    "name": "Тракторний Завод",
                    "rect": [
                        215,
                        530,
                        100,
                        20
                    ],
                    "text_id": 12,
                    "uid": 12
                },
                {
                    "coord": [
                        200,
                        580
                    ],
                    "is_working": true,
                    "name": "Пролетарська",
                    "rect": [
                        215,
                        570,
                        100,
                        20
                    ],
                    "text_id": 13,
                    "uid": 13
                },
                {
                    "coord": [
                        200,
                        620
                    ],
                    "is_working": false,
                    "name": "Східна",
                    "rect": [
                        215,
                        610,
                        100,
                        20
                    ],
                    "text_id": 14,
                    "uid": 14
                },
                {
                    "coord": [
                        200,
                        660
                    ],
                    "is_working": false,
                    "name": "Роганьска",
                    "rect": [
                        215,
                        650,
                        100,
                        20
                    ],
                    "text_id": 15,
                    "uid": 15
                },
                {
                    "coord": [
                        200,
                        700
                    ],
                    "is_working": false,
                    "name": "Південна",
                    "rect": [
                        215,
                        690,
                        100,
                        20
                    ],
                    "text_id": 16,
                    "uid": 16
                }
            ],
            "text_id": 17
        },
        {
            "labels_bg_color": "-1",
            "labels_color": "000000",
            "line_color": "34349C",
            "line_width": 9,
            "name": "Салтівська",
            "segments": [],
            "stations": [
                {
                    "coord": null,
                    "is_working": false,
                    "name": "Жовтнева",
                    "rect": null,
                    "text_id": 18,
                    "uid": 17
                },
                {
                    "coord": null,
                    "is_working": false,
                    "name": "Пл. Урицького",
                    "rect": null,
                    "text_id": 19,
                    "uid": 18
                },
                {
                    "coord": [
                        181,
                        220
                    ],
                    "is_working": true,
                    "name": "Історичний музей",
                    "rect": [
                        115,
                        220,
                        50,
                        10
                    ],
                    "text_id": 20,
                    "uid": 19
                },
                {
                    "coord": null,
                    "is_working": true,
                    "name": "Університет",
                    "rect": null,
                    "text_id": 21,
                    "uid": 20
                },
                {
                    "coord": null,
                    "is_working": true,
                    "name": "Пушкінська",
                    "rect": null,
                    "text_id": 22,
                    "uid": 21
                },
                {
                    "coord": null,
                    "is_working": true,
                    "name": "Київська",
                    "rect": null,
                    "text_id": 23,
                    "uid": 22
                },
                {
                    "coord": null,
                    "is_working": true,
                    "name": "Академіка Барабашова",
                    "rect": null,
                    "text_id": 24,
                    "uid": 23
                },
                {
                    "coord": null,
                    "is_working": true,
                    "name": "Академіка Павлова",
                    "rect": null,
                    "text_id": 25,
                    "uid": 24
                },
                {
                    "coord": null,
                    "is_working": true,
                    "name": "Студентська",
                    "rect": null,
                    "text_id": 26,
                    "uid": 25
                },
                {
                    "coord": null,
                    "is_working": true,
                    "name": "Героїв праці",
                    "rect": null,
                    "text_id": 27,
                    "uid": 26
                },
                {
                    "coord": null,
                    "is_working": false,
                    "name": "Дружби Народів",
                    "rect": null,
                    "text_id": 28,
                    "uid": 27
                }
            ],
            "text_id": 29
        },
        {
            "labels_bg_color": "-1",
            "labels_color": "000000",
            "line_color": "046434",
            "line_width": 9,
            "name": "Олексіївська",
            "segments": [],
            "stations": [
                {
                    "coord": null,
                    "is_working": false,
                    "name": "Аеропорт",
                    "rect": null,
                    "text_id": 30,
                    "uid": 28
                },
                {
                    "coord": null,
                    "is_working": false,
                    "name": "Мотель \"Дружба\"",
                    "rect": null,
                    "text_id": 31,
                    "uid": 29
                },
                {
                    "coord": null,
                    "is_working": false,
                    "name": "Одеська",
                    "rect": null,
                    "text_id": 32,
                    "uid": 30
                },
                {
                    "coord": null,
                    "is_working": false,
                    "name": "Державінська",
                    "rect": null,
                    "text_id": 33,
                    "uid": 31
                },
                {
                    "coord": [
                        181,
                        300
                    ],
                    "is_working": true,
                    "name": "Метробудівників",
                    "rect": [
                        110,
                        300,
                        50,
                        10
                    ],
                    "text_id": 34,
                    "uid": 32
                },
                {
                    "coord": null,
                    "is_working": true,
                    "name": "Пл. Повстання",
                    "rect": null,
                    "text_id": 35,
                    "uid": 33
                },
                {
                    "coord": null,
                    "is_working": true,
                    "name": "Архітектора Бекетова",
                    "rect": null,
                    "text_id": 36,
                    "uid": 34
                },
                {
                    "coord": null,
                    "is_working": true,
                    "name": "Держпром",
                    "rect": null,
                    "text_id": 37,
                    "uid": 35
                },
                {
                    "coord": null,
                    "is_working": true,
                    "name": "Наукова",
                    "rect": null,
                    "text_id": 38,
                    "uid": 36
                },
                {
                    "coord": null,
                    "is_working": true,
                    "name": "Ботанічний сад",
                    "rect": null,
                    "text_id": 39,
                    "uid": 37
                },
                {
                    "coord": null,
                    "is_working": true,
                    "name": "23-го Серпня",
                    "rect": null,
                    "text_id": 40,
                    "uid": 38
                },
                {
                    "coord": null,
                    "is_working": true,
                    "name": "Олексіївська",
                    "rect": null,
                    "text_id": 41,
                    "uid": 39
                },
                {
                    "coord": null,
                    "is_working": false,
                    "name": "Пр.Перемоги",
                    "rect": null,
                    "text_id": 42,
                    "uid": 40
                }
            ],
            "text_id": 41
        }
    ],
    "lines_width": 9,
    "name": "holod-zav",
    "name_text_id": 17,
    "stations_diameter": 16.0,
    "transfers": [
        [
            4,
            19,
            [
                200,
                220
            ],
            [
                181,
                220
            ]
        ],
        [
            20,
            35,
            null,
            null
        ],
        [
            32,
            6,
            [
                181,
                300
            ],
            [
                200,
                300
            ]
        ]
    ],
    "transports": [
        "metro"
    ],
    "type_name": "Метро",
    "type_text_id": 49,
    "upper_case": true,
    "width": 350,
    "word_wrap": true
}