{
    "0": "Warehouse District/Hennepin Avenue",
    "1": "Nicollet Mall",
    "2": "Government Plaza",
    "3": "Downtown East/Metrodome",
    "4": "Cedar-Riverside",
    "5": "Franklin Avenue",
    "6": "Lake Street/Midtown",
    "7": "38th Street",
    "8": "46th Street",
    "9": "50th Street/Minnehaha Park",
    "10": "VA Medical Center",
    "11": "Fort Snelling",
    "12": "Lindbergh Terminal",
    "13": "Humphrey Terminal",
    "14": "Bloomington Central",
    "15": "28th Avenue",
    "16": "Mall of America",
    "17": "55",
    "18": "Трамвай",
    "19": "ROOT",
    "20": "Схема от 02.05.2007г.\nИнформация взята с сайта: http://www.metrotransit.org/rail/index.asp\nАвторы: Игорь Степанов и Дмитрий Варламов",
    "21": "Imported from http://pmetro.su"
}