{
    "0": "Zelenaja Poljana",
    "1": "Vojnovskaja",
    "2": "Lesnaja",
    "3": "Gagarinskaja",
    "4": "Botevgradskaja",
    "5": "Prospekt Lenina",
    "6": "Sevastopol'skaja",
    "7": "Himmash",
    "8": "Ozernaja",
    "9": "Vojnovsko-Sevastopol'skaja",
    "10": "Severnaja",
    "11": "Energeticheskaja",
    "12": "Vokzal'naja",
    "13": "Troitskaja",
    "14": "Teatral'naja",
    "15": "Ulitsa Furmanova",
    "16": "Jugo-Zapadnaja",
    "17": "Transportnaja",
    "18": "Nikolaevka",
    "19": "Jalga",
    "20": "Vokzal'no-Jalginskaja",
    "21": "Metro",
    "22": "ROOT",
    "23": "shema mechtatelja\nShema ot 11.11.2005 g.\nInformatsija o vremeni proezda poluchena evristicheskim putem.\nKarta napisana Igorem Lapinym (lapinip@mail.ru)\nInformatsija po ctantsijam takzhe napisana Igorem Lapinym (lapinip@mail.ru)\nInformatsiju po gorodskomu transportu i krupnym gorodskim ob'ektam prislal Zver' (zweron@yandex.ru)",
    "24": "Imported from http://pmetro.su"
}