{
    "lines": [
        {
            "delays": [
                180,
                360
            ],
            "name": "Линия 1",
            "scheme": "1",
            "segments": [
                [
                    0,
                    1,
                    225
                ],
                [
                    1,
                    0,
                    225
                ],
                [
                    1,
                    2,
                    215
                ],
                [
                    2,
                    1,
                    215
                ],
                [
                    2,
                    3,
                    104
                ],
                [
                    3,
                    2,
                    104
                ],
                [
                    3,
                    4,
                    145
                ],
                [
                    4,
                    3,
                    145
                ],
                [
                    4,
                    5,
                    180
                ],
                [
                    5,
                    4,
                    180
                ],
                [
                    5,
                    6,
                    134
                ],
                [
                    6,
                    5,
                    134
                ],
                [
                    6,
                    7,
                    110
                ],
                [
                    7,
                    6,
                    110
                ],
                [
                    7,
                    8,
                    124
                ],
                [
                    8,
                    7,
                    124
                ],
                [
                    8,
                    9,
                    124
                ],
                [
                    9,
                    8,
                    124
                ],
                [
                    9,
                    10,
                    74
                ],
                [
                    10,
                    9,
                    74
                ],
                [
                    10,
                    11,
                    180
                ],
                [
                    11,
                    10,
                    180
                ],
                [
                    11,
                    12,
                    120
                ],
                [
                    12,
                    11,
                    120
                ],
                [
                    12,
                    13,
                    74
                ],
                [
                    13,
                    12,
                    74
                ],
                [
                    13,
                    14,
                    209
                ],
                [
                    14,
                    13,
                    209
                ],
                [
                    14,
                    15,
                    90
                ],
                [
                    15,
                    14,
                    90
                ],
                [
                    15,
                    16,
                    209
                ],
                [
                    16,
                    15,
                    209
                ],
                [
                    16,
                    17,
                    120
                ],
                [
                    17,
                    16,
                    120
                ],
                [
                    17,
                    18,
                    90
                ],
                [
                    18,
                    17,
                    90
                ]
            ],
            "stations": [
                [
                    0,
                    "Девяткино",
                    0
                ],
                [
                    1,
                    "Гражданский пр.",
                    1
                ],
                [
                    2,
                    "Академическая",
                    2
                ],
                [
                    3,
                    "Политехническая",
                    3
                ],
                [
                    4,
                    "пл.Мужества",
                    4
                ],
                [
                    5,
                    "Лесная",
                    5
                ],
                [
                    6,
                    "Выборгская",
                    6
                ],
                [
                    7,
                    "пл.Ленина",
                    7
                ],
                [
                    8,
                    "Чернышевская",
                    8
                ],
                [
                    9,
                    "пл.Восстания",
                    9
                ],
                [
                    10,
                    "Владимирская",
                    10
                ],
                [
                    11,
                    "Пушкинская",
                    11
                ],
                [
                    12,
                    "Технологический институт-I",
                    12
                ],
                [
                    13,
                    "Балтийская",
                    13
                ],
                [
                    14,
                    "Нарвская",
                    14
                ],
                [
                    15,
                    "Кировский завод",
                    15
                ],
                [
                    16,
                    "Автово",
                    16
                ],
                [
                    17,
                    "Ленинский пр.",
                    17
                ],
                [
                    18,
                    "пр.Ветеранов",
                    18
                ]
            ],
            "text_id": 19
        },
        {
            "delays": [
                180,
                300
            ],
            "name": "Линия 2",
            "scheme": "2",
            "segments": [
                [
                    19,
                    20,
                    200
                ],
                [
                    20,
                    19,
                    200
                ],
                [
                    20,
                    21,
                    149
                ],
                [
                    21,
                    20,
                    149
                ],
                [
                    21,
                    22,
                    140
                ],
                [
                    22,
                    21,
                    140
                ],
                [
                    22,
                    23,
                    149
                ],
                [
                    23,
                    22,
                    149
                ],
                [
                    23,
                    24,
                    184
                ],
                [
                    24,
                    23,
                    184
                ],
                [
                    24,
                    25,
                    200
                ],
                [
                    25,
                    24,
                    200
                ],
                [
                    25,
                    26,
                    null
                ],
                [
                    25,
                    27,
                    240
                ],
                [
                    26,
                    25,
                    null
                ],
                [
                    26,
                    27,
                    0
                ],
                [
                    27,
                    25,
                    240
                ],
                [
                    27,
                    26,
                    null
                ],
                [
                    27,
                    28,
                    90
                ],
                [
                    28,
                    27,
                    90
                ],
                [
                    28,
                    29,
                    110
                ],
                [
                    29,
                    28,
                    110
                ],
                [
                    29,
                    30,
                    99
                ],
                [
                    30,
                    29,
                    99
                ],
                [
                    30,
                    31,
                    104
                ],
                [
                    31,
                    30,
                    104
                ],
                [
                    31,
                    32,
                    104
                ],
                [
                    32,
                    31,
                    104
                ],
                [
                    32,
                    33,
                    99
                ],
                [
                    33,
                    32,
                    99
                ],
                [
                    33,
                    34,
                    145
                ],
                [
                    34,
                    33,
                    145
                ],
                [
                    34,
                    35,
                    225
                ],
                [
                    35,
                    34,
                    225
                ],
                [
                    35,
                    36,
                    134
                ],
                [
                    36,
                    35,
                    134
                ]
            ],
            "stations": [
                [
                    19,
                    "Парнас",
                    20
                ],
                [
                    20,
                    "пр.Просвещения",
                    21
                ],
                [
                    21,
                    "Озерки",
                    22
                ],
                [
                    22,
                    "Удельная",
                    23
                ],
                [
                    23,
                    "Пионерская",
                    24
                ],
                [
                    24,
                    "Чёрная речка",
                    25
                ],
                [
                    25,
                    "Петроградская",
                    26
                ],
                [
                    26,
                    "Горьковская",
                    27
                ],
                [
                    27,
                    "Невский пр.",
                    28
                ],
                [
                    28,
                    "Сенная площадь",
                    29
                ],
                [
                    29,
                    "Технологический институт-II",
                    30
                ],
                [
                    30,
                    "Фрунзенская",
                    31
                ],
                [
                    31,
                    "Московские ворота",
                    32
                ],
                [
                    32,
                    "Электросила",
                    33
                ],
                [
                    33,
                    "Парк Победы",
                    34
                ],
                [
                    34,
                    "Московская",
                    35
                ],
                [
                    35,
                    "Звёздная",
                    36
                ],
                [
                    36,
                    "Купчино",
                    37
                ]
            ],
            "text_id": 38
        },
        {
            "delays": [
                180,
                240
            ],
            "name": "Линия 3",
            "scheme": "3",
            "segments": [
                [
                    37,
                    38,
                    165
                ],
                [
                    38,
                    37,
                    165
                ],
                [
                    38,
                    39,
                    234
                ],
                [
                    39,
                    38,
                    234
                ],
                [
                    39,
                    40,
                    149
                ],
                [
                    40,
                    39,
                    149
                ],
                [
                    40,
                    41,
                    159
                ],
                [
                    41,
                    40,
                    159
                ],
                [
                    41,
                    42,
                    249
                ],
                [
                    42,
                    41,
                    249
                ],
                [
                    42,
                    43,
                    190
                ],
                [
                    43,
                    42,
                    190
                ],
                [
                    43,
                    44,
                    190
                ],
                [
                    44,
                    43,
                    190
                ],
                [
                    44,
                    45,
                    159
                ],
                [
                    45,
                    44,
                    159
                ],
                [
                    45,
                    46,
                    285
                ],
                [
                    46,
                    45,
                    285
                ]
            ],
            "stations": [
                [
                    37,
                    "Приморская",
                    39
                ],
                [
                    38,
                    "Василеостровская",
                    40
                ],
                [
                    39,
                    "Гостиный двор",
                    41
                ],
                [
                    40,
                    "Маяковская",
                    42
                ],
                [
                    41,
                    "пл.Ал.Невского-I",
                    43
                ],
                [
                    42,
                    "Елизаровская",
                    44
                ],
                [
                    43,
                    "Ломоносовская",
                    45
                ],
                [
                    44,
                    "Пролетарская",
                    46
                ],
                [
                    45,
                    "Обухово",
                    47
                ],
                [
                    46,
                    "Рыбацкое",
                    48
                ]
            ],
            "text_id": 49
        },
        {
            "delays": [
                180,
                240
            ],
            "name": "Линия 4",
            "scheme": "4",
            "segments": [
                [
                    47,
                    48,
                    180
                ],
                [
                    48,
                    47,
                    180
                ],
                [
                    48,
                    49,
                    180
                ],
                [
                    49,
                    48,
                    180
                ],
                [
                    49,
                    50,
                    149
                ],
                [
                    50,
                    49,
                    149
                ],
                [
                    50,
                    51,
                    90
                ],
                [
                    51,
                    50,
                    90
                ],
                [
                    51,
                    52,
                    255
                ],
                [
                    52,
                    51,
                    255
                ],
                [
                    52,
                    53,
                    180
                ],
                [
                    53,
                    52,
                    180
                ],
                [
                    53,
                    54,
                    85
                ],
                [
                    54,
                    53,
                    85
                ],
                [
                    54,
                    55,
                    115
                ],
                [
                    55,
                    54,
                    115
                ],
                [
                    55,
                    56,
                    130
                ],
                [
                    56,
                    55,
                    130
                ],
                [
                    56,
                    57,
                    124
                ],
                [
                    57,
                    56,
                    124
                ],
                [
                    57,
                    58,
                    115
                ],
                [
                    58,
                    57,
                    115
                ],
                [
                    58,
                    59,
                    130
                ],
                [
                    59,
                    58,
                    130
                ]
            ],
            "stations": [
                [
                    47,
                    "Комендантский пр.",
                    50
                ],
                [
                    48,
                    "Старая деревня",
                    51
                ],
                [
                    49,
                    "Крестовский остров",
                    52
                ],
                [
                    50,
                    "Чкаловская",
                    53
                ],
                [
                    51,
                    "Спортивная",
                    54
                ],
                [
                    52,
                    "Садовая",
                    55
                ],
                [
                    53,
                    "Достоевская",
                    56
                ],
                [
                    54,
                    "Лиговский пр.",
                    57
                ],
                [
                    55,
                    "пл.Ал.Невского-II",
                    58
                ],
                [
                    56,
                    "Новочеркасская",
                    59
                ],
                [
                    57,
                    "Ладожская",
                    60
                ],
                [
                    58,
                    "пр.Большевиков",
                    61
                ],
                [
                    59,
                    "ул.Дыбенко",
                    62
                ]
            ],
            "text_id": 63
        },
        {
            "delays": [
                240,
                300
            ],
            "name": "Линия 5",
            "scheme": null,
            "segments": [
                [
                    60,
                    61,
                    300
                ],
                [
                    61,
                    60,
                    300
                ]
            ],
            "stations": [
                [
                    60,
                    "Звенигородская",
                    64
                ],
                [
                    61,
                    "Волковская",
                    65
                ]
            ],
            "text_id": 66
        }
    ],
    "name": "metro",
    "transfers": [
        [
            27,
            39,
            120,
            true
        ],
        [
            41,
            55,
            120,
            true
        ],
        [
            53,
            10,
            120,
            true
        ],
        [
            9,
            40,
            120,
            true
        ],
        [
            52,
            28,
            180,
            true
        ],
        [
            11,
            60,
            140,
            true
        ],
        [
            12,
            29,
            60,
            true
        ]
    ],
    "type_name": "Метро"
}