{
    "default_transports": [
        "metro"
    ],
    "height": 829,
    "images": [
        "res/schemes/sofia.svg"
    ],
    "is_vector": true,
    "lines": [
        {
            "labels_bg_color": "-1",
            "labels_color": "D40000",
            "line_color": "D40000",
            "line_width": 9,
            "name": "1 metrodiametr",
            "segments": [
                [
                    0,
                    1,
                    [
                        [
                            593,
                            640
                        ],
                        [
                            593,
                            679
                        ]
                    ],
                    true
                ],
                [
                    1,
                    2,
                    [
                        [
                            593,
                            602
                        ],
                        [
                            593,
                            640
                        ]
                    ],
                    true
                ],
                [
                    2,
                    9,
                    [
                        [
                            593,
                            565
                        ],
                        [
                            593,
                            602
                        ]
                    ],
                    true
                ],
                [
                    3,
                    4,
                    [
                        [
                            763,
                            513
                        ],
                        [
                            793,
                            483
                        ]
                    ],
                    true
                ],
                [
                    4,
                    5,
                    [
                        [
                            735,
                            541
                        ],
                        [
                            763,
                            513
                        ]
                    ],
                    true
                ],
                [
                    5,
                    6,
                    [
                        [
                            705,
                            571
                        ],
                        [
                            735,
                            541
                        ]
                    ],
                    true
                ],
                [
                    6,
                    7,
                    [
                        [
                            674,
                            602
                        ],
                        [
                            705,
                            571
                        ]
                    ],
                    true
                ],
                [
                    7,
                    8,
                    [
                        [
                            630,
                            602
                        ],
                        [
                            674,
                            602
                        ]
                    ],
                    true
                ],
                [
                    8,
                    9,
                    [
                        [
                            593,
                            565
                        ],
                        [
                            630,
                            602
                        ]
                    ],
                    true
                ],
                [
                    9,
                    10,
                    [
                        [
                            561,
                            533
                        ],
                        [
                            593,
                            565
                        ]
                    ],
                    true
                ],
                [
                    10,
                    11,
                    [
                        [
                            530,
                            502
                        ],
                        [
                            561,
                            533
                        ]
                    ],
                    true
                ],
                [
                    11,
                    12,
                    [
                        [
                            495,
                            467
                        ],
                        [
                            530,
                            502
                        ]
                    ],
                    true
                ],
                [
                    12,
                    13,
                    [
                        [
                            455,
                            427
                        ],
                        [
                            495,
                            467
                        ]
                    ],
                    true
                ],
                [
                    13,
                    14,
                    [
                        [
                            416,
                            388
                        ],
                        [
                            455,
                            427
                        ]
                    ],
                    true
                ],
                [
                    14,
                    15,
                    [
                        [
                            359,
                            331
                        ],
                        [
                            416,
                            388
                        ]
                    ],
                    true
                ],
                [
                    15,
                    16,
                    [
                        [
                            309,
                            331
                        ],
                        [
                            359,
                            331
                        ]
                    ],
                    true
                ],
                [
                    16,
                    17,
                    [
                        [
                            246,
                            331
                        ],
                        [
                            309,
                            331
                        ]
                    ],
                    true
                ],
                [
                    17,
                    18,
                    [
                        [
                            189,
                            274
                        ],
                        [
                            246,
                            331
                        ]
                    ],
                    true
                ],
                [
                    18,
                    19,
                    [
                        [
                            144,
                            229
                        ],
                        [
                            189,
                            274
                        ]
                    ],
                    true
                ],
                [
                    19,
                    20,
                    [
                        [
                            92,
                            177
                        ],
                        [
                            144,
                            229
                        ]
                    ],
                    true
                ],
                [
                    20,
                    21,
                    [
                        [
                            92,
                            89
                        ],
                        [
                            92,
                            177
                        ]
                    ],
                    true
                ],
                [
                    21,
                    22,
                    [
                        [
                            146,
                            35
                        ],
                        [
                            92,
                            89
                        ]
                    ],
                    true
                ]
            ],
            "stations": [
                {
                    "coord": [
                        593,
                        679
                    ],
                    "is_working": true,
                    "name": "Бизнес парк София",
                    "rect": [
                        477,
                        672,
                        103,
                        15
                    ],
                    "text_id": 0,
                    "uid": 0
                },
                {
                    "coord": [
                        593,
                        640
                    ],
                    "is_working": true,
                    "name": "Акад. Ал. Теодоров - Балан",
                    "rect": [
                        434,
                        633,
                        146,
                        15
                    ],
                    "text_id": 1,
                    "uid": 1
                },
                {
                    "coord": [
                        593,
                        602
                    ],
                    "is_working": true,
                    "name": "Александър Малинов",
                    "rect": [
                        464,
                        595,
                        116,
                        15
                    ],
                    "text_id": 2,
                    "uid": 2
                },
                {
                    "coord": [
                        793,
                        483
                    ],
                    "is_working": true,
                    "name": "Аэропорт",
                    "rect": [
                        806,
                        476,
                        51,
                        15
                    ],
                    "text_id": 3,
                    "uid": 3
                },
                {
                    "coord": [
                        763,
                        513
                    ],
                    "is_working": true,
                    "name": "Софийска света гора",
                    "rect": [
                        776,
                        507,
                        111,
                        15
                    ],
                    "text_id": 4,
                    "uid": 4
                },
                {
                    "coord": [
                        735,
                        541
                    ],
                    "is_working": true,
                    "name": "Искарско шосе",
                    "rect": [
                        748,
                        536,
                        80,
                        15
                    ],
                    "text_id": 5,
                    "uid": 5
                },
                {
                    "coord": [
                        705,
                        571
                    ],
                    "is_working": true,
                    "name": "Дружба",
                    "rect": [
                        718,
                        566,
                        40,
                        15
                    ],
                    "text_id": 6,
                    "uid": 6
                },
                {
                    "coord": [
                        674,
                        602
                    ],
                    "is_working": true,
                    "name": "ИЕЦ - Цариградско шосе",
                    "rect": [
                        687,
                        597,
                        130,
                        15
                    ],
                    "text_id": 7,
                    "uid": 7
                },
                {
                    "coord": [
                        630,
                        602
                    ],
                    "is_working": true,
                    "name": "Младост 3",
                    "rect": [
                        609,
                        614,
                        57,
                        15
                    ],
                    "text_id": 8,
                    "uid": 8
                },
                {
                    "coord": [
                        593,
                        565
                    ],
                    "is_working": true,
                    "name": "Младост 1",
                    "rect": [
                        606,
                        555,
                        57,
                        15
                    ],
                    "text_id": 9,
                    "uid": 9
                },
                {
                    "coord": [
                        561,
                        533
                    ],
                    "is_working": true,
                    "name": "Мусагеница",
                    "rect": [
                        574,
                        523,
                        63,
                        15
                    ],
                    "text_id": 10,
                    "uid": 10
                },
                {
                    "coord": [
                        530,
                        502
                    ],
                    "is_working": true,
                    "name": "Г. М. Димитров",
                    "rect": [
                        543,
                        492,
                        79,
                        15
                    ],
                    "text_id": 11,
                    "uid": 11
                },
                {
                    "coord": [
                        495,
                        467
                    ],
                    "is_working": true,
                    "name": "Жолио Кюри",
                    "rect": [
                        508,
                        458,
                        66,
                        15
                    ],
                    "text_id": 12,
                    "uid": 12
                },
                {
                    "coord": [
                        455,
                        427
                    ],
                    "is_working": true,
                    "name": "Стадион Васил Левски",
                    "rect": [
                        468,
                        417,
                        121,
                        15
                    ],
                    "text_id": 13,
                    "uid": 13
                },
                {
                    "coord": [
                        416,
                        388
                    ],
                    "is_working": true,
                    "name": "Климент Охридски",
                    "rect": [
                        429,
                        378,
                        99,
                        15
                    ],
                    "text_id": 14,
                    "uid": 14
                },
                {
                    "coord": [
                        359,
                        331
                    ],
                    "is_working": true,
                    "name": "Сердика",
                    "rect": [
                        396,
                        323,
                        46,
                        15
                    ],
                    "text_id": 15,
                    "uid": 15
                },
                {
                    "coord": [
                        309,
                        331
                    ],
                    "is_working": true,
                    "name": "Опълченска",
                    "rect": [
                        275,
                        343,
                        66,
                        15
                    ],
                    "text_id": 16,
                    "uid": 16
                },
                {
                    "coord": [
                        246,
                        331
                    ],
                    "is_working": true,
                    "name": "Константин Величков",
                    "rect": [
                        120,
                        326,
                        113,
                        15
                    ],
                    "text_id": 17,
                    "uid": 17
                },
                {
                    "coord": [
                        189,
                        274
                    ],
                    "is_working": true,
                    "name": "Вардар",
                    "rect": [
                        135,
                        269,
                        41,
                        15
                    ],
                    "text_id": 18,
                    "uid": 18
                },
                {
                    "coord": [
                        144,
                        229
                    ],
                    "is_working": true,
                    "name": "Западен парк",
                    "rect": [
                        59,
                        224,
                        72,
                        15
                    ],
                    "text_id": 19,
                    "uid": 19
                },
                {
                    "coord": [
                        92,
                        177
                    ],
                    "is_working": true,
                    "name": "Люлин",
                    "rect": [
                        42,
                        170,
                        37,
                        15
                    ],
                    "text_id": 20,
                    "uid": 20
                },
                {
                    "coord": [
                        92,
                        89
                    ],
                    "is_working": true,
                    "name": "Сливница",
                    "rect": [
                        26,
                        82,
                        53,
                        15
                    ],
                    "text_id": 21,
                    "uid": 21
                },
                {
                    "coord": [
                        146,
                        35
                    ],
                    "is_working": true,
                    "name": "Обеля",
                    "rect": [
                        95,
                        26,
                        35,
                        15
                    ],
                    "text_id": 22,
                    "uid": 22
                }
            ],
            "text_id": 23
        },
        {
            "labels_bg_color": "-1",
            "labels_color": "0044AA",
            "line_color": "0044AA",
            "line_width": 9,
            "name": "2 metrodiametr",
            "segments": [
                [
                    23,
                    24,
                    [
                        [
                            194,
                            35
                        ],
                        [
                            146,
                            35
                        ]
                    ],
                    true
                ],
                [
                    24,
                    25,
                    [
                        [
                            231,
                            72
                        ],
                        [
                            194,
                            35
                        ]
                    ],
                    true
                ],
                [
                    25,
                    26,
                    [
                        [
                            266,
                            107
                        ],
                        [
                            231,
                            72
                        ]
                    ],
                    true
                ],
                [
                    26,
                    27,
                    [
                        [
                            302,
                            143
                        ],
                        [
                            266,
                            107
                        ]
                    ],
                    true
                ],
                [
                    27,
                    28,
                    [
                        [
                            343,
                            184
                        ],
                        [
                            302,
                            143
                        ]
                    ],
                    true
                ],
                [
                    28,
                    29,
                    [
                        [
                            380,
                            221
                        ],
                        [
                            343,
                            184
                        ]
                    ],
                    true
                ],
                [
                    29,
                    30,
                    [
                        [
                            380,
                            271
                        ],
                        [
                            380,
                            221
                        ]
                    ],
                    true
                ],
                [
                    30,
                    31,
                    [
                        [
                            380,
                            331
                        ],
                        [
                            380,
                            271
                        ]
                    ],
                    true
                ],
                [
                    31,
                    32,
                    [
                        [
                            380,
                            385
                        ],
                        [
                            380,
                            331
                        ]
                    ],
                    true
                ],
                [
                    32,
                    33,
                    [
                        [
                            380,
                            427
                        ],
                        [
                            380,
                            385
                        ]
                    ],
                    true
                ],
                [
                    33,
                    34,
                    [
                        [
                            380,
                            483
                        ],
                        [
                            380,
                            427
                        ]
                    ],
                    true
                ]
            ],
            "stations": [
                {
                    "coord": [
                        146,
                        35
                    ],
                    "is_working": true,
                    "name": "Обеля",
                    "rect": [
                        95,
                        26,
                        35,
                        15
                    ],
                    "text_id": 22,
                    "uid": 23
                },
                {
                    "coord": [
                        194,
                        35
                    ],
                    "is_working": true,
                    "name": "Ломско шосе",
                    "rect": [
                        207,
                        25,
                        70,
                        15
                    ],
                    "text_id": 24,
                    "uid": 24
                },
                {
                    "coord": [
                        231,
                        72
                    ],
                    "is_working": true,
                    "name": "Бели Дунав",
                    "rect": [
                        244,
                        63,
                        63,
                        15
                    ],
                    "text_id": 25,
                    "uid": 25
                },
                {
                    "coord": [
                        266,
                        107
                    ],
                    "is_working": true,
                    "name": "Надежда",
                    "rect": [
                        279,
                        98,
                        49,
                        15
                    ],
                    "text_id": 26,
                    "uid": 26
                },
                {
                    "coord": [
                        302,
                        143
                    ],
                    "is_working": true,
                    "name": "Хан Кубрат",
                    "rect": [
                        315,
                        134,
                        59,
                        15
                    ],
                    "text_id": 27,
                    "uid": 27
                },
                {
                    "coord": [
                        343,
                        184
                    ],
                    "is_working": true,
                    "name": "Княгиня Мария Луиза",
                    "rect": [
                        356,
                        175,
                        111,
                        15
                    ],
                    "text_id": 28,
                    "uid": 28
                },
                {
                    "coord": [
                        380,
                        221
                    ],
                    "is_working": true,
                    "name": "Централна ж.п. гара",
                    "rect": [
                        393,
                        214,
                        105,
                        15
                    ],
                    "text_id": 29,
                    "uid": 29
                },
                {
                    "coord": [
                        380,
                        271
                    ],
                    "is_working": true,
                    "name": "Лъвов мост",
                    "rect": [
                        393,
                        264,
                        63,
                        15
                    ],
                    "text_id": 30,
                    "uid": 30
                },
                {
                    "coord": [
                        380,
                        331
                    ],
                    "is_working": true,
                    "name": "Сердика",
                    "rect": [
                        396,
                        323,
                        46,
                        15
                    ],
                    "text_id": 15,
                    "uid": 31
                },
                {
                    "coord": [
                        380,
                        385
                    ],
                    "is_working": true,
                    "name": "НДК",
                    "rect": [
                        344,
                        373,
                        23,
                        15
                    ],
                    "text_id": 31,
                    "uid": 32
                },
                {
                    "coord": [
                        380,
                        427
                    ],
                    "is_working": true,
                    "name": "Европейски съюз",
                    "rect": [
                        269,
                        419,
                        93,
                        15
                    ],
                    "text_id": 32,
                    "uid": 33
                },
                {
                    "coord": [
                        380,
                        483
                    ],
                    "is_working": true,
                    "name": "Джеймс Баучер",
                    "rect": [
                        282,
                        475,
                        83,
                        15
                    ],
                    "text_id": 33,
                    "uid": 34
                }
            ],
            "text_id": 34
        }
    ],
    "lines_width": 9,
    "name": "metro",
    "name_text_id": 35,
    "stations_diameter": 20.0,
    "transfers": [],
    "transports": [
        "metro"
    ],
    "type_name": "ROOT",
    "type_text_id": 36,
    "upper_case": true,
    "width": 943,
    "word_wrap": false
}