{
    "default_transports": [
        "metro"
    ],
    "height": 724,
    "images": [
        "res/schemes/calgary.svg"
    ],
    "is_vector": true,
    "lines": [
        {
            "labels_bg_color": "-1",
            "labels_color": "0000af",
            "line_color": "0000cf",
            "line_width": 7,
            "name": "201",
            "segments": [
                [
                    0,
                    1,
                    [
                        [
                            33,
                            96
                        ],
                        [
                            11,
                            74
                        ]
                    ],
                    true
                ],
                [
                    1,
                    2,
                    [
                        [
                            54,
                            117
                        ],
                        [
                            33,
                            96
                        ]
                    ],
                    true
                ],
                [
                    2,
                    3,
                    [
                        [
                            75,
                            138
                        ],
                        [
                            54,
                            117
                        ]
                    ],
                    true
                ],
                [
                    3,
                    4,
                    [
                        [
                            96,
                            159
                        ],
                        [
                            75,
                            138
                        ]
                    ],
                    true
                ],
                [
                    4,
                    5,
                    [
                        [
                            117,
                            180
                        ],
                        [
                            96,
                            159
                        ]
                    ],
                    true
                ],
                [
                    5,
                    6,
                    [
                        [
                            137,
                            200
                        ],
                        [
                            117,
                            180
                        ]
                    ],
                    true
                ],
                [
                    6,
                    7,
                    [
                        [
                            159,
                            222
                        ],
                        [
                            137,
                            200
                        ]
                    ],
                    true
                ],
                [
                    7,
                    8,
                    [
                        [
                            197,
                            260
                        ],
                        [
                            159,
                            222
                        ]
                    ],
                    true
                ],
                [
                    8,
                    9,
                    [
                        [
                            217,
                            260
                        ],
                        [
                            197,
                            260
                        ]
                    ],
                    true
                ],
                [
                    9,
                    10,
                    [
                        [
                            234,
                            260
                        ],
                        [
                            217,
                            260
                        ]
                    ],
                    true
                ],
                [
                    10,
                    11,
                    [
                        [
                            252,
                            260
                        ],
                        [
                            234,
                            260
                        ]
                    ],
                    true
                ],
                [
                    11,
                    12,
                    [
                        [
                            270,
                            260
                        ],
                        [
                            252,
                            260
                        ]
                    ],
                    true
                ],
                [
                    12,
                    13,
                    [
                        [
                            289,
                            260
                        ],
                        [
                            270,
                            260
                        ]
                    ],
                    true
                ],
                [
                    13,
                    14,
                    [
                        [
                            307,
                            260
                        ],
                        [
                            289,
                            260
                        ]
                    ],
                    true
                ],
                [
                    14,
                    15,
                    [
                        [
                            326,
                            260
                        ],
                        [
                            307,
                            260
                        ]
                    ],
                    true
                ],
                [
                    15,
                    16,
                    [
                        [
                            344,
                            260
                        ],
                        [
                            326,
                            260
                        ]
                    ],
                    true
                ],
                [
                    16,
                    17,
                    [
                        [
                            354,
                            294
                        ],
                        [
                            354.0,
                            260.0
                        ],
                        [
                            344,
                            260
                        ]
                    ],
                    true
                ],
                [
                    17,
                    18,
                    [
                        [
                            354,
                            321
                        ],
                        [
                            354,
                            294
                        ]
                    ],
                    true
                ],
                [
                    18,
                    19,
                    [
                        [
                            354,
                            349
                        ],
                        [
                            354,
                            321
                        ]
                    ],
                    true
                ],
                [
                    19,
                    20,
                    [
                        [
                            354,
                            376
                        ],
                        [
                            354,
                            349
                        ]
                    ],
                    true
                ],
                [
                    20,
                    21,
                    [
                        [
                            354,
                            403
                        ],
                        [
                            354,
                            376
                        ]
                    ],
                    true
                ],
                [
                    21,
                    22,
                    [
                        [
                            354,
                            432
                        ],
                        [
                            354,
                            403
                        ]
                    ],
                    true
                ],
                [
                    22,
                    23,
                    [
                        [
                            354,
                            460
                        ],
                        [
                            354,
                            432
                        ]
                    ],
                    true
                ],
                [
                    23,
                    24,
                    [
                        [
                            354,
                            489
                        ],
                        [
                            354,
                            460
                        ]
                    ],
                    true
                ],
                [
                    24,
                    25,
                    [
                        [
                            354,
                            517
                        ],
                        [
                            354,
                            489
                        ]
                    ],
                    true
                ],
                [
                    25,
                    26,
                    [
                        [
                            354,
                            545
                        ],
                        [
                            354,
                            517
                        ]
                    ],
                    true
                ],
                [
                    26,
                    27,
                    [
                        [
                            354,
                            574
                        ],
                        [
                            354,
                            545
                        ]
                    ],
                    true
                ]
            ],
            "stations": [
                {
                    "coord": [
                        11,
                        74
                    ],
                    "is_working": true,
                    "name": "Crowfoot",
                    "rect": [
                        20,
                        62,
                        52,
                        15
                    ],
                    "text_id": 0,
                    "uid": 0
                },
                {
                    "coord": [
                        33,
                        96
                    ],
                    "is_working": true,
                    "name": "Dalhousie",
                    "rect": [
                        42,
                        84,
                        52,
                        15
                    ],
                    "text_id": 1,
                    "uid": 1
                },
                {
                    "coord": [
                        54,
                        117
                    ],
                    "is_working": true,
                    "name": "Brentwood",
                    "rect": [
                        63,
                        105,
                        55,
                        15
                    ],
                    "text_id": 2,
                    "uid": 2
                },
                {
                    "coord": [
                        75,
                        138
                    ],
                    "is_working": true,
                    "name": "University",
                    "rect": [
                        84,
                        126,
                        53,
                        15
                    ],
                    "text_id": 3,
                    "uid": 3
                },
                {
                    "coord": [
                        96,
                        159
                    ],
                    "is_working": true,
                    "name": "Banff Trail",
                    "rect": [
                        105,
                        147,
                        53,
                        15
                    ],
                    "text_id": 4,
                    "uid": 4
                },
                {
                    "coord": [
                        117,
                        180
                    ],
                    "is_working": true,
                    "name": "Lions Park",
                    "rect": [
                        126,
                        168,
                        55,
                        15
                    ],
                    "text_id": 5,
                    "uid": 5
                },
                {
                    "coord": [
                        137,
                        200
                    ],
                    "is_working": true,
                    "name": "SAIT/ACAD/Jubilee",
                    "rect": [
                        146,
                        188,
                        100,
                        15
                    ],
                    "text_id": 6,
                    "uid": 6
                },
                {
                    "coord": [
                        159,
                        222
                    ],
                    "is_working": true,
                    "name": "Sunnyside",
                    "rect": [
                        168,
                        210,
                        54,
                        15
                    ],
                    "text_id": 7,
                    "uid": 7
                },
                {
                    "coord": [
                        197,
                        260
                    ],
                    "is_working": true,
                    "name": "8 St",
                    "rect": [
                        194,
                        230,
                        15,
                        21
                    ],
                    "text_id": 8,
                    "uid": 8
                },
                {
                    "coord": [
                        217,
                        260
                    ],
                    "is_working": true,
                    "name": "7 St",
                    "rect": [
                        210,
                        230,
                        15,
                        21
                    ],
                    "text_id": 9,
                    "uid": 9
                },
                {
                    "coord": [
                        234,
                        260
                    ],
                    "is_working": true,
                    "name": "6 St",
                    "rect": [
                        227,
                        230,
                        15,
                        21
                    ],
                    "text_id": 10,
                    "uid": 10
                },
                {
                    "coord": [
                        252,
                        260
                    ],
                    "is_working": true,
                    "name": "4 St",
                    "rect": [
                        245,
                        230,
                        15,
                        21
                    ],
                    "text_id": 11,
                    "uid": 11
                },
                {
                    "coord": [
                        270,
                        260
                    ],
                    "is_working": true,
                    "name": "3 St",
                    "rect": [
                        264,
                        230,
                        15,
                        21
                    ],
                    "text_id": 12,
                    "uid": 12
                },
                {
                    "coord": [
                        289,
                        260
                    ],
                    "is_working": true,
                    "name": "1 St",
                    "rect": [
                        282,
                        230,
                        15,
                        21
                    ],
                    "text_id": 13,
                    "uid": 13
                },
                {
                    "coord": [
                        307,
                        260
                    ],
                    "is_working": true,
                    "name": "Centre St",
                    "rect": [
                        300,
                        203,
                        15,
                        48
                    ],
                    "text_id": 14,
                    "uid": 14
                },
                {
                    "coord": [
                        326,
                        260
                    ],
                    "is_working": true,
                    "name": "Olympic Plaza",
                    "rect": [
                        319,
                        178,
                        15,
                        73
                    ],
                    "text_id": 15,
                    "uid": 15
                },
                {
                    "coord": [
                        344,
                        260
                    ],
                    "is_working": true,
                    "name": "City Hall",
                    "rect": [
                        337,
                        206,
                        15,
                        45
                    ],
                    "text_id": 16,
                    "uid": 16
                },
                {
                    "coord": [
                        354,
                        294
                    ],
                    "is_working": true,
                    "name": "Victoria Park - Stampede",
                    "rect": [
                        363,
                        287,
                        124,
                        15
                    ],
                    "text_id": 17,
                    "uid": 17
                },
                {
                    "coord": [
                        354,
                        321
                    ],
                    "is_working": true,
                    "name": "Erlton - Stampede",
                    "rect": [
                        363,
                        314,
                        89,
                        15
                    ],
                    "text_id": 18,
                    "uid": 18
                },
                {
                    "coord": [
                        354,
                        349
                    ],
                    "is_working": true,
                    "name": "39 Avenue",
                    "rect": [
                        363,
                        342,
                        55,
                        15
                    ],
                    "text_id": 19,
                    "uid": 19
                },
                {
                    "coord": [
                        354,
                        376
                    ],
                    "is_working": true,
                    "name": "Chinook",
                    "rect": [
                        363,
                        369,
                        43,
                        15
                    ],
                    "text_id": 20,
                    "uid": 20
                },
                {
                    "coord": [
                        354,
                        403
                    ],
                    "is_working": true,
                    "name": "Heritage",
                    "rect": [
                        363,
                        396,
                        44,
                        15
                    ],
                    "text_id": 21,
                    "uid": 21
                },
                {
                    "coord": [
                        354,
                        432
                    ],
                    "is_working": true,
                    "name": "Southland",
                    "rect": [
                        363,
                        425,
                        51,
                        15
                    ],
                    "text_id": 22,
                    "uid": 22
                },
                {
                    "coord": [
                        354,
                        460
                    ],
                    "is_working": true,
                    "name": "Anderson",
                    "rect": [
                        363,
                        453,
                        50,
                        15
                    ],
                    "text_id": 23,
                    "uid": 23
                },
                {
                    "coord": [
                        354,
                        489
                    ],
                    "is_working": true,
                    "name": "Canyon Meadows",
                    "rect": [
                        363,
                        482,
                        90,
                        15
                    ],
                    "text_id": 24,
                    "uid": 24
                },
                {
                    "coord": [
                        354,
                        517
                    ],
                    "is_working": true,
                    "name": "Fish Creek - Lacombe",
                    "rect": [
                        363,
                        510,
                        110,
                        15
                    ],
                    "text_id": 25,
                    "uid": 25
                },
                {
                    "coord": [
                        354,
                        545
                    ],
                    "is_working": true,
                    "name": "Shawnessy",
                    "rect": [
                        363,
                        538,
                        59,
                        15
                    ],
                    "text_id": 26,
                    "uid": 26
                },
                {
                    "coord": [
                        354,
                        574
                    ],
                    "is_working": true,
                    "name": "Somerset-Bridlewood",
                    "rect": [
                        363,
                        567,
                        108,
                        15
                    ],
                    "text_id": 27,
                    "uid": 27
                }
            ],
            "text_id": 28
        },
        {
            "labels_bg_color": "-1",
            "labels_color": "af0000",
            "line_color": "cf0000",
            "line_width": 7,
            "name": "202",
            "segments": [
                [
                    28,
                    29,
                    [
                        [
                            50,
                            273
                        ],
                        [
                            25,
                            273
                        ]
                    ],
                    true
                ],
                [
                    29,
                    30,
                    [
                        [
                            75,
                            273
                        ],
                        [
                            50,
                            273
                        ]
                    ],
                    true
                ],
                [
                    30,
                    31,
                    [
                        [
                            101,
                            273
                        ],
                        [
                            75,
                            273
                        ]
                    ],
                    true
                ],
                [
                    31,
                    32,
                    [
                        [
                            127,
                            273
                        ],
                        [
                            101,
                            273
                        ]
                    ],
                    true
                ],
                [
                    32,
                    33,
                    [
                        [
                            151,
                            273
                        ],
                        [
                            127,
                            273
                        ]
                    ],
                    true
                ],
                [
                    33,
                    34,
                    [
                        [
                            175,
                            273
                        ],
                        [
                            151,
                            273
                        ]
                    ],
                    true
                ],
                [
                    34,
                    35,
                    [
                        [
                            197,
                            273
                        ],
                        [
                            175,
                            273
                        ]
                    ],
                    true
                ],
                [
                    35,
                    36,
                    [
                        [
                            217,
                            273
                        ],
                        [
                            197,
                            273
                        ]
                    ],
                    true
                ],
                [
                    36,
                    37,
                    [
                        [
                            234,
                            273
                        ],
                        [
                            217,
                            273
                        ]
                    ],
                    true
                ],
                [
                    37,
                    38,
                    [
                        [
                            252,
                            273
                        ],
                        [
                            234,
                            273
                        ]
                    ],
                    true
                ],
                [
                    38,
                    39,
                    [
                        [
                            270,
                            273
                        ],
                        [
                            252,
                            273
                        ]
                    ],
                    true
                ],
                [
                    39,
                    40,
                    [
                        [
                            289,
                            273
                        ],
                        [
                            270,
                            273
                        ]
                    ],
                    true
                ],
                [
                    40,
                    41,
                    [
                        [
                            307,
                            273
                        ],
                        [
                            289,
                            273
                        ]
                    ],
                    true
                ],
                [
                    41,
                    42,
                    [
                        [
                            326,
                            273
                        ],
                        [
                            307,
                            273
                        ]
                    ],
                    true
                ],
                [
                    42,
                    43,
                    [
                        [
                            344,
                            273
                        ],
                        [
                            326,
                            273
                        ]
                    ],
                    true
                ],
                [
                    43,
                    44,
                    [
                        [
                            365,
                            273
                        ],
                        [
                            344,
                            273
                        ]
                    ],
                    true
                ],
                [
                    44,
                    45,
                    [
                        [
                            398,
                            240
                        ],
                        [
                            365,
                            273
                        ]
                    ],
                    true
                ],
                [
                    45,
                    46,
                    [
                        [
                            424,
                            214
                        ],
                        [
                            398,
                            240
                        ]
                    ],
                    true
                ],
                [
                    46,
                    47,
                    [
                        [
                            464,
                            204
                        ],
                        [
                            434.0,
                            204.0
                        ],
                        [
                            424,
                            214
                        ]
                    ],
                    true
                ],
                [
                    47,
                    48,
                    [
                        [
                            507,
                            204
                        ],
                        [
                            464,
                            204
                        ]
                    ],
                    true
                ],
                [
                    48,
                    49,
                    [
                        [
                            557,
                            184
                        ],
                        [
                            537.0,
                            204.0
                        ],
                        [
                            507,
                            204
                        ]
                    ],
                    true
                ],
                [
                    49,
                    50,
                    [
                        [
                            557,
                            146
                        ],
                        [
                            557,
                            184
                        ]
                    ],
                    true
                ],
                [
                    50,
                    51,
                    [
                        [
                            557,
                            114
                        ],
                        [
                            557,
                            146
                        ]
                    ],
                    true
                ],
                [
                    51,
                    52,
                    [
                        [
                            557,
                            83
                        ],
                        [
                            557,
                            114
                        ]
                    ],
                    true
                ],
                [
                    52,
                    53,
                    [
                        [
                            557,
                            50
                        ],
                        [
                            557,
                            83
                        ]
                    ],
                    true
                ],
                [
                    53,
                    54,
                    [
                        [
                            557,
                            18
                        ],
                        [
                            557,
                            50
                        ]
                    ],
                    true
                ]
            ],
            "stations": [
                {
                    "coord": [
                        25,
                        273
                    ],
                    "is_working": true,
                    "name": "69 St SW",
                    "rect": [
                        18,
                        282,
                        15,
                        47
                    ],
                    "text_id": 29,
                    "uid": 28
                },
                {
                    "coord": [
                        50,
                        273
                    ],
                    "is_working": true,
                    "name": "Sirocco",
                    "rect": [
                        43,
                        282,
                        15,
                        40
                    ],
                    "text_id": 30,
                    "uid": 29
                },
                {
                    "coord": [
                        75,
                        273
                    ],
                    "is_working": true,
                    "name": "45 St SW",
                    "rect": [
                        68,
                        282,
                        15,
                        47
                    ],
                    "text_id": 31,
                    "uid": 30
                },
                {
                    "coord": [
                        101,
                        273
                    ],
                    "is_working": true,
                    "name": "Westbrook",
                    "rect": [
                        94,
                        282,
                        15,
                        55
                    ],
                    "text_id": 32,
                    "uid": 31
                },
                {
                    "coord": [
                        127,
                        273
                    ],
                    "is_working": true,
                    "name": "Shaganappi Point",
                    "rect": [
                        120,
                        282,
                        15,
                        88
                    ],
                    "text_id": 33,
                    "uid": 32
                },
                {
                    "coord": [
                        151,
                        273
                    ],
                    "is_working": true,
                    "name": "Sunalta",
                    "rect": [
                        144,
                        282,
                        15,
                        39
                    ],
                    "text_id": 34,
                    "uid": 33
                },
                {
                    "coord": [
                        175,
                        273
                    ],
                    "is_working": true,
                    "name": "Downtown West - Kerby",
                    "rect": [
                        168,
                        282,
                        15,
                        120
                    ],
                    "text_id": 35,
                    "uid": 34
                },
                {
                    "coord": [
                        197,
                        273
                    ],
                    "is_working": true,
                    "name": "8 St",
                    "rect": null,
                    "text_id": 8,
                    "uid": 35
                },
                {
                    "coord": [
                        217,
                        273
                    ],
                    "is_working": true,
                    "name": "7 St",
                    "rect": null,
                    "text_id": 9,
                    "uid": 36
                },
                {
                    "coord": [
                        234,
                        273
                    ],
                    "is_working": true,
                    "name": "6 St",
                    "rect": null,
                    "text_id": 10,
                    "uid": 37
                },
                {
                    "coord": [
                        252,
                        273
                    ],
                    "is_working": true,
                    "name": "4 St",
                    "rect": null,
                    "text_id": 11,
                    "uid": 38
                },
                {
                    "coord": [
                        270,
                        273
                    ],
                    "is_working": true,
                    "name": "3 St",
                    "rect": null,
                    "text_id": 12,
                    "uid": 39
                },
                {
                    "coord": [
                        289,
                        273
                    ],
                    "is_working": true,
                    "name": "1 St",
                    "rect": null,
                    "text_id": 13,
                    "uid": 40
                },
                {
                    "coord": [
                        307,
                        273
                    ],
                    "is_working": true,
                    "name": "Centre St",
                    "rect": null,
                    "text_id": 14,
                    "uid": 41
                },
                {
                    "coord": [
                        326,
                        273
                    ],
                    "is_working": true,
                    "name": "Olympic Plaza",
                    "rect": null,
                    "text_id": 15,
                    "uid": 42
                },
                {
                    "coord": [
                        344,
                        273
                    ],
                    "is_working": true,
                    "name": "City Hall",
                    "rect": null,
                    "text_id": 16,
                    "uid": 43
                },
                {
                    "coord": [
                        365,
                        273
                    ],
                    "is_working": true,
                    "name": "3 St SE",
                    "rect": [
                        376,
                        268,
                        38,
                        15
                    ],
                    "text_id": 36,
                    "uid": 44
                },
                {
                    "coord": [
                        398,
                        240
                    ],
                    "is_working": true,
                    "name": "Bridgeland/Memorial",
                    "rect": [
                        407,
                        237,
                        105,
                        15
                    ],
                    "text_id": 37,
                    "uid": 45
                },
                {
                    "coord": [
                        424,
                        214
                    ],
                    "is_working": true,
                    "name": "Zoo",
                    "rect": [
                        433,
                        211,
                        20,
                        15
                    ],
                    "text_id": 38,
                    "uid": 46
                },
                {
                    "coord": [
                        464,
                        204
                    ],
                    "is_working": true,
                    "name": "Barlow/Max Bell",
                    "rect": [
                        422,
                        180,
                        84,
                        15
                    ],
                    "text_id": 39,
                    "uid": 47
                },
                {
                    "coord": [
                        507,
                        204
                    ],
                    "is_working": true,
                    "name": "Franklin",
                    "rect": [
                        491,
                        213,
                        42,
                        15
                    ],
                    "text_id": 40,
                    "uid": 48
                },
                {
                    "coord": [
                        557,
                        184
                    ],
                    "is_working": true,
                    "name": "Marlborough",
                    "rect": [
                        566,
                        177,
                        64,
                        15
                    ],
                    "text_id": 41,
                    "uid": 49
                },
                {
                    "coord": [
                        557,
                        146
                    ],
                    "is_working": true,
                    "name": "Rundle",
                    "rect": [
                        566,
                        139,
                        37,
                        15
                    ],
                    "text_id": 42,
                    "uid": 50
                },
                {
                    "coord": [
                        557,
                        114
                    ],
                    "is_working": true,
                    "name": "Whitehorn",
                    "rect": [
                        566,
                        107,
                        52,
                        15
                    ],
                    "text_id": 43,
                    "uid": 51
                },
                {
                    "coord": [
                        557,
                        83
                    ],
                    "is_working": true,
                    "name": "McKnight - Westwinds",
                    "rect": [
                        566,
                        11,
                        112,
                        15
                    ],
                    "text_id": 44,
                    "uid": 52
                },
                {
                    "coord": [
                        557,
                        50
                    ],
                    "is_working": true,
                    "name": "Martindale",
                    "rect": [
                        566,
                        43,
                        54,
                        15
                    ],
                    "text_id": 45,
                    "uid": 53
                },
                {
                    "coord": [
                        557,
                        18
                    ],
                    "is_working": true,
                    "name": "Saddletowne",
                    "rect": [
                        566,
                        76,
                        65,
                        15
                    ],
                    "text_id": 46,
                    "uid": 54
                }
            ],
            "text_id": 47
        }
    ],
    "lines_width": 7,
    "name": "metro",
    "name_text_id": 48,
    "stations_diameter": 13.0,
    "transfers": [],
    "transports": [
        "metro"
    ],
    "type_name": "ROOT",
    "type_text_id": 49,
    "upper_case": false,
    "width": 707,
    "word_wrap": false
}