{
    "lines": [
        {
            "delays": [],
            "name": "1",
            "scheme": null,
            "segments": [
                [
                    0,
                    1,
                    120
                ],
                [
                    1,
                    0,
                    120
                ],
                [
                    1,
                    2,
                    120
                ],
                [
                    2,
                    1,
                    120
                ],
                [
                    2,
                    3,
                    120
                ],
                [
                    3,
                    2,
                    120
                ],
                [
                    3,
                    4,
                    120
                ],
                [
                    4,
                    3,
                    120
                ],
                [
                    4,
                    5,
                    120
                ],
                [
                    5,
                    4,
                    120
                ],
                [
                    5,
                    6,
                    120
                ],
                [
                    6,
                    5,
                    120
                ],
                [
                    6,
                    7,
                    120
                ],
                [
                    7,
                    6,
                    120
                ],
                [
                    7,
                    8,
                    120
                ],
                [
                    8,
                    7,
                    120
                ],
                [
                    8,
                    9,
                    120
                ],
                [
                    9,
                    8,
                    120
                ],
                [
                    9,
                    10,
                    120
                ],
                [
                    10,
                    9,
                    120
                ],
                [
                    10,
                    11,
                    120
                ],
                [
                    11,
                    10,
                    120
                ],
                [
                    11,
                    12,
                    120
                ],
                [
                    12,
                    11,
                    120
                ],
                [
                    12,
                    13,
                    120
                ],
                [
                    13,
                    12,
                    120
                ],
                [
                    13,
                    14,
                    120
                ],
                [
                    14,
                    13,
                    120
                ],
                [
                    14,
                    15,
                    120
                ],
                [
                    15,
                    14,
                    120
                ],
                [
                    15,
                    16,
                    120
                ],
                [
                    16,
                    15,
                    120
                ],
                [
                    16,
                    17,
                    120
                ],
                [
                    17,
                    16,
                    120
                ],
                [
                    17,
                    18,
                    120
                ],
                [
                    18,
                    17,
                    120
                ],
                [
                    18,
                    19,
                    120
                ],
                [
                    19,
                    18,
                    120
                ],
                [
                    19,
                    20,
                    120
                ],
                [
                    20,
                    19,
                    120
                ],
                [
                    20,
                    21,
                    120
                ],
                [
                    21,
                    20,
                    120
                ]
            ],
            "stations": [
                [
                    0,
                    "Shuanglin",
                    0
                ],
                [
                    1,
                    "Caijindaxue",
                    1
                ],
                [
                    2,
                    "Huashanli",
                    2
                ],
                [
                    3,
                    "Fuxingmen",
                    3
                ],
                [
                    4,
                    "Chentangzhuang",
                    4
                ],
                [
                    5,
                    "Tucheng",
                    5
                ],
                [
                    6,
                    "Nanlou",
                    6
                ],
                [
                    7,
                    "Xiawafang",
                    7
                ],
                [
                    8,
                    "Xiaobailou",
                    8
                ],
                [
                    9,
                    "Yingkoudao",
                    9
                ],
                [
                    10,
                    "Anshandao",
                    10
                ],
                [
                    11,
                    "Haiguangsi",
                    11
                ],
                [
                    12,
                    "Erweilu",
                    12
                ],
                [
                    13,
                    "Xi'nanjiao",
                    13
                ],
                [
                    14,
                    "Xibeijiao",
                    14
                ],
                [
                    15,
                    "Xizhan",
                    15
                ],
                [
                    16,
                    "Honghuli",
                    16
                ],
                [
                    17,
                    "Qinjiandao",
                    17
                ],
                [
                    18,
                    "Benxilu",
                    18
                ],
                [
                    19,
                    "Guojiuchang",
                    19
                ],
                [
                    20,
                    "Xihengdi",
                    20
                ],
                [
                    21,
                    "Liuyuan",
                    21
                ]
            ],
            "text_id": 22
        },
        {
            "delays": [],
            "name": "2",
            "scheme": null,
            "segments": [
                [
                    22,
                    23,
                    120
                ],
                [
                    23,
                    22,
                    120
                ],
                [
                    23,
                    24,
                    120
                ],
                [
                    24,
                    23,
                    120
                ],
                [
                    24,
                    25,
                    120
                ],
                [
                    25,
                    24,
                    120
                ],
                [
                    25,
                    26,
                    120
                ],
                [
                    26,
                    25,
                    120
                ],
                [
                    26,
                    27,
                    120
                ],
                [
                    27,
                    26,
                    120
                ],
                [
                    27,
                    28,
                    120
                ],
                [
                    28,
                    27,
                    120
                ],
                [
                    28,
                    29,
                    120
                ],
                [
                    29,
                    28,
                    120
                ],
                [
                    29,
                    30,
                    120
                ],
                [
                    30,
                    29,
                    120
                ],
                [
                    30,
                    31,
                    0
                ],
                [
                    31,
                    30,
                    0
                ],
                [
                    31,
                    32,
                    0
                ],
                [
                    32,
                    31,
                    0
                ],
                [
                    32,
                    33,
                    120
                ],
                [
                    33,
                    32,
                    120
                ],
                [
                    33,
                    34,
                    120
                ],
                [
                    34,
                    33,
                    120
                ],
                [
                    34,
                    35,
                    120
                ],
                [
                    35,
                    34,
                    120
                ],
                [
                    35,
                    36,
                    120
                ],
                [
                    36,
                    35,
                    120
                ],
                [
                    36,
                    37,
                    120
                ],
                [
                    37,
                    36,
                    120
                ],
                [
                    37,
                    38,
                    120
                ],
                [
                    38,
                    37,
                    120
                ],
                [
                    38,
                    39,
                    120
                ],
                [
                    39,
                    38,
                    120
                ],
                [
                    39,
                    40,
                    120
                ],
                [
                    40,
                    39,
                    120
                ]
            ],
            "stations": [
                [
                    22,
                    "Caozhuang",
                    23
                ],
                [
                    23,
                    "Bianxing",
                    24
                ],
                [
                    24,
                    "Jieyuanxidao",
                    25
                ],
                [
                    25,
                    "Xianyanglu",
                    26
                ],
                [
                    26,
                    "Changhonggongyuan",
                    27
                ],
                [
                    27,
                    "Guangkaisimalu",
                    28
                ],
                [
                    28,
                    "Xi'nanjiao",
                    13
                ],
                [
                    29,
                    "Gulou",
                    29
                ],
                [
                    30,
                    "Dongnanjiao",
                    30
                ],
                [
                    31,
                    "Jianguodao",
                    31
                ],
                [
                    32,
                    "Tianjinzhan",
                    32
                ],
                [
                    33,
                    "Yuanyangguojizhongxin",
                    33
                ],
                [
                    34,
                    "Shunchiqiao",
                    34
                ],
                [
                    35,
                    "Jingjianglu",
                    35
                ],
                [
                    36,
                    "Cuifuxincun",
                    36
                ],
                [
                    37,
                    "Yudongcheng",
                    37
                ],
                [
                    38,
                    "Dengzhoulu",
                    38
                ],
                [
                    39,
                    "Guoshanlu",
                    39
                ],
                [
                    40,
                    "Konggangjingjiqu",
                    40
                ]
            ],
            "text_id": 41
        },
        {
            "delays": [],
            "name": "3",
            "scheme": null,
            "segments": [
                [
                    41,
                    42,
                    120
                ],
                [
                    42,
                    41,
                    120
                ],
                [
                    42,
                    43,
                    120
                ],
                [
                    43,
                    42,
                    120
                ],
                [
                    43,
                    44,
                    120
                ],
                [
                    44,
                    43,
                    120
                ],
                [
                    44,
                    45,
                    120
                ],
                [
                    45,
                    44,
                    120
                ],
                [
                    45,
                    46,
                    120
                ],
                [
                    46,
                    45,
                    120
                ],
                [
                    46,
                    47,
                    120
                ],
                [
                    47,
                    46,
                    120
                ],
                [
                    47,
                    48,
                    120
                ],
                [
                    48,
                    47,
                    120
                ],
                [
                    48,
                    49,
                    120
                ],
                [
                    49,
                    48,
                    120
                ],
                [
                    49,
                    50,
                    120
                ],
                [
                    50,
                    49,
                    120
                ],
                [
                    50,
                    51,
                    120
                ],
                [
                    51,
                    50,
                    120
                ],
                [
                    51,
                    52,
                    120
                ],
                [
                    52,
                    51,
                    120
                ],
                [
                    52,
                    53,
                    120
                ],
                [
                    53,
                    52,
                    120
                ],
                [
                    53,
                    54,
                    120
                ],
                [
                    54,
                    53,
                    120
                ],
                [
                    54,
                    55,
                    120
                ],
                [
                    55,
                    54,
                    120
                ],
                [
                    55,
                    56,
                    120
                ],
                [
                    56,
                    55,
                    120
                ],
                [
                    56,
                    57,
                    120
                ],
                [
                    57,
                    56,
                    120
                ],
                [
                    57,
                    58,
                    120
                ],
                [
                    58,
                    57,
                    120
                ],
                [
                    58,
                    59,
                    120
                ],
                [
                    59,
                    58,
                    120
                ],
                [
                    59,
                    60,
                    120
                ],
                [
                    60,
                    59,
                    120
                ],
                [
                    60,
                    61,
                    120
                ],
                [
                    61,
                    60,
                    120
                ],
                [
                    61,
                    62,
                    120
                ],
                [
                    62,
                    61,
                    120
                ],
                [
                    62,
                    63,
                    120
                ],
                [
                    63,
                    62,
                    120
                ]
            ],
            "stations": [
                [
                    41,
                    "Gaoxinqu",
                    42
                ],
                [
                    42,
                    "Daxuecheng",
                    43
                ],
                [
                    43,
                    "Huayuan",
                    44
                ],
                [
                    44,
                    "Wangdingdi",
                    45
                ],
                [
                    45,
                    "Hongqinanlu",
                    46
                ],
                [
                    46,
                    "Zhoudengji'nianguan",
                    47
                ],
                [
                    47,
                    "Tianta",
                    48
                ],
                [
                    48,
                    "Wujiayao",
                    49
                ],
                [
                    49,
                    "Xikanglu",
                    50
                ],
                [
                    50,
                    "Yingkoudao",
                    9
                ],
                [
                    51,
                    "Hepinglu",
                    51
                ],
                [
                    52,
                    "Jinwan'guangchang",
                    52
                ],
                [
                    53,
                    "Tianjinzhan",
                    32
                ],
                [
                    54,
                    "Jinshiqiao",
                    53
                ],
                [
                    55,
                    "Zhongshanlu",
                    54
                ],
                [
                    56,
                    "Beizhen",
                    55
                ],
                [
                    57,
                    "Tiedonglu",
                    56
                ],
                [
                    58,
                    "Zhangxingzhuang",
                    57
                ],
                [
                    59,
                    "Yixingfu",
                    58
                ],
                [
                    60,
                    "Tianshili",
                    59
                ],
                [
                    61,
                    "Huabeijituan",
                    60
                ],
                [
                    62,
                    "Fengchanhe",
                    61
                ],
                [
                    63,
                    "Xiaodian",
                    62
                ]
            ],
            "text_id": 63
        },
        {
            "delays": [],
            "name": "9",
            "scheme": null,
            "segments": [
                [
                    64,
                    65,
                    120
                ],
                [
                    65,
                    64,
                    120
                ],
                [
                    65,
                    66,
                    120
                ],
                [
                    66,
                    65,
                    120
                ],
                [
                    66,
                    67,
                    120
                ],
                [
                    67,
                    66,
                    120
                ],
                [
                    67,
                    68,
                    120
                ],
                [
                    68,
                    67,
                    120
                ],
                [
                    68,
                    69,
                    120
                ],
                [
                    69,
                    68,
                    120
                ],
                [
                    69,
                    70,
                    120
                ],
                [
                    70,
                    69,
                    120
                ],
                [
                    70,
                    71,
                    120
                ],
                [
                    71,
                    70,
                    120
                ],
                [
                    71,
                    72,
                    120
                ],
                [
                    72,
                    71,
                    120
                ],
                [
                    72,
                    73,
                    120
                ],
                [
                    73,
                    72,
                    120
                ],
                [
                    73,
                    74,
                    120
                ],
                [
                    74,
                    73,
                    120
                ],
                [
                    74,
                    75,
                    120
                ],
                [
                    75,
                    74,
                    120
                ],
                [
                    75,
                    76,
                    120
                ],
                [
                    76,
                    75,
                    120
                ],
                [
                    76,
                    77,
                    120
                ],
                [
                    77,
                    76,
                    120
                ],
                [
                    77,
                    78,
                    120
                ],
                [
                    78,
                    77,
                    120
                ],
                [
                    78,
                    79,
                    120
                ],
                [
                    79,
                    78,
                    120
                ],
                [
                    79,
                    80,
                    120
                ],
                [
                    80,
                    79,
                    120
                ],
                [
                    80,
                    81,
                    120
                ],
                [
                    81,
                    80,
                    120
                ],
                [
                    81,
                    82,
                    120
                ],
                [
                    82,
                    81,
                    120
                ]
            ],
            "stations": [
                [
                    64,
                    "Tianjinzhan",
                    32
                ],
                [
                    65,
                    "Dawangzhuang",
                    64
                ],
                [
                    66,
                    "Shiyijing Road",
                    65
                ],
                [
                    67,
                    "Zhigu",
                    66
                ],
                [
                    68,
                    "Dongxing Road",
                    67
                ],
                [
                    69,
                    "Zhongshanmen",
                    68
                ],
                [
                    70,
                    "Yihaoqiao",
                    69
                ],
                [
                    71,
                    "Erhaoqiao",
                    70
                ],
                [
                    72,
                    "Xinli",
                    71
                ],
                [
                    73,
                    "Dongli",
                    72
                ],
                [
                    74,
                    "Xiaodongzhuang",
                    73
                ],
                [
                    75,
                    "Junliangcheng",
                    74
                ],
                [
                    76,
                    "Tianjin Pipe Corp",
                    75
                ],
                [
                    77,
                    "Hujiayuan",
                    76
                ],
                [
                    78,
                    "Tanggu",
                    77
                ],
                [
                    79,
                    "TEDA",
                    78
                ],
                [
                    80,
                    "Citizen Plaza",
                    79
                ],
                [
                    81,
                    "Convention and Exhibition Center",
                    80
                ],
                [
                    82,
                    "Donghai Road",
                    81
                ]
            ],
            "text_id": 82
        }
    ],
    "name": "metro",
    "transfers": [
        [
            28,
            13,
            120,
            true
        ],
        [
            53,
            32,
            120,
            true
        ],
        [
            32,
            64,
            120,
            true
        ],
        [
            53,
            64,
            120,
            true
        ],
        [
            9,
            50,
            120,
            true
        ]
    ],
    "type_name": "Метро"
}