{
    "0": "Nemocnice Motol",
    "1": "Petriny",
    "2": "Nadrazi Valeslavin",
    "3": "Borislavka",
    "4": "Dejvicka",
    "5": "Hradcanska",
    "6": "Malostranska",
    "7": "Staromestska",
    "8": "Mustek",
    "9": "Muzeum",
    "10": "Namesti Miru",
    "11": "Jirihi z Poderab",
    "12": "Flora",
    "13": "Zelivskeho",
    "14": "Strasnicka",
    "15": "Skalka",
    "16": "Depo Hostivar",
    "17": "A",
    "18": "Zlicin",
    "19": "Stodulky",
    "20": "Luka",
    "21": "Luziny",
    "22": "Hurka",
    "23": "Nove Butovice",
    "24": "Jinonice",
    "25": "Radlicka",
    "26": "Smichovske nadrazi",
    "27": "Andel",
    "28": "Karlovo namesti",
    "29": "Narodni trida",
    "30": "Namesti Republiky",
    "31": "Florenc",
    "32": "Krizikova",
    "33": "Invalidovna",
    "34": "Palmovka",
    "35": "Ceskomoravska",
    "36": "Vysocanska",
    "37": "Kolbenova",
    "38": "Hloubetin",
    "39": "Rajska zahrada",
    "40": "Cerny most",
    "41": "B",
    "42": "Letnany",
    "43": "Prosek",
    "44": "Strizkov",
    "45": "Ladvi",
    "46": "Kobylisy",
    "47": "Nadrazi Holesovice",
    "48": "Vltavska",
    "49": "Hlavni nadrazi",
    "50": "I.P.Pavlova",
    "51": "Vysehrad",
    "52": "Prazskeho povstani",
    "53": "Pankrac",
    "54": "Budejovicka",
    "55": "Kacerov",
    "56": "Roztyly",
    "57": "Chodov",
    "58": "Opatov",
    "59": "Haje",
    "60": "C",
    "61": "Метро",
    "62": "ROOT",
    "63": "Метро",
    "64": "Схема от 28.04.2015г.\nКарту прислал Савицкий Владислав.\n\nИнформация по станциям - Савицкий Владислав. http://www.dp-praha.cz, и http://metro.dnsalias.org\n\nИнтервалы движения прислал Савицкий Владислав. http://www.dp-praha.cz, и http://metro.dnsalias.org.\nНаземный транспорт - Савицкий Владислав. http://www.doprava.cx/english/praha.php",
    "65": "Imported from http://pmetro.su"
}