{
    "0": "Norderstedt Mitte",
    "1": "Richtweg",
    "2": "Garstedt",
    "3": "Ochsenzoll",
    "4": "Kiwittsmoor",
    "5": "Langenhorn Nord",
    "6": "Langenhorn Markt",
    "7": "Fuhlsbuttel Nord",
    "8": "Fuhlsbuttel",
    "9": "Klein Borstel",
    "10": "Ohlsdorf",
    "11": "Sengelmannstrasse",
    "12": "Alsterdorf",
    "13": "Lattenkamp",
    "14": "Hudtwalckerstrasse",
    "15": "Kellinghusenstrasse",
    "16": "Klosterstern",
    "17": "Hallerstrasse",
    "18": "Stephansplatz",
    "19": "Jungfernstieg",
    "20": "Messberg",
    "21": "Steinstrasse",
    "22": "Hauptbahnhof Sud",
    "23": "Lohmuhlenstrasse",
    "24": "Lubecker Strasse",
    "25": "Wartenau",
    "26": "Ritterstrasse",
    "27": "Wandsbeker Chaussee",
    "28": "Wandsbek Markt",
    "29": "Strassburger Strasse",
    "30": "Alter Teichweg",
    "31": "Wandsbek-Gartenstadt",
    "32": "Trabrennbahn",
    "33": "Farmsen",
    "34": "Berne",
    "35": "Meiendorfer Weg",
    "36": "Volksdorf",
    "37": "Buckhorn",
    "38": "Hoisbuttel",
    "39": "Ohlstedt",
    "40": "Buchenkamp",
    "41": "Ahrensburg West",
    "42": "Ahrensburg Ost",
    "43": "Schmalenbeck",
    "44": "Kiekut",
    "45": "Grosshansdorf",
    "46": "U1",
    "47": "Niendorf Nord",
    "48": "Schippelsweg",
    "49": "Joachim-Mahl-Strasse",
    "50": "Niendorf Markt",
    "51": "Hagendeel",
    "52": "Hagenbecks Tierpark",
    "53": "Lutterothstrasse",
    "54": "Osterstrasse",
    "55": "Emilienstrasse",
    "56": "Christuskirche",
    "57": "Schlump",
    "58": "Messehallen",
    "59": "Gansemarkt",
    "60": "Hauptbahnhof Nord",
    "61": "Berliner Tor",
    "62": "Burgstrasse",
    "63": "Hammer Kirche",
    "64": "Rauhes Haus",
    "65": "Horner Rennbahn",
    "66": "Legienstrasse",
    "67": "Billstedt",
    "68": "Merkenstrasse",
    "69": "Steinfurther Allee",
    "70": "Mummelmannsberg",
    "71": "U2",
    "72": "Barmbek",
    "73": "Saarlandstrasse",
    "74": "Borgweg",
    "75": "Sierichstrasse",
    "76": "Eppendorfer Baum",
    "77": "Hoheluftbrucke",
    "78": "Sternschanze",
    "79": "Feldstrasse",
    "80": "St. Pauli",
    "81": "Landungsbrucken",
    "82": "Baumwall",
    "83": "Rodingsmarkt",
    "84": "Rathaus",
    "85": "Monckebergstrasse",
    "86": "Uhlandstrasse",
    "87": "Mundsburg",
    "88": "Hamburger Strasse",
    "89": "Dehnhaide",
    "90": "Habichtstrasse",
    "91": "U3",
    "92": "HafenCity Universitat",
    "93": "Uberseequartier",
    "94": "U4",
    "95": "Metro",
    "96": "ROOT",
    "97": "Shema ot 30.08.2013g.\nAvtor: Varlamov Dmitrij (www.chpeks.com)",
    "98": "Imported from http://pmetro.su"
}