{
    "lines": [
        {
            "delays": [
                360,
                360
            ],
            "name": "1",
            "scheme": null,
            "segments": [
                [
                    0,
                    1,
                    0
                ],
                [
                    1,
                    0,
                    0
                ],
                [
                    1,
                    2,
                    0
                ],
                [
                    2,
                    1,
                    0
                ],
                [
                    2,
                    3,
                    180
                ],
                [
                    3,
                    2,
                    180
                ],
                [
                    3,
                    4,
                    149
                ],
                [
                    4,
                    3,
                    149
                ],
                [
                    4,
                    5,
                    149
                ],
                [
                    5,
                    4,
                    149
                ],
                [
                    5,
                    6,
                    159
                ],
                [
                    6,
                    5,
                    159
                ],
                [
                    6,
                    7,
                    155
                ],
                [
                    7,
                    6,
                    155
                ],
                [
                    7,
                    8,
                    130
                ],
                [
                    8,
                    7,
                    130
                ],
                [
                    8,
                    9,
                    115
                ],
                [
                    9,
                    8,
                    115
                ],
                [
                    9,
                    10,
                    159
                ],
                [
                    10,
                    9,
                    159
                ],
                [
                    10,
                    11,
                    184
                ],
                [
                    10,
                    12,
                    null
                ],
                [
                    11,
                    10,
                    184
                ],
                [
                    12,
                    10,
                    null
                ]
            ],
            "stations": [
                [
                    0,
                    "Театральная",
                    0
                ],
                [
                    1,
                    "Самарская",
                    1
                ],
                [
                    2,
                    "Алабинская",
                    2
                ],
                [
                    3,
                    "Российская",
                    3
                ],
                [
                    4,
                    "Московская",
                    4
                ],
                [
                    5,
                    "Гагаринская",
                    5
                ],
                [
                    6,
                    "Спортивная",
                    6
                ],
                [
                    7,
                    "Советская",
                    7
                ],
                [
                    8,
                    "Победа",
                    8
                ],
                [
                    9,
                    "Безымянка",
                    9
                ],
                [
                    10,
                    "Кировская",
                    10
                ],
                [
                    11,
                    "Юнгородок",
                    11
                ],
                [
                    12,
                    "Крылья Советов",
                    12
                ]
            ],
            "text_id": 13
        }
    ],
    "name": "metro",
    "transfers": [],
    "type_name": "Метро"
}