{
    "lines": [
        {
            "delays": [],
            "name": "U70",
            "scheme": null,
            "segments": [
                [
                    0,
                    1,
                    120
                ],
                [
                    1,
                    0,
                    120
                ],
                [
                    1,
                    2,
                    120
                ],
                [
                    2,
                    1,
                    120
                ],
                [
                    2,
                    3,
                    120
                ],
                [
                    3,
                    2,
                    120
                ],
                [
                    3,
                    4,
                    120
                ],
                [
                    4,
                    3,
                    120
                ],
                [
                    4,
                    5,
                    120
                ],
                [
                    5,
                    4,
                    120
                ],
                [
                    5,
                    6,
                    120
                ],
                [
                    6,
                    5,
                    120
                ],
                [
                    6,
                    7,
                    120
                ],
                [
                    7,
                    6,
                    120
                ],
                [
                    7,
                    8,
                    120
                ],
                [
                    8,
                    7,
                    120
                ],
                [
                    8,
                    9,
                    120
                ],
                [
                    9,
                    8,
                    120
                ],
                [
                    9,
                    10,
                    120
                ],
                [
                    10,
                    9,
                    120
                ],
                [
                    10,
                    11,
                    120
                ],
                [
                    11,
                    10,
                    120
                ],
                [
                    11,
                    12,
                    120
                ],
                [
                    12,
                    11,
                    120
                ],
                [
                    12,
                    13,
                    120
                ],
                [
                    13,
                    12,
                    120
                ],
                [
                    13,
                    14,
                    120
                ],
                [
                    14,
                    13,
                    120
                ],
                [
                    14,
                    15,
                    120
                ],
                [
                    15,
                    14,
                    120
                ],
                [
                    15,
                    16,
                    120
                ],
                [
                    16,
                    15,
                    120
                ]
            ],
            "stations": [
                [
                    0,
                    "Dusseldorf Hauptbahnhof",
                    0
                ],
                [
                    1,
                    "Oststrasse",
                    1
                ],
                [
                    2,
                    "Steinstrasse/Konigsallee",
                    2
                ],
                [
                    3,
                    "Heinrich-Heine-Allee",
                    3
                ],
                [
                    4,
                    "Tonhalle/Ehrenhof",
                    4
                ],
                [
                    5,
                    "Luegplatz",
                    5
                ],
                [
                    6,
                    "Belsenplatz",
                    6
                ],
                [
                    7,
                    "Lorick",
                    7
                ],
                [
                    8,
                    "\"Meerbusch-Buderich, Landsknecht\"",
                    8
                ],
                [
                    9,
                    "Haus Meer",
                    9
                ],
                [
                    10,
                    "Bovert",
                    10
                ],
                [
                    11,
                    "Hoterheide",
                    11
                ],
                [
                    12,
                    "Krefeld-Grundend",
                    12
                ],
                [
                    13,
                    "Fischeln",
                    13
                ],
                [
                    14,
                    "Diessem",
                    14
                ],
                [
                    15,
                    "Krefeld Hauptbahnhof",
                    15
                ],
                [
                    16,
                    "\"Krefeld, Rheinstrasse\"",
                    16
                ]
            ],
            "text_id": 17
        },
        {
            "delays": [],
            "name": "U74",
            "scheme": null,
            "segments": [
                [
                    17,
                    18,
                    120
                ],
                [
                    18,
                    17,
                    120
                ],
                [
                    18,
                    19,
                    120
                ],
                [
                    19,
                    18,
                    120
                ],
                [
                    19,
                    20,
                    120
                ],
                [
                    20,
                    19,
                    120
                ],
                [
                    20,
                    21,
                    120
                ],
                [
                    21,
                    20,
                    120
                ],
                [
                    21,
                    22,
                    120
                ],
                [
                    22,
                    21,
                    120
                ],
                [
                    22,
                    23,
                    120
                ],
                [
                    23,
                    22,
                    120
                ],
                [
                    23,
                    24,
                    120
                ],
                [
                    24,
                    23,
                    120
                ],
                [
                    24,
                    25,
                    120
                ],
                [
                    25,
                    24,
                    120
                ],
                [
                    25,
                    26,
                    120
                ],
                [
                    26,
                    25,
                    120
                ],
                [
                    26,
                    27,
                    120
                ],
                [
                    27,
                    26,
                    120
                ],
                [
                    27,
                    28,
                    120
                ],
                [
                    28,
                    27,
                    120
                ],
                [
                    28,
                    29,
                    120
                ],
                [
                    29,
                    28,
                    120
                ],
                [
                    29,
                    30,
                    120
                ],
                [
                    30,
                    29,
                    120
                ],
                [
                    30,
                    31,
                    120
                ],
                [
                    31,
                    30,
                    120
                ],
                [
                    31,
                    32,
                    120
                ],
                [
                    32,
                    31,
                    120
                ],
                [
                    32,
                    33,
                    120
                ],
                [
                    33,
                    32,
                    120
                ],
                [
                    33,
                    34,
                    120
                ],
                [
                    34,
                    33,
                    120
                ],
                [
                    34,
                    35,
                    120
                ],
                [
                    35,
                    34,
                    120
                ],
                [
                    35,
                    36,
                    120
                ],
                [
                    36,
                    35,
                    120
                ],
                [
                    36,
                    37,
                    120
                ],
                [
                    37,
                    36,
                    120
                ],
                [
                    37,
                    38,
                    120
                ],
                [
                    38,
                    37,
                    120
                ],
                [
                    38,
                    39,
                    120
                ],
                [
                    39,
                    38,
                    120
                ],
                [
                    39,
                    40,
                    120
                ],
                [
                    40,
                    39,
                    120
                ],
                [
                    40,
                    41,
                    120
                ],
                [
                    41,
                    40,
                    120
                ],
                [
                    41,
                    42,
                    120
                ],
                [
                    42,
                    41,
                    120
                ],
                [
                    42,
                    43,
                    120
                ],
                [
                    43,
                    42,
                    120
                ],
                [
                    43,
                    44,
                    120
                ],
                [
                    44,
                    43,
                    120
                ],
                [
                    44,
                    45,
                    120
                ],
                [
                    45,
                    44,
                    120
                ],
                [
                    45,
                    46,
                    120
                ],
                [
                    46,
                    45,
                    120
                ],
                [
                    46,
                    47,
                    120
                ],
                [
                    47,
                    46,
                    120
                ]
            ],
            "stations": [
                [
                    17,
                    "Holthausen",
                    18
                ],
                [
                    18,
                    "Elbruchstrasse",
                    19
                ],
                [
                    19,
                    "Ickerswarder Strasse",
                    20
                ],
                [
                    20,
                    "Opladener Strasse",
                    21
                ],
                [
                    21,
                    "Werstener Dorfstrasse",
                    22
                ],
                [
                    22,
                    "Provinzialplatz",
                    23
                ],
                [
                    23,
                    "Kaiserslauterner Strasse",
                    24
                ],
                [
                    24,
                    "D-Oberbilk/Philipshalle",
                    25
                ],
                [
                    25,
                    "Ellerstrasse",
                    26
                ],
                [
                    26,
                    "Oberbilker Markt/Warschauer Strasse",
                    27
                ],
                [
                    27,
                    "Dusseldorf Hauptbahnhof",
                    0
                ],
                [
                    28,
                    "Oststrasse",
                    1
                ],
                [
                    29,
                    "Steinstrasse/Konigsallee",
                    2
                ],
                [
                    30,
                    "Heinrich-Heine-Allee",
                    3
                ],
                [
                    31,
                    "Tonhalle/Ehrenhof",
                    4
                ],
                [
                    32,
                    "Luegplatz",
                    5
                ],
                [
                    33,
                    "Barbarossaplatz",
                    28
                ],
                [
                    34,
                    "Belsenplatz",
                    6
                ],
                [
                    35,
                    "Rheinbahnhaus",
                    29
                ],
                [
                    36,
                    "Heerdter Sandberg",
                    30
                ],
                [
                    37,
                    "Prinzenallee",
                    31
                ],
                [
                    38,
                    "Lohweg",
                    32
                ],
                [
                    39,
                    "Loricker Strasse",
                    33
                ],
                [
                    40,
                    "Lorick",
                    7
                ],
                [
                    41,
                    "\"Meerbusch-Buderich, Landsknecht\"",
                    8
                ],
                [
                    42,
                    "Forsthaus",
                    34
                ],
                [
                    43,
                    "Haus Meer",
                    9
                ],
                [
                    44,
                    "Bovert",
                    10
                ],
                [
                    45,
                    "Kamperweg",
                    35
                ],
                [
                    46,
                    "Hoterheide",
                    11
                ],
                [
                    47,
                    "Meerbusch-Gorgesheide",
                    36
                ]
            ],
            "text_id": 37
        },
        {
            "delays": [],
            "name": "U75",
            "scheme": null,
            "segments": [
                [
                    48,
                    49,
                    120
                ],
                [
                    49,
                    48,
                    120
                ],
                [
                    49,
                    50,
                    120
                ],
                [
                    50,
                    49,
                    120
                ],
                [
                    50,
                    51,
                    120
                ],
                [
                    51,
                    50,
                    120
                ],
                [
                    51,
                    52,
                    120
                ],
                [
                    52,
                    51,
                    120
                ],
                [
                    52,
                    53,
                    120
                ],
                [
                    53,
                    52,
                    120
                ],
                [
                    53,
                    54,
                    120
                ],
                [
                    54,
                    53,
                    120
                ],
                [
                    54,
                    55,
                    120
                ],
                [
                    55,
                    54,
                    120
                ],
                [
                    55,
                    56,
                    120
                ],
                [
                    56,
                    55,
                    120
                ],
                [
                    56,
                    57,
                    120
                ],
                [
                    57,
                    56,
                    120
                ],
                [
                    57,
                    58,
                    120
                ],
                [
                    58,
                    57,
                    120
                ],
                [
                    58,
                    59,
                    120
                ],
                [
                    59,
                    58,
                    120
                ],
                [
                    59,
                    60,
                    120
                ],
                [
                    60,
                    59,
                    120
                ],
                [
                    60,
                    61,
                    120
                ],
                [
                    61,
                    60,
                    120
                ],
                [
                    61,
                    62,
                    120
                ],
                [
                    62,
                    61,
                    120
                ],
                [
                    62,
                    63,
                    120
                ],
                [
                    63,
                    62,
                    120
                ],
                [
                    63,
                    64,
                    120
                ],
                [
                    64,
                    63,
                    120
                ],
                [
                    64,
                    65,
                    120
                ],
                [
                    65,
                    64,
                    120
                ],
                [
                    65,
                    66,
                    120
                ],
                [
                    66,
                    65,
                    120
                ],
                [
                    66,
                    67,
                    120
                ],
                [
                    67,
                    66,
                    120
                ],
                [
                    67,
                    68,
                    120
                ],
                [
                    68,
                    67,
                    120
                ],
                [
                    68,
                    69,
                    120
                ],
                [
                    69,
                    68,
                    120
                ],
                [
                    69,
                    70,
                    120
                ],
                [
                    70,
                    69,
                    120
                ],
                [
                    70,
                    71,
                    120
                ],
                [
                    71,
                    70,
                    120
                ],
                [
                    71,
                    72,
                    120
                ],
                [
                    72,
                    71,
                    120
                ],
                [
                    72,
                    73,
                    120
                ],
                [
                    73,
                    72,
                    120
                ],
                [
                    73,
                    74,
                    120
                ],
                [
                    74,
                    73,
                    120
                ],
                [
                    74,
                    75,
                    120
                ],
                [
                    75,
                    74,
                    120
                ]
            ],
            "stations": [
                [
                    48,
                    "\"Eller, Vennhauser Allee\"",
                    38
                ],
                [
                    49,
                    "Alt Eller",
                    39
                ],
                [
                    50,
                    "D-Eller Mitte",
                    40
                ],
                [
                    51,
                    "Jagerstrasse",
                    41
                ],
                [
                    52,
                    "Am Hackenbruch",
                    42
                ],
                [
                    53,
                    "Schlesische Strasse",
                    43
                ],
                [
                    54,
                    "Lierenfeld Betriebshof",
                    44
                ],
                [
                    55,
                    "Ronsdorfer Strasse",
                    45
                ],
                [
                    56,
                    "Kettwiger Strasse",
                    46
                ],
                [
                    57,
                    "Moskauer Strasse",
                    47
                ],
                [
                    58,
                    "Dusseldorf Hauptbahnhof",
                    0
                ],
                [
                    59,
                    "Oststrasse",
                    1
                ],
                [
                    60,
                    "Steinstrasse/Konigsallee",
                    2
                ],
                [
                    61,
                    "Heinrich-Heine-Allee",
                    3
                ],
                [
                    62,
                    "Tonhalle/Ehrenhof",
                    4
                ],
                [
                    63,
                    "Luegplatz",
                    5
                ],
                [
                    64,
                    "Barbarossaplatz",
                    28
                ],
                [
                    65,
                    "Belsenplatz",
                    6
                ],
                [
                    66,
                    "Drususstrasse",
                    48
                ],
                [
                    67,
                    "Dominikus-Krankenhaus",
                    49
                ],
                [
                    68,
                    "Nikolaus-Knopp-Platz",
                    50
                ],
                [
                    69,
                    "Heesenstrasse",
                    51
                ],
                [
                    70,
                    "Aldekerkstrasse",
                    52
                ],
                [
                    71,
                    "Handweiser",
                    53
                ],
                [
                    72,
                    "D-Vogesenstrasse",
                    54
                ],
                [
                    73,
                    "Neuss-Am Kaiser",
                    55
                ],
                [
                    74,
                    "Blucherstrasse",
                    56
                ],
                [
                    75,
                    "Neuss Hauptbahnhof",
                    57
                ]
            ],
            "text_id": 58
        },
        {
            "delays": [],
            "name": "U76",
            "scheme": null,
            "segments": [
                [
                    76,
                    77,
                    120
                ],
                [
                    77,
                    76,
                    120
                ],
                [
                    77,
                    78,
                    120
                ],
                [
                    78,
                    77,
                    120
                ],
                [
                    78,
                    79,
                    120
                ],
                [
                    79,
                    78,
                    120
                ],
                [
                    79,
                    80,
                    120
                ],
                [
                    80,
                    79,
                    120
                ],
                [
                    80,
                    81,
                    120
                ],
                [
                    81,
                    80,
                    120
                ],
                [
                    81,
                    82,
                    120
                ],
                [
                    82,
                    81,
                    120
                ],
                [
                    82,
                    83,
                    120
                ],
                [
                    83,
                    82,
                    120
                ],
                [
                    83,
                    84,
                    120
                ],
                [
                    84,
                    83,
                    120
                ],
                [
                    84,
                    85,
                    120
                ],
                [
                    85,
                    84,
                    120
                ],
                [
                    85,
                    86,
                    120
                ],
                [
                    86,
                    85,
                    120
                ],
                [
                    86,
                    87,
                    120
                ],
                [
                    87,
                    86,
                    120
                ],
                [
                    87,
                    88,
                    120
                ],
                [
                    88,
                    87,
                    120
                ],
                [
                    88,
                    89,
                    120
                ],
                [
                    89,
                    88,
                    120
                ],
                [
                    89,
                    90,
                    120
                ],
                [
                    90,
                    89,
                    120
                ],
                [
                    90,
                    91,
                    120
                ],
                [
                    91,
                    90,
                    120
                ],
                [
                    91,
                    92,
                    120
                ],
                [
                    92,
                    91,
                    120
                ],
                [
                    92,
                    93,
                    120
                ],
                [
                    93,
                    92,
                    120
                ],
                [
                    93,
                    94,
                    120
                ],
                [
                    94,
                    93,
                    120
                ],
                [
                    94,
                    95,
                    120
                ],
                [
                    95,
                    94,
                    120
                ],
                [
                    95,
                    96,
                    120
                ],
                [
                    96,
                    95,
                    120
                ],
                [
                    96,
                    97,
                    120
                ],
                [
                    97,
                    96,
                    120
                ],
                [
                    97,
                    98,
                    120
                ],
                [
                    98,
                    97,
                    120
                ],
                [
                    98,
                    99,
                    120
                ],
                [
                    99,
                    98,
                    120
                ],
                [
                    99,
                    100,
                    120
                ],
                [
                    100,
                    99,
                    120
                ],
                [
                    100,
                    101,
                    120
                ],
                [
                    101,
                    100,
                    120
                ],
                [
                    101,
                    102,
                    120
                ],
                [
                    102,
                    101,
                    120
                ],
                [
                    102,
                    103,
                    120
                ],
                [
                    103,
                    102,
                    120
                ]
            ],
            "stations": [
                [
                    76,
                    "Moskauer Strasse",
                    47
                ],
                [
                    77,
                    "Dusseldorf Hauptbahnhof",
                    0
                ],
                [
                    78,
                    "Oststrasse",
                    1
                ],
                [
                    79,
                    "Steinstrasse/Konigsallee",
                    2
                ],
                [
                    80,
                    "Heinrich-Heine-Allee",
                    3
                ],
                [
                    81,
                    "Tonhalle/Ehrenhof",
                    4
                ],
                [
                    82,
                    "Luegplatz",
                    5
                ],
                [
                    83,
                    "Barbarossaplatz",
                    28
                ],
                [
                    84,
                    "Belsenplatz",
                    6
                ],
                [
                    85,
                    "Rheinbahnhaus",
                    29
                ],
                [
                    86,
                    "Heerdter Sandberg",
                    30
                ],
                [
                    87,
                    "Prinzenallee",
                    31
                ],
                [
                    88,
                    "Lohweg",
                    32
                ],
                [
                    89,
                    "Loricker Strasse",
                    33
                ],
                [
                    90,
                    "Lorick",
                    7
                ],
                [
                    91,
                    "\"Meerbusch-Buderich, Landsknecht\"",
                    8
                ],
                [
                    92,
                    "Forsthaus",
                    34
                ],
                [
                    93,
                    "Haus Meer",
                    9
                ],
                [
                    94,
                    "Bovert",
                    10
                ],
                [
                    95,
                    "Kamperweg",
                    35
                ],
                [
                    96,
                    "Hoterheide",
                    11
                ],
                [
                    97,
                    "Meerbusch-Gorgesheide",
                    36
                ],
                [
                    98,
                    "Krefeld-Grundend",
                    12
                ],
                [
                    99,
                    "Fischeln",
                    13
                ],
                [
                    100,
                    "Konigshof",
                    59
                ],
                [
                    101,
                    "Diessem",
                    14
                ],
                [
                    102,
                    "Krefeld Hauptbahnhof",
                    15
                ],
                [
                    103,
                    "\"Krefeld, Rheinstrasse\"",
                    16
                ]
            ],
            "text_id": 60
        },
        {
            "delays": [],
            "name": "U77",
            "scheme": null,
            "segments": [
                [
                    104,
                    105,
                    120
                ],
                [
                    105,
                    104,
                    120
                ],
                [
                    105,
                    106,
                    120
                ],
                [
                    106,
                    105,
                    120
                ],
                [
                    106,
                    107,
                    120
                ],
                [
                    107,
                    106,
                    120
                ],
                [
                    107,
                    108,
                    120
                ],
                [
                    108,
                    107,
                    120
                ],
                [
                    108,
                    109,
                    120
                ],
                [
                    109,
                    108,
                    120
                ],
                [
                    109,
                    110,
                    120
                ],
                [
                    110,
                    109,
                    120
                ],
                [
                    110,
                    111,
                    120
                ],
                [
                    111,
                    110,
                    120
                ],
                [
                    111,
                    112,
                    120
                ],
                [
                    112,
                    111,
                    120
                ],
                [
                    112,
                    113,
                    120
                ],
                [
                    113,
                    112,
                    120
                ],
                [
                    113,
                    114,
                    120
                ],
                [
                    114,
                    113,
                    120
                ],
                [
                    114,
                    115,
                    120
                ],
                [
                    115,
                    114,
                    120
                ],
                [
                    115,
                    116,
                    120
                ],
                [
                    116,
                    115,
                    120
                ],
                [
                    116,
                    117,
                    120
                ],
                [
                    117,
                    116,
                    120
                ],
                [
                    117,
                    118,
                    120
                ],
                [
                    118,
                    117,
                    120
                ],
                [
                    118,
                    119,
                    120
                ],
                [
                    119,
                    118,
                    120
                ],
                [
                    119,
                    120,
                    120
                ],
                [
                    120,
                    119,
                    120
                ],
                [
                    120,
                    121,
                    120
                ],
                [
                    121,
                    120,
                    120
                ],
                [
                    121,
                    122,
                    120
                ],
                [
                    122,
                    121,
                    120
                ],
                [
                    122,
                    123,
                    120
                ],
                [
                    123,
                    122,
                    120
                ],
                [
                    123,
                    124,
                    120
                ],
                [
                    124,
                    123,
                    120
                ],
                [
                    124,
                    125,
                    120
                ],
                [
                    125,
                    124,
                    120
                ]
            ],
            "stations": [
                [
                    104,
                    "Holthausen",
                    18
                ],
                [
                    105,
                    "Elbruchstrasse",
                    19
                ],
                [
                    106,
                    "Ickerswarder Strasse",
                    20
                ],
                [
                    107,
                    "Opladener Strasse",
                    21
                ],
                [
                    108,
                    "Werstener Dorfstrasse",
                    22
                ],
                [
                    109,
                    "Provinzialplatz",
                    23
                ],
                [
                    110,
                    "Kaiserslauterner Strasse",
                    24
                ],
                [
                    111,
                    "D-Oberbilk/Philipshalle",
                    25
                ],
                [
                    112,
                    "Ellerstrasse",
                    26
                ],
                [
                    113,
                    "Oberbilker Markt/Warschauer Strasse",
                    27
                ],
                [
                    114,
                    "Dusseldorf Hauptbahnhof",
                    0
                ],
                [
                    115,
                    "Oststrasse",
                    1
                ],
                [
                    116,
                    "Steinstrasse/Konigsallee",
                    2
                ],
                [
                    117,
                    "Heinrich-Heine-Allee",
                    3
                ],
                [
                    118,
                    "Tonhalle/Ehrenhof",
                    4
                ],
                [
                    119,
                    "Luegplatz",
                    5
                ],
                [
                    120,
                    "Barbarossaplatz",
                    28
                ],
                [
                    121,
                    "Belsenplatz",
                    6
                ],
                [
                    122,
                    "Rheinbahnhaus",
                    29
                ],
                [
                    123,
                    "Heerdter Sandberg",
                    30
                ],
                [
                    124,
                    "Prinzenallee",
                    31
                ],
                [
                    125,
                    "Am Seestern",
                    61
                ]
            ],
            "text_id": 62
        },
        {
            "delays": [],
            "name": "U78",
            "scheme": null,
            "segments": [
                [
                    126,
                    127,
                    120
                ],
                [
                    127,
                    126,
                    120
                ],
                [
                    127,
                    128,
                    120
                ],
                [
                    128,
                    127,
                    120
                ],
                [
                    128,
                    129,
                    120
                ],
                [
                    129,
                    128,
                    120
                ],
                [
                    129,
                    130,
                    120
                ],
                [
                    130,
                    129,
                    120
                ],
                [
                    130,
                    131,
                    120
                ],
                [
                    131,
                    130,
                    120
                ],
                [
                    131,
                    132,
                    120
                ],
                [
                    132,
                    131,
                    120
                ],
                [
                    132,
                    133,
                    120
                ],
                [
                    133,
                    132,
                    120
                ],
                [
                    133,
                    134,
                    120
                ],
                [
                    134,
                    133,
                    120
                ],
                [
                    134,
                    135,
                    120
                ],
                [
                    135,
                    134,
                    120
                ],
                [
                    135,
                    136,
                    120
                ],
                [
                    136,
                    135,
                    120
                ],
                [
                    136,
                    137,
                    120
                ],
                [
                    137,
                    136,
                    120
                ],
                [
                    137,
                    138,
                    120
                ],
                [
                    138,
                    137,
                    120
                ],
                [
                    138,
                    139,
                    120
                ],
                [
                    139,
                    138,
                    120
                ],
                [
                    139,
                    140,
                    120
                ],
                [
                    140,
                    141,
                    120
                ],
                [
                    141,
                    139,
                    120
                ]
            ],
            "stations": [
                [
                    126,
                    "Dusseldorf Hauptbahnhof",
                    0
                ],
                [
                    127,
                    "Oststrasse",
                    1
                ],
                [
                    128,
                    "Steinstrasse/Konigsallee",
                    2
                ],
                [
                    129,
                    "Heinrich-Heine-Allee",
                    3
                ],
                [
                    130,
                    "Nordstrasse",
                    63
                ],
                [
                    131,
                    "Victoriaplatz/Klever Strasse",
                    64
                ],
                [
                    132,
                    "Kennedydamm",
                    65
                ],
                [
                    133,
                    "Golzheimer Platz",
                    66
                ],
                [
                    134,
                    "Theodor-Heuss-Brucke",
                    67
                ],
                [
                    135,
                    "Reeser Platz",
                    68
                ],
                [
                    136,
                    "Nordpark/Aquazoo",
                    69
                ],
                [
                    137,
                    "Messe Ost/Stockumer Kirchstrasse",
                    70
                ],
                [
                    138,
                    "Freiligrathplatz",
                    71
                ],
                [
                    139,
                    "Morikestrasse",
                    72
                ],
                [
                    140,
                    "Sportpark Nord/Europaplatz",
                    73
                ],
                [
                    141,
                    "Arena/Messe Nord",
                    74
                ]
            ],
            "text_id": 75
        },
        {
            "delays": [],
            "name": "U79",
            "scheme": null,
            "segments": [
                [
                    142,
                    143,
                    120
                ],
                [
                    143,
                    142,
                    120
                ],
                [
                    143,
                    144,
                    120
                ],
                [
                    144,
                    143,
                    120
                ],
                [
                    144,
                    145,
                    120
                ],
                [
                    145,
                    144,
                    120
                ],
                [
                    145,
                    146,
                    120
                ],
                [
                    146,
                    145,
                    120
                ],
                [
                    146,
                    147,
                    120
                ],
                [
                    147,
                    146,
                    120
                ],
                [
                    147,
                    148,
                    120
                ],
                [
                    148,
                    147,
                    120
                ],
                [
                    148,
                    149,
                    120
                ],
                [
                    149,
                    148,
                    120
                ],
                [
                    149,
                    150,
                    120
                ],
                [
                    150,
                    149,
                    120
                ],
                [
                    150,
                    151,
                    120
                ],
                [
                    151,
                    150,
                    120
                ],
                [
                    151,
                    152,
                    120
                ],
                [
                    152,
                    151,
                    120
                ],
                [
                    152,
                    153,
                    120
                ],
                [
                    153,
                    152,
                    120
                ],
                [
                    153,
                    154,
                    120
                ],
                [
                    154,
                    153,
                    120
                ],
                [
                    154,
                    155,
                    120
                ],
                [
                    155,
                    154,
                    120
                ],
                [
                    155,
                    156,
                    120
                ],
                [
                    156,
                    155,
                    120
                ],
                [
                    156,
                    157,
                    120
                ],
                [
                    157,
                    156,
                    120
                ],
                [
                    157,
                    158,
                    120
                ],
                [
                    158,
                    157,
                    120
                ],
                [
                    158,
                    159,
                    120
                ],
                [
                    159,
                    158,
                    120
                ],
                [
                    159,
                    160,
                    120
                ],
                [
                    160,
                    159,
                    120
                ],
                [
                    160,
                    161,
                    120
                ],
                [
                    161,
                    160,
                    120
                ],
                [
                    161,
                    162,
                    120
                ],
                [
                    162,
                    161,
                    120
                ],
                [
                    162,
                    163,
                    120
                ],
                [
                    163,
                    162,
                    120
                ],
                [
                    163,
                    164,
                    120
                ],
                [
                    164,
                    163,
                    120
                ],
                [
                    164,
                    165,
                    120
                ],
                [
                    165,
                    164,
                    120
                ],
                [
                    165,
                    166,
                    120
                ],
                [
                    166,
                    165,
                    120
                ],
                [
                    166,
                    167,
                    120
                ],
                [
                    167,
                    166,
                    120
                ],
                [
                    167,
                    168,
                    120
                ],
                [
                    168,
                    167,
                    120
                ],
                [
                    168,
                    169,
                    120
                ],
                [
                    169,
                    168,
                    120
                ],
                [
                    169,
                    170,
                    120
                ],
                [
                    170,
                    169,
                    120
                ],
                [
                    170,
                    171,
                    120
                ],
                [
                    171,
                    170,
                    120
                ],
                [
                    171,
                    172,
                    120
                ],
                [
                    172,
                    171,
                    120
                ],
                [
                    172,
                    173,
                    120
                ],
                [
                    173,
                    172,
                    120
                ],
                [
                    173,
                    174,
                    120
                ],
                [
                    174,
                    173,
                    120
                ],
                [
                    174,
                    175,
                    120
                ],
                [
                    175,
                    174,
                    120
                ],
                [
                    175,
                    176,
                    120
                ],
                [
                    176,
                    175,
                    120
                ],
                [
                    176,
                    177,
                    120
                ],
                [
                    177,
                    176,
                    120
                ],
                [
                    177,
                    178,
                    120
                ],
                [
                    178,
                    177,
                    120
                ],
                [
                    178,
                    179,
                    120
                ],
                [
                    179,
                    178,
                    120
                ],
                [
                    179,
                    180,
                    120
                ],
                [
                    180,
                    179,
                    120
                ],
                [
                    180,
                    181,
                    120
                ],
                [
                    181,
                    180,
                    120
                ],
                [
                    181,
                    182,
                    120
                ],
                [
                    182,
                    181,
                    120
                ],
                [
                    182,
                    183,
                    120
                ],
                [
                    183,
                    182,
                    120
                ],
                [
                    183,
                    184,
                    120
                ],
                [
                    184,
                    183,
                    120
                ],
                [
                    184,
                    185,
                    120
                ],
                [
                    185,
                    184,
                    120
                ]
            ],
            "stations": [
                [
                    142,
                    "Kaiserslauterner Strasse",
                    24
                ],
                [
                    143,
                    "D-Oberbilk/Philipshalle",
                    25
                ],
                [
                    144,
                    "Ellerstrasse",
                    26
                ],
                [
                    145,
                    "Dusseldorf Hauptbahnhof",
                    0
                ],
                [
                    146,
                    "Oststrasse",
                    1
                ],
                [
                    147,
                    "Steinstrasse/Konigsallee",
                    2
                ],
                [
                    148,
                    "Heinrich-Heine-Allee",
                    3
                ],
                [
                    149,
                    "Nordstrasse",
                    63
                ],
                [
                    150,
                    "Victoriaplatz/Klever Strasse",
                    64
                ],
                [
                    151,
                    "Kennedydamm",
                    65
                ],
                [
                    152,
                    "Golzheimer Platz",
                    66
                ],
                [
                    153,
                    "Theodor-Heuss-Brucke",
                    67
                ],
                [
                    154,
                    "Reeser Platz",
                    68
                ],
                [
                    155,
                    "Nordpark/Aquazoo",
                    69
                ],
                [
                    156,
                    "Messe Ost/Stockumer Kirchstrasse",
                    70
                ],
                [
                    157,
                    "Freiligrathplatz",
                    71
                ],
                [
                    158,
                    "Flughafenstrasse",
                    76
                ],
                [
                    159,
                    "Alte Landstrasse",
                    77
                ],
                [
                    160,
                    "Kittelbachstrasse",
                    78
                ],
                [
                    161,
                    "Klemensplatz",
                    79
                ],
                [
                    162,
                    "Kalkumer Schlossallee",
                    80
                ],
                [
                    163,
                    "Am Muhlenacker",
                    81
                ],
                [
                    164,
                    "Wittlaer",
                    82
                ],
                [
                    165,
                    "Froschenteich",
                    83
                ],
                [
                    166,
                    "Duisburg-Kesselsberg",
                    84
                ],
                [
                    167,
                    "St. Anna-Krankenhaus",
                    85
                ],
                [
                    168,
                    "Muhlenkamp",
                    86
                ],
                [
                    169,
                    "Sittardsberg",
                    87
                ],
                [
                    170,
                    "Munchener Strasse",
                    88
                ],
                [
                    171,
                    "Neuer Friedhof",
                    89
                ],
                [
                    172,
                    "Im Schlenk",
                    90
                ],
                [
                    173,
                    "Kulturstrasse",
                    91
                ],
                [
                    174,
                    "Grunewald Betriebshof",
                    92
                ],
                [
                    175,
                    "Grunewald",
                    93
                ],
                [
                    176,
                    "Karl-Jarres-Strasse",
                    94
                ],
                [
                    177,
                    "Kremerstrasse",
                    95
                ],
                [
                    178,
                    "Musfeldstrasse",
                    96
                ],
                [
                    179,
                    "Platanenhof",
                    97
                ],
                [
                    180,
                    "Steinsche Gasse",
                    98
                ],
                [
                    181,
                    "Konig-Heinrich-Platz",
                    99
                ],
                [
                    182,
                    "Duisburg Hauptbahnhof",
                    100
                ],
                [
                    183,
                    "Duissern",
                    101
                ],
                [
                    184,
                    "Auf dem Damm",
                    102
                ],
                [
                    185,
                    "Duisburg-Meiderich Bahnhof",
                    103
                ]
            ],
            "text_id": 104
        }
    ],
    "name": "metro",
    "transfers": [
        [
            0,
            27,
            120,
            true
        ],
        [
            27,
            126,
            120,
            true
        ],
        [
            32,
            82,
            120,
            true
        ],
        [
            32,
            119,
            120,
            true
        ],
        [
            63,
            82,
            120,
            true
        ],
        [
            63,
            119,
            120,
            true
        ],
        [
            82,
            119,
            120,
            true
        ],
        [
            6,
            34,
            120,
            true
        ],
        [
            6,
            65,
            120,
            true
        ],
        [
            6,
            84,
            120,
            true
        ],
        [
            6,
            121,
            120,
            true
        ],
        [
            34,
            65,
            120,
            true
        ],
        [
            27,
            145,
            120,
            true
        ],
        [
            34,
            84,
            120,
            true
        ],
        [
            34,
            121,
            120,
            true
        ],
        [
            65,
            84,
            120,
            true
        ],
        [
            65,
            121,
            120,
            true
        ],
        [
            84,
            121,
            120,
            true
        ],
        [
            7,
            40,
            120,
            true
        ],
        [
            7,
            90,
            120,
            true
        ],
        [
            40,
            90,
            120,
            true
        ],
        [
            8,
            41,
            120,
            true
        ],
        [
            8,
            91,
            120,
            true
        ],
        [
            58,
            77,
            120,
            true
        ],
        [
            41,
            91,
            120,
            true
        ],
        [
            9,
            43,
            120,
            true
        ],
        [
            9,
            93,
            120,
            true
        ],
        [
            43,
            93,
            120,
            true
        ],
        [
            10,
            44,
            120,
            true
        ],
        [
            10,
            94,
            120,
            true
        ],
        [
            44,
            94,
            120,
            true
        ],
        [
            11,
            46,
            120,
            true
        ],
        [
            11,
            96,
            120,
            true
        ],
        [
            46,
            96,
            120,
            true
        ],
        [
            58,
            114,
            120,
            true
        ],
        [
            12,
            98,
            120,
            true
        ],
        [
            13,
            99,
            120,
            true
        ],
        [
            14,
            101,
            120,
            true
        ],
        [
            15,
            102,
            120,
            true
        ],
        [
            16,
            103,
            120,
            true
        ],
        [
            17,
            104,
            120,
            true
        ],
        [
            18,
            105,
            120,
            true
        ],
        [
            19,
            106,
            120,
            true
        ],
        [
            20,
            107,
            120,
            true
        ],
        [
            21,
            108,
            120,
            true
        ],
        [
            58,
            126,
            120,
            true
        ],
        [
            22,
            109,
            120,
            true
        ],
        [
            23,
            110,
            120,
            true
        ],
        [
            23,
            142,
            120,
            true
        ],
        [
            110,
            142,
            120,
            true
        ],
        [
            24,
            111,
            120,
            true
        ],
        [
            24,
            143,
            120,
            true
        ],
        [
            111,
            143,
            120,
            true
        ],
        [
            25,
            112,
            120,
            true
        ],
        [
            25,
            144,
            120,
            true
        ],
        [
            112,
            144,
            120,
            true
        ],
        [
            58,
            145,
            120,
            true
        ],
        [
            26,
            113,
            120,
            true
        ],
        [
            33,
            64,
            120,
            true
        ],
        [
            33,
            83,
            120,
            true
        ],
        [
            33,
            120,
            120,
            true
        ],
        [
            64,
            83,
            120,
            true
        ],
        [
            64,
            120,
            120,
            true
        ],
        [
            83,
            120,
            120,
            true
        ],
        [
            35,
            85,
            120,
            true
        ],
        [
            35,
            122,
            120,
            true
        ],
        [
            85,
            122,
            120,
            true
        ],
        [
            77,
            114,
            120,
            true
        ],
        [
            36,
            86,
            120,
            true
        ],
        [
            36,
            123,
            120,
            true
        ],
        [
            86,
            123,
            120,
            true
        ],
        [
            37,
            87,
            120,
            true
        ],
        [
            37,
            124,
            120,
            true
        ],
        [
            87,
            124,
            120,
            true
        ],
        [
            38,
            88,
            120,
            true
        ],
        [
            39,
            89,
            120,
            true
        ],
        [
            42,
            92,
            120,
            true
        ],
        [
            45,
            95,
            120,
            true
        ],
        [
            77,
            126,
            120,
            true
        ],
        [
            47,
            97,
            120,
            true
        ],
        [
            57,
            76,
            120,
            true
        ],
        [
            130,
            149,
            120,
            true
        ],
        [
            131,
            150,
            120,
            true
        ],
        [
            132,
            151,
            120,
            true
        ],
        [
            133,
            152,
            120,
            true
        ],
        [
            134,
            153,
            120,
            true
        ],
        [
            135,
            154,
            120,
            true
        ],
        [
            136,
            155,
            120,
            true
        ],
        [
            137,
            156,
            120,
            true
        ],
        [
            77,
            145,
            120,
            true
        ],
        [
            138,
            157,
            120,
            true
        ],
        [
            114,
            126,
            120,
            true
        ],
        [
            0,
            58,
            120,
            true
        ],
        [
            114,
            145,
            120,
            true
        ],
        [
            126,
            145,
            120,
            true
        ],
        [
            1,
            28,
            120,
            true
        ],
        [
            1,
            59,
            120,
            true
        ],
        [
            1,
            78,
            120,
            true
        ],
        [
            1,
            115,
            120,
            true
        ],
        [
            1,
            127,
            120,
            true
        ],
        [
            1,
            146,
            120,
            true
        ],
        [
            28,
            59,
            120,
            true
        ],
        [
            28,
            78,
            120,
            true
        ],
        [
            0,
            77,
            120,
            true
        ],
        [
            28,
            115,
            120,
            true
        ],
        [
            28,
            127,
            120,
            true
        ],
        [
            28,
            146,
            120,
            true
        ],
        [
            59,
            78,
            120,
            true
        ],
        [
            59,
            115,
            120,
            true
        ],
        [
            59,
            127,
            120,
            true
        ],
        [
            59,
            146,
            120,
            true
        ],
        [
            78,
            115,
            120,
            true
        ],
        [
            78,
            127,
            120,
            true
        ],
        [
            78,
            146,
            120,
            true
        ],
        [
            0,
            114,
            120,
            true
        ],
        [
            115,
            127,
            120,
            true
        ],
        [
            115,
            146,
            120,
            true
        ],
        [
            127,
            146,
            120,
            true
        ],
        [
            2,
            29,
            120,
            true
        ],
        [
            2,
            60,
            120,
            true
        ],
        [
            2,
            79,
            120,
            true
        ],
        [
            2,
            116,
            120,
            true
        ],
        [
            2,
            128,
            120,
            true
        ],
        [
            2,
            147,
            120,
            true
        ],
        [
            29,
            60,
            120,
            true
        ],
        [
            0,
            126,
            120,
            true
        ],
        [
            29,
            79,
            120,
            true
        ],
        [
            29,
            116,
            120,
            true
        ],
        [
            29,
            128,
            120,
            true
        ],
        [
            29,
            147,
            120,
            true
        ],
        [
            60,
            79,
            120,
            true
        ],
        [
            60,
            116,
            120,
            true
        ],
        [
            60,
            128,
            120,
            true
        ],
        [
            60,
            147,
            120,
            true
        ],
        [
            79,
            116,
            120,
            true
        ],
        [
            79,
            128,
            120,
            true
        ],
        [
            0,
            145,
            120,
            true
        ],
        [
            79,
            147,
            120,
            true
        ],
        [
            116,
            128,
            120,
            true
        ],
        [
            116,
            147,
            120,
            true
        ],
        [
            128,
            147,
            120,
            true
        ],
        [
            3,
            30,
            120,
            true
        ],
        [
            3,
            61,
            120,
            true
        ],
        [
            3,
            80,
            120,
            true
        ],
        [
            3,
            117,
            120,
            true
        ],
        [
            3,
            129,
            120,
            true
        ],
        [
            3,
            148,
            120,
            true
        ],
        [
            27,
            58,
            120,
            true
        ],
        [
            30,
            61,
            120,
            true
        ],
        [
            30,
            80,
            120,
            true
        ],
        [
            30,
            117,
            120,
            true
        ],
        [
            30,
            129,
            120,
            true
        ],
        [
            30,
            148,
            120,
            true
        ],
        [
            61,
            80,
            120,
            true
        ],
        [
            61,
            117,
            120,
            true
        ],
        [
            61,
            129,
            120,
            true
        ],
        [
            61,
            148,
            120,
            true
        ],
        [
            80,
            117,
            120,
            true
        ],
        [
            27,
            77,
            120,
            true
        ],
        [
            80,
            129,
            120,
            true
        ],
        [
            80,
            148,
            120,
            true
        ],
        [
            117,
            129,
            120,
            true
        ],
        [
            117,
            148,
            120,
            true
        ],
        [
            129,
            148,
            120,
            true
        ],
        [
            4,
            31,
            120,
            true
        ],
        [
            4,
            62,
            120,
            true
        ],
        [
            4,
            81,
            120,
            true
        ],
        [
            4,
            118,
            120,
            true
        ],
        [
            31,
            62,
            120,
            true
        ],
        [
            27,
            114,
            120,
            true
        ],
        [
            31,
            81,
            120,
            true
        ],
        [
            31,
            118,
            120,
            true
        ],
        [
            62,
            81,
            120,
            true
        ],
        [
            62,
            118,
            120,
            true
        ],
        [
            81,
            118,
            120,
            true
        ],
        [
            5,
            32,
            120,
            true
        ],
        [
            5,
            63,
            120,
            true
        ],
        [
            5,
            82,
            120,
            true
        ],
        [
            5,
            119,
            120,
            true
        ],
        [
            32,
            63,
            120,
            true
        ]
    ],
    "type_name": "Электричка"
}