{
    "lines": [
        {
            "delays": [
                300,
                600
            ],
            "name": "1",
            "scheme": null,
            "segments": [
                [
                    0,
                    1,
                    120
                ],
                [
                    1,
                    0,
                    120
                ],
                [
                    1,
                    2,
                    120
                ],
                [
                    2,
                    1,
                    120
                ],
                [
                    2,
                    3,
                    120
                ],
                [
                    3,
                    2,
                    120
                ],
                [
                    3,
                    4,
                    120
                ],
                [
                    4,
                    3,
                    120
                ],
                [
                    4,
                    5,
                    120
                ],
                [
                    5,
                    4,
                    120
                ]
            ],
            "stations": [
                [
                    0,
                    "Kikar Paris",
                    0
                ],
                [
                    1,
                    "Solel Boneh",
                    1
                ],
                [
                    2,
                    "Hanevi'im",
                    2
                ],
                [
                    3,
                    "Massada",
                    3
                ],
                [
                    4,
                    "Golomb/Bnei Zion",
                    4
                ],
                [
                    5,
                    "Gan Ha'em",
                    5
                ]
            ],
            "text_id": 6
        }
    ],
    "name": "metro",
    "transfers": [],
    "type_name": "Метро"
}