{
    "0": "Prealpino",
    "1": "Casazza",
    "2": "Mompiano",
    "3": "Europa",
    "4": "Ospedale",
    "5": "Marconi",
    "6": "San Faustino",
    "7": "Piazza Vittoria",
    "8": "Stazione FS",
    "9": "Brescia Due",
    "10": "Lamarmora",
    "11": "Volta",
    "12": "Poliambulanza",
    "13": "San Polo Parco",
    "14": "San Polo Cimabue",
    "15": "Sanpolino",
    "16": "Sant'Eufemia-Buffalora",
    "17": "Linea 1",
    "18": "Metro",
    "19": "ROOT",
    "20": "Shema ot 02.05.2013g.\nIntervaly dvizhenija - zhdem Vashej pomoschi.",
    "21": "Imported from http://pmetro.su"
}