{
    "0": "ТЭЦ-9",
    "1": "НПЗ",
    "2": "Нефтепровод",
    "3": "М. Тракт",
    "4": "АЭМЗ",
    "5": "Энергосбыт",
    "6": "ОКБА",
    "7": "По требованию",
    "8": "102 кв-л",
    "9": "П. Байкальск",
    "10": "Ул. Чайковского",
    "11": "Ул. Файзулина",
    "12": "Ул. Горького",
    "13": "Швейная фабрика",
    "14": "Дворец творчества",
    "15": "Ул. Московская",
    "16": "Техникум",
    "17": "Ц. Рынок",
    "18": "Тех. Училище",
    "19": "Сангородок",
    "20": "Трамвай № 1",
    "21": "17 мк/р",
    "22": "Ул. Коминтерна",
    "23": "Аптека",
    "24": "Ул. Космонавтов",
    "25": "к/т Родина",
    "26": "Ангарский проспект",
    "27": "Ул. Зурабова",
    "28": "Ул. Крупской",
    "29": "Горгаз",
    "30": "Стальконструкция",
    "31": "Сады",
    "32": "ул. Связи",
    "33": "Майский вокзал",
    "34": "Трамвай № 3",
    "35": "Ул. Социалистическая",
    "36": "Ул. Енисейская",
    "37": "11 мк/р",
    "38": "12 мк/р",
    "39": "7А мк/р",
    "40": "Узел Связи",
    "41": "Институт",
    "42": "Ул. Гагарина",
    "43": "Ул. Ворошилова",
    "44": "Радуга",
    "45": "Трамвай № 4",
    "46": "205 кв-л",
    "47": "Кв-л А",
    "48": "Автостанция",
    "49": "А/к 1948",
    "50": "АНХК",
    "51": "РМЗ",
    "52": "АТПР",
    "53": "Завод полимеров",
    "54": "Трамвай № 5",
    "55": "Трамвай № 6",
    "56": "Трамвай № 7",
    "57": "Ул. Мира",
    "58": "Рыббаза",
    "59": "Пересечение",
    "60": "Ангара",
    "61": "Лодочная",
    "62": "ЗБХ",
    "63": "Трамвай № 10",
    "64": "Кислородная",
    "65": "Трамвай № 11",
    "66": "Трамвай",
    "67": "ROOT",
    "68": "Схема трамваев\nСхема от 13.10.2008г.\nАвтор: Варламов Дмитрий (www.chpeks.com)",
    "69": "Imported from http://pmetro.su"
}