{
    "0": "Zaljutіne",
    "1": "Holodna Gora",
    "2": "Pіvdennij Vokzal",
    "3": "Tsentral'nij rinok",
    "4": "Radjans'ka",
    "5": "Prospekt Gagarіna",
    "6": "Sportivna",
    "7": "Zavod іm. Malisheva",
    "8": "Moskovs'kij prospekt",
    "9": "Marshala Zhukova",
    "10": "Radjan'skoї Armii",
    "11": "Іm. O.S.Masel'skogo",
    "12": "Traktornij Zavod",
    "13": "Proletars'ka",
    "14": "Shіdna",
    "15": "Rogan'ska",
    "16": "Pіvdenna",
    "17": "Holodnogіrs'ko-Zavods'ka",
    "18": "Zhovtneva",
    "19": "Pl. Urits'kogo",
    "20": "Іstorichnij muzej",
    "21": "Unіversitet",
    "22": "Pushkіns'ka",
    "23": "Kiїvs'ka",
    "24": "Akademіka Barabashova",
    "25": "Akademіka Pavlova",
    "26": "Students'ka",
    "27": "Geroїv pratsі",
    "28": "Druzhbi Narodіv",
    "29": "Saltіvs'ka",
    "30": "Aeroport",
    "31": "Motel' \"Druzhba\"",
    "32": "Odes'ka",
    "33": "Derzhavіns'ka",
    "34": "Metrobudіvnikіv",
    "35": "Pl. Povstannja",
    "36": "Arhіtektora Beketova",
    "37": "Derzhprom",
    "38": "Naukova",
    "39": "Botanіchnij sad",
    "40": "23-go Serpnja",
    "41": "Oleksіїvs'ka",
    "42": "Pr.Peremogi",
    "43": "Gvardіjtsіv Shironіntsіv",
    "44": "Traktorobudіvnikіv",
    "45": "Shіdna Saltіvka",
    "46": "Saltіvs'ke vіdgaluzhennja",
    "47": "Metro",
    "48": "ROOT",
    "49": "Metro",
    "50": "Shema ot ot 13.09.2007g.\nInformatsija o vremeni proezda:\n- Programma MMetro Konstantina Shtennikova,\na takzhe (po informatsii s sajta http://mmetro.al.ru):\n- Vadim Pudovkin,\n- Nick Bliznyuk,\n- Pavel A Gnezdilov.\n\nKartu prislal Vladislav Savitskij.",
    "51": "Imported from http://pmetro.su"
}