{
    "0": "Allegheny",
    "1": "North Side",
    "2": "Gateway Center",
    "3": "Wood Street",
    "4": "Steel Plaza",
    "5": "First Avenue",
    "6": "Station Square",
    "7": "South Hills Junction",
    "8": "Palm Garden",
    "9": "Dawn",
    "10": "Traymore",
    "11": "Pennant",
    "12": "Westfield",
    "13": "Fallowfield",
    "14": "Hampshire",
    "15": "Coast",
    "16": "Belasco",
    "17": "Boustead",
    "18": "Shiras",
    "19": "Neeld",
    "20": "Stevenson",
    "21": "Potomac",
    "22": "Kelton",
    "23": "Dormont Junction",
    "24": "Mt. Lebanon",
    "25": "Poplar",
    "26": "Arlington",
    "27": "Castle Shannon",
    "28": "Overbrook Junction",
    "29": "Martin Villa",
    "30": "St. Anne's",
    "31": "Smith",
    "32": "Washington Junction",
    "33": "Casswell",
    "34": "Highland",
    "35": "Santa Barbara",
    "36": "Bethel Village",
    "37": "Dorchester",
    "38": "South Hills Village",
    "39": "42S",
    "40": "Boggs",
    "41": "Bon Air",
    "42": "Denise",
    "43": "South Bank",
    "44": "McNeilly",
    "45": "Killarney",
    "46": "Memorial Hall",
    "47": "Willow",
    "48": "47S",
    "49": "Mine 3",
    "50": "Hillcrest",
    "51": "Lindemere",
    "52": "Center",
    "53": "Lytle",
    "54": "Mesta",
    "55": "South Park",
    "56": "Monroe",
    "57": "Latimer",
    "58": "Sarah",
    "59": "Logan",
    "60": "King's School",
    "61": "Beagle",
    "62": "Sandy Creek",
    "63": "West Library",
    "64": "Library",
    "65": "47L",
    "66": "Электричка",
    "67": "ROOT",
    "68": "Схема от 07.06.2013г.\nАвтор: Варламов Дмитрий (www.chpeks.com)",
    "69": "Imported from http://pmetro.su"
}