{
    "0": "Asabu",
    "1": "Kita-Sanjuyo-Jo",
    "2": "Kita-Nijuyo-Jo",
    "3": "Kita-Juhachi-Jo",
    "4": "Kita-Juni-Jo",
    "5": "Sapporo",
    "6": "Odori",
    "7": "Susukino",
    "8": "Nakajima-Koen",
    "9": "Horohira-Bashi",
    "10": "Nakanoshima",
    "11": "Hiragishi",
    "12": "Minami-Hiragishi",
    "13": "Sumikawa",
    "14": "Jieitai-Mae",
    "15": "Makomanai",
    "16": "Namboku",
    "17": "Miyanosawa",
    "18": "Hassamu-Minami",
    "19": "Kotoni",
    "20": "Nijuyon-Ken",
    "21": "Nishi-Nijuhatchome",
    "22": "Maruyama-Koen",
    "23": "Nishi-Juhatchome",
    "24": "Nishi-Juitchome",
    "25": "Bus Center-Mae",
    "26": "Kikusui",
    "27": "Higashi-Sapporo",
    "28": "Shiroishi",
    "29": "Nango-Nana-Chome",
    "30": "Nango-Jusan-Chome",
    "31": "Nango-Juhatchome",
    "32": "Oyachi",
    "33": "Hibarigaoka",
    "34": "Shin-Sapporo",
    "35": "Tozai",
    "36": "Sakaemachi",
    "37": "Shindo-Higashi",
    "38": "Motomachi",
    "39": "Kanjo-Dori-Higashi",
    "40": "Higashi-Kuyakusho-Mae",
    "41": "Kita-Jusan-Jo-Higashi",
    "42": "Hosui-Susukino",
    "43": "Gakuen-Mae",
    "44": "Toyohira-Koen",
    "45": "Misono",
    "46": "Tsukisamu-Chuo",
    "47": "Fukuzumi",
    "48": "Toho",
    "49": "Метро",
    "50": "ROOT",
    "51": "Схема от 11.03.2011г.",
    "52": "Imported from http://pmetro.su"
}