{
    "0": "Soyosan",
    "1": "Dongducheon",
    "2": "Bosan",
    "3": "Dongducheonjungang",
    "4": "Jihaeng",
    "5": "Deokjeong",
    "6": "Deokgye",
    "7": "Yangju",
    "8": "Nogyang",
    "9": "Ganeung",
    "10": "Uijeongbu",
    "11": "Hoeryong",
    "12": "Mangwolsa",
    "13": "Dobongsan",
    "14": "Dobong",
    "15": "Banghak",
    "16": "Chang-dong",
    "17": "Nokcheon",
    "18": "Wolgye",
    "19": "Seongbuk",
    "20": "Seokgye",
    "21": "Sinimun",
    "22": "Hankuk Univ. of Foreign Studies",
    "23": "Hoegi",
    "24": "Cheongnyangni",
    "25": "Jegi-dong",
    "26": "Sinseol-dong",
    "27": "Dongmyo",
    "28": "Dongdaemun",
    "29": "Jongno 5-ga",
    "30": "Jongno 3-ga",
    "31": "Jonggak",
    "32": "City Hall",
    "33": "Seoul",
    "34": "Namyeong",
    "35": "Yongsan",
    "36": "Noryangjin",
    "37": "Daebang",
    "38": "Singil",
    "39": "Yeongdeungpo",
    "40": "Sindorim",
    "41": "Guro",
    "42": "Guil",
    "43": "Gaebong",
    "44": "Oryu-dong",
    "45": "Onsu",
    "46": "Yeokgok",
    "47": "Sosa",
    "48": "Bucheon",
    "49": "Jung-dong",
    "50": "Songnae",
    "51": "Bugae",
    "52": "Bupyeong",
    "53": "Baegun",
    "54": "Dongam",
    "55": "Ganseok",
    "56": "Juan",
    "57": "Dohwa",
    "58": "Jemulpo",
    "59": "Dowon",
    "60": "Dongincheon",
    "61": "Incheon",
    "62": "Gasan Digital Complex",
    "63": "Doksan",
    "64": "Geumcheon-gu Office",
    "65": "Seoksu",
    "66": "Gwanak",
    "67": "Anyang",
    "68": "Myeonghak",
    "69": "Geumjeong",
    "70": "Gunpo",
    "71": "Dangjeong",
    "72": "Uiwang",
    "73": "Sungkyunkwan Univ.",
    "74": "Hwaseo",
    "75": "Suwon",
    "76": "Seryu",
    "77": "Byeongjeom",
    "78": "Sema",
    "79": "Osan College",
    "80": "Osan",
    "81": "Jinwi",
    "82": "Songtan",
    "83": "Seojeong-ri",
    "84": "Jije",
    "85": "Pyeongtaek",
    "86": "Seonghwan",
    "87": "Jiksan",
    "88": "Dujeong",
    "89": "Cheonan",
    "90": "Bongmyeong",
    "91": "Ssangyong",
    "92": "Asan",
    "93": "Baebang",
    "94": "Onyangoncheon",
    "95": "Sinchang",
    "96": "Gwangmyeong",
    "97": "Seodongtan",
    "98": "1",
    "99": "Ichon",
    "100": "Seobinggo",
    "101": "Hannam",
    "102": "Oksu",
    "103": "Eungbong",
    "104": "Wangsimni",
    "105": "Jungnang",
    "106": "Sangbong",
    "107": "Mangu",
    "108": "Yangwon",
    "109": "Guri",
    "110": "Donong",
    "111": "Yangjeong",
    "112": "Deokso",
    "113": "Dosim",
    "114": "Paldang",
    "115": "Ungilsan",
    "116": "Yangsu",
    "117": "Sinwon",
    "118": "Guksu",
    "119": "Asin",
    "120": "Obin",
    "121": "Yangpyeong",
    "122": "Wondeok",
    "123": "Yongmun",
    "124": "Jungang",
    "125": "Seoul Forest",
    "126": "Apgujeongrodeo",
    "127": "Gangnam-gu Office",
    "128": "Seonjeongneung",
    "129": "Seolleung",
    "130": "Hanti",
    "131": "Dogok",
    "132": "Guryong",
    "133": "Gaepo-dong",
    "134": "Daemosan",
    "135": "Suseo",
    "136": "Bokjeong",
    "137": "Kyungwon University",
    "138": "Taepyeong",
    "139": "Moran",
    "140": "Yatap",
    "141": "Imae",
    "142": "Seohyeon",
    "143": "Sunae",
    "144": "Jeongja",
    "145": "Migeum",
    "146": "Ori",
    "147": "Jukjeon",
    "148": "Bojeong",
    "149": "Guseong",
    "150": "Singal",
    "151": "Giheung",
    "152": "Sanggal",
    "153": "Cheongmyeong",
    "154": "Yeongtong",
    "155": "Mangpo",
    "156": "Maetan Gwonseon",
    "157": "Suwon City Hall",
    "158": "Maegyo",
    "159": "Bundang",
    "160": "Sinchon",
    "161": "Gajwa",
    "162": "Digital Media City",
    "163": "Susaek",
    "164": "Hwajeon",
    "165": "Haengsin",
    "166": "Neunggok",
    "167": "Daegok",
    "168": "Goksan",
    "169": "Baengma",
    "170": "Pungsan",
    "171": "Ilsan",
    "172": "Tanhyeon",
    "173": "Yadang",
    "174": "Unjeong",
    "175": "Geumneung",
    "176": "Geumchon",
    "177": "Wollong",
    "178": "Paju",
    "179": "Munsan",
    "180": "Gyeongui",
    "181": "Galmae",
    "182": "Toegyewon",
    "183": "Sareung",
    "184": "Geumgok",
    "185": "Pyeongnae-Hopyeong",
    "186": "Maseok",
    "187": "Daeseong-ri",
    "188": "Cheongpyeong",
    "189": "Sangcheon",
    "190": "Gapyeong",
    "191": "Gulbongsan",
    "192": "Baegyang-ri",
    "193": "Gangchon",
    "194": "Gimyujeong",
    "195": "Namchuncheon",
    "196": "Chuncheon",
    "197": "Gyeongchun",
    "198": "Gongdeok",
    "199": "Hongik University",
    "200": "Gimpo International Airport",
    "201": "Gyeyang",
    "202": "Geomam",
    "203": "Unseo",
    "204": "Incheon International Airport Cargo Terminal",
    "205": "Incheon International Airport",
    "206": "AREX",
    "207": "Gyulhyeon",
    "208": "Bakchon",
    "209": "Imhak",
    "210": "Gyesan",
    "211": "Gyeongin National Univ. of Education",
    "212": "Jakjeon",
    "213": "Galsan",
    "214": "Bupyeong-gu Office",
    "215": "Bupyeong Market",
    "216": "Dongsu",
    "217": "Bupyeongsamgeori",
    "218": "Ganseogogeori",
    "219": "Incheon City Hall",
    "220": "Arts Center",
    "221": "Incheon Bus Terminal",
    "222": "Munhak Sports Complex",
    "223": "Seonhak",
    "224": "Sinyeonsu",
    "225": "Woninjae",
    "226": "Dongchun",
    "227": "Dongmak",
    "228": "Campus Town",
    "229": "Technopark",
    "230": "BIT Zone",
    "231": "Univ. of Incheon",
    "232": "Central Park",
    "233": "International Business District",
    "234": "Incheon Subway",
    "235": "Kangnam University",
    "236": "Jiseok",
    "237": "Eojeong",
    "238": "Dongbaek",
    "239": "Chodang",
    "240": "Samga",
    "241": "Yongin University",
    "242": "Myongji University",
    "243": "Gimnyangjang",
    "244": "Stadium",
    "245": "Gojin",
    "246": "Bopyeong",
    "247": "Dunjeon",
    "248": "Jeondae - Everland",
    "249": "EverLine",
    "250": "Gangnam",
    "251": "Yangjae",
    "252": "Yangjae Citizen's Forest",
    "253": "Cheonggyesan",
    "254": "Pangyo",
    "255": "Sinbundang",
    "256": "Oido",
    "257": "Darwol",
    "258": "Wolgot",
    "259": "Soraepogu",
    "260": "Incheon Nonhyeon",
    "261": "Hogupo",
    "262": "Namdong Induspark",
    "263": "Yeonsu",
    "264": "Songdo",
    "265": "Suin",
    "266": "Euljiro 1-ga",
    "267": "Euljiro 3-ga",
    "268": "Euljiro 4-ga",
    "269": "Dongdaemun Stadium",
    "270": "Sindang",
    "271": "Sangwangsimni",
    "272": "Hanyang Univ.",
    "273": "Ttukseom",
    "274": "Seongsu",
    "275": "Konkuk University",
    "276": "Guui",
    "277": "Gangbyeon",
    "278": "Jamsillaru",
    "279": "Jamsil",
    "280": "Sincheon",
    "281": "Sports Complex",
    "282": "Samseong",
    "283": "Yeoksam",
    "284": "Seoul Nat'l. Univ. of Education",
    "285": "Seocho",
    "286": "Bangbae",
    "287": "Sadang",
    "288": "Nakseongdae",
    "289": "Seoul National University",
    "290": "Bongcheon",
    "291": "Sillim",
    "292": "Sindaebang",
    "293": "Guro Digital Complex",
    "294": "Daerim",
    "295": "Mullae",
    "296": "Yeongdeungpo-gu Office",
    "297": "Dangsan",
    "298": "Hapjeong",
    "299": "Ewha Woman's University",
    "300": "Ahyeon",
    "301": "Chungjeongno",
    "302": "Yongdap",
    "303": "Sindap",
    "304": "Yongdu",
    "305": "Dorimcheon",
    "306": "Yangcheon-gu Office",
    "307": "Sinjeongnegeori",
    "308": "Kkachisan",
    "309": "2",
    "310": "Daehwa",
    "311": "Juyeop",
    "312": "Jeongbalsan",
    "313": "Madu",
    "314": "Baekseok",
    "315": "Hwajeong",
    "316": "Wondang",
    "317": "Samsong",
    "318": "Jichuk",
    "319": "Gupabal",
    "320": "Yeonsinnae",
    "321": "Bulgwang",
    "322": "Nokbeon",
    "323": "Hongje",
    "324": "Muakjae",
    "325": "Dongnimmun",
    "326": "Gyeongbokgung",
    "327": "Anguk",
    "328": "Chungmuro",
    "329": "Dongguk Univ.",
    "330": "Yaksu",
    "331": "Geumho",
    "332": "Apgujeong",
    "333": "Sinsa",
    "334": "Jamwon",
    "335": "Express Bus Terminal",
    "336": "Nambu Bus Terminal",
    "337": "Maebong",
    "338": "Daechi",
    "339": "Hangnyeoul",
    "340": "Daecheong",
    "341": "Irwon",
    "342": "Garak Market",
    "343": "National Police Hospital",
    "344": "Ogeum",
    "345": "3",
    "346": "Danggogae",
    "347": "Sanggye",
    "348": "Nowon",
    "349": "Ssangmun",
    "350": "Suyu",
    "351": "Mia",
    "352": "Miasamgeori",
    "353": "Gireum",
    "354": "Sungshin Women's University",
    "355": "Hansung University",
    "356": "Hyehwa",
    "357": "Myeong-dong",
    "358": "Hoehyeon",
    "359": "Sookmyung Women's Univ.",
    "360": "Samgakji",
    "361": "Sinyongsan",
    "362": "Dongjak",
    "363": "Isu",
    "364": "Namtaeryeong",
    "365": "Seonbawi",
    "366": "Seoul Racecourse Park",
    "367": "Seoul Grand Park",
    "368": "Gwacheon",
    "369": "Government Complex Gwacheon",
    "370": "Indeogwon",
    "371": "Pyeongchon",
    "372": "Beomgye",
    "373": "Sanbon",
    "374": "Surisan",
    "375": "Daeyami",
    "376": "Banwol",
    "377": "Sangnoksu",
    "378": "Hanyang Univ. at Ansan",
    "379": "Gojan",
    "380": "Gongdan",
    "381": "Ansan",
    "382": "Singil Oncheon",
    "383": "Jeongwang",
    "384": "4",
    "385": "Banghwa",
    "386": "Gaehwasan",
    "387": "Songjeong",
    "388": "Magok",
    "389": "Balsan",
    "390": "Ujangsan",
    "391": "Hwagok",
    "392": "Sinjeong",
    "393": "Mok-dong",
    "394": "Omokgyo",
    "395": "Yeongdeungpo Market",
    "396": "Yeouido",
    "397": "Yeouinaru",
    "398": "Mapo",
    "399": "Aeogae",
    "400": "Seodaemun",
    "401": "Gwanghwamun",
    "402": "Cheonggu",
    "403": "Singeumho",
    "404": "Haengdang",
    "405": "Majang",
    "406": "Dapsimni",
    "407": "Janghanpyeong",
    "408": "Gunja",
    "409": "Achasan",
    "410": "Gwangnaru",
    "411": "Cheonho",
    "412": "Gangdong",
    "413": "Gil-dong",
    "414": "Gubeundari",
    "415": "Myeongil",
    "416": "Godeok",
    "417": "Sangil-dong",
    "418": "Dunchon-dong",
    "419": "Olympic Park",
    "420": "Bangi",
    "421": "Gaerong",
    "422": "Geoyeo",
    "423": "Macheon",
    "424": "5",
    "425": "Yeokchon",
    "426": "Dokbawi",
    "427": "Gusan",
    "428": "Eungam",
    "429": "Saejeol",
    "430": "Jeungsan",
    "431": "World Cup Stadium",
    "432": "Mapo-gu Office",
    "433": "Mangwon",
    "434": "Sangsu",
    "435": "Gwangheungchang",
    "436": "Daeheung",
    "437": "Hyochang Park",
    "438": "Noksapyeong",
    "439": "Itaewon",
    "440": "Hangangjin",
    "441": "Beotigogae",
    "442": "Changsin",
    "443": "Bomun",
    "444": "Anam",
    "445": "Korea University",
    "446": "Wolgok",
    "447": "Sangwolgok",
    "448": "Dolgoji",
    "449": "Taereung",
    "450": "Hwarangdae",
    "451": "Bonghwasan",
    "452": "6",
    "453": "Jangam",
    "454": "Suraksan",
    "455": "Madeul",
    "456": "Junggye",
    "457": "Hagye",
    "458": "Gongneung",
    "459": "Meokgol",
    "460": "Junghwa",
    "461": "Myeonmok",
    "462": "Sagajeong",
    "463": "Yongmasan",
    "464": "Junggok",
    "465": "Children's Grand Park",
    "466": "Ttukseom Resort",
    "467": "Cheongdam",
    "468": "Hak-dong",
    "469": "Nonhyeon",
    "470": "Banpo",
    "471": "Naebang",
    "472": "Namseong",
    "473": "Soongsil University",
    "474": "Sangdo",
    "475": "Jangseungbaegi",
    "476": "Sindaebangsamgeori",
    "477": "Boramae",
    "478": "Sinpung",
    "479": "Namguro",
    "480": "Cheolsan",
    "481": "Gwangmyeongsageori",
    "482": "Cheonwang",
    "483": "Kkachiul",
    "484": "Bucheon Stadium",
    "485": "Chunui",
    "486": "Sinjung-dong",
    "487": "Bucheon City Hall",
    "488": "Sang-dong",
    "489": "Samsan Gymnasium",
    "490": "Gulpocheon",
    "491": "7",
    "492": "Amsa",
    "493": "Gangdong-gu Office",
    "494": "Mongchontoseong",
    "495": "Seokchon",
    "496": "Songpa",
    "497": "Munjeong",
    "498": "Jangji",
    "499": "Sanseong",
    "500": "Namhansanseong",
    "501": "Dandaeogeori",
    "502": "Sinheung",
    "503": "Sujin",
    "504": "8",
    "505": "Gaehwa",
    "506": "Airport Market",
    "507": "Sinbanghwa",
    "508": "Yangcheon Hyanggyo",
    "509": "Gayang",
    "510": "Jeungmi",
    "511": "Deungchon",
    "512": "Yeomchang",
    "513": "Sinmok-dong",
    "514": "Seonyudo",
    "515": "National Assembly",
    "516": "Saetgang",
    "517": "Nodeul",
    "518": "Heukseok",
    "519": "Gubanpo",
    "520": "Sinbanpo",
    "521": "Sapyeong",
    "522": "Sinnonhyeon",
    "523": "Samjeong",
    "524": "Bong-eun",
    "525": "Coex",
    "526": "9",
    "527": "Metro",
    "528": "ROOT",
    "529": "Shema ot 23.11.2015g.\nAvtor: Varlamov Dmitrij (www.chpeks.com)",
    "530": "Imported from http://pmetro.su"
}