{
    "0": "Vilarinho",
    "1": "Floramar",
    "2": "Waldomiro Lobo",
    "3": "Primeiro de Maio",
    "4": "Sao Gabriel",
    "5": "Minas Shopping",
    "6": "Jose Candido Silveira",
    "7": "Santa Ines",
    "8": "Horto",
    "9": "Santa Tereza",
    "10": "Santa Efigenia",
    "11": "Central",
    "12": "Lagoinha",
    "13": "Carlos Prates",
    "14": "Calafate",
    "15": "Gameleira",
    "16": "Vila Oeste",
    "17": "Cidade Industrial",
    "18": "Eldorado",
    "19": "1",
    "20": "Metro",
    "21": "ROOT",
    "22": "Shema ot 17.08.2019g.\nAvtor: Dmitrij Varlamov\nInformatsija vzjata s sajta www.urbanrail.net",
    "23": "Imported from http://pmetro.su"
}