{
    "0": "Спартановка",
    "1": "Тракторный завод",
    "2": "Хлебозавод",
    "3": "Водоотстой",
    "4": "Больница Ильича",
    "5": "Баррикады",
    "6": "Гимназия №14",
    "7": "Стадион \"Монолит\"",
    "8": "Завод \"Красный Октябрь\"",
    "9": "ул.39-й Гвардейской Дивизии",
    "10": "Площадь Возрождения",
    "11": "Дворец Спорта",
    "12": "Мамаев Курган",
    "13": "Центральный Стадион",
    "14": "ЦПКиО",
    "15": "Площадь Ленина",
    "16": "Комсомольская",
    "17": "Пионерская",
    "18": "Площадь Чекистов",
    "19": "Профсоюзная",
    "20": "ТЮЗ",
    "21": "Ельшанка",
    "22": "Районная",
    "23": "Сельхозакадемия",
    "24": "Тормосиновская",
    "25": "Панфиловская",
    "26": "Микрорайон 231",
    "27": "Университет",
    "28": "СТ",
    "29": "СТ-2",
    "30": "Жилгородок",
    "31": "СТ-3",
    "32": "Трамвай",
    "33": "ROOT",
    "34": "Схема скоростного трамвая\nСхема от 06.12.2011г.\nАвтор первоначальной схемы - Степанов Игорь.\nИнтервалы движения - Забелин Александр.",
    "35": "Imported from http://pmetro.su"
}