{
    "lines": [
        {
            "delays": [],
            "name": "A",
            "scheme": null,
            "segments": [
                [
                    0,
                    1,
                    120
                ],
                [
                    1,
                    0,
                    120
                ],
                [
                    1,
                    2,
                    120
                ],
                [
                    2,
                    1,
                    120
                ],
                [
                    2,
                    3,
                    120
                ],
                [
                    3,
                    2,
                    120
                ],
                [
                    3,
                    4,
                    120
                ],
                [
                    4,
                    3,
                    120
                ],
                [
                    4,
                    5,
                    120
                ],
                [
                    5,
                    4,
                    120
                ],
                [
                    5,
                    6,
                    120
                ],
                [
                    6,
                    5,
                    120
                ],
                [
                    6,
                    7,
                    120
                ],
                [
                    7,
                    6,
                    120
                ],
                [
                    7,
                    8,
                    120
                ],
                [
                    8,
                    7,
                    120
                ],
                [
                    8,
                    9,
                    120
                ],
                [
                    9,
                    8,
                    120
                ],
                [
                    9,
                    10,
                    120
                ],
                [
                    10,
                    9,
                    120
                ],
                [
                    10,
                    11,
                    120
                ],
                [
                    11,
                    10,
                    120
                ],
                [
                    11,
                    12,
                    120
                ],
                [
                    12,
                    11,
                    120
                ],
                [
                    12,
                    13,
                    120
                ],
                [
                    13,
                    12,
                    120
                ],
                [
                    13,
                    14,
                    120
                ],
                [
                    14,
                    13,
                    120
                ],
                [
                    14,
                    15,
                    120
                ],
                [
                    15,
                    14,
                    120
                ]
            ],
            "stations": [
                [
                    0,
                    "Altrincham",
                    0
                ],
                [
                    1,
                    "Navigation Road",
                    1
                ],
                [
                    2,
                    "Timperley",
                    2
                ],
                [
                    3,
                    "Brooklands",
                    3
                ],
                [
                    4,
                    "Sale",
                    4
                ],
                [
                    5,
                    "Dane Road",
                    5
                ],
                [
                    6,
                    "Stretford",
                    6
                ],
                [
                    7,
                    "Old Trafford",
                    7
                ],
                [
                    8,
                    "Trafford Bar",
                    8
                ],
                [
                    9,
                    "Cornbrook",
                    9
                ],
                [
                    10,
                    "Deansgate-Castlefield",
                    10
                ],
                [
                    11,
                    "Piccadilly Gardens",
                    11
                ],
                [
                    12,
                    "Piccadilly",
                    12
                ],
                [
                    13,
                    "New Islington",
                    13
                ],
                [
                    14,
                    "Holt Town",
                    14
                ],
                [
                    15,
                    "Etihad Campus",
                    15
                ]
            ],
            "text_id": 16
        },
        {
            "delays": [],
            "name": "J",
            "scheme": null,
            "segments": [
                [
                    16,
                    17,
                    120
                ],
                [
                    17,
                    16,
                    120
                ],
                [
                    17,
                    18,
                    120
                ],
                [
                    18,
                    17,
                    120
                ],
                [
                    18,
                    19,
                    120
                ],
                [
                    19,
                    18,
                    120
                ],
                [
                    19,
                    20,
                    120
                ],
                [
                    20,
                    19,
                    120
                ],
                [
                    20,
                    21,
                    120
                ],
                [
                    21,
                    20,
                    120
                ],
                [
                    21,
                    22,
                    120
                ],
                [
                    22,
                    21,
                    120
                ],
                [
                    22,
                    23,
                    120
                ],
                [
                    23,
                    22,
                    120
                ],
                [
                    23,
                    24,
                    120
                ],
                [
                    24,
                    23,
                    120
                ],
                [
                    24,
                    25,
                    120
                ],
                [
                    25,
                    24,
                    120
                ],
                [
                    25,
                    26,
                    120
                ],
                [
                    26,
                    25,
                    120
                ],
                [
                    26,
                    27,
                    120
                ],
                [
                    27,
                    26,
                    120
                ],
                [
                    27,
                    28,
                    120
                ],
                [
                    28,
                    27,
                    120
                ],
                [
                    28,
                    29,
                    120
                ],
                [
                    29,
                    28,
                    120
                ],
                [
                    29,
                    30,
                    120
                ],
                [
                    30,
                    29,
                    120
                ],
                [
                    30,
                    31,
                    120
                ],
                [
                    31,
                    30,
                    120
                ],
                [
                    31,
                    32,
                    120
                ],
                [
                    32,
                    31,
                    120
                ]
            ],
            "stations": [
                [
                    16,
                    "Victoria",
                    17
                ],
                [
                    17,
                    "Shudehill",
                    18
                ],
                [
                    18,
                    "Market Street",
                    19
                ],
                [
                    19,
                    "Piccadilly Gardens",
                    11
                ],
                [
                    20,
                    "Piccadilly",
                    12
                ],
                [
                    21,
                    "New Islington",
                    13
                ],
                [
                    22,
                    "Holt Town",
                    14
                ],
                [
                    23,
                    "Etihad Campus",
                    15
                ],
                [
                    24,
                    "Velopark",
                    20
                ],
                [
                    25,
                    "Clayton Hall",
                    21
                ],
                [
                    26,
                    "Edge Lane",
                    22
                ],
                [
                    27,
                    "Cemetery Road",
                    23
                ],
                [
                    28,
                    "Droylsden",
                    24
                ],
                [
                    29,
                    "Audenshaw",
                    25
                ],
                [
                    30,
                    "Ashton Moss",
                    26
                ],
                [
                    31,
                    "Ashton West",
                    27
                ],
                [
                    32,
                    "Ashton-under-Lyne",
                    28
                ]
            ],
            "text_id": 29
        },
        {
            "delays": [],
            "name": "B",
            "scheme": null,
            "segments": [
                [
                    33,
                    34,
                    120
                ],
                [
                    34,
                    33,
                    120
                ],
                [
                    34,
                    35,
                    120
                ],
                [
                    35,
                    34,
                    120
                ],
                [
                    35,
                    36,
                    120
                ],
                [
                    36,
                    35,
                    120
                ],
                [
                    36,
                    37,
                    120
                ],
                [
                    37,
                    36,
                    120
                ],
                [
                    37,
                    38,
                    120
                ],
                [
                    38,
                    37,
                    120
                ],
                [
                    38,
                    39,
                    120
                ],
                [
                    39,
                    38,
                    120
                ],
                [
                    39,
                    40,
                    120
                ],
                [
                    40,
                    39,
                    120
                ],
                [
                    40,
                    41,
                    120
                ],
                [
                    41,
                    40,
                    120
                ],
                [
                    41,
                    42,
                    120
                ],
                [
                    42,
                    41,
                    120
                ],
                [
                    42,
                    43,
                    120
                ],
                [
                    43,
                    42,
                    120
                ]
            ],
            "stations": [
                [
                    33,
                    "Altrincham",
                    0
                ],
                [
                    34,
                    "Navigation Road",
                    1
                ],
                [
                    35,
                    "Timperley",
                    2
                ],
                [
                    36,
                    "Brooklands",
                    3
                ],
                [
                    37,
                    "Sale",
                    4
                ],
                [
                    38,
                    "Dane Road",
                    5
                ],
                [
                    39,
                    "Stretford",
                    6
                ],
                [
                    40,
                    "Old Trafford",
                    7
                ],
                [
                    41,
                    "Trafford Bar",
                    8
                ],
                [
                    42,
                    "Cornbrook",
                    9
                ],
                [
                    43,
                    "Deansgate-Castlefield",
                    10
                ]
            ],
            "text_id": 30
        },
        {
            "delays": [],
            "name": "C",
            "scheme": null,
            "segments": [
                [
                    44,
                    45,
                    120
                ],
                [
                    45,
                    44,
                    120
                ],
                [
                    45,
                    46,
                    120
                ],
                [
                    46,
                    45,
                    120
                ],
                [
                    46,
                    47,
                    120
                ],
                [
                    47,
                    46,
                    120
                ],
                [
                    47,
                    48,
                    120
                ],
                [
                    48,
                    47,
                    120
                ],
                [
                    48,
                    49,
                    120
                ],
                [
                    49,
                    48,
                    120
                ],
                [
                    49,
                    50,
                    120
                ],
                [
                    50,
                    49,
                    120
                ],
                [
                    50,
                    51,
                    120
                ],
                [
                    51,
                    50,
                    120
                ],
                [
                    51,
                    52,
                    120
                ],
                [
                    52,
                    51,
                    120
                ],
                [
                    52,
                    53,
                    120
                ],
                [
                    53,
                    52,
                    120
                ],
                [
                    53,
                    54,
                    120
                ],
                [
                    54,
                    53,
                    120
                ],
                [
                    54,
                    55,
                    120
                ],
                [
                    55,
                    54,
                    120
                ],
                [
                    55,
                    56,
                    120
                ],
                [
                    56,
                    55,
                    120
                ],
                [
                    56,
                    57,
                    120
                ],
                [
                    57,
                    56,
                    120
                ],
                [
                    57,
                    58,
                    120
                ],
                [
                    58,
                    57,
                    120
                ],
                [
                    58,
                    59,
                    120
                ],
                [
                    59,
                    58,
                    120
                ],
                [
                    59,
                    60,
                    120
                ],
                [
                    60,
                    59,
                    120
                ],
                [
                    60,
                    61,
                    120
                ],
                [
                    61,
                    60,
                    120
                ],
                [
                    61,
                    62,
                    120
                ],
                [
                    62,
                    61,
                    120
                ],
                [
                    62,
                    63,
                    120
                ],
                [
                    63,
                    62,
                    120
                ],
                [
                    63,
                    64,
                    120
                ],
                [
                    64,
                    63,
                    120
                ],
                [
                    64,
                    65,
                    120
                ],
                [
                    65,
                    64,
                    120
                ],
                [
                    65,
                    66,
                    120
                ],
                [
                    66,
                    65,
                    120
                ],
                [
                    66,
                    67,
                    120
                ],
                [
                    67,
                    66,
                    120
                ]
            ],
            "stations": [
                [
                    44,
                    "Bury",
                    31
                ],
                [
                    45,
                    "Radcliffe",
                    32
                ],
                [
                    46,
                    "Whitefield",
                    33
                ],
                [
                    47,
                    "Besses o' th' Barn",
                    34
                ],
                [
                    48,
                    "Prestwich",
                    35
                ],
                [
                    49,
                    "Heaton Park",
                    36
                ],
                [
                    50,
                    "Bowker Vale",
                    37
                ],
                [
                    51,
                    "Crumpsall",
                    38
                ],
                [
                    52,
                    "Abraham Moss",
                    39
                ],
                [
                    53,
                    "Queens Road",
                    40
                ],
                [
                    54,
                    "Victoria",
                    17
                ],
                [
                    55,
                    "Shudehill",
                    18
                ],
                [
                    56,
                    "Market Street",
                    19
                ],
                [
                    57,
                    "Deansgate-Castlefield",
                    10
                ],
                [
                    58,
                    "Cornbrook",
                    9
                ],
                [
                    59,
                    "Trafford Bar",
                    8
                ],
                [
                    60,
                    "Firswood",
                    41
                ],
                [
                    61,
                    "Chorlton",
                    42
                ],
                [
                    62,
                    "St Werburgh's Road",
                    43
                ],
                [
                    63,
                    "Withington",
                    44
                ],
                [
                    64,
                    "Burton Road",
                    45
                ],
                [
                    65,
                    "West Didsbury",
                    46
                ],
                [
                    66,
                    "Didsbury Village",
                    47
                ],
                [
                    67,
                    "East Didsbury",
                    48
                ]
            ],
            "text_id": 49
        },
        {
            "delays": [],
            "name": "D",
            "scheme": null,
            "segments": [
                [
                    68,
                    69,
                    120
                ],
                [
                    69,
                    68,
                    120
                ],
                [
                    69,
                    70,
                    120
                ],
                [
                    70,
                    69,
                    120
                ],
                [
                    70,
                    71,
                    120
                ],
                [
                    71,
                    70,
                    120
                ],
                [
                    71,
                    72,
                    120
                ],
                [
                    72,
                    71,
                    120
                ],
                [
                    72,
                    73,
                    120
                ],
                [
                    73,
                    72,
                    120
                ],
                [
                    73,
                    74,
                    120
                ],
                [
                    74,
                    73,
                    120
                ],
                [
                    74,
                    75,
                    120
                ],
                [
                    75,
                    74,
                    120
                ],
                [
                    75,
                    76,
                    120
                ],
                [
                    76,
                    75,
                    120
                ],
                [
                    76,
                    77,
                    120
                ],
                [
                    77,
                    76,
                    120
                ],
                [
                    77,
                    78,
                    120
                ],
                [
                    78,
                    77,
                    120
                ],
                [
                    78,
                    79,
                    120
                ],
                [
                    79,
                    78,
                    120
                ],
                [
                    79,
                    80,
                    120
                ],
                [
                    80,
                    79,
                    120
                ],
                [
                    80,
                    81,
                    120
                ],
                [
                    81,
                    80,
                    120
                ],
                [
                    81,
                    82,
                    120
                ],
                [
                    82,
                    81,
                    120
                ]
            ],
            "stations": [
                [
                    68,
                    "Bury",
                    31
                ],
                [
                    69,
                    "Radcliffe",
                    32
                ],
                [
                    70,
                    "Whitefield",
                    33
                ],
                [
                    71,
                    "Besses o' th' Barn",
                    34
                ],
                [
                    72,
                    "Prestwich",
                    35
                ],
                [
                    73,
                    "Heaton Park",
                    36
                ],
                [
                    74,
                    "Bowker Vale",
                    37
                ],
                [
                    75,
                    "Crumpsall",
                    38
                ],
                [
                    76,
                    "Abraham Moss",
                    39
                ],
                [
                    77,
                    "Queens Road",
                    40
                ],
                [
                    78,
                    "Victoria",
                    17
                ],
                [
                    79,
                    "Shudehill",
                    18
                ],
                [
                    80,
                    "Market Street",
                    19
                ],
                [
                    81,
                    "Piccadilly Gardens",
                    11
                ],
                [
                    82,
                    "Piccadilly",
                    12
                ]
            ],
            "text_id": 50
        },
        {
            "delays": [],
            "name": "E",
            "scheme": null,
            "segments": [
                [
                    83,
                    84,
                    120
                ],
                [
                    84,
                    83,
                    120
                ],
                [
                    84,
                    85,
                    120
                ],
                [
                    85,
                    84,
                    120
                ],
                [
                    85,
                    86,
                    120
                ],
                [
                    86,
                    85,
                    120
                ],
                [
                    86,
                    87,
                    120
                ],
                [
                    87,
                    86,
                    120
                ],
                [
                    87,
                    89,
                    120
                ],
                [
                    88,
                    89,
                    120
                ],
                [
                    89,
                    87,
                    120
                ],
                [
                    89,
                    88,
                    120
                ],
                [
                    89,
                    90,
                    120
                ],
                [
                    90,
                    89,
                    120
                ],
                [
                    90,
                    91,
                    120
                ],
                [
                    91,
                    90,
                    120
                ],
                [
                    91,
                    92,
                    120
                ],
                [
                    92,
                    91,
                    120
                ],
                [
                    92,
                    93,
                    120
                ],
                [
                    93,
                    92,
                    120
                ],
                [
                    93,
                    94,
                    120
                ],
                [
                    94,
                    93,
                    120
                ],
                [
                    94,
                    95,
                    120
                ],
                [
                    95,
                    94,
                    120
                ],
                [
                    95,
                    96,
                    120
                ],
                [
                    96,
                    95,
                    120
                ],
                [
                    96,
                    97,
                    120
                ],
                [
                    97,
                    96,
                    120
                ]
            ],
            "stations": [
                [
                    83,
                    "Eccles",
                    51
                ],
                [
                    84,
                    "Ladywell",
                    52
                ],
                [
                    85,
                    "Weaste",
                    53
                ],
                [
                    86,
                    "Langworthy",
                    54
                ],
                [
                    87,
                    "Broadway",
                    55
                ],
                [
                    88,
                    "MediaCityUK",
                    56
                ],
                [
                    89,
                    "Harbour City",
                    57
                ],
                [
                    90,
                    "Anchorage",
                    58
                ],
                [
                    91,
                    "Salford Quays",
                    59
                ],
                [
                    92,
                    "Exchange Quay",
                    60
                ],
                [
                    93,
                    "Pomona",
                    61
                ],
                [
                    94,
                    "Cornbrook",
                    9
                ],
                [
                    95,
                    "Deansgate-Castlefield",
                    10
                ],
                [
                    96,
                    "Piccadilly Gardens",
                    11
                ],
                [
                    97,
                    "Piccadilly",
                    12
                ]
            ],
            "text_id": 62
        },
        {
            "delays": [],
            "name": "F",
            "scheme": null,
            "segments": [
                [
                    98,
                    99,
                    120
                ],
                [
                    99,
                    98,
                    120
                ],
                [
                    99,
                    100,
                    120
                ],
                [
                    100,
                    99,
                    120
                ],
                [
                    100,
                    101,
                    120
                ],
                [
                    101,
                    100,
                    120
                ],
                [
                    101,
                    102,
                    120
                ],
                [
                    102,
                    101,
                    120
                ],
                [
                    102,
                    103,
                    120
                ],
                [
                    103,
                    102,
                    120
                ],
                [
                    103,
                    104,
                    120
                ],
                [
                    104,
                    103,
                    120
                ],
                [
                    104,
                    105,
                    120
                ],
                [
                    105,
                    104,
                    120
                ],
                [
                    105,
                    106,
                    120
                ],
                [
                    106,
                    105,
                    120
                ],
                [
                    106,
                    107,
                    120
                ],
                [
                    107,
                    106,
                    120
                ],
                [
                    107,
                    108,
                    120
                ],
                [
                    108,
                    107,
                    120
                ],
                [
                    108,
                    109,
                    120
                ],
                [
                    109,
                    108,
                    120
                ],
                [
                    109,
                    110,
                    120
                ],
                [
                    110,
                    109,
                    120
                ],
                [
                    110,
                    111,
                    120
                ],
                [
                    111,
                    110,
                    120
                ],
                [
                    111,
                    112,
                    120
                ],
                [
                    112,
                    111,
                    120
                ],
                [
                    112,
                    113,
                    120
                ],
                [
                    113,
                    112,
                    120
                ],
                [
                    113,
                    114,
                    120
                ],
                [
                    114,
                    113,
                    120
                ],
                [
                    114,
                    115,
                    120
                ],
                [
                    115,
                    114,
                    120
                ],
                [
                    115,
                    116,
                    120
                ],
                [
                    116,
                    115,
                    120
                ],
                [
                    116,
                    117,
                    120
                ],
                [
                    117,
                    116,
                    120
                ]
            ],
            "stations": [
                [
                    98,
                    "Manchester Airport",
                    63
                ],
                [
                    99,
                    "Shadowmoss",
                    64
                ],
                [
                    100,
                    "Peel Hall",
                    65
                ],
                [
                    101,
                    "Robinswood Road",
                    66
                ],
                [
                    102,
                    "Wythenshawe Town Centre",
                    67
                ],
                [
                    103,
                    "Crossacres",
                    68
                ],
                [
                    104,
                    "Benchill",
                    69
                ],
                [
                    105,
                    "Martinscroft",
                    70
                ],
                [
                    106,
                    "Roundthorn",
                    71
                ],
                [
                    107,
                    "Baguley",
                    72
                ],
                [
                    108,
                    "Moor Road",
                    73
                ],
                [
                    109,
                    "Wythenshawe Park",
                    74
                ],
                [
                    110,
                    "Northern Moor",
                    75
                ],
                [
                    111,
                    "Sale Water Park",
                    76
                ],
                [
                    112,
                    "Barlow Moor Road",
                    77
                ],
                [
                    113,
                    "St Werburgh's Road",
                    43
                ],
                [
                    114,
                    "Chorlton",
                    42
                ],
                [
                    115,
                    "Firswood",
                    41
                ],
                [
                    116,
                    "Trafford Bar",
                    8
                ],
                [
                    117,
                    "Cornbrook",
                    9
                ]
            ],
            "text_id": 78
        },
        {
            "delays": [],
            "name": "G",
            "scheme": null,
            "segments": [
                [
                    118,
                    119,
                    120
                ],
                [
                    119,
                    118,
                    120
                ],
                [
                    119,
                    120,
                    120
                ],
                [
                    120,
                    119,
                    120
                ],
                [
                    120,
                    121,
                    120
                ],
                [
                    121,
                    120,
                    120
                ],
                [
                    121,
                    122,
                    120
                ],
                [
                    122,
                    121,
                    120
                ],
                [
                    122,
                    123,
                    120
                ],
                [
                    123,
                    122,
                    120
                ],
                [
                    123,
                    124,
                    120
                ],
                [
                    124,
                    123,
                    120
                ],
                [
                    124,
                    125,
                    120
                ],
                [
                    125,
                    124,
                    120
                ],
                [
                    125,
                    126,
                    120
                ],
                [
                    126,
                    125,
                    120
                ],
                [
                    126,
                    127,
                    120
                ],
                [
                    127,
                    126,
                    120
                ],
                [
                    127,
                    128,
                    120
                ],
                [
                    128,
                    127,
                    120
                ],
                [
                    128,
                    129,
                    120
                ],
                [
                    129,
                    128,
                    120
                ],
                [
                    129,
                    130,
                    120
                ],
                [
                    130,
                    129,
                    120
                ],
                [
                    130,
                    131,
                    120
                ],
                [
                    131,
                    130,
                    120
                ],
                [
                    131,
                    132,
                    120
                ],
                [
                    132,
                    131,
                    120
                ],
                [
                    132,
                    133,
                    120
                ],
                [
                    133,
                    132,
                    120
                ],
                [
                    133,
                    134,
                    120
                ],
                [
                    134,
                    133,
                    120
                ],
                [
                    134,
                    135,
                    120
                ],
                [
                    135,
                    134,
                    120
                ],
                [
                    135,
                    136,
                    120
                ],
                [
                    136,
                    135,
                    120
                ],
                [
                    136,
                    137,
                    120
                ],
                [
                    137,
                    136,
                    120
                ],
                [
                    137,
                    138,
                    120
                ],
                [
                    138,
                    137,
                    120
                ],
                [
                    138,
                    139,
                    120
                ],
                [
                    139,
                    138,
                    120
                ],
                [
                    139,
                    140,
                    120
                ],
                [
                    140,
                    139,
                    120
                ],
                [
                    140,
                    141,
                    120
                ],
                [
                    141,
                    140,
                    120
                ],
                [
                    141,
                    142,
                    120
                ],
                [
                    142,
                    141,
                    120
                ],
                [
                    142,
                    143,
                    120
                ],
                [
                    143,
                    142,
                    120
                ],
                [
                    143,
                    144,
                    120
                ],
                [
                    144,
                    143,
                    120
                ],
                [
                    144,
                    145,
                    120
                ],
                [
                    145,
                    144,
                    120
                ],
                [
                    145,
                    146,
                    120
                ],
                [
                    146,
                    145,
                    120
                ],
                [
                    146,
                    147,
                    120
                ],
                [
                    147,
                    146,
                    120
                ],
                [
                    147,
                    148,
                    120
                ],
                [
                    148,
                    147,
                    120
                ],
                [
                    148,
                    149,
                    120
                ],
                [
                    149,
                    148,
                    120
                ],
                [
                    149,
                    150,
                    120
                ],
                [
                    150,
                    149,
                    120
                ],
                [
                    150,
                    151,
                    120
                ],
                [
                    151,
                    150,
                    120
                ],
                [
                    151,
                    152,
                    120
                ],
                [
                    152,
                    151,
                    120
                ],
                [
                    152,
                    153,
                    120
                ],
                [
                    153,
                    152,
                    120
                ]
            ],
            "stations": [
                [
                    118,
                    "Rochdale Town Centre",
                    79
                ],
                [
                    119,
                    "Rochdale Railway Station",
                    80
                ],
                [
                    120,
                    "Newbold",
                    81
                ],
                [
                    121,
                    "Kingsway Business Park",
                    82
                ],
                [
                    122,
                    "Milnrow",
                    83
                ],
                [
                    123,
                    "Newhey",
                    84
                ],
                [
                    124,
                    "Shaw and Crompton",
                    85
                ],
                [
                    125,
                    "Derker",
                    86
                ],
                [
                    126,
                    "Oldham Mumps",
                    87
                ],
                [
                    127,
                    "Oldham Central",
                    88
                ],
                [
                    128,
                    "Oldham King Street",
                    89
                ],
                [
                    129,
                    "Westwood",
                    90
                ],
                [
                    130,
                    "Freehold",
                    91
                ],
                [
                    131,
                    "South Chadderton",
                    92
                ],
                [
                    132,
                    "Hollinwood",
                    93
                ],
                [
                    133,
                    "Failsworth",
                    94
                ],
                [
                    134,
                    "Newton Heath and Moston",
                    95
                ],
                [
                    135,
                    "Central Park",
                    96
                ],
                [
                    136,
                    "Monsall",
                    97
                ],
                [
                    137,
                    "Victoria",
                    17
                ],
                [
                    138,
                    "Shudehill",
                    18
                ],
                [
                    139,
                    "Market Street",
                    19
                ],
                [
                    140,
                    "Piccadilly Gardens",
                    11
                ],
                [
                    141,
                    "Piccadilly",
                    12
                ],
                [
                    142,
                    "New Islington",
                    13
                ],
                [
                    143,
                    "Holt Town",
                    14
                ],
                [
                    144,
                    "Etihad Campus",
                    15
                ],
                [
                    145,
                    "Velopark",
                    20
                ],
                [
                    146,
                    "Clayton Hall",
                    21
                ],
                [
                    147,
                    "Edge Lane",
                    22
                ],
                [
                    148,
                    "Cemetery Road",
                    23
                ],
                [
                    149,
                    "Droylsden",
                    24
                ],
                [
                    150,
                    "Audenshaw",
                    25
                ],
                [
                    151,
                    "Ashton Moss",
                    26
                ],
                [
                    152,
                    "Ashton West",
                    27
                ],
                [
                    153,
                    "Ashton-under-Lyne",
                    28
                ]
            ],
            "text_id": 98
        },
        {
            "delays": [],
            "name": "H",
            "scheme": null,
            "segments": [
                [
                    154,
                    155,
                    120
                ],
                [
                    155,
                    154,
                    120
                ],
                [
                    155,
                    156,
                    120
                ],
                [
                    156,
                    155,
                    120
                ],
                [
                    156,
                    157,
                    120
                ],
                [
                    157,
                    156,
                    120
                ],
                [
                    157,
                    158,
                    120
                ],
                [
                    158,
                    157,
                    120
                ],
                [
                    158,
                    159,
                    120
                ],
                [
                    159,
                    158,
                    120
                ],
                [
                    159,
                    160,
                    120
                ],
                [
                    160,
                    159,
                    120
                ],
                [
                    160,
                    161,
                    120
                ],
                [
                    161,
                    160,
                    120
                ],
                [
                    161,
                    162,
                    120
                ],
                [
                    162,
                    161,
                    120
                ],
                [
                    162,
                    163,
                    120
                ],
                [
                    163,
                    162,
                    120
                ],
                [
                    163,
                    164,
                    120
                ],
                [
                    164,
                    163,
                    120
                ],
                [
                    164,
                    165,
                    120
                ],
                [
                    165,
                    164,
                    120
                ],
                [
                    165,
                    166,
                    120
                ],
                [
                    166,
                    165,
                    120
                ],
                [
                    166,
                    167,
                    120
                ],
                [
                    167,
                    166,
                    120
                ],
                [
                    167,
                    168,
                    120
                ],
                [
                    168,
                    167,
                    120
                ]
            ],
            "stations": [
                [
                    154,
                    "Shaw and Crompton",
                    85
                ],
                [
                    155,
                    "Derker",
                    86
                ],
                [
                    156,
                    "Oldham Mumps",
                    87
                ],
                [
                    157,
                    "Oldham Central",
                    88
                ],
                [
                    158,
                    "Oldham King Street",
                    89
                ],
                [
                    159,
                    "Westwood",
                    90
                ],
                [
                    160,
                    "Freehold",
                    91
                ],
                [
                    161,
                    "South Chadderton",
                    92
                ],
                [
                    162,
                    "Hollinwood",
                    93
                ],
                [
                    163,
                    "Failsworth",
                    94
                ],
                [
                    164,
                    "Newton Heath and Moston",
                    95
                ],
                [
                    165,
                    "Central Park",
                    96
                ],
                [
                    166,
                    "Monsall",
                    97
                ],
                [
                    167,
                    "Victoria",
                    17
                ],
                [
                    168,
                    "Exchange Square",
                    99
                ]
            ],
            "text_id": 100
        },
        {
            "delays": [],
            "name": "I",
            "scheme": null,
            "segments": [
                [
                    169,
                    170,
                    120
                ],
                [
                    170,
                    169,
                    120
                ],
                [
                    170,
                    171,
                    120
                ],
                [
                    171,
                    170,
                    120
                ],
                [
                    171,
                    172,
                    120
                ],
                [
                    172,
                    171,
                    120
                ],
                [
                    172,
                    173,
                    120
                ],
                [
                    173,
                    172,
                    120
                ],
                [
                    173,
                    174,
                    120
                ],
                [
                    174,
                    173,
                    120
                ],
                [
                    174,
                    175,
                    120
                ],
                [
                    175,
                    174,
                    120
                ],
                [
                    175,
                    176,
                    120
                ],
                [
                    176,
                    175,
                    120
                ],
                [
                    176,
                    177,
                    120
                ],
                [
                    177,
                    176,
                    120
                ],
                [
                    177,
                    178,
                    120
                ],
                [
                    178,
                    177,
                    120
                ],
                [
                    178,
                    179,
                    120
                ],
                [
                    179,
                    178,
                    120
                ],
                [
                    179,
                    180,
                    120
                ],
                [
                    180,
                    179,
                    120
                ],
                [
                    180,
                    181,
                    120
                ],
                [
                    181,
                    180,
                    120
                ],
                [
                    181,
                    182,
                    120
                ],
                [
                    182,
                    181,
                    120
                ],
                [
                    182,
                    183,
                    120
                ],
                [
                    183,
                    182,
                    120
                ],
                [
                    183,
                    184,
                    120
                ],
                [
                    184,
                    183,
                    120
                ],
                [
                    184,
                    185,
                    120
                ],
                [
                    185,
                    184,
                    120
                ],
                [
                    185,
                    186,
                    120
                ],
                [
                    186,
                    185,
                    120
                ],
                [
                    186,
                    187,
                    120
                ],
                [
                    187,
                    186,
                    120
                ],
                [
                    187,
                    188,
                    120
                ],
                [
                    188,
                    187,
                    120
                ],
                [
                    188,
                    189,
                    120
                ],
                [
                    189,
                    188,
                    120
                ]
            ],
            "stations": [
                [
                    169,
                    "Rochdale Town Centre",
                    79
                ],
                [
                    170,
                    "Rochdale Railway Station",
                    80
                ],
                [
                    171,
                    "Newbold",
                    81
                ],
                [
                    172,
                    "Kingsway Business Park",
                    82
                ],
                [
                    173,
                    "Milnrow",
                    83
                ],
                [
                    174,
                    "Newhey",
                    84
                ],
                [
                    175,
                    "Shaw and Crompton",
                    85
                ],
                [
                    176,
                    "Derker",
                    86
                ],
                [
                    177,
                    "Oldham Mumps",
                    87
                ],
                [
                    178,
                    "Oldham Central",
                    88
                ],
                [
                    179,
                    "Oldham King Street",
                    89
                ],
                [
                    180,
                    "Westwood",
                    90
                ],
                [
                    181,
                    "Freehold",
                    91
                ],
                [
                    182,
                    "South Chadderton",
                    92
                ],
                [
                    183,
                    "Hollinwood",
                    93
                ],
                [
                    184,
                    "Failsworth",
                    94
                ],
                [
                    185,
                    "Newton Heath and Moston",
                    95
                ],
                [
                    186,
                    "Central Park",
                    96
                ],
                [
                    187,
                    "Monsall",
                    97
                ],
                [
                    188,
                    "Victoria",
                    17
                ],
                [
                    189,
                    "Exchange Square",
                    99
                ]
            ],
            "text_id": 101
        }
    ],
    "name": "metro",
    "transfers": [
        [
            0,
            33,
            120,
            true
        ],
        [
            1,
            34,
            120,
            true
        ],
        [
            2,
            35,
            120,
            true
        ],
        [
            3,
            36,
            120,
            true
        ],
        [
            4,
            37,
            120,
            true
        ],
        [
            5,
            38,
            120,
            true
        ],
        [
            6,
            39,
            120,
            true
        ],
        [
            7,
            40,
            120,
            true
        ],
        [
            62,
            113,
            120,
            true
        ],
        [
            61,
            114,
            120,
            true
        ],
        [
            60,
            115,
            120,
            true
        ],
        [
            8,
            41,
            120,
            true
        ],
        [
            8,
            59,
            120,
            true
        ],
        [
            8,
            116,
            120,
            true
        ],
        [
            41,
            59,
            120,
            true
        ],
        [
            41,
            116,
            120,
            true
        ],
        [
            59,
            116,
            120,
            true
        ],
        [
            94,
            9,
            120,
            true
        ],
        [
            94,
            42,
            120,
            true
        ],
        [
            94,
            58,
            120,
            true
        ],
        [
            94,
            117,
            120,
            true
        ],
        [
            9,
            42,
            120,
            true
        ],
        [
            9,
            58,
            120,
            true
        ],
        [
            9,
            117,
            120,
            true
        ],
        [
            42,
            58,
            120,
            true
        ],
        [
            42,
            117,
            120,
            true
        ],
        [
            58,
            117,
            120,
            true
        ],
        [
            95,
            10,
            120,
            true
        ],
        [
            95,
            43,
            120,
            true
        ],
        [
            95,
            57,
            120,
            true
        ],
        [
            10,
            43,
            120,
            true
        ],
        [
            10,
            57,
            120,
            true
        ],
        [
            43,
            57,
            120,
            true
        ],
        [
            68,
            44,
            120,
            true
        ],
        [
            69,
            45,
            120,
            true
        ],
        [
            70,
            46,
            120,
            true
        ],
        [
            71,
            47,
            120,
            true
        ],
        [
            72,
            48,
            120,
            true
        ],
        [
            73,
            49,
            120,
            true
        ],
        [
            74,
            50,
            120,
            true
        ],
        [
            75,
            51,
            120,
            true
        ],
        [
            76,
            52,
            120,
            true
        ],
        [
            77,
            53,
            120,
            true
        ],
        [
            169,
            118,
            120,
            true
        ],
        [
            170,
            119,
            120,
            true
        ],
        [
            171,
            120,
            120,
            true
        ],
        [
            172,
            121,
            120,
            true
        ],
        [
            173,
            122,
            120,
            true
        ],
        [
            174,
            123,
            120,
            true
        ],
        [
            154,
            175,
            120,
            true
        ],
        [
            154,
            124,
            120,
            true
        ],
        [
            175,
            124,
            120,
            true
        ],
        [
            155,
            176,
            120,
            true
        ],
        [
            155,
            125,
            120,
            true
        ],
        [
            176,
            125,
            120,
            true
        ],
        [
            156,
            177,
            120,
            true
        ],
        [
            156,
            126,
            120,
            true
        ],
        [
            177,
            126,
            120,
            true
        ],
        [
            157,
            178,
            120,
            true
        ],
        [
            157,
            127,
            120,
            true
        ],
        [
            178,
            127,
            120,
            true
        ],
        [
            158,
            179,
            120,
            true
        ],
        [
            158,
            128,
            120,
            true
        ],
        [
            179,
            128,
            120,
            true
        ],
        [
            159,
            180,
            120,
            true
        ],
        [
            159,
            129,
            120,
            true
        ],
        [
            180,
            129,
            120,
            true
        ],
        [
            160,
            181,
            120,
            true
        ],
        [
            160,
            130,
            120,
            true
        ],
        [
            181,
            130,
            120,
            true
        ],
        [
            161,
            182,
            120,
            true
        ],
        [
            161,
            131,
            120,
            true
        ],
        [
            182,
            131,
            120,
            true
        ],
        [
            162,
            183,
            120,
            true
        ],
        [
            162,
            132,
            120,
            true
        ],
        [
            183,
            132,
            120,
            true
        ],
        [
            163,
            184,
            120,
            true
        ],
        [
            163,
            133,
            120,
            true
        ],
        [
            184,
            133,
            120,
            true
        ],
        [
            164,
            185,
            120,
            true
        ],
        [
            164,
            134,
            120,
            true
        ],
        [
            185,
            134,
            120,
            true
        ],
        [
            165,
            186,
            120,
            true
        ],
        [
            165,
            135,
            120,
            true
        ],
        [
            186,
            135,
            120,
            true
        ],
        [
            166,
            187,
            120,
            true
        ],
        [
            166,
            136,
            120,
            true
        ],
        [
            187,
            136,
            120,
            true
        ],
        [
            168,
            189,
            120,
            true
        ],
        [
            153,
            32,
            120,
            true
        ],
        [
            152,
            31,
            120,
            true
        ],
        [
            151,
            30,
            120,
            true
        ],
        [
            150,
            29,
            120,
            true
        ],
        [
            149,
            28,
            120,
            true
        ],
        [
            148,
            27,
            120,
            true
        ],
        [
            147,
            26,
            120,
            true
        ],
        [
            146,
            25,
            120,
            true
        ],
        [
            145,
            24,
            120,
            true
        ],
        [
            15,
            144,
            120,
            true
        ],
        [
            15,
            23,
            120,
            true
        ],
        [
            144,
            23,
            120,
            true
        ],
        [
            14,
            143,
            120,
            true
        ],
        [
            14,
            22,
            120,
            true
        ],
        [
            143,
            22,
            120,
            true
        ],
        [
            13,
            142,
            120,
            true
        ],
        [
            13,
            21,
            120,
            true
        ],
        [
            142,
            21,
            120,
            true
        ],
        [
            97,
            12,
            120,
            true
        ],
        [
            97,
            82,
            120,
            true
        ],
        [
            97,
            141,
            120,
            true
        ],
        [
            97,
            20,
            120,
            true
        ],
        [
            12,
            82,
            120,
            true
        ],
        [
            12,
            141,
            120,
            true
        ],
        [
            12,
            20,
            120,
            true
        ],
        [
            82,
            141,
            120,
            true
        ],
        [
            82,
            20,
            120,
            true
        ],
        [
            141,
            20,
            120,
            true
        ],
        [
            96,
            11,
            120,
            true
        ],
        [
            96,
            81,
            120,
            true
        ],
        [
            96,
            140,
            120,
            true
        ],
        [
            96,
            19,
            120,
            true
        ],
        [
            11,
            81,
            120,
            true
        ],
        [
            11,
            140,
            120,
            true
        ],
        [
            11,
            19,
            120,
            true
        ],
        [
            81,
            140,
            120,
            true
        ],
        [
            81,
            19,
            120,
            true
        ],
        [
            140,
            19,
            120,
            true
        ],
        [
            18,
            80,
            120,
            true
        ],
        [
            18,
            139,
            120,
            true
        ],
        [
            18,
            56,
            120,
            true
        ],
        [
            80,
            139,
            120,
            true
        ],
        [
            80,
            56,
            120,
            true
        ],
        [
            139,
            56,
            120,
            true
        ],
        [
            17,
            79,
            120,
            true
        ],
        [
            17,
            138,
            120,
            true
        ],
        [
            17,
            55,
            120,
            true
        ],
        [
            79,
            138,
            120,
            true
        ],
        [
            79,
            55,
            120,
            true
        ],
        [
            138,
            55,
            120,
            true
        ],
        [
            16,
            167,
            120,
            true
        ],
        [
            16,
            188,
            120,
            true
        ],
        [
            16,
            137,
            120,
            true
        ],
        [
            16,
            78,
            120,
            true
        ],
        [
            16,
            54,
            120,
            true
        ],
        [
            167,
            188,
            120,
            true
        ],
        [
            167,
            137,
            120,
            true
        ],
        [
            167,
            78,
            120,
            true
        ],
        [
            167,
            54,
            120,
            true
        ],
        [
            188,
            137,
            120,
            true
        ],
        [
            188,
            78,
            120,
            true
        ],
        [
            188,
            54,
            120,
            true
        ],
        [
            137,
            78,
            120,
            true
        ],
        [
            137,
            54,
            120,
            true
        ],
        [
            78,
            54,
            120,
            true
        ]
    ],
    "type_name": "Трамвай"
}