{
    "lines": [
        {
            "delays": [
                180,
                360
            ],
            "name": "A",
            "scheme": null,
            "segments": [
                [
                    0,
                    1,
                    120
                ],
                [
                    1,
                    0,
                    120
                ],
                [
                    1,
                    2,
                    120
                ],
                [
                    2,
                    1,
                    120
                ],
                [
                    2,
                    3,
                    120
                ],
                [
                    3,
                    2,
                    120
                ],
                [
                    3,
                    4,
                    120
                ],
                [
                    4,
                    3,
                    120
                ],
                [
                    4,
                    5,
                    120
                ],
                [
                    5,
                    4,
                    120
                ],
                [
                    5,
                    6,
                    120
                ],
                [
                    6,
                    5,
                    120
                ],
                [
                    6,
                    7,
                    120
                ],
                [
                    7,
                    6,
                    120
                ],
                [
                    7,
                    8,
                    120
                ],
                [
                    8,
                    7,
                    120
                ],
                [
                    8,
                    9,
                    120
                ],
                [
                    9,
                    8,
                    120
                ],
                [
                    9,
                    10,
                    120
                ],
                [
                    10,
                    9,
                    120
                ],
                [
                    10,
                    11,
                    120
                ],
                [
                    11,
                    10,
                    120
                ],
                [
                    11,
                    12,
                    120
                ],
                [
                    12,
                    11,
                    120
                ],
                [
                    12,
                    13,
                    120
                ],
                [
                    13,
                    12,
                    120
                ],
                [
                    13,
                    14,
                    120
                ],
                [
                    14,
                    13,
                    120
                ],
                [
                    14,
                    15,
                    120
                ],
                [
                    15,
                    14,
                    120
                ],
                [
                    15,
                    16,
                    120
                ],
                [
                    16,
                    15,
                    120
                ],
                [
                    16,
                    17,
                    120
                ],
                [
                    17,
                    16,
                    120
                ]
            ],
            "stations": [
                [
                    0,
                    "Basso-Cambo",
                    0
                ],
                [
                    1,
                    "Bellefontaine",
                    1
                ],
                [
                    2,
                    "Reynerie",
                    2
                ],
                [
                    3,
                    "Mirail/Universitй",
                    3
                ],
                [
                    4,
                    "Bagatelle",
                    4
                ],
                [
                    5,
                    "Mermoz",
                    5
                ],
                [
                    6,
                    "Fontaine-Lestang",
                    6
                ],
                [
                    7,
                    "Arиnes/Gare Saint-Cyprien",
                    7
                ],
                [
                    8,
                    "Patte-d'Oie",
                    8
                ],
                [
                    9,
                    "Saint-Cyprien/Rйpublique",
                    9
                ],
                [
                    10,
                    "Esquirol",
                    10
                ],
                [
                    11,
                    "Capitole",
                    11
                ],
                [
                    12,
                    "Jean Jaurиs",
                    12
                ],
                [
                    13,
                    "Marengo-SNCF/Gare Matabiau",
                    13
                ],
                [
                    14,
                    "Jolimont",
                    14
                ],
                [
                    15,
                    "Roseraie",
                    15
                ],
                [
                    16,
                    "Argoulets",
                    16
                ],
                [
                    17,
                    "Balma Gramont",
                    17
                ]
            ],
            "text_id": 18
        },
        {
            "delays": [
                180,
                360
            ],
            "name": "C",
            "scheme": null,
            "segments": [
                [
                    18,
                    19,
                    120
                ],
                [
                    19,
                    18,
                    120
                ],
                [
                    19,
                    20,
                    120
                ],
                [
                    20,
                    19,
                    120
                ]
            ],
            "stations": [
                [
                    18,
                    "Arиnes/Gare Saint-Cyprien",
                    7
                ],
                [
                    19,
                    "Gare des Capelles",
                    19
                ],
                [
                    20,
                    "Gare de Colomiers",
                    20
                ]
            ],
            "text_id": 21
        },
        {
            "delays": [
                180,
                360
            ],
            "name": "B",
            "scheme": null,
            "segments": [
                [
                    21,
                    22,
                    120
                ],
                [
                    22,
                    21,
                    120
                ],
                [
                    22,
                    23,
                    120
                ],
                [
                    23,
                    22,
                    120
                ],
                [
                    23,
                    24,
                    120
                ],
                [
                    24,
                    23,
                    120
                ],
                [
                    24,
                    25,
                    120
                ],
                [
                    25,
                    24,
                    120
                ],
                [
                    25,
                    26,
                    120
                ],
                [
                    26,
                    25,
                    120
                ],
                [
                    26,
                    27,
                    120
                ],
                [
                    27,
                    26,
                    120
                ],
                [
                    27,
                    28,
                    120
                ],
                [
                    28,
                    27,
                    120
                ],
                [
                    28,
                    29,
                    120
                ],
                [
                    29,
                    28,
                    120
                ],
                [
                    29,
                    30,
                    120
                ],
                [
                    30,
                    29,
                    120
                ],
                [
                    30,
                    31,
                    120
                ],
                [
                    31,
                    30,
                    120
                ],
                [
                    31,
                    32,
                    120
                ],
                [
                    32,
                    31,
                    120
                ],
                [
                    32,
                    33,
                    120
                ],
                [
                    33,
                    32,
                    120
                ],
                [
                    33,
                    34,
                    120
                ],
                [
                    34,
                    33,
                    120
                ],
                [
                    34,
                    35,
                    120
                ],
                [
                    35,
                    34,
                    120
                ],
                [
                    35,
                    36,
                    120
                ],
                [
                    36,
                    35,
                    120
                ],
                [
                    36,
                    37,
                    120
                ],
                [
                    37,
                    36,
                    120
                ],
                [
                    37,
                    38,
                    120
                ],
                [
                    38,
                    37,
                    120
                ],
                [
                    38,
                    39,
                    120
                ],
                [
                    39,
                    38,
                    120
                ],
                [
                    39,
                    40,
                    120
                ],
                [
                    40,
                    39,
                    120
                ]
            ],
            "stations": [
                [
                    21,
                    "Borderouge",
                    22
                ],
                [
                    22,
                    "Trois Cocus",
                    23
                ],
                [
                    23,
                    "La Vache",
                    24
                ],
                [
                    24,
                    "Barriиre de Paris",
                    25
                ],
                [
                    25,
                    "Minimes-Claude Nougaro",
                    26
                ],
                [
                    26,
                    "Canal du Midi",
                    27
                ],
                [
                    27,
                    "Compans Caffarelli",
                    28
                ],
                [
                    28,
                    "Jeanne d'Arc",
                    29
                ],
                [
                    29,
                    "Jean Jaurиs",
                    12
                ],
                [
                    30,
                    "Francois Verdier",
                    30
                ],
                [
                    31,
                    "Carmes",
                    31
                ],
                [
                    32,
                    "Palais de Justice",
                    32
                ],
                [
                    33,
                    "Saint-Michel-Marcel Langer",
                    33
                ],
                [
                    34,
                    "Empalot",
                    34
                ],
                [
                    35,
                    "Sain-Agne-SNCF",
                    35
                ],
                [
                    36,
                    "Saouzelong",
                    36
                ],
                [
                    37,
                    "Rangueil",
                    37
                ],
                [
                    38,
                    "Facultи de Pharmacie",
                    38
                ],
                [
                    39,
                    "Universitи-Paul-Sabatier",
                    39
                ],
                [
                    40,
                    "Ramonville",
                    40
                ]
            ],
            "text_id": 41
        }
    ],
    "name": "metro",
    "transfers": [
        [
            12,
            29,
            120,
            true
        ],
        [
            7,
            18,
            120,
            true
        ]
    ],
    "type_name": "Метро"
}