{
    "0": "22nd Street",
    "1": "34th Street",
    "2": "45th Street",
    "3": "Danforth Avenue",
    "4": "Richard Street",
    "5": "Liberty State Park",
    "6": "Jersey Avenue",
    "7": "Marin Boulevard",
    "8": "Essex Street",
    "9": "Exchange Place",
    "10": "Harborside Financial Center",
    "11": "Harsimus Cove",
    "12": "Pavonia/Newport",
    "13": "Hoboken Terminal",
    "14": "22nd Street - Hoboken Terminal",
    "15": "West Side Avenue",
    "16": "Martin Luther King Drive",
    "17": "Garfield Avenue",
    "18": "2nd Street",
    "19": "9th Street",
    "20": "Lincoln Harbor",
    "21": "Port Imperial",
    "22": "Bergenline Avenue",
    "23": "Tonnelle Avenue",
    "24": "West Side Avenue - Tonnelle Avenue",
    "25": "Hoboken Terminal - Tonnelle Avenue",
    "26": "Tram",
    "27": "ROOT",
    "28": "Shema skorostnogo tramvaja\nShema ot 31.01.2009g.\nAvtor: Muradov Boris",
    "29": "Imported from http://pmetro.su"
}