{
    "lines": [
        {
            "delays": [
                180,
                420
            ],
            "name": "Автозаводская",
            "scheme": "avtozavodskaja",
            "segments": [
                [
                    0,
                    1,
                    0
                ],
                [
                    1,
                    0,
                    0
                ],
                [
                    1,
                    2,
                    300
                ],
                [
                    2,
                    1,
                    300
                ],
                [
                    2,
                    3,
                    159
                ],
                [
                    3,
                    2,
                    159
                ],
                [
                    3,
                    4,
                    120
                ],
                [
                    4,
                    3,
                    120
                ],
                [
                    4,
                    5,
                    140
                ],
                [
                    5,
                    4,
                    140
                ],
                [
                    5,
                    6,
                    104
                ],
                [
                    6,
                    5,
                    104
                ],
                [
                    6,
                    7,
                    115
                ],
                [
                    7,
                    6,
                    115
                ],
                [
                    7,
                    8,
                    115
                ],
                [
                    8,
                    7,
                    115
                ],
                [
                    8,
                    9,
                    90
                ],
                [
                    9,
                    8,
                    90
                ],
                [
                    9,
                    10,
                    95
                ],
                [
                    10,
                    9,
                    95
                ],
                [
                    10,
                    11,
                    159
                ],
                [
                    11,
                    10,
                    159
                ]
            ],
            "stations": [
                [
                    0,
                    "Оперный театр",
                    0
                ],
                [
                    1,
                    "Горьковская",
                    1
                ],
                [
                    2,
                    "Московская",
                    2
                ],
                [
                    3,
                    "Чкаловская",
                    3
                ],
                [
                    4,
                    "Ленинская",
                    4
                ],
                [
                    5,
                    "Заречная",
                    5
                ],
                [
                    6,
                    "Двигатель Революции",
                    6
                ],
                [
                    7,
                    "Пролетарская",
                    7
                ],
                [
                    8,
                    "Автозаводская",
                    8
                ],
                [
                    9,
                    "Комсомольская",
                    9
                ],
                [
                    10,
                    "Кировская",
                    10
                ],
                [
                    11,
                    "Парк Культуры",
                    11
                ]
            ],
            "text_id": 8
        },
        {
            "delays": [
                180,
                420
            ],
            "name": "Сормовская",
            "scheme": "sormovskaja",
            "segments": [
                [
                    12,
                    13,
                    0
                ],
                [
                    13,
                    12,
                    0
                ],
                [
                    13,
                    14,
                    0
                ],
                [
                    14,
                    13,
                    0
                ],
                [
                    14,
                    15,
                    110
                ],
                [
                    15,
                    14,
                    110
                ],
                [
                    15,
                    16,
                    95
                ],
                [
                    16,
                    15,
                    95
                ],
                [
                    16,
                    17,
                    124
                ],
                [
                    17,
                    16,
                    124
                ],
                [
                    17,
                    18,
                    120
                ],
                [
                    18,
                    17,
                    120
                ],
                [
                    18,
                    19,
                    0
                ],
                [
                    19,
                    18,
                    0
                ]
            ],
            "stations": [
                [
                    12,
                    "Сормовская",
                    12
                ],
                [
                    13,
                    "Варя",
                    13
                ],
                [
                    14,
                    "Буревестник",
                    14
                ],
                [
                    15,
                    "Бурнаковская",
                    15
                ],
                [
                    16,
                    "Канавинская",
                    16
                ],
                [
                    17,
                    "Московская",
                    2
                ],
                [
                    18,
                    "Стрелка",
                    17
                ],
                [
                    19,
                    "Волга",
                    18
                ]
            ],
            "text_id": 12
        }
    ],
    "name": "metro",
    "transfers": [
        [
            2,
            17,
            60,
            true
        ]
    ],
    "type_name": "Метро"
}