{
    "lines": [
        {
            "delays": [
                120,
                120
            ],
            "name": "Пролетарско-Киевская",
            "scheme": "prol-kiev",
            "segments": [
                [
                    0,
                    1,
                    0
                ],
                [
                    1,
                    0,
                    0
                ],
                [
                    1,
                    2,
                    0
                ],
                [
                    2,
                    1,
                    0
                ],
                [
                    2,
                    3,
                    0
                ],
                [
                    3,
                    2,
                    0
                ],
                [
                    3,
                    4,
                    0
                ],
                [
                    4,
                    3,
                    0
                ],
                [
                    4,
                    5,
                    0
                ],
                [
                    5,
                    4,
                    0
                ],
                [
                    5,
                    6,
                    0
                ],
                [
                    6,
                    5,
                    0
                ],
                [
                    6,
                    7,
                    0
                ],
                [
                    7,
                    6,
                    0
                ],
                [
                    7,
                    8,
                    120
                ],
                [
                    8,
                    7,
                    120
                ],
                [
                    8,
                    9,
                    120
                ],
                [
                    9,
                    8,
                    120
                ],
                [
                    9,
                    10,
                    120
                ],
                [
                    10,
                    9,
                    120
                ],
                [
                    10,
                    11,
                    120
                ],
                [
                    11,
                    10,
                    120
                ],
                [
                    11,
                    12,
                    120
                ],
                [
                    12,
                    11,
                    120
                ],
                [
                    12,
                    13,
                    0
                ],
                [
                    13,
                    12,
                    0
                ],
                [
                    13,
                    14,
                    0
                ],
                [
                    14,
                    13,
                    0
                ]
            ],
            "stations": [
                [
                    0,
                    "Октябрьская",
                    0
                ],
                [
                    1,
                    "Вокзальная",
                    1
                ],
                [
                    2,
                    "Ветковские пруды",
                    2
                ],
                [
                    3,
                    "Шахтёрская",
                    3
                ],
                [
                    4,
                    "Дон Уги",
                    4
                ],
                [
                    5,
                    "Белый лебедь",
                    5
                ],
                [
                    6,
                    "Площадь Ленина",
                    6
                ],
                [
                    7,
                    "Политехнический институт",
                    7
                ],
                [
                    8,
                    "Левобережная",
                    8
                ],
                [
                    9,
                    "Мушкетовская",
                    9
                ],
                [
                    10,
                    "Красный городок",
                    10
                ],
                [
                    11,
                    "Чумаковская",
                    11
                ],
                [
                    12,
                    "Пролетарская",
                    12
                ],
                [
                    13,
                    "Восточная",
                    13
                ],
                [
                    14,
                    "Донская сторона",
                    14
                ]
            ],
            "text_id": 15
        },
        {
            "delays": [
                120,
                120
            ],
            "name": "Петровско-Красногвардейская",
            "scheme": "petr-kras",
            "segments": [
                [
                    15,
                    16,
                    0
                ],
                [
                    16,
                    15,
                    0
                ],
                [
                    16,
                    17,
                    0
                ],
                [
                    17,
                    16,
                    0
                ],
                [
                    17,
                    18,
                    0
                ],
                [
                    18,
                    17,
                    0
                ],
                [
                    18,
                    19,
                    0
                ],
                [
                    19,
                    18,
                    0
                ],
                [
                    19,
                    20,
                    0
                ],
                [
                    20,
                    19,
                    0
                ],
                [
                    20,
                    21,
                    0
                ],
                [
                    21,
                    20,
                    0
                ],
                [
                    21,
                    22,
                    0
                ],
                [
                    22,
                    21,
                    0
                ],
                [
                    22,
                    23,
                    0
                ],
                [
                    23,
                    22,
                    0
                ],
                [
                    23,
                    24,
                    0
                ],
                [
                    24,
                    23,
                    0
                ],
                [
                    24,
                    25,
                    0
                ],
                [
                    25,
                    24,
                    0
                ],
                [
                    25,
                    26,
                    0
                ],
                [
                    26,
                    25,
                    0
                ],
                [
                    26,
                    27,
                    0
                ],
                [
                    27,
                    26,
                    0
                ],
                [
                    27,
                    28,
                    0
                ],
                [
                    28,
                    27,
                    0
                ],
                [
                    28,
                    29,
                    0
                ],
                [
                    29,
                    28,
                    0
                ],
                [
                    29,
                    30,
                    0
                ],
                [
                    30,
                    29,
                    0
                ],
                [
                    30,
                    31,
                    0
                ],
                [
                    31,
                    30,
                    0
                ]
            ],
            "stations": [
                [
                    15,
                    "Площадь Победы",
                    16
                ],
                [
                    16,
                    "Петровка",
                    17
                ],
                [
                    17,
                    "Шахта №29",
                    18
                ],
                [
                    18,
                    "Рутченково",
                    19
                ],
                [
                    19,
                    "Текстильщики",
                    20
                ],
                [
                    20,
                    "Озерная",
                    21
                ],
                [
                    21,
                    "Площадь Свободы",
                    22
                ],
                [
                    22,
                    "Кировская",
                    23
                ],
                [
                    23,
                    "Мариупольская",
                    24
                ],
                [
                    24,
                    "Куйбышевская",
                    25
                ],
                [
                    25,
                    "Спортивная",
                    26
                ],
                [
                    26,
                    "Политехнический институт",
                    7
                ],
                [
                    27,
                    "Калининская",
                    27
                ],
                [
                    28,
                    "Проспект Ильича",
                    28
                ],
                [
                    29,
                    "Донецк-II",
                    29
                ],
                [
                    30,
                    "Донецк-I",
                    30
                ],
                [
                    31,
                    "Красногвардейская",
                    31
                ]
            ],
            "text_id": 32
        },
        {
            "delays": [
                120,
                120
            ],
            "name": "Горняцко-Макеевская",
            "scheme": "gorn-make",
            "segments": [
                [
                    32,
                    33,
                    0
                ],
                [
                    33,
                    32,
                    0
                ],
                [
                    33,
                    34,
                    0
                ],
                [
                    34,
                    33,
                    0
                ],
                [
                    34,
                    35,
                    0
                ],
                [
                    35,
                    34,
                    0
                ],
                [
                    35,
                    36,
                    0
                ],
                [
                    36,
                    35,
                    0
                ],
                [
                    36,
                    37,
                    0
                ],
                [
                    37,
                    36,
                    0
                ],
                [
                    37,
                    38,
                    0
                ],
                [
                    38,
                    37,
                    0
                ],
                [
                    38,
                    39,
                    0
                ],
                [
                    39,
                    38,
                    0
                ],
                [
                    39,
                    40,
                    0
                ],
                [
                    40,
                    39,
                    0
                ],
                [
                    40,
                    41,
                    0
                ],
                [
                    41,
                    40,
                    0
                ],
                [
                    41,
                    42,
                    0
                ],
                [
                    42,
                    41,
                    0
                ],
                [
                    42,
                    43,
                    0
                ],
                [
                    43,
                    42,
                    0
                ],
                [
                    43,
                    44,
                    0
                ],
                [
                    44,
                    43,
                    0
                ],
                [
                    44,
                    45,
                    0
                ],
                [
                    45,
                    44,
                    0
                ]
            ],
            "stations": [
                [
                    32,
                    "Южная",
                    33
                ],
                [
                    33,
                    "Одесская",
                    34
                ],
                [
                    34,
                    "Завод машиностроитель",
                    35
                ],
                [
                    35,
                    "Мариупольская",
                    24
                ],
                [
                    36,
                    "ул.Олимпиева",
                    36
                ],
                [
                    37,
                    "Коксохим.завод",
                    37
                ],
                [
                    38,
                    "Площадь 26 бакинских комиссаров",
                    38
                ],
                [
                    39,
                    "Академическая",
                    39
                ],
                [
                    40,
                    "Белый лебедь",
                    5
                ],
                [
                    41,
                    "Парковая",
                    40
                ],
                [
                    42,
                    "Скоростное Шоссе",
                    41
                ],
                [
                    43,
                    "Шахтостроителей",
                    42
                ],
                [
                    44,
                    "Донецк-I",
                    30
                ],
                [
                    45,
                    "Проспект мира",
                    43
                ]
            ],
            "text_id": 44
        }
    ],
    "name": "metro",
    "transfers": [
        [
            7,
            26,
            60,
            true
        ],
        [
            23,
            35,
            60,
            true
        ],
        [
            40,
            5,
            60,
            true
        ],
        [
            30,
            44,
            60,
            true
        ]
    ],
    "type_name": "Метро"
}