{
    "default_transports": [
        "metro"
    ],
    "height": 905,
    "images": [
        "res/schemes/dubai.svg"
    ],
    "is_vector": true,
    "lines": [
        {
            "labels_bg_color": "-1",
            "labels_color": "ED1C24",
            "line_color": "ED1C24",
            "line_width": 7,
            "name": "Red Line",
            "segments": [
                [
                    0,
                    1,
                    [
                        [
                            841,
                            216
                        ],
                        [
                            878,
                            253
                        ]
                    ],
                    true
                ],
                [
                    1,
                    2,
                    [
                        [
                            804,
                            179
                        ],
                        [
                            841,
                            216
                        ]
                    ],
                    true
                ],
                [
                    2,
                    3,
                    [
                        [
                            781,
                            156
                        ],
                        [
                            804,
                            179
                        ]
                    ],
                    true
                ],
                [
                    3,
                    4,
                    [
                        [
                            762,
                            137
                        ],
                        [
                            781,
                            156
                        ]
                    ],
                    true
                ],
                [
                    4,
                    5,
                    [
                        [
                            745,
                            120
                        ],
                        [
                            762,
                            137
                        ]
                    ],
                    true
                ],
                [
                    5,
                    6,
                    [
                        [
                            725,
                            100
                        ],
                        [
                            745,
                            120
                        ]
                    ],
                    true
                ],
                [
                    6,
                    7,
                    [
                        [
                            695,
                            70
                        ],
                        [
                            725,
                            100
                        ]
                    ],
                    true
                ],
                [
                    7,
                    8,
                    [
                        [
                            665,
                            100
                        ],
                        [
                            695,
                            70
                        ]
                    ],
                    true
                ],
                [
                    8,
                    9,
                    [
                        [
                            633,
                            132
                        ],
                        [
                            665,
                            100
                        ]
                    ],
                    true
                ],
                [
                    9,
                    10,
                    [
                        [
                            614,
                            151
                        ],
                        [
                            633,
                            132
                        ]
                    ],
                    true
                ],
                [
                    10,
                    11,
                    [
                        [
                            589,
                            176
                        ],
                        [
                            614,
                            151
                        ]
                    ],
                    true
                ],
                [
                    11,
                    12,
                    [
                        [
                            563,
                            202
                        ],
                        [
                            589,
                            176
                        ]
                    ],
                    true
                ],
                [
                    12,
                    13,
                    [
                        [
                            534,
                            231
                        ],
                        [
                            563,
                            202
                        ]
                    ],
                    true
                ],
                [
                    13,
                    14,
                    [
                        [
                            499,
                            266
                        ],
                        [
                            534,
                            231
                        ]
                    ],
                    true
                ],
                [
                    14,
                    15,
                    [
                        [
                            468,
                            297
                        ],
                        [
                            499,
                            266
                        ]
                    ],
                    true
                ],
                [
                    15,
                    16,
                    [
                        [
                            417,
                            348
                        ],
                        [
                            468,
                            297
                        ]
                    ],
                    true
                ],
                [
                    16,
                    17,
                    [
                        [
                            374,
                            391
                        ],
                        [
                            417,
                            348
                        ]
                    ],
                    true
                ],
                [
                    17,
                    18,
                    [
                        [
                            343,
                            422
                        ],
                        [
                            374,
                            391
                        ]
                    ],
                    true
                ],
                [
                    18,
                    19,
                    [
                        [
                            317,
                            448
                        ],
                        [
                            343,
                            422
                        ]
                    ],
                    true
                ],
                [
                    19,
                    20,
                    [
                        [
                            228,
                            467
                        ],
                        [
                            298.0,
                            467.0
                        ],
                        [
                            317,
                            448
                        ]
                    ],
                    true
                ],
                [
                    20,
                    21,
                    [
                        [
                            197,
                            498
                        ],
                        [
                            228,
                            467
                        ]
                    ],
                    true
                ],
                [
                    21,
                    22,
                    [
                        [
                            167,
                            528
                        ],
                        [
                            197,
                            498
                        ]
                    ],
                    true
                ],
                [
                    22,
                    23,
                    [
                        [
                            136,
                            559
                        ],
                        [
                            167,
                            528
                        ]
                    ],
                    true
                ],
                [
                    23,
                    24,
                    [
                        [
                            104,
                            591
                        ],
                        [
                            136,
                            559
                        ]
                    ],
                    true
                ],
                [
                    24,
                    25,
                    [
                        [
                            74,
                            621
                        ],
                        [
                            104,
                            591
                        ]
                    ],
                    true
                ],
                [
                    25,
                    26,
                    [
                        [
                            61,
                            677
                        ],
                        [
                            61.0,
                            634.0
                        ],
                        [
                            74,
                            621
                        ]
                    ],
                    false
                ],
                [
                    25,
                    27,
                    [
                        [
                            61,
                            716
                        ],
                        [
                            61.0,
                            634.0
                        ],
                        [
                            74,
                            621
                        ]
                    ],
                    true
                ],
                [
                    26,
                    27,
                    [
                        [
                            61,
                            716
                        ],
                        [
                            61,
                            677
                        ]
                    ],
                    false
                ],
                [
                    27,
                    28,
                    [
                        [
                            61,
                            716
                        ],
                        [
                            61,
                            755
                        ]
                    ],
                    true
                ]
            ],
            "stations": [
                {
                    "coord": [
                        878,
                        253
                    ],
                    "is_working": true,
                    "name": "Rashidiya",
                    "rect": [
                        863,
                        263,
                        69,
                        15
                    ],
                    "text_id": 0,
                    "uid": 0
                },
                {
                    "coord": [
                        841,
                        216
                    ],
                    "is_working": true,
                    "name": "Emirates",
                    "rect": [
                        856,
                        206,
                        40,
                        15
                    ],
                    "text_id": 1,
                    "uid": 1
                },
                {
                    "coord": [
                        804,
                        179
                    ],
                    "is_working": true,
                    "name": "Airport Terminal 3",
                    "rect": [
                        817,
                        172,
                        102,
                        12
                    ],
                    "text_id": 2,
                    "uid": 2
                },
                {
                    "coord": [
                        781,
                        156
                    ],
                    "is_working": true,
                    "name": "Airport Terminal 1",
                    "rect": [
                        791,
                        144,
                        101,
                        15
                    ],
                    "text_id": 3,
                    "uid": 3
                },
                {
                    "coord": [
                        762,
                        137
                    ],
                    "is_working": true,
                    "name": "GGICO",
                    "rect": [
                        771,
                        128,
                        37,
                        12
                    ],
                    "text_id": 4,
                    "uid": 4
                },
                {
                    "coord": [
                        745,
                        120
                    ],
                    "is_working": true,
                    "name": "Deira City Centre",
                    "rect": [
                        755,
                        109,
                        96,
                        12
                    ],
                    "text_id": 5,
                    "uid": 5
                },
                {
                    "coord": [
                        725,
                        100
                    ],
                    "is_working": true,
                    "name": "Al Rigga",
                    "rect": [
                        735,
                        90,
                        61,
                        12
                    ],
                    "text_id": 6,
                    "uid": 6
                },
                {
                    "coord": [
                        695,
                        70
                    ],
                    "is_working": true,
                    "name": "Union",
                    "rect": [
                        688,
                        44,
                        32,
                        12
                    ],
                    "text_id": 7,
                    "uid": 7
                },
                {
                    "coord": [
                        665,
                        100
                    ],
                    "is_working": true,
                    "name": "Burjuman",
                    "rect": [
                        574,
                        110,
                        65,
                        10
                    ],
                    "text_id": 8,
                    "uid": 8
                },
                {
                    "coord": [
                        633,
                        132
                    ],
                    "is_working": true,
                    "name": "Al Karama",
                    "rect": [
                        639,
                        139,
                        64,
                        15
                    ],
                    "text_id": 9,
                    "uid": 9
                },
                {
                    "coord": [
                        614,
                        151
                    ],
                    "is_working": true,
                    "name": "Al Jafiliya",
                    "rect": [
                        619,
                        160,
                        53,
                        15
                    ],
                    "text_id": 10,
                    "uid": 10
                },
                {
                    "coord": [
                        589,
                        176
                    ],
                    "is_working": true,
                    "name": "World Trade Centre",
                    "rect": [
                        596,
                        184,
                        116,
                        11
                    ],
                    "text_id": 11,
                    "uid": 11
                },
                {
                    "coord": [
                        563,
                        202
                    ],
                    "is_working": true,
                    "name": "Emirates Towers",
                    "rect": [
                        573,
                        209,
                        92,
                        14
                    ],
                    "text_id": 12,
                    "uid": 12
                },
                {
                    "coord": [
                        534,
                        231
                    ],
                    "is_working": true,
                    "name": "Financial Centre",
                    "rect": [
                        538,
                        242,
                        95,
                        13
                    ],
                    "text_id": 13,
                    "uid": 13
                },
                {
                    "coord": [
                        499,
                        266
                    ],
                    "is_working": true,
                    "name": "Burj Khalifa/Dubai Mall",
                    "rect": [
                        507,
                        274,
                        126,
                        13
                    ],
                    "text_id": 14,
                    "uid": 14
                },
                {
                    "coord": [
                        468,
                        297
                    ],
                    "is_working": true,
                    "name": "Business Bay",
                    "rect": [
                        478,
                        300,
                        84,
                        15
                    ],
                    "text_id": 15,
                    "uid": 15
                },
                {
                    "coord": [
                        417,
                        348
                    ],
                    "is_working": true,
                    "name": "Noor Islamic Bank",
                    "rect": [
                        423,
                        355,
                        100,
                        14
                    ],
                    "text_id": 16,
                    "uid": 16
                },
                {
                    "coord": [
                        374,
                        391
                    ],
                    "is_working": true,
                    "name": "First Gulf Bank",
                    "rect": [
                        383,
                        395,
                        91,
                        10
                    ],
                    "text_id": 17,
                    "uid": 17
                },
                {
                    "coord": [
                        343,
                        422
                    ],
                    "is_working": true,
                    "name": "Mall of the Emirates",
                    "rect": [
                        355,
                        424,
                        117,
                        9
                    ],
                    "text_id": 18,
                    "uid": 18
                },
                {
                    "coord": [
                        317,
                        448
                    ],
                    "is_working": true,
                    "name": "Sharaf DG",
                    "rect": [
                        325,
                        452,
                        55,
                        15
                    ],
                    "text_id": 19,
                    "uid": 19
                },
                {
                    "coord": [
                        228,
                        467
                    ],
                    "is_working": true,
                    "name": "Dubai Internet City",
                    "rect": [
                        230,
                        477,
                        110,
                        13
                    ],
                    "text_id": 20,
                    "uid": 20
                },
                {
                    "coord": [
                        197,
                        498
                    ],
                    "is_working": true,
                    "name": "Nakheel",
                    "rect": [
                        205,
                        504,
                        53,
                        14
                    ],
                    "text_id": 21,
                    "uid": 21
                },
                {
                    "coord": [
                        167,
                        528
                    ],
                    "is_working": true,
                    "name": "Dubai Marina",
                    "rect": [
                        173,
                        533,
                        78,
                        14
                    ],
                    "text_id": 22,
                    "uid": 22
                },
                {
                    "coord": [
                        136,
                        559
                    ],
                    "is_working": true,
                    "name": "Jumeirah Lake Towers",
                    "rect": [
                        142,
                        565,
                        128,
                        13
                    ],
                    "text_id": 23,
                    "uid": 23
                },
                {
                    "coord": [
                        104,
                        591
                    ],
                    "is_working": true,
                    "name": "Nakheel Harbour & Tower",
                    "rect": [
                        111,
                        598,
                        147,
                        13
                    ],
                    "text_id": 24,
                    "uid": 24
                },
                {
                    "coord": [
                        74,
                        621
                    ],
                    "is_working": true,
                    "name": "Ibn Battuta",
                    "rect": [
                        86,
                        626,
                        67,
                        13
                    ],
                    "text_id": 25,
                    "uid": 25
                },
                {
                    "coord": [
                        61,
                        677
                    ],
                    "is_working": false,
                    "name": "Energy",
                    "rect": [
                        73,
                        668,
                        47,
                        15
                    ],
                    "text_id": 26,
                    "uid": 26
                },
                {
                    "coord": [
                        61,
                        716
                    ],
                    "is_working": true,
                    "name": "Danube",
                    "rect": [
                        74,
                        708,
                        46,
                        14
                    ],
                    "text_id": 27,
                    "uid": 27
                },
                {
                    "coord": [
                        61,
                        755
                    ],
                    "is_working": true,
                    "name": "Jebel Ali",
                    "rect": [
                        76,
                        749,
                        54,
                        15
                    ],
                    "text_id": 28,
                    "uid": 28
                }
            ],
            "text_id": 29
        },
        {
            "labels_bg_color": "-1",
            "labels_color": "28903A",
            "line_color": "28903A",
            "line_width": 7,
            "name": "Green Line",
            "segments": [
                [
                    29,
                    30,
                    [
                        [
                            921,
                            137
                        ],
                        [
                            947,
                            163
                        ]
                    ],
                    true
                ],
                [
                    30,
                    31,
                    [
                        [
                            894,
                            110
                        ],
                        [
                            921,
                            137
                        ]
                    ],
                    true
                ],
                [
                    31,
                    32,
                    [
                        [
                            846,
                            62
                        ],
                        [
                            894,
                            110
                        ]
                    ],
                    true
                ],
                [
                    32,
                    33,
                    [
                        [
                            825,
                            41
                        ],
                        [
                            846,
                            62
                        ]
                    ],
                    true
                ],
                [
                    33,
                    34,
                    [
                        [
                            765,
                            25
                        ],
                        [
                            809.0,
                            25.0
                        ],
                        [
                            825,
                            41
                        ]
                    ],
                    true
                ],
                [
                    34,
                    35,
                    [
                        [
                            741,
                            49
                        ],
                        [
                            765,
                            25
                        ]
                    ],
                    true
                ],
                [
                    35,
                    36,
                    [
                        [
                            724,
                            66
                        ],
                        [
                            741,
                            49
                        ]
                    ],
                    true
                ],
                [
                    36,
                    37,
                    [
                        [
                            708,
                            82
                        ],
                        [
                            724,
                            66
                        ]
                    ],
                    true
                ],
                [
                    37,
                    38,
                    [
                        [
                            670,
                            44
                        ],
                        [
                            708,
                            82
                        ]
                    ],
                    true
                ],
                [
                    38,
                    39,
                    [
                        [
                            634,
                            31
                        ],
                        [
                            657.0,
                            31.0
                        ],
                        [
                            670,
                            44
                        ]
                    ],
                    true
                ],
                [
                    39,
                    40,
                    [
                        [
                            618,
                            47
                        ],
                        [
                            634,
                            31
                        ]
                    ],
                    true
                ],
                [
                    40,
                    41,
                    [
                        [
                            618,
                            79
                        ],
                        [
                            618.0,
                            68.0
                        ],
                        [
                            618,
                            47
                        ]
                    ],
                    true
                ],
                [
                    41,
                    42,
                    [
                        [
                            631,
                            92
                        ],
                        [
                            618,
                            79
                        ]
                    ],
                    true
                ],
                [
                    42,
                    43,
                    [
                        [
                            652,
                            113
                        ],
                        [
                            631,
                            92
                        ]
                    ],
                    true
                ],
                [
                    43,
                    44,
                    [
                        [
                            726,
                            187
                        ],
                        [
                            652,
                            113
                        ]
                    ],
                    true
                ],
                [
                    44,
                    45,
                    [
                        [
                            759,
                            220
                        ],
                        [
                            726,
                            187
                        ]
                    ],
                    true
                ],
                [
                    45,
                    46,
                    [
                        [
                            782,
                            243
                        ],
                        [
                            759,
                            220
                        ]
                    ],
                    false
                ],
                [
                    46,
                    47,
                    [
                        [
                            805,
                            266
                        ],
                        [
                            782,
                            243
                        ]
                    ],
                    false
                ]
            ],
            "stations": [
                {
                    "coord": [
                        947,
                        163
                    ],
                    "is_working": true,
                    "name": "Etisalat",
                    "rect": [
                        958,
                        158,
                        44,
                        15
                    ],
                    "text_id": 30,
                    "uid": 29
                },
                {
                    "coord": [
                        921,
                        137
                    ],
                    "is_working": true,
                    "name": "Al Quasis",
                    "rect": [
                        934,
                        126,
                        55,
                        15
                    ],
                    "text_id": 31,
                    "uid": 30
                },
                {
                    "coord": [
                        894,
                        110
                    ],
                    "is_working": true,
                    "name": "Dubai Airport Free Zone",
                    "rect": [
                        903,
                        99,
                        136,
                        9
                    ],
                    "text_id": 32,
                    "uid": 31
                },
                {
                    "coord": [
                        846,
                        62
                    ],
                    "is_working": true,
                    "name": "Al Nahada",
                    "rect": [
                        856,
                        49,
                        59,
                        15
                    ],
                    "text_id": 33,
                    "uid": 32
                },
                {
                    "coord": [
                        825,
                        41
                    ],
                    "is_working": true,
                    "name": "Stadium",
                    "rect": [
                        835,
                        24,
                        48,
                        15
                    ],
                    "text_id": 34,
                    "uid": 33
                },
                {
                    "coord": [
                        765,
                        25
                    ],
                    "is_working": true,
                    "name": "Al Qiyadah",
                    "rect": [
                        766,
                        3,
                        61,
                        14
                    ],
                    "text_id": 35,
                    "uid": 34
                },
                {
                    "coord": [
                        741,
                        49
                    ],
                    "is_working": true,
                    "name": "Abu Hail",
                    "rect": [
                        753,
                        48,
                        52,
                        12
                    ],
                    "text_id": 36,
                    "uid": 35
                },
                {
                    "coord": [
                        724,
                        66
                    ],
                    "is_working": true,
                    "name": "Abu Baker Al Siddique",
                    "rect": [
                        729,
                        74,
                        90,
                        12
                    ],
                    "text_id": 37,
                    "uid": 36
                },
                {
                    "coord": [
                        708,
                        82
                    ],
                    "is_working": true,
                    "name": "Union",
                    "rect": [
                        688,
                        44,
                        32,
                        12
                    ],
                    "text_id": 7,
                    "uid": 37
                },
                {
                    "coord": [
                        670,
                        44
                    ],
                    "is_working": true,
                    "name": "Baniyas Square",
                    "rect": [
                        665,
                        22,
                        89,
                        13
                    ],
                    "text_id": 38,
                    "uid": 38
                },
                {
                    "coord": [
                        634,
                        31
                    ],
                    "is_working": true,
                    "name": "Palm Deira",
                    "rect": [
                        583,
                        9,
                        62,
                        12
                    ],
                    "text_id": 39,
                    "uid": 39
                },
                {
                    "coord": [
                        618,
                        47
                    ],
                    "is_working": true,
                    "name": "Al Ras",
                    "rect": [
                        573,
                        37,
                        36,
                        12
                    ],
                    "text_id": 40,
                    "uid": 40
                },
                {
                    "coord": [
                        618,
                        79
                    ],
                    "is_working": true,
                    "name": "Al Ghubaiba",
                    "rect": [
                        540,
                        74,
                        66,
                        13
                    ],
                    "text_id": 41,
                    "uid": 41
                },
                {
                    "coord": [
                        631,
                        92
                    ],
                    "is_working": true,
                    "name": "Al Fahidi",
                    "rect": [
                        570,
                        92,
                        52,
                        13
                    ],
                    "text_id": 42,
                    "uid": 42
                },
                {
                    "coord": [
                        652,
                        113
                    ],
                    "is_working": true,
                    "name": "Burjuman",
                    "rect": [
                        574,
                        110,
                        65,
                        10
                    ],
                    "text_id": 8,
                    "uid": 43
                },
                {
                    "coord": [
                        726,
                        187
                    ],
                    "is_working": true,
                    "name": "Oud Metha",
                    "rect": [
                        736,
                        184,
                        58,
                        10
                    ],
                    "text_id": 43,
                    "uid": 44
                },
                {
                    "coord": [
                        759,
                        220
                    ],
                    "is_working": true,
                    "name": "Dubai Healthcare City",
                    "rect": [
                        636,
                        230,
                        124,
                        12
                    ],
                    "text_id": 44,
                    "uid": 45
                },
                {
                    "coord": [
                        782,
                        243
                    ],
                    "is_working": false,
                    "name": "Al Jadaf",
                    "rect": [
                        728,
                        251,
                        48,
                        14
                    ],
                    "text_id": 45,
                    "uid": 46
                },
                {
                    "coord": [
                        805,
                        266
                    ],
                    "is_working": false,
                    "name": "Creek",
                    "rect": [
                        782,
                        275,
                        40,
                        14
                    ],
                    "text_id": 46,
                    "uid": 47
                }
            ],
            "text_id": 47
        },
        {
            "labels_bg_color": "-1",
            "labels_color": "000000",
            "line_color": "000000",
            "line_width": 7,
            "name": "Palm Jumeirah Monorail",
            "segments": [],
            "stations": [
                {
                    "coord": null,
                    "is_working": true,
                    "name": "Gateway Towers",
                    "rect": null,
                    "text_id": 48,
                    "uid": 48
                },
                {
                    "coord": null,
                    "is_working": true,
                    "name": "Retail Plaza",
                    "rect": null,
                    "text_id": 49,
                    "uid": 49
                },
                {
                    "coord": null,
                    "is_working": true,
                    "name": "Trump Tower",
                    "rect": null,
                    "text_id": 50,
                    "uid": 50
                },
                {
                    "coord": null,
                    "is_working": true,
                    "name": "Atlantis",
                    "rect": null,
                    "text_id": 51,
                    "uid": 51
                }
            ],
            "text_id": 52
        }
    ],
    "lines_width": 7,
    "name": "metro",
    "name_text_id": 53,
    "stations_diameter": 13.0,
    "transfers": [
        [
            7,
            37,
            [
                695,
                70
            ],
            [
                708,
                82
            ]
        ],
        [
            8,
            43,
            [
                665,
                100
            ],
            [
                652,
                113
            ]
        ]
    ],
    "transports": [
        "metro"
    ],
    "type_name": "ROOT",
    "type_text_id": 54,
    "upper_case": false,
    "width": 1097,
    "word_wrap": false
}