{
    "default_transports": [
        "metro"
    ],
    "height": 371,
    "images": [
        "res/schemes/portland.svg"
    ],
    "is_vector": true,
    "lines": [
        {
            "labels_bg_color": "-1",
            "labels_color": "065590",
            "line_color": "065590",
            "line_width": 5,
            "name": "Blue Line",
            "segments": [
                [
                    0,
                    1,
                    [
                        [
                            38,
                            182
                        ],
                        [
                            18,
                            182
                        ]
                    ],
                    true
                ],
                [
                    1,
                    2,
                    [
                        [
                            55,
                            182
                        ],
                        [
                            38,
                            182
                        ]
                    ],
                    true
                ],
                [
                    2,
                    3,
                    [
                        [
                            75,
                            182
                        ],
                        [
                            55,
                            182
                        ]
                    ],
                    true
                ],
                [
                    3,
                    4,
                    [
                        [
                            92,
                            182
                        ],
                        [
                            75,
                            182
                        ]
                    ],
                    true
                ],
                [
                    4,
                    5,
                    [
                        [
                            110,
                            182
                        ],
                        [
                            92,
                            182
                        ]
                    ],
                    true
                ],
                [
                    5,
                    6,
                    [
                        [
                            130,
                            182
                        ],
                        [
                            110,
                            182
                        ]
                    ],
                    true
                ],
                [
                    6,
                    7,
                    [
                        [
                            148,
                            182
                        ],
                        [
                            130,
                            182
                        ]
                    ],
                    true
                ],
                [
                    7,
                    8,
                    [
                        [
                            165,
                            182
                        ],
                        [
                            148,
                            182
                        ]
                    ],
                    true
                ],
                [
                    8,
                    9,
                    [
                        [
                            185,
                            182
                        ],
                        [
                            165,
                            182
                        ]
                    ],
                    true
                ],
                [
                    9,
                    10,
                    [
                        [
                            205,
                            182
                        ],
                        [
                            185,
                            182
                        ]
                    ],
                    true
                ],
                [
                    10,
                    11,
                    [
                        [
                            222,
                            182
                        ],
                        [
                            205,
                            182
                        ]
                    ],
                    true
                ],
                [
                    11,
                    12,
                    [
                        [
                            240,
                            182
                        ],
                        [
                            222,
                            182
                        ]
                    ],
                    true
                ],
                [
                    12,
                    13,
                    [
                        [
                            260,
                            182
                        ],
                        [
                            240,
                            182
                        ]
                    ],
                    true
                ],
                [
                    13,
                    14,
                    [
                        [
                            280,
                            182
                        ],
                        [
                            260,
                            182
                        ]
                    ],
                    true
                ],
                [
                    14,
                    15,
                    [
                        [
                            299,
                            182
                        ],
                        [
                            280,
                            182
                        ]
                    ],
                    true
                ],
                [
                    15,
                    16,
                    [
                        [
                            350,
                            182
                        ],
                        [
                            299,
                            182
                        ]
                    ],
                    true
                ],
                [
                    16,
                    17,
                    [
                        [
                            369,
                            182
                        ],
                        [
                            350,
                            182
                        ]
                    ],
                    true
                ],
                [
                    17,
                    18,
                    [
                        [
                            388,
                            182
                        ],
                        [
                            369,
                            182
                        ]
                    ],
                    true
                ],
                [
                    18,
                    19,
                    [
                        [
                            388,
                            182
                        ],
                        [
                            395.0,
                            182.0
                        ],
                        [
                            395.0,
                            221.0
                        ],
                        [
                            421,
                            221
                        ]
                    ],
                    true
                ],
                [
                    18,
                    24,
                    [
                        [
                            421,
                            142
                        ],
                        [
                            395.0,
                            142.0
                        ],
                        [
                            395.0,
                            182.0
                        ],
                        [
                            388,
                            182
                        ]
                    ],
                    true
                ],
                [
                    19,
                    20,
                    [
                        [
                            421,
                            221
                        ],
                        [
                            478,
                            221
                        ]
                    ],
                    true
                ],
                [
                    20,
                    21,
                    [
                        [
                            478,
                            221
                        ],
                        [
                            495,
                            221
                        ]
                    ],
                    true
                ],
                [
                    21,
                    22,
                    [
                        [
                            495,
                            221
                        ],
                        [
                            512,
                            221
                        ]
                    ],
                    true
                ],
                [
                    22,
                    23,
                    [
                        [
                            512,
                            221
                        ],
                        [
                            529,
                            221
                        ]
                    ],
                    true
                ],
                [
                    23,
                    29,
                    [
                        [
                            529,
                            221
                        ],
                        [
                            562.0,
                            221.0
                        ],
                        [
                            562.0,
                            188.0
                        ],
                        [
                            575,
                            188
                        ]
                    ],
                    true
                ],
                [
                    24,
                    25,
                    [
                        [
                            478,
                            142
                        ],
                        [
                            421,
                            142
                        ]
                    ],
                    true
                ],
                [
                    25,
                    26,
                    [
                        [
                            495,
                            142
                        ],
                        [
                            478,
                            142
                        ]
                    ],
                    true
                ],
                [
                    26,
                    27,
                    [
                        [
                            512,
                            142
                        ],
                        [
                            495,
                            142
                        ]
                    ],
                    true
                ],
                [
                    27,
                    28,
                    [
                        [
                            529,
                            142
                        ],
                        [
                            512,
                            142
                        ]
                    ],
                    true
                ],
                [
                    28,
                    29,
                    [
                        [
                            575,
                            188
                        ],
                        [
                            562.0,
                            188.0
                        ],
                        [
                            562.0,
                            142.0
                        ],
                        [
                            529,
                            142
                        ]
                    ],
                    true
                ],
                [
                    29,
                    30,
                    [
                        [
                            592,
                            188
                        ],
                        [
                            575,
                            188
                        ]
                    ],
                    true
                ],
                [
                    30,
                    31,
                    [
                        [
                            609,
                            188
                        ],
                        [
                            592,
                            188
                        ]
                    ],
                    true
                ],
                [
                    31,
                    32,
                    [
                        [
                            640,
                            188
                        ],
                        [
                            609,
                            188
                        ]
                    ],
                    true
                ],
                [
                    32,
                    33,
                    [
                        [
                            659,
                            188
                        ],
                        [
                            640,
                            188
                        ]
                    ],
                    true
                ],
                [
                    33,
                    34,
                    [
                        [
                            679,
                            188
                        ],
                        [
                            659,
                            188
                        ]
                    ],
                    true
                ],
                [
                    34,
                    35,
                    [
                        [
                            700,
                            188
                        ],
                        [
                            679,
                            188
                        ]
                    ],
                    true
                ],
                [
                    35,
                    36,
                    [
                        [
                            721,
                            188
                        ],
                        [
                            700,
                            188
                        ]
                    ],
                    true
                ],
                [
                    36,
                    37,
                    [
                        [
                            740,
                            188
                        ],
                        [
                            721,
                            188
                        ]
                    ],
                    true
                ],
                [
                    37,
                    38,
                    [
                        [
                            760,
                            188
                        ],
                        [
                            740,
                            188
                        ]
                    ],
                    true
                ],
                [
                    38,
                    39,
                    [
                        [
                            780,
                            188
                        ],
                        [
                            760,
                            188
                        ]
                    ],
                    true
                ],
                [
                    39,
                    40,
                    [
                        [
                            798,
                            188
                        ],
                        [
                            780,
                            188
                        ]
                    ],
                    true
                ],
                [
                    40,
                    41,
                    [
                        [
                            818,
                            188
                        ],
                        [
                            798,
                            188
                        ]
                    ],
                    true
                ],
                [
                    41,
                    42,
                    [
                        [
                            835,
                            188
                        ],
                        [
                            818,
                            188
                        ]
                    ],
                    true
                ],
                [
                    42,
                    43,
                    [
                        [
                            852,
                            188
                        ],
                        [
                            835,
                            188
                        ]
                    ],
                    true
                ],
                [
                    43,
                    44,
                    [
                        [
                            872,
                            188
                        ],
                        [
                            852,
                            188
                        ]
                    ],
                    true
                ],
                [
                    44,
                    45,
                    [
                        [
                            890,
                            188
                        ],
                        [
                            872,
                            188
                        ]
                    ],
                    true
                ],
                [
                    45,
                    46,
                    [
                        [
                            908,
                            188
                        ],
                        [
                            890,
                            188
                        ]
                    ],
                    true
                ],
                [
                    46,
                    47,
                    [
                        [
                            925,
                            188
                        ],
                        [
                            908,
                            188
                        ]
                    ],
                    true
                ],
                [
                    47,
                    48,
                    [
                        [
                            945,
                            188
                        ],
                        [
                            925,
                            188
                        ]
                    ],
                    true
                ],
                [
                    48,
                    49,
                    [
                        [
                            965,
                            188
                        ],
                        [
                            945,
                            188
                        ]
                    ],
                    true
                ],
                [
                    49,
                    50,
                    [
                        [
                            982,
                            188
                        ],
                        [
                            965,
                            188
                        ]
                    ],
                    true
                ]
            ],
            "stations": [
                {
                    "coord": [
                        18,
                        182
                    ],
                    "is_working": true,
                    "name": "Hatfield Government Center",
                    "rect": [
                        12,
                        190,
                        15,
                        139
                    ],
                    "text_id": 0,
                    "uid": 0
                },
                {
                    "coord": [
                        38,
                        182
                    ],
                    "is_working": true,
                    "name": "Hillsboro Central/SE 3rd Ave",
                    "rect": [
                        32,
                        190,
                        15,
                        145
                    ],
                    "text_id": 1,
                    "uid": 1
                },
                {
                    "coord": [
                        55,
                        182
                    ],
                    "is_working": true,
                    "name": "Tuality Hospital/SE 8th Ave",
                    "rect": [
                        51,
                        190,
                        15,
                        137
                    ],
                    "text_id": 2,
                    "uid": 2
                },
                {
                    "coord": [
                        75,
                        182
                    ],
                    "is_working": true,
                    "name": "Washington/SE 12th Ave",
                    "rect": [
                        69,
                        190,
                        15,
                        124
                    ],
                    "text_id": 3,
                    "uid": 3
                },
                {
                    "coord": [
                        92,
                        182
                    ],
                    "is_working": true,
                    "name": "Fair Complex/Hillsboro Airport",
                    "rect": [
                        87,
                        190,
                        15,
                        153
                    ],
                    "text_id": 4,
                    "uid": 4
                },
                {
                    "coord": [
                        110,
                        182
                    ],
                    "is_working": true,
                    "name": "Hawthorn Farm",
                    "rect": [
                        105,
                        190,
                        15,
                        77
                    ],
                    "text_id": 5,
                    "uid": 5
                },
                {
                    "coord": [
                        130,
                        182
                    ],
                    "is_working": true,
                    "name": "Orenco/NW 231st Ave",
                    "rect": [
                        124,
                        190,
                        15,
                        112
                    ],
                    "text_id": 6,
                    "uid": 6
                },
                {
                    "coord": [
                        148,
                        182
                    ],
                    "is_working": true,
                    "name": "Quatama/NW 205th Ave",
                    "rect": [
                        142,
                        190,
                        15,
                        120
                    ],
                    "text_id": 7,
                    "uid": 7
                },
                {
                    "coord": [
                        165,
                        182
                    ],
                    "is_working": true,
                    "name": "Willow Creek/SW 185th Ave",
                    "rect": [
                        160,
                        190,
                        15,
                        141
                    ],
                    "text_id": 8,
                    "uid": 8
                },
                {
                    "coord": [
                        185,
                        182
                    ],
                    "is_working": true,
                    "name": "Elmonica/SW 170th Ave",
                    "rect": [
                        180,
                        190,
                        15,
                        121
                    ],
                    "text_id": 9,
                    "uid": 9
                },
                {
                    "coord": [
                        205,
                        182
                    ],
                    "is_working": true,
                    "name": "Merlo/SW 158th Ave",
                    "rect": [
                        199,
                        190,
                        15,
                        103
                    ],
                    "text_id": 10,
                    "uid": 10
                },
                {
                    "coord": [
                        222,
                        182
                    ],
                    "is_working": true,
                    "name": "Beaverton Creek",
                    "rect": [
                        216,
                        190,
                        15,
                        86
                    ],
                    "text_id": 11,
                    "uid": 11
                },
                {
                    "coord": [
                        240,
                        182
                    ],
                    "is_working": true,
                    "name": "Millikan Way",
                    "rect": [
                        234,
                        190,
                        15,
                        66
                    ],
                    "text_id": 12,
                    "uid": 12
                },
                {
                    "coord": [
                        260,
                        182
                    ],
                    "is_working": true,
                    "name": "Beaverton Central",
                    "rect": [
                        253,
                        190,
                        15,
                        92
                    ],
                    "text_id": 13,
                    "uid": 13
                },
                {
                    "coord": [
                        280,
                        182
                    ],
                    "is_working": true,
                    "name": "Beaverton",
                    "rect": [
                        273,
                        194,
                        15,
                        53
                    ],
                    "text_id": 14,
                    "uid": 14
                },
                {
                    "coord": [
                        299,
                        182
                    ],
                    "is_working": true,
                    "name": "Sunset",
                    "rect": [
                        292,
                        194,
                        15,
                        36
                    ],
                    "text_id": 15,
                    "uid": 15
                },
                {
                    "coord": [
                        350,
                        182
                    ],
                    "is_working": true,
                    "name": "Washington Park",
                    "rect": [
                        342,
                        194,
                        15,
                        86
                    ],
                    "text_id": 16,
                    "uid": 16
                },
                {
                    "coord": [
                        369,
                        182
                    ],
                    "is_working": true,
                    "name": "Goose Hollow/SW Jefferson",
                    "rect": [
                        360,
                        194,
                        15,
                        140
                    ],
                    "text_id": 17,
                    "uid": 17
                },
                {
                    "coord": [
                        388,
                        182
                    ],
                    "is_working": true,
                    "name": "Kings Hill/SW Salmon",
                    "rect": [
                        377,
                        194,
                        15,
                        111
                    ],
                    "text_id": 18,
                    "uid": 18
                },
                {
                    "coord": [
                        421,
                        221
                    ],
                    "is_working": true,
                    "name": "PGE Park WE",
                    "rect": [
                        414,
                        233,
                        15,
                        70
                    ],
                    "text_id": 19,
                    "uid": 19
                },
                {
                    "coord": [
                        478,
                        221
                    ],
                    "is_working": true,
                    "name": "Library/SW 9th Ave",
                    "rect": [
                        470,
                        233,
                        15,
                        98
                    ],
                    "text_id": 20,
                    "uid": 20
                },
                {
                    "coord": [
                        495,
                        221
                    ],
                    "is_working": true,
                    "name": "Pioneer Square South",
                    "rect": [
                        488,
                        233,
                        15,
                        109
                    ],
                    "text_id": 21,
                    "uid": 21
                },
                {
                    "coord": [
                        512,
                        221
                    ],
                    "is_working": true,
                    "name": "Mall/SW 4th Ave",
                    "rect": [
                        505,
                        233,
                        20,
                        62
                    ],
                    "text_id": 22,
                    "uid": 22
                },
                {
                    "coord": [
                        529,
                        221
                    ],
                    "is_working": true,
                    "name": "Yamhill District",
                    "rect": [
                        522,
                        233,
                        15,
                        78
                    ],
                    "text_id": 23,
                    "uid": 23
                },
                {
                    "coord": [
                        421,
                        142
                    ],
                    "is_working": true,
                    "name": "PGE Park EW",
                    "rect": [
                        385,
                        116,
                        70,
                        15
                    ],
                    "text_id": 24,
                    "uid": 24
                },
                {
                    "coord": [
                        478,
                        142
                    ],
                    "is_working": true,
                    "name": "Galleria/SW 10th Ave",
                    "rect": [
                        470,
                        23,
                        15,
                        108
                    ],
                    "text_id": 25,
                    "uid": 25
                },
                {
                    "coord": [
                        495,
                        142
                    ],
                    "is_working": true,
                    "name": "Pioneer Square North",
                    "rect": [
                        488,
                        23,
                        15,
                        108
                    ],
                    "text_id": 26,
                    "uid": 26
                },
                {
                    "coord": [
                        512,
                        142
                    ],
                    "is_working": true,
                    "name": "Mall/SW 5th Ave",
                    "rect": [
                        505,
                        47,
                        15,
                        84
                    ],
                    "text_id": 27,
                    "uid": 27
                },
                {
                    "coord": [
                        529,
                        142
                    ],
                    "is_working": true,
                    "name": "Morrison/SW 3rd Ave",
                    "rect": [
                        521,
                        23,
                        15,
                        108
                    ],
                    "text_id": 28,
                    "uid": 28
                },
                {
                    "coord": [
                        575,
                        188
                    ],
                    "is_working": true,
                    "name": "Oak Street/SW 1st Ave",
                    "rect": [
                        568,
                        200,
                        15,
                        115
                    ],
                    "text_id": 29,
                    "uid": 29
                },
                {
                    "coord": [
                        592,
                        188
                    ],
                    "is_working": true,
                    "name": "Skidmore Fountain",
                    "rect": [
                        585,
                        200,
                        15,
                        94
                    ],
                    "text_id": 30,
                    "uid": 30
                },
                {
                    "coord": [
                        609,
                        188
                    ],
                    "is_working": true,
                    "name": "Old Town/Chinatown",
                    "rect": [
                        602,
                        200,
                        15,
                        103
                    ],
                    "text_id": 31,
                    "uid": 31
                },
                {
                    "coord": [
                        640,
                        188
                    ],
                    "is_working": true,
                    "name": "Rose Quarter",
                    "rect": [
                        632,
                        200,
                        15,
                        68
                    ],
                    "text_id": 32,
                    "uid": 32
                },
                {
                    "coord": [
                        659,
                        188
                    ],
                    "is_working": true,
                    "name": "Convention Center",
                    "rect": [
                        651,
                        200,
                        15,
                        94
                    ],
                    "text_id": 33,
                    "uid": 33
                },
                {
                    "coord": [
                        679,
                        188
                    ],
                    "is_working": true,
                    "name": "NE 7th Ave",
                    "rect": [
                        672,
                        200,
                        15,
                        58
                    ],
                    "text_id": 34,
                    "uid": 34
                },
                {
                    "coord": [
                        700,
                        188
                    ],
                    "is_working": true,
                    "name": "Lloyd Center/NE 11th Ave",
                    "rect": [
                        692,
                        200,
                        15,
                        130
                    ],
                    "text_id": 35,
                    "uid": 35
                },
                {
                    "coord": [
                        721,
                        188
                    ],
                    "is_working": true,
                    "name": "Hollywood/NE 42nd Ave",
                    "rect": [
                        714,
                        200,
                        15,
                        122
                    ],
                    "text_id": 36,
                    "uid": 36
                },
                {
                    "coord": [
                        740,
                        188
                    ],
                    "is_working": true,
                    "name": "NE 60th Ave",
                    "rect": [
                        733,
                        200,
                        15,
                        64
                    ],
                    "text_id": 37,
                    "uid": 37
                },
                {
                    "coord": [
                        760,
                        188
                    ],
                    "is_working": true,
                    "name": "NE 82nd Ave",
                    "rect": [
                        753,
                        200,
                        15,
                        67
                    ],
                    "text_id": 38,
                    "uid": 38
                },
                {
                    "coord": [
                        780,
                        188
                    ],
                    "is_working": true,
                    "name": "Gateway/NE 99th Ave",
                    "rect": [
                        773,
                        200,
                        15,
                        110
                    ],
                    "text_id": 39,
                    "uid": 39
                },
                {
                    "coord": [
                        798,
                        188
                    ],
                    "is_working": true,
                    "name": "E 102nd Ave",
                    "rect": [
                        791,
                        196,
                        15,
                        65
                    ],
                    "text_id": 40,
                    "uid": 40
                },
                {
                    "coord": [
                        818,
                        188
                    ],
                    "is_working": true,
                    "name": "E 122nd Ave",
                    "rect": [
                        810,
                        196,
                        15,
                        65
                    ],
                    "text_id": 41,
                    "uid": 41
                },
                {
                    "coord": [
                        835,
                        188
                    ],
                    "is_working": true,
                    "name": "E 148th Ave",
                    "rect": [
                        828,
                        196,
                        15,
                        62
                    ],
                    "text_id": 42,
                    "uid": 42
                },
                {
                    "coord": [
                        852,
                        188
                    ],
                    "is_working": true,
                    "name": "E 162nd Ave",
                    "rect": [
                        845,
                        196,
                        15,
                        65
                    ],
                    "text_id": 43,
                    "uid": 43
                },
                {
                    "coord": [
                        872,
                        188
                    ],
                    "is_working": true,
                    "name": "E 172nd Ave",
                    "rect": [
                        864,
                        196,
                        15,
                        65
                    ],
                    "text_id": 44,
                    "uid": 44
                },
                {
                    "coord": [
                        890,
                        188
                    ],
                    "is_working": true,
                    "name": "E 181st Ave",
                    "rect": [
                        883,
                        196,
                        15,
                        62
                    ],
                    "text_id": 45,
                    "uid": 45
                },
                {
                    "coord": [
                        908,
                        188
                    ],
                    "is_working": true,
                    "name": "Rockwood/E 188th Ave",
                    "rect": [
                        900,
                        196,
                        15,
                        117
                    ],
                    "text_id": 46,
                    "uid": 46
                },
                {
                    "coord": [
                        925,
                        188
                    ],
                    "is_working": true,
                    "name": "Ruby Junction/E 197th Ave",
                    "rect": [
                        918,
                        196,
                        15,
                        136
                    ],
                    "text_id": 47,
                    "uid": 47
                },
                {
                    "coord": [
                        945,
                        188
                    ],
                    "is_working": true,
                    "name": "Gresham City Hall",
                    "rect": [
                        937,
                        196,
                        15,
                        93
                    ],
                    "text_id": 48,
                    "uid": 48
                },
                {
                    "coord": [
                        965,
                        188
                    ],
                    "is_working": true,
                    "name": "Gresham Central",
                    "rect": [
                        956,
                        196,
                        15,
                        86
                    ],
                    "text_id": 49,
                    "uid": 49
                },
                {
                    "coord": [
                        982,
                        188
                    ],
                    "is_working": true,
                    "name": "Cleveland Ave",
                    "rect": [
                        975,
                        196,
                        15,
                        75
                    ],
                    "text_id": 50,
                    "uid": 50
                }
            ],
            "text_id": 51
        },
        {
            "labels_bg_color": "-1",
            "labels_color": "df162b",
            "line_color": "df162b",
            "line_width": 5,
            "name": "Red Line",
            "segments": [
                [
                    51,
                    52,
                    [
                        [
                            299,
                            174
                        ],
                        [
                            280,
                            174
                        ]
                    ],
                    true
                ],
                [
                    52,
                    53,
                    [
                        [
                            350,
                            174
                        ],
                        [
                            299,
                            174
                        ]
                    ],
                    true
                ],
                [
                    53,
                    54,
                    [
                        [
                            369,
                            174
                        ],
                        [
                            350,
                            174
                        ]
                    ],
                    true
                ],
                [
                    54,
                    55,
                    [
                        [
                            388,
                            174
                        ],
                        [
                            369,
                            174
                        ]
                    ],
                    true
                ],
                [
                    55,
                    56,
                    [
                        [
                            388,
                            174
                        ],
                        [
                            405.0,
                            174.0
                        ],
                        [
                            405.0,
                            213.0
                        ],
                        [
                            421,
                            213
                        ]
                    ],
                    true
                ],
                [
                    55,
                    61,
                    [
                        [
                            421,
                            150
                        ],
                        [
                            405.0,
                            150.0
                        ],
                        [
                            405.0,
                            174.0
                        ],
                        [
                            388,
                            174
                        ]
                    ],
                    true
                ],
                [
                    56,
                    57,
                    [
                        [
                            478,
                            213
                        ],
                        [
                            421,
                            213
                        ]
                    ],
                    true
                ],
                [
                    57,
                    58,
                    [
                        [
                            478,
                            213
                        ],
                        [
                            495,
                            213
                        ]
                    ],
                    true
                ],
                [
                    58,
                    59,
                    [
                        [
                            495,
                            213
                        ],
                        [
                            512,
                            213
                        ]
                    ],
                    true
                ],
                [
                    59,
                    60,
                    [
                        [
                            512,
                            213
                        ],
                        [
                            529,
                            213
                        ]
                    ],
                    true
                ],
                [
                    60,
                    66,
                    [
                        [
                            529,
                            213
                        ],
                        [
                            553.0,
                            213.0
                        ],
                        [
                            553.0,
                            180.0
                        ],
                        [
                            575,
                            180
                        ]
                    ],
                    true
                ],
                [
                    61,
                    62,
                    [
                        [
                            478,
                            150
                        ],
                        [
                            421,
                            150
                        ]
                    ],
                    true
                ],
                [
                    62,
                    63,
                    [
                        [
                            495,
                            150
                        ],
                        [
                            478,
                            150
                        ]
                    ],
                    true
                ],
                [
                    63,
                    64,
                    [
                        [
                            512,
                            150
                        ],
                        [
                            495,
                            150
                        ]
                    ],
                    true
                ],
                [
                    64,
                    65,
                    [
                        [
                            529,
                            150
                        ],
                        [
                            512,
                            150
                        ]
                    ],
                    true
                ],
                [
                    65,
                    66,
                    [
                        [
                            575,
                            180
                        ],
                        [
                            553.0,
                            180.0
                        ],
                        [
                            553.0,
                            150.0
                        ],
                        [
                            529,
                            150
                        ]
                    ],
                    true
                ],
                [
                    66,
                    67,
                    [
                        [
                            592,
                            180
                        ],
                        [
                            575,
                            180
                        ]
                    ],
                    true
                ],
                [
                    67,
                    68,
                    [
                        [
                            609,
                            180
                        ],
                        [
                            592,
                            180
                        ]
                    ],
                    true
                ],
                [
                    68,
                    69,
                    [
                        [
                            640,
                            180
                        ],
                        [
                            609,
                            180
                        ]
                    ],
                    true
                ],
                [
                    69,
                    70,
                    [
                        [
                            659,
                            180
                        ],
                        [
                            640,
                            180
                        ]
                    ],
                    true
                ],
                [
                    70,
                    71,
                    [
                        [
                            679,
                            180
                        ],
                        [
                            659,
                            180
                        ]
                    ],
                    true
                ],
                [
                    71,
                    72,
                    [
                        [
                            700,
                            180
                        ],
                        [
                            679,
                            180
                        ]
                    ],
                    true
                ],
                [
                    72,
                    73,
                    [
                        [
                            721,
                            180
                        ],
                        [
                            700,
                            180
                        ]
                    ],
                    true
                ],
                [
                    73,
                    74,
                    [
                        [
                            740,
                            180
                        ],
                        [
                            721,
                            180
                        ]
                    ],
                    true
                ],
                [
                    74,
                    75,
                    [
                        [
                            760,
                            180
                        ],
                        [
                            740,
                            180
                        ]
                    ],
                    true
                ],
                [
                    75,
                    76,
                    [
                        [
                            780,
                            180
                        ],
                        [
                            760,
                            180
                        ]
                    ],
                    true
                ],
                [
                    76,
                    77,
                    [
                        [
                            800,
                            153
                        ],
                        [
                            780,
                            180
                        ]
                    ],
                    true
                ],
                [
                    77,
                    78,
                    [
                        [
                            820,
                            125
                        ],
                        [
                            800,
                            153
                        ]
                    ],
                    true
                ],
                [
                    78,
                    79,
                    [
                        [
                            840,
                            98
                        ],
                        [
                            820,
                            125
                        ]
                    ],
                    true
                ],
                [
                    79,
                    80,
                    [
                        [
                            860,
                            70
                        ],
                        [
                            840,
                            98
                        ]
                    ],
                    true
                ]
            ],
            "stations": [
                {
                    "coord": [
                        280,
                        174
                    ],
                    "is_working": true,
                    "name": "Beaverton",
                    "rect": null,
                    "text_id": 14,
                    "uid": 51
                },
                {
                    "coord": [
                        299,
                        174
                    ],
                    "is_working": true,
                    "name": "Sunset",
                    "rect": null,
                    "text_id": 15,
                    "uid": 52
                },
                {
                    "coord": [
                        350,
                        174
                    ],
                    "is_working": true,
                    "name": "Washington Park",
                    "rect": null,
                    "text_id": 16,
                    "uid": 53
                },
                {
                    "coord": [
                        369,
                        174
                    ],
                    "is_working": true,
                    "name": "Goose Hollow/SW Jefferson",
                    "rect": null,
                    "text_id": 17,
                    "uid": 54
                },
                {
                    "coord": [
                        388,
                        174
                    ],
                    "is_working": true,
                    "name": "Kings Hill/SW Salmon",
                    "rect": null,
                    "text_id": 18,
                    "uid": 55
                },
                {
                    "coord": [
                        421,
                        213
                    ],
                    "is_working": true,
                    "name": "PGE Park WE",
                    "rect": null,
                    "text_id": 19,
                    "uid": 56
                },
                {
                    "coord": [
                        478,
                        213
                    ],
                    "is_working": true,
                    "name": "Library/SW 9th Ave",
                    "rect": null,
                    "text_id": 20,
                    "uid": 57
                },
                {
                    "coord": [
                        495,
                        213
                    ],
                    "is_working": true,
                    "name": "Pioneer Square South",
                    "rect": null,
                    "text_id": 21,
                    "uid": 58
                },
                {
                    "coord": [
                        512,
                        213
                    ],
                    "is_working": true,
                    "name": "Mall/SW 4th Ave",
                    "rect": null,
                    "text_id": 22,
                    "uid": 59
                },
                {
                    "coord": [
                        529,
                        213
                    ],
                    "is_working": true,
                    "name": "Yamhill District",
                    "rect": null,
                    "text_id": 23,
                    "uid": 60
                },
                {
                    "coord": [
                        421,
                        150
                    ],
                    "is_working": true,
                    "name": "PGE Park EW",
                    "rect": null,
                    "text_id": 24,
                    "uid": 61
                },
                {
                    "coord": [
                        478,
                        150
                    ],
                    "is_working": true,
                    "name": "Galleria/SW 10th Ave",
                    "rect": null,
                    "text_id": 25,
                    "uid": 62
                },
                {
                    "coord": [
                        495,
                        150
                    ],
                    "is_working": true,
                    "name": "Pioneer Square North",
                    "rect": null,
                    "text_id": 26,
                    "uid": 63
                },
                {
                    "coord": [
                        512,
                        150
                    ],
                    "is_working": true,
                    "name": "Mall/SW 5th Ave",
                    "rect": null,
                    "text_id": 27,
                    "uid": 64
                },
                {
                    "coord": [
                        529,
                        150
                    ],
                    "is_working": true,
                    "name": "Morrison/SW 3rd Ave",
                    "rect": null,
                    "text_id": 28,
                    "uid": 65
                },
                {
                    "coord": [
                        575,
                        180
                    ],
                    "is_working": true,
                    "name": "Oak Street/SW 1st Ave",
                    "rect": null,
                    "text_id": 29,
                    "uid": 66
                },
                {
                    "coord": [
                        592,
                        180
                    ],
                    "is_working": true,
                    "name": "Skidmore Fountain",
                    "rect": null,
                    "text_id": 30,
                    "uid": 67
                },
                {
                    "coord": [
                        609,
                        180
                    ],
                    "is_working": true,
                    "name": "Old Town/Chinatown",
                    "rect": null,
                    "text_id": 31,
                    "uid": 68
                },
                {
                    "coord": [
                        640,
                        180
                    ],
                    "is_working": true,
                    "name": "Rose Quarter",
                    "rect": null,
                    "text_id": 32,
                    "uid": 69
                },
                {
                    "coord": [
                        659,
                        180
                    ],
                    "is_working": true,
                    "name": "Convention Center",
                    "rect": null,
                    "text_id": 33,
                    "uid": 70
                },
                {
                    "coord": [
                        679,
                        180
                    ],
                    "is_working": true,
                    "name": "NE 7th Ave",
                    "rect": null,
                    "text_id": 34,
                    "uid": 71
                },
                {
                    "coord": [
                        700,
                        180
                    ],
                    "is_working": true,
                    "name": "Lloyd Center/NE 11th Ave",
                    "rect": null,
                    "text_id": 35,
                    "uid": 72
                },
                {
                    "coord": [
                        721,
                        180
                    ],
                    "is_working": true,
                    "name": "Hollywood/NE 42nd Ave",
                    "rect": null,
                    "text_id": 36,
                    "uid": 73
                },
                {
                    "coord": [
                        740,
                        180
                    ],
                    "is_working": true,
                    "name": "NE 60th Ave",
                    "rect": null,
                    "text_id": 37,
                    "uid": 74
                },
                {
                    "coord": [
                        760,
                        180
                    ],
                    "is_working": true,
                    "name": "NE 82nd Ave",
                    "rect": null,
                    "text_id": 38,
                    "uid": 75
                },
                {
                    "coord": [
                        780,
                        180
                    ],
                    "is_working": true,
                    "name": "Gateway/NE 99th Ave",
                    "rect": null,
                    "text_id": 39,
                    "uid": 76
                },
                {
                    "coord": [
                        800,
                        153
                    ],
                    "is_working": true,
                    "name": "Parkrose/Sumner",
                    "rect": [
                        807,
                        150,
                        88,
                        15
                    ],
                    "text_id": 52,
                    "uid": 77
                },
                {
                    "coord": [
                        820,
                        125
                    ],
                    "is_working": true,
                    "name": "Cascades",
                    "rect": [
                        828,
                        122,
                        52,
                        15
                    ],
                    "text_id": 53,
                    "uid": 78
                },
                {
                    "coord": [
                        840,
                        98
                    ],
                    "is_working": true,
                    "name": "Mt Hood Ave",
                    "rect": [
                        848,
                        95,
                        66,
                        15
                    ],
                    "text_id": 54,
                    "uid": 79
                },
                {
                    "coord": [
                        860,
                        70
                    ],
                    "is_working": true,
                    "name": "Portland International Airport",
                    "rect": [
                        867,
                        66,
                        144,
                        15
                    ],
                    "text_id": 55,
                    "uid": 80
                }
            ],
            "text_id": 56
        },
        {
            "labels_bg_color": "-1",
            "labels_color": "ffc211",
            "line_color": "ffc211",
            "line_width": 5,
            "name": "Yellow Line",
            "segments": [
                [
                    81,
                    82,
                    [
                        [
                            740,
                            36
                        ],
                        [
                            754,
                            17
                        ]
                    ],
                    true
                ],
                [
                    82,
                    83,
                    [
                        [
                            727,
                            54
                        ],
                        [
                            740,
                            36
                        ]
                    ],
                    true
                ],
                [
                    83,
                    84,
                    [
                        [
                            714,
                            72
                        ],
                        [
                            727,
                            54
                        ]
                    ],
                    true
                ],
                [
                    84,
                    85,
                    [
                        [
                            702,
                            89
                        ],
                        [
                            714,
                            72
                        ]
                    ],
                    true
                ],
                [
                    85,
                    86,
                    [
                        [
                            690,
                            106
                        ],
                        [
                            702,
                            89
                        ]
                    ],
                    true
                ],
                [
                    86,
                    87,
                    [
                        [
                            679,
                            122
                        ],
                        [
                            690,
                            106
                        ]
                    ],
                    true
                ],
                [
                    87,
                    88,
                    [
                        [
                            668,
                            138
                        ],
                        [
                            679,
                            122
                        ]
                    ],
                    true
                ],
                [
                    88,
                    89,
                    [
                        [
                            658,
                            150
                        ],
                        [
                            668,
                            138
                        ]
                    ],
                    true
                ],
                [
                    89,
                    90,
                    [
                        [
                            640,
                            172
                        ],
                        [
                            658,
                            150
                        ]
                    ],
                    true
                ],
                [
                    90,
                    91,
                    [
                        [
                            609,
                            172
                        ],
                        [
                            640,
                            172
                        ]
                    ],
                    true
                ],
                [
                    91,
                    92,
                    [
                        [
                            592,
                            172
                        ],
                        [
                            609,
                            172
                        ]
                    ],
                    true
                ],
                [
                    92,
                    93,
                    [
                        [
                            575,
                            172
                        ],
                        [
                            592,
                            172
                        ]
                    ],
                    true
                ],
                [
                    93,
                    94,
                    [
                        [
                            575,
                            172
                        ],
                        [
                            545.0,
                            172.0
                        ],
                        [
                            545.0,
                            158.0
                        ],
                        [
                            529,
                            158
                        ]
                    ],
                    true
                ],
                [
                    93,
                    101,
                    [
                        [
                            529,
                            205
                        ],
                        [
                            545.0,
                            205.0
                        ],
                        [
                            545.0,
                            172.0
                        ],
                        [
                            575,
                            172
                        ]
                    ],
                    true
                ],
                [
                    94,
                    95,
                    [
                        [
                            529,
                            158
                        ],
                        [
                            512,
                            158
                        ]
                    ],
                    true
                ],
                [
                    95,
                    96,
                    [
                        [
                            512,
                            158
                        ],
                        [
                            495,
                            158
                        ]
                    ],
                    true
                ],
                [
                    96,
                    97,
                    [
                        [
                            495,
                            158
                        ],
                        [
                            478,
                            158
                        ]
                    ],
                    true
                ],
                [
                    97,
                    98,
                    [
                        [
                            478,
                            158
                        ],
                        [
                            432.0,
                            158.0
                        ],
                        [
                            432.0,
                            205.0
                        ],
                        [
                            478,
                            205
                        ]
                    ],
                    true
                ],
                [
                    98,
                    99,
                    [
                        [
                            478,
                            205
                        ],
                        [
                            495,
                            205
                        ]
                    ],
                    true
                ],
                [
                    99,
                    100,
                    [
                        [
                            495,
                            205
                        ],
                        [
                            512,
                            205
                        ]
                    ],
                    true
                ],
                [
                    100,
                    101,
                    [
                        [
                            512,
                            205
                        ],
                        [
                            529,
                            205
                        ]
                    ],
                    true
                ]
            ],
            "stations": [
                {
                    "coord": [
                        754,
                        17
                    ],
                    "is_working": true,
                    "name": "Expo Center",
                    "rect": [
                        761,
                        11,
                        63,
                        15
                    ],
                    "text_id": 57,
                    "uid": 81
                },
                {
                    "coord": [
                        740,
                        36
                    ],
                    "is_working": true,
                    "name": "Delta Park/Vanport",
                    "rect": [
                        747,
                        33,
                        95,
                        15
                    ],
                    "text_id": 58,
                    "uid": 82
                },
                {
                    "coord": [
                        727,
                        54
                    ],
                    "is_working": true,
                    "name": "Kenton/N Denver Ave",
                    "rect": [
                        736,
                        50,
                        110,
                        15
                    ],
                    "text_id": 59,
                    "uid": 83
                },
                {
                    "coord": [
                        714,
                        72
                    ],
                    "is_working": true,
                    "name": "N Lombard",
                    "rect": [
                        722,
                        70,
                        56,
                        15
                    ],
                    "text_id": 60,
                    "uid": 84
                },
                {
                    "coord": [
                        702,
                        89
                    ],
                    "is_working": true,
                    "name": "N Portland Blvd",
                    "rect": [
                        710,
                        85,
                        80,
                        15
                    ],
                    "text_id": 61,
                    "uid": 85
                },
                {
                    "coord": [
                        690,
                        106
                    ],
                    "is_working": true,
                    "name": "N Killingsworth St",
                    "rect": [
                        698,
                        100,
                        91,
                        15
                    ],
                    "text_id": 62,
                    "uid": 86
                },
                {
                    "coord": [
                        679,
                        122
                    ],
                    "is_working": true,
                    "name": "N Prescott St",
                    "rect": [
                        689,
                        115,
                        67,
                        15
                    ],
                    "text_id": 63,
                    "uid": 87
                },
                {
                    "coord": [
                        668,
                        138
                    ],
                    "is_working": true,
                    "name": "Overlook Park",
                    "rect": [
                        678,
                        130,
                        73,
                        15
                    ],
                    "text_id": 64,
                    "uid": 88
                },
                {
                    "coord": [
                        658,
                        150
                    ],
                    "is_working": true,
                    "name": "Albina/Mississippi",
                    "rect": [
                        666,
                        144,
                        94,
                        15
                    ],
                    "text_id": 65,
                    "uid": 89
                },
                {
                    "coord": [
                        640,
                        172
                    ],
                    "is_working": true,
                    "name": "Interstate/Rose Quarter",
                    "rect": [
                        652,
                        156,
                        117,
                        15
                    ],
                    "text_id": 66,
                    "uid": 90
                },
                {
                    "coord": [
                        609,
                        172
                    ],
                    "is_working": true,
                    "name": "Old Town/Chinatown",
                    "rect": null,
                    "text_id": 31,
                    "uid": 91
                },
                {
                    "coord": [
                        592,
                        172
                    ],
                    "is_working": true,
                    "name": "Skidmore Fountain",
                    "rect": null,
                    "text_id": 30,
                    "uid": 92
                },
                {
                    "coord": [
                        575,
                        172
                    ],
                    "is_working": true,
                    "name": "Oak Street/SW 1st Ave",
                    "rect": null,
                    "text_id": 29,
                    "uid": 93
                },
                {
                    "coord": [
                        529,
                        158
                    ],
                    "is_working": true,
                    "name": "Morrison/SW 3rd Ave",
                    "rect": null,
                    "text_id": 28,
                    "uid": 94
                },
                {
                    "coord": [
                        512,
                        158
                    ],
                    "is_working": true,
                    "name": "Mall/SW 5th Ave",
                    "rect": null,
                    "text_id": 27,
                    "uid": 95
                },
                {
                    "coord": [
                        495,
                        158
                    ],
                    "is_working": true,
                    "name": "Pioneer Square North",
                    "rect": null,
                    "text_id": 26,
                    "uid": 96
                },
                {
                    "coord": [
                        478,
                        158
                    ],
                    "is_working": true,
                    "name": "Galleria/SW 10th Ave",
                    "rect": null,
                    "text_id": 25,
                    "uid": 97
                },
                {
                    "coord": [
                        478,
                        205
                    ],
                    "is_working": true,
                    "name": "Library/SW 9th Ave",
                    "rect": null,
                    "text_id": 20,
                    "uid": 98
                },
                {
                    "coord": [
                        495,
                        205
                    ],
                    "is_working": true,
                    "name": "Pioneer Square South",
                    "rect": null,
                    "text_id": 21,
                    "uid": 99
                },
                {
                    "coord": [
                        512,
                        205
                    ],
                    "is_working": true,
                    "name": "Mall/SW 4th Ave",
                    "rect": null,
                    "text_id": 22,
                    "uid": 100
                },
                {
                    "coord": [
                        529,
                        205
                    ],
                    "is_working": true,
                    "name": "Yamhill District",
                    "rect": null,
                    "text_id": 23,
                    "uid": 101
                }
            ],
            "text_id": 67
        }
    ],
    "lines_width": 5,
    "name": "metro",
    "name_text_id": 68,
    "stations_diameter": 11.0,
    "transfers": [
        [
            14,
            51,
            [
                280,
                182
            ],
            [
                280,
                174
            ]
        ],
        [
            33,
            70,
            [
                659,
                188
            ],
            [
                659,
                180
            ]
        ],
        [
            25,
            62,
            [
                478,
                142
            ],
            [
                478,
                150
            ]
        ],
        [
            25,
            97,
            [
                478,
                142
            ],
            [
                478,
                158
            ]
        ],
        [
            62,
            97,
            [
                478,
                150
            ],
            [
                478,
                158
            ]
        ],
        [
            39,
            76,
            [
                780,
                188
            ],
            [
                780,
                180
            ]
        ],
        [
            17,
            54,
            [
                369,
                182
            ],
            [
                369,
                174
            ]
        ],
        [
            36,
            73,
            [
                721,
                188
            ],
            [
                721,
                180
            ]
        ],
        [
            18,
            55,
            [
                388,
                182
            ],
            [
                388,
                174
            ]
        ],
        [
            20,
            57,
            [
                478,
                221
            ],
            [
                478,
                213
            ]
        ],
        [
            20,
            98,
            [
                478,
                221
            ],
            [
                478,
                205
            ]
        ],
        [
            57,
            98,
            [
                478,
                213
            ],
            [
                478,
                205
            ]
        ],
        [
            35,
            72,
            [
                700,
                188
            ],
            [
                700,
                180
            ]
        ],
        [
            22,
            59,
            [
                512,
                221
            ],
            [
                512,
                213
            ]
        ],
        [
            22,
            100,
            [
                512,
                221
            ],
            [
                512,
                205
            ]
        ],
        [
            59,
            100,
            [
                512,
                213
            ],
            [
                512,
                205
            ]
        ],
        [
            27,
            64,
            [
                512,
                142
            ],
            [
                512,
                150
            ]
        ],
        [
            27,
            95,
            [
                512,
                142
            ],
            [
                512,
                158
            ]
        ],
        [
            64,
            95,
            [
                512,
                150
            ],
            [
                512,
                158
            ]
        ],
        [
            28,
            65,
            [
                529,
                142
            ],
            [
                529,
                150
            ]
        ],
        [
            28,
            94,
            [
                529,
                142
            ],
            [
                529,
                158
            ]
        ],
        [
            65,
            94,
            [
                529,
                150
            ],
            [
                529,
                158
            ]
        ],
        [
            37,
            74,
            [
                740,
                188
            ],
            [
                740,
                180
            ]
        ],
        [
            34,
            71,
            [
                679,
                188
            ],
            [
                679,
                180
            ]
        ],
        [
            38,
            75,
            [
                760,
                188
            ],
            [
                760,
                180
            ]
        ],
        [
            29,
            66,
            [
                575,
                188
            ],
            [
                575,
                180
            ]
        ],
        [
            29,
            93,
            [
                575,
                188
            ],
            [
                575,
                172
            ]
        ],
        [
            66,
            93,
            [
                575,
                180
            ],
            [
                575,
                172
            ]
        ],
        [
            31,
            68,
            [
                609,
                188
            ],
            [
                609,
                180
            ]
        ],
        [
            31,
            91,
            [
                609,
                188
            ],
            [
                609,
                172
            ]
        ],
        [
            68,
            91,
            [
                609,
                180
            ],
            [
                609,
                172
            ]
        ],
        [
            24,
            61,
            [
                421,
                142
            ],
            [
                421,
                150
            ]
        ],
        [
            19,
            56,
            [
                421,
                221
            ],
            [
                421,
                213
            ]
        ],
        [
            26,
            63,
            [
                495,
                142
            ],
            [
                495,
                150
            ]
        ],
        [
            26,
            96,
            [
                495,
                142
            ],
            [
                495,
                158
            ]
        ],
        [
            63,
            96,
            [
                495,
                150
            ],
            [
                495,
                158
            ]
        ],
        [
            21,
            58,
            [
                495,
                221
            ],
            [
                495,
                213
            ]
        ],
        [
            21,
            99,
            [
                495,
                221
            ],
            [
                495,
                205
            ]
        ],
        [
            58,
            99,
            [
                495,
                213
            ],
            [
                495,
                205
            ]
        ],
        [
            32,
            69,
            [
                640,
                188
            ],
            [
                640,
                180
            ]
        ],
        [
            32,
            90,
            [
                640,
                188
            ],
            [
                640,
                172
            ]
        ],
        [
            69,
            90,
            [
                640,
                180
            ],
            [
                640,
                172
            ]
        ],
        [
            30,
            67,
            [
                592,
                188
            ],
            [
                592,
                180
            ]
        ],
        [
            30,
            92,
            [
                592,
                188
            ],
            [
                592,
                172
            ]
        ],
        [
            67,
            92,
            [
                592,
                180
            ],
            [
                592,
                172
            ]
        ],
        [
            15,
            52,
            [
                299,
                182
            ],
            [
                299,
                174
            ]
        ],
        [
            16,
            53,
            [
                350,
                182
            ],
            [
                350,
                174
            ]
        ],
        [
            23,
            60,
            [
                529,
                221
            ],
            [
                529,
                213
            ]
        ],
        [
            23,
            101,
            [
                529,
                221
            ],
            [
                529,
                205
            ]
        ],
        [
            60,
            101,
            [
                529,
                213
            ],
            [
                529,
                205
            ]
        ]
    ],
    "transports": [
        "metro"
    ],
    "type_name": "ROOT",
    "type_text_id": 69,
    "upper_case": false,
    "width": 1132,
    "word_wrap": false
}