{
    "lines": [
        {
            "delays": [],
            "name": "FrontRunner",
            "scheme": null,
            "segments": [
                [
                    0,
                    1,
                    120
                ],
                [
                    1,
                    0,
                    120
                ],
                [
                    1,
                    2,
                    120
                ],
                [
                    2,
                    1,
                    120
                ],
                [
                    2,
                    3,
                    120
                ],
                [
                    3,
                    2,
                    120
                ],
                [
                    3,
                    4,
                    120
                ],
                [
                    4,
                    3,
                    120
                ],
                [
                    4,
                    5,
                    120
                ],
                [
                    5,
                    4,
                    120
                ],
                [
                    5,
                    6,
                    120
                ],
                [
                    6,
                    5,
                    120
                ],
                [
                    6,
                    7,
                    120
                ],
                [
                    7,
                    6,
                    120
                ],
                [
                    7,
                    8,
                    120
                ],
                [
                    8,
                    7,
                    120
                ],
                [
                    8,
                    9,
                    120
                ],
                [
                    9,
                    8,
                    120
                ],
                [
                    9,
                    10,
                    120
                ],
                [
                    10,
                    9,
                    120
                ],
                [
                    10,
                    11,
                    120
                ],
                [
                    11,
                    10,
                    120
                ],
                [
                    11,
                    12,
                    120
                ],
                [
                    12,
                    11,
                    120
                ],
                [
                    12,
                    13,
                    120
                ],
                [
                    13,
                    12,
                    120
                ],
                [
                    13,
                    14,
                    120
                ],
                [
                    14,
                    13,
                    120
                ]
            ],
            "stations": [
                [
                    0,
                    "Ogden",
                    0
                ],
                [
                    1,
                    "Roy",
                    1
                ],
                [
                    2,
                    "Clearfield",
                    2
                ],
                [
                    3,
                    "Layton",
                    3
                ],
                [
                    4,
                    "Farmington",
                    4
                ],
                [
                    5,
                    "Woods Cross",
                    5
                ],
                [
                    6,
                    "Guadalupe",
                    6
                ],
                [
                    7,
                    "Salt Lake Central",
                    7
                ],
                [
                    8,
                    "Murray Central",
                    8
                ],
                [
                    9,
                    "South Jordan",
                    9
                ],
                [
                    10,
                    "Draper",
                    10
                ],
                [
                    11,
                    "Lehi",
                    11
                ],
                [
                    12,
                    "American Fork",
                    12
                ],
                [
                    13,
                    "Orem",
                    13
                ],
                [
                    14,
                    "Provo",
                    14
                ]
            ],
            "text_id": 15
        },
        {
            "delays": [],
            "name": "Blue",
            "scheme": null,
            "segments": [
                [
                    15,
                    16,
                    120
                ],
                [
                    16,
                    15,
                    120
                ],
                [
                    16,
                    17,
                    120
                ],
                [
                    17,
                    16,
                    120
                ],
                [
                    17,
                    18,
                    120
                ],
                [
                    18,
                    17,
                    120
                ],
                [
                    18,
                    19,
                    120
                ],
                [
                    19,
                    18,
                    120
                ],
                [
                    19,
                    20,
                    120
                ],
                [
                    20,
                    19,
                    120
                ],
                [
                    20,
                    21,
                    120
                ],
                [
                    21,
                    20,
                    120
                ],
                [
                    21,
                    22,
                    120
                ],
                [
                    22,
                    21,
                    120
                ],
                [
                    22,
                    23,
                    120
                ],
                [
                    23,
                    22,
                    120
                ],
                [
                    23,
                    24,
                    120
                ],
                [
                    24,
                    23,
                    120
                ],
                [
                    24,
                    25,
                    120
                ],
                [
                    25,
                    24,
                    120
                ],
                [
                    25,
                    26,
                    120
                ],
                [
                    26,
                    25,
                    120
                ],
                [
                    26,
                    27,
                    120
                ],
                [
                    27,
                    26,
                    120
                ],
                [
                    27,
                    28,
                    120
                ],
                [
                    28,
                    27,
                    120
                ],
                [
                    28,
                    29,
                    120
                ],
                [
                    29,
                    28,
                    120
                ],
                [
                    29,
                    30,
                    120
                ],
                [
                    30,
                    29,
                    120
                ],
                [
                    30,
                    31,
                    120
                ],
                [
                    31,
                    30,
                    120
                ],
                [
                    31,
                    32,
                    120
                ],
                [
                    32,
                    31,
                    120
                ],
                [
                    32,
                    33,
                    120
                ],
                [
                    33,
                    32,
                    120
                ],
                [
                    33,
                    34,
                    120
                ],
                [
                    34,
                    33,
                    120
                ],
                [
                    34,
                    35,
                    120
                ],
                [
                    35,
                    34,
                    120
                ],
                [
                    35,
                    36,
                    120
                ],
                [
                    36,
                    35,
                    120
                ],
                [
                    36,
                    37,
                    120
                ],
                [
                    37,
                    36,
                    120
                ],
                [
                    37,
                    38,
                    120
                ],
                [
                    38,
                    37,
                    120
                ]
            ],
            "stations": [
                [
                    15,
                    "Salt Lake Central",
                    7
                ],
                [
                    16,
                    "Old GreekTown",
                    16
                ],
                [
                    17,
                    "Planetarium",
                    17
                ],
                [
                    18,
                    "Arena",
                    18
                ],
                [
                    19,
                    "Temple Square",
                    19
                ],
                [
                    20,
                    "City Center",
                    20
                ],
                [
                    21,
                    "Gallivan Plaza",
                    21
                ],
                [
                    22,
                    "Courthouse",
                    22
                ],
                [
                    23,
                    "900 South",
                    23
                ],
                [
                    24,
                    "Ball Park",
                    24
                ],
                [
                    25,
                    "Central Pointe",
                    25
                ],
                [
                    26,
                    "Millcreek",
                    26
                ],
                [
                    27,
                    "Meadowbrook",
                    27
                ],
                [
                    28,
                    "Murray North",
                    28
                ],
                [
                    29,
                    "Murray Central",
                    8
                ],
                [
                    30,
                    "Fashion Place West",
                    29
                ],
                [
                    31,
                    "Midvale Fort Union",
                    30
                ],
                [
                    32,
                    "Midvale Center",
                    31
                ],
                [
                    33,
                    "Historic Sandy",
                    32
                ],
                [
                    34,
                    "Sandy Expo",
                    33
                ],
                [
                    35,
                    "Sandy Civic Center",
                    34
                ],
                [
                    36,
                    "Crescent View",
                    35
                ],
                [
                    37,
                    "Kimballs Lane",
                    36
                ],
                [
                    38,
                    "Draper Town Center",
                    37
                ]
            ],
            "text_id": 38
        },
        {
            "delays": [],
            "name": "Red",
            "scheme": null,
            "segments": [
                [
                    39,
                    40,
                    120
                ],
                [
                    40,
                    39,
                    120
                ],
                [
                    40,
                    41,
                    120
                ],
                [
                    41,
                    40,
                    120
                ],
                [
                    41,
                    42,
                    120
                ],
                [
                    42,
                    41,
                    120
                ],
                [
                    42,
                    43,
                    120
                ],
                [
                    43,
                    42,
                    120
                ],
                [
                    43,
                    44,
                    120
                ],
                [
                    44,
                    43,
                    120
                ],
                [
                    44,
                    45,
                    120
                ],
                [
                    45,
                    44,
                    120
                ],
                [
                    45,
                    46,
                    120
                ],
                [
                    46,
                    45,
                    120
                ],
                [
                    46,
                    47,
                    120
                ],
                [
                    47,
                    46,
                    120
                ],
                [
                    47,
                    48,
                    120
                ],
                [
                    48,
                    47,
                    120
                ],
                [
                    48,
                    49,
                    120
                ],
                [
                    49,
                    48,
                    120
                ],
                [
                    49,
                    50,
                    120
                ],
                [
                    50,
                    49,
                    120
                ],
                [
                    50,
                    51,
                    120
                ],
                [
                    51,
                    50,
                    120
                ],
                [
                    51,
                    52,
                    120
                ],
                [
                    52,
                    51,
                    120
                ],
                [
                    52,
                    53,
                    120
                ],
                [
                    53,
                    52,
                    120
                ],
                [
                    53,
                    54,
                    120
                ],
                [
                    54,
                    53,
                    120
                ],
                [
                    54,
                    55,
                    120
                ],
                [
                    55,
                    54,
                    120
                ],
                [
                    55,
                    56,
                    120
                ],
                [
                    56,
                    55,
                    120
                ],
                [
                    56,
                    57,
                    120
                ],
                [
                    57,
                    56,
                    120
                ],
                [
                    57,
                    58,
                    120
                ],
                [
                    58,
                    57,
                    120
                ],
                [
                    58,
                    59,
                    120
                ],
                [
                    59,
                    58,
                    120
                ],
                [
                    59,
                    60,
                    120
                ],
                [
                    60,
                    59,
                    120
                ],
                [
                    60,
                    61,
                    120
                ],
                [
                    61,
                    60,
                    120
                ],
                [
                    61,
                    62,
                    120
                ],
                [
                    62,
                    61,
                    120
                ],
                [
                    62,
                    63,
                    120
                ],
                [
                    63,
                    62,
                    120
                ]
            ],
            "stations": [
                [
                    39,
                    "University Medical Center",
                    39
                ],
                [
                    40,
                    "Fort Douglas",
                    40
                ],
                [
                    41,
                    "South Campus",
                    41
                ],
                [
                    42,
                    "Stadium",
                    42
                ],
                [
                    43,
                    "900 East",
                    43
                ],
                [
                    44,
                    "Trolley",
                    44
                ],
                [
                    45,
                    "Library",
                    45
                ],
                [
                    46,
                    "Courthouse",
                    22
                ],
                [
                    47,
                    "900 South",
                    23
                ],
                [
                    48,
                    "Ball Park",
                    24
                ],
                [
                    49,
                    "Central Pointe",
                    25
                ],
                [
                    50,
                    "Millcreek",
                    26
                ],
                [
                    51,
                    "Meadowbrook",
                    27
                ],
                [
                    52,
                    "Murray North",
                    28
                ],
                [
                    53,
                    "Murray Central",
                    8
                ],
                [
                    54,
                    "Fashion Place West",
                    29
                ],
                [
                    55,
                    "Bingham Junction",
                    46
                ],
                [
                    56,
                    "Historic Gardner",
                    47
                ],
                [
                    57,
                    "West Jordan City Center",
                    48
                ],
                [
                    58,
                    "2700 West",
                    49
                ],
                [
                    59,
                    "Jordan Valley",
                    50
                ],
                [
                    60,
                    "4800 West",
                    51
                ],
                [
                    61,
                    "5600 West",
                    52
                ],
                [
                    62,
                    "South Jordan Parkway",
                    53
                ],
                [
                    63,
                    "Daybreak Parkway",
                    54
                ]
            ],
            "text_id": 55
        },
        {
            "delays": [],
            "name": "Green",
            "scheme": null,
            "segments": [
                [
                    64,
                    65,
                    120
                ],
                [
                    65,
                    64,
                    120
                ],
                [
                    65,
                    66,
                    120
                ],
                [
                    66,
                    65,
                    120
                ],
                [
                    66,
                    67,
                    120
                ],
                [
                    67,
                    66,
                    120
                ],
                [
                    67,
                    68,
                    120
                ],
                [
                    68,
                    67,
                    120
                ],
                [
                    68,
                    69,
                    120
                ],
                [
                    69,
                    68,
                    120
                ],
                [
                    69,
                    70,
                    120
                ],
                [
                    70,
                    69,
                    120
                ],
                [
                    70,
                    71,
                    120
                ],
                [
                    71,
                    70,
                    120
                ],
                [
                    71,
                    72,
                    120
                ],
                [
                    72,
                    71,
                    120
                ],
                [
                    72,
                    73,
                    120
                ],
                [
                    73,
                    72,
                    120
                ],
                [
                    73,
                    74,
                    120
                ],
                [
                    74,
                    73,
                    120
                ],
                [
                    74,
                    75,
                    120
                ],
                [
                    75,
                    74,
                    120
                ],
                [
                    75,
                    76,
                    120
                ],
                [
                    76,
                    75,
                    120
                ],
                [
                    76,
                    77,
                    120
                ],
                [
                    77,
                    76,
                    120
                ],
                [
                    77,
                    78,
                    120
                ],
                [
                    78,
                    77,
                    120
                ],
                [
                    78,
                    79,
                    120
                ],
                [
                    79,
                    78,
                    120
                ],
                [
                    79,
                    80,
                    120
                ],
                [
                    80,
                    79,
                    120
                ],
                [
                    80,
                    81,
                    120
                ],
                [
                    81,
                    80,
                    120
                ]
            ],
            "stations": [
                [
                    64,
                    "Airport",
                    56
                ],
                [
                    65,
                    "1940 West",
                    57
                ],
                [
                    66,
                    "Power",
                    58
                ],
                [
                    67,
                    "Fairpark",
                    59
                ],
                [
                    68,
                    "Jackson/Euclid",
                    60
                ],
                [
                    69,
                    "Guadalupe",
                    6
                ],
                [
                    70,
                    "Arena",
                    18
                ],
                [
                    71,
                    "Temple Square",
                    19
                ],
                [
                    72,
                    "City Center",
                    20
                ],
                [
                    73,
                    "Gallivan Plaza",
                    21
                ],
                [
                    74,
                    "Courthouse",
                    22
                ],
                [
                    75,
                    "900 South",
                    23
                ],
                [
                    76,
                    "Ball Park",
                    24
                ],
                [
                    77,
                    "Central Pointe",
                    25
                ],
                [
                    78,
                    "River Trail",
                    61
                ],
                [
                    79,
                    "Redwood Junction",
                    62
                ],
                [
                    80,
                    "Decker Lake",
                    63
                ],
                [
                    81,
                    "West Valley Central",
                    64
                ]
            ],
            "text_id": 65
        }
    ],
    "name": "metro",
    "transfers": [
        [
            69,
            6,
            120,
            true
        ],
        [
            47,
            23,
            120,
            true
        ],
        [
            47,
            75,
            120,
            true
        ],
        [
            23,
            75,
            120,
            true
        ],
        [
            48,
            24,
            120,
            true
        ],
        [
            48,
            76,
            120,
            true
        ],
        [
            24,
            76,
            120,
            true
        ],
        [
            49,
            25,
            120,
            true
        ],
        [
            49,
            77,
            120,
            true
        ],
        [
            25,
            77,
            120,
            true
        ],
        [
            50,
            26,
            120,
            true
        ],
        [
            70,
            18,
            120,
            true
        ],
        [
            51,
            27,
            120,
            true
        ],
        [
            52,
            28,
            120,
            true
        ],
        [
            53,
            29,
            120,
            true
        ],
        [
            53,
            8,
            120,
            true
        ],
        [
            29,
            8,
            120,
            true
        ],
        [
            54,
            30,
            120,
            true
        ],
        [
            71,
            19,
            120,
            true
        ],
        [
            15,
            7,
            120,
            true
        ],
        [
            72,
            20,
            120,
            true
        ],
        [
            73,
            21,
            120,
            true
        ],
        [
            46,
            22,
            120,
            true
        ],
        [
            46,
            74,
            120,
            true
        ],
        [
            22,
            74,
            120,
            true
        ]
    ],
    "type_name": "Электричка"
}