{
    "0": "Grote Markt",
    "1": "Spui",
    "2": "Den Haag Centraal Station",
    "3": "Beatrixlaan",
    "4": "Laan van NOI",
    "5": "Voorburg't Loo",
    "6": "Leidschendam-Voorburg",
    "7": "Forepark",
    "8": "Leidschenveen",
    "9": "Voorweg Laag/Voorweg Hoog 1",
    "10": "Centrum-West 1",
    "11": "Stadhuis",
    "12": "Palenstein",
    "13": "Seghwaert",
    "14": "Leidsewallen",
    "15": "De Leyens",
    "16": "Buytenwegh",
    "17": "Voorweg Laag/Voorweg Hoog 2",
    "18": "Meerzicht",
    "19": "Driemanspolder",
    "20": "Delftswallen",
    "21": "Dorp",
    "22": "Centrum-West 2",
    "23": "RandstadRail 3",
    "24": "Willem Dreeslaan",
    "25": "Oosterheem",
    "26": "RandstadRail 4",
    "27": "Tram",
    "28": "ROOT",
    "29": "Shema ot 28.06.2007g.\nAvtor: Varlamov Dmitrij (www.chpeks.com)",
    "30": "Imported from http://pmetro.su"
}