{
    "0": "Battistini",
    "1": "Cornelia",
    "2": "Baldo degli Ubaldi",
    "3": "Valle Aurelia",
    "4": "Cipro - Musei Vaticani",
    "5": "Ottaviano S.Pietro",
    "6": "Lepanto",
    "7": "Flaminio",
    "8": "Piazza di Spagna",
    "9": "Barberini",
    "10": "Repubblica",
    "11": "Termini",
    "12": "Vittorio Emanuele",
    "13": "Manzoni",
    "14": "San Giovani",
    "15": "Re di Roma",
    "16": "Ponte Lungo",
    "17": "Furio Camillo",
    "18": "Colli Albani",
    "19": "Arco di Travertino",
    "20": "Porta Furba - Quadraro",
    "21": "Numidio Quadrato",
    "22": "Lucio Sestio",
    "23": "Giuglio Agricola",
    "24": "Subaugusta",
    "25": "Cinecitta",
    "26": "Anagnina",
    "27": "A",
    "28": "Jonio",
    "29": "Conca d'Oro",
    "30": "Libia",
    "31": "Annibaliano",
    "32": "Rebibbia",
    "33": "Ponte Mammolo",
    "34": "Santa Maria del Soccorso",
    "35": "Pietralata",
    "36": "Monti Tiburtini",
    "37": "Quintiliani",
    "38": "Tiburtina",
    "39": "Bologna",
    "40": "Policlinico",
    "41": "Castro Pretorio",
    "42": "Cavour",
    "43": "Colosseo",
    "44": "Circo Massimo",
    "45": "Piramide",
    "46": "Garbatella",
    "47": "Basilica San Paolo",
    "48": "Marconi",
    "49": "Eur Magliana",
    "50": "Eur Palasport",
    "51": "Eur Fermi",
    "52": "Laurentina",
    "53": "B",
    "54": "Lodi",
    "55": "Pigneto",
    "56": "Malatesta",
    "57": "Teano",
    "58": "Gardenie",
    "59": "Mirti",
    "60": "Parco di Centocelle",
    "61": "Alessandrino",
    "62": "Torre Spaccata",
    "63": "Torre Maura",
    "64": "Giardinetti",
    "65": "Torrenova",
    "66": "Torre Angela",
    "67": "Torre Gaia",
    "68": "Grotte Celoni",
    "69": "Due Leoni-Fontana Candida",
    "70": "Borghesiana",
    "71": "Bolognetta",
    "72": "Finocchio",
    "73": "Graniti",
    "74": "Monte Compatri-Pantano",
    "75": "C",
    "76": "Метро",
    "77": "ROOT",
    "78": "Метро",
    "79": "Электричка",
    "80": "Схема от 17.11.2015г.\nКарту прислал Савицкий Владислав.\n\nИнформация - http://www.metroroma.it/.",
    "81": "Imported from http://pmetro.su"
}