{
    "0": "Chaotianmen",
    "1": "Xiaoshizi",
    "2": "Jiaochangkou",
    "3": "Qixinggang",
    "4": "Lianglukou",
    "5": "Eling",
    "6": "Daping",
    "7": "Shiyoulu",
    "8": "Xietaizi",
    "9": "Shiqiaopu",
    "10": "Gaomiaocun",
    "11": "Majiayan",
    "12": "Xiaolongkan",
    "13": "Shapingba",
    "14": "Yanggongqiao",
    "15": "Lieshimu",
    "16": "Ciqikou",
    "17": "Shijingpo",
    "18": "Shuangbei",
    "19": "Laijiaqiao",
    "20": "Weidianyuan",
    "21": "Chenjiaqiao",
    "22": "Daxuecheng",
    "23": "Jiandingpo",
    "24": "1",
    "25": "Linjiangmen",
    "26": "Huanghuayuan",
    "27": "Daxigou",
    "28": "Zengjiayan",
    "29": "Niujiaotuo",
    "30": "Liziba",
    "31": "Fotuguan",
    "32": "Yuanjiagang",
    "33": "Xiejiawan",
    "34": "Yangjiaping",
    "35": "Dongwuyuan",
    "36": "Dayancun",
    "37": "Mawangchang",
    "38": "Pingan",
    "39": "Dadukou",
    "40": "Xinshancun",
    "41": "Tiantangbao",
    "42": "Jianqiao",
    "43": "Jinjiawan",
    "44": "Liujiaba",
    "45": "Baijusim",
    "46": "Dajiang",
    "47": "Yudong",
    "48": "2",
    "49": "Jinzhu",
    "50": "Yuhulu",
    "51": "Xuetangwan",
    "52": "Dashancun",
    "53": "Huaxi",
    "54": "Chalukou",
    "55": "Jiugongli",
    "56": "Qilong",
    "57": "Bagongli",
    "58": "Ertang",
    "59": "Liugongli",
    "60": "Wugongli",
    "61": "Sigongli",
    "62": "Nanping",
    "63": "Gongmao",
    "64": "Tongyuanju",
    "65": "Huaxinjie",
    "66": "Guanyinqiao",
    "67": "Hongqihegou",
    "68": "Jiazhoulu",
    "69": "Zhengjiayuanzi",
    "70": "Tangjiayuanzi",
    "71": "Shiziping",
    "72": "Chongqingbei Railway Station",
    "73": "Longtousi",
    "74": "Tongjiayuanzi",
    "75": "Jinyu",
    "76": "Jintonglu",
    "77": "Yuanyang",
    "78": "The EXPO Garden",
    "79": "Cuiyun",
    "80": "Changfulu",
    "81": "Huixing",
    "82": "Shuanglong",
    "83": "Bijin",
    "84": "Jiangbei Airport",
    "85": "3",
    "86": "Chayuan",
    "87": "Qiujiawan",
    "88": "Changshengqiao",
    "89": "Liujiaping",
    "90": "Shangxinjie",
    "91": "Grand Theater",
    "92": "Jiangbei Town",
    "93": "Wulidian",
    "94": "Hongtudi",
    "95": "Huangnibang",
    "96": "Flower Garden",
    "97": "Dalongshan",
    "98": "Ranjiaba",
    "99": "Optical Electronics Zone",
    "100": "Dazhulin",
    "101": "Kangzhuang",
    "102": "Jiuquhe",
    "103": "Lijia",
    "104": "Pingchang",
    "105": "Huangmaoping",
    "106": "Gaoyikou",
    "107": "International Expo Center",
    "108": "Yuelai",
    "109": "Jinshan Temple",
    "110": "Caojiawan",
    "111": "Caijia",
    "112": "Xianjiagang",
    "113": "Longfengxi",
    "114": "Zhuangyuanbei",
    "115": "Tiansheng",
    "116": "Beibei",
    "117": "6",
    "118": "Metro",
    "119": "ROOT",
    "120": "Shema ot 23.11.2015g.",
    "121": "Imported from http://pmetro.su"
}