{
    "0": "Kifissia",
    "1": "KAT",
    "2": "Maroussi",
    "3": "Neratziotissa",
    "4": "Irini",
    "5": "Iraklio",
    "6": "Nea Ionia",
    "7": "Pefkakia",
    "8": "Perissos",
    "9": "Ano Patissia",
    "10": "Aghios Eleftherios",
    "11": "Kato Patissia",
    "12": "Aghios Nikolaos",
    "13": "Attiki",
    "14": "Victoria",
    "15": "Omonia",
    "16": "Monastiraki",
    "17": "Thissio",
    "18": "Petralona",
    "19": "Tavros",
    "20": "Kalithea",
    "21": "Moschato",
    "22": "Faliro",
    "23": "Piraeus",
    "24": "Line 1",
    "25": "Anthoupoli",
    "26": "Peristeri",
    "27": "Aghios Antonios",
    "28": "Sepolia",
    "29": "St. Larissis",
    "30": "Metaxourghio",
    "31": "Panepistimio",
    "32": "Syntagma",
    "33": "Akropoli",
    "34": "Syngrou-Fix",
    "35": "Neos Kosmos",
    "36": "Aghios Ioannis",
    "37": "Dafni",
    "38": "Aghios Dimitrios/Alexandros Panagoulis",
    "39": "Ilioupoli",
    "40": "Alimos",
    "41": "Argyroupoli",
    "42": "Elliniko",
    "43": "Line 2",
    "44": "Dimotiko Theatro",
    "45": "Maniatika",
    "46": "Nikea",
    "47": "Korydallos",
    "48": "Aghia Varvara",
    "49": "Aghia Marina",
    "50": "Egaleo",
    "51": "Eleonas",
    "52": "Kerameikos",
    "53": "Evangelismos",
    "54": "Megaro Moussikis",
    "55": "Ambelokipi",
    "56": "Panormou",
    "57": "Katehaki",
    "58": "Ethniki Amyna",
    "59": "Holargos",
    "60": "Nomismatokopio",
    "61": "Aghia Paraskevi",
    "62": "Halandri",
    "63": "Doukissis Plakentias",
    "64": "Pallini",
    "65": "Peania-Kantza",
    "66": "Koropi",
    "67": "Aerothromio",
    "68": "Line 3",
    "69": "Lefka",
    "70": "Pentis",
    "71": "Rouf",
    "72": "Athina",
    "73": "Ag. Anargyroi",
    "74": "Ano Liosia",
    "75": "Piraeus - A. Liosia",
    "76": "Plakentias",
    "77": "Pentelis",
    "78": "Kifissias",
    "79": "Metamorfosi",
    "80": "SKA",
    "81": "Aspropyrgos",
    "82": "Magoula",
    "83": "Nea Peramos",
    "84": "Megara",
    "85": "Kinetta",
    "86": "Ag. Theodoroi",
    "87": "Korinthos",
    "88": "Kiato",
    "89": "Aerothromio - Kiato",
    "90": "Metro",
    "91": "ROOT",
    "92": "Metro",
    "93": "Proastiakos",
    "94": "Схема от 28.01.2014г.\nАвтор текущей схемы Юрий Жук.\n\nИнформация по станциям - Савицкий Владислав.\n\nИнтервалы движения - Савицкий Владислав.",
    "95": "Imported from http://pmetro.su"
}