{
    "0": "Hunts Cross",
    "1": "Liverpool South Parkway",
    "2": "Cressington",
    "3": "Aigburth",
    "4": "St. Michaels",
    "5": "Brunswick",
    "6": "Central",
    "7": "Moorfields",
    "8": "Sandhills",
    "9": "Bank Hall",
    "10": "Bootle Oriel Road",
    "11": "Bootle New Strand",
    "12": "Seaforth & Litherland",
    "13": "Waterloo",
    "14": "Blundellsands & Crosby",
    "15": "Hall Road",
    "16": "Hightown",
    "17": "Formby",
    "18": "Freshfield",
    "19": "Ainsdale",
    "20": "Hillside",
    "21": "Birkdale",
    "22": "Southport",
    "23": "Kirkdale",
    "24": "Walton",
    "25": "Orrell Park",
    "26": "Aintree",
    "27": "Old Roan",
    "28": "Maghull",
    "29": "Town Green",
    "30": "Aughton Park",
    "31": "Ormskirk",
    "32": "Rice Lane",
    "33": "Fazakerley",
    "34": "Kirkby",
    "35": "Northern",
    "36": "Lime Street",
    "37": "James Street",
    "38": "Hamilton Square",
    "39": "Birkenhead Central",
    "40": "Green Lane",
    "41": "Rock Ferry",
    "42": "Bebington",
    "43": "Port Sunlight",
    "44": "Spital",
    "45": "Bromborough Rake",
    "46": "Bromborough",
    "47": "Eastham Rake",
    "48": "Hooton",
    "49": "Little Sutton",
    "50": "Overpool",
    "51": "Ellesmere Port",
    "52": "Capenhurst",
    "53": "Bache",
    "54": "Chester",
    "55": "Conway Park",
    "56": "Birkenhead Park",
    "57": "Birkenhead North",
    "58": "Wallasey Village",
    "59": "Wallasey Grove Road",
    "60": "New Brighton",
    "61": "Bidston",
    "62": "Leasowe",
    "63": "Moreton",
    "64": "Meols",
    "65": "Manor Road",
    "66": "Hoylake",
    "67": "West Kirby",
    "68": "Wirral",
    "69": "Tram",
    "70": "ROOT",
    "71": "Shema ot 28.06.2007g.\nAvtor: Varlamov Dmitrij (www.chpeks.com)",
    "72": "Imported from http://pmetro.su"
}