{
    "0": "Parker Road",
    "1": "Downtown Plano",
    "2": "Bush Turnpike",
    "3": "Galatyn Park",
    "4": "Arapaho Center",
    "5": "Spring Valley",
    "6": "LBJ/Central",
    "7": "Forest Lane",
    "8": "Walnut Hill",
    "9": "Park Lane",
    "10": "Lovers Lane",
    "11": "Mockingbird",
    "12": "Cityplace",
    "13": "Pearl",
    "14": "St. Paul",
    "15": "Akard",
    "16": "West End",
    "17": "Union Station",
    "18": "Convention Center",
    "19": "Cedars",
    "20": "8th & Corinth",
    "21": "Dallas Zoo",
    "22": "Tyler/Vernon",
    "23": "Hampton",
    "24": "Westmoreland",
    "25": "Victory",
    "26": "Red Line",
    "27": "Downtown Garland",
    "28": "Forest/Jupiter",
    "29": "LBJ/Skillman",
    "30": "White Rock",
    "31": "Morrell",
    "32": "Illinois",
    "33": "Kiest",
    "34": "VA Medical Center",
    "35": "Ledbetter",
    "36": "Blue Line",
    "37": "Трамвай",
    "38": "ROOT",
    "39": "Схема от 23.04.2007г.\nАвтор: Варламов Дмитрий (www.chpeks.com)",
    "40": "Imported from http://pmetro.su"
}