{
    "0": "Zapadnaja",
    "1": "Solnechnaja",
    "2": "Molodezhnaja",
    "3": "Rokossovskogo",
    "4": "Sobornaja",
    "5": "Kristall",
    "6": "Zarechnaja",
    "7": "Biblioteka im. Pushkina",
    "8": "Torgovyj tsentr",
    "9": "Marshala Zhukova",
    "10": "Lermontovskaja",
    "11": "Parkovaja",
    "12": "Tupolevskaja",
    "13": "Rabochaja",
    "14": "Moskovskaja",
    "15": "Sibirskij prospekt",
    "16": "Pervaja",
    "17": "Chukreevskaja",
    "18": "Universitet",
    "19": "Prospekt Koneva",
    "20": "Moskovskij prospekt",
    "21": "Suvorovskaja",
    "22": "Park Pobedy",
    "23": "Transportnyj institut",
    "24": "Dvorets sporta",
    "25": "Gorbatyj most",
    "26": "Cheljuskinskaja",
    "27": "Severnaja",
    "28": "Amurskaja",
    "29": "Vtoraja",
    "30": "Mar'janovo",
    "31": "Mir",
    "32": "Trud",
    "33": "Vokzal'naja",
    "34": "Ploschad' Serova",
    "35": "Tsirk",
    "36": "Dom Pechati",
    "37": "Il'inskaja",
    "38": "Ljubinskij prospekt",
    "39": "Kemerovskaja",
    "40": "Zelenyj Ostrov",
    "41": "Zaozernaja",
    "42": "Politehnicheskaja",
    "43": "Prospekt Mira",
    "44": "Entuziastov",
    "45": "Neftezavodskaja",
    "46": "Prospekt Gubkina",
    "47": "Tret'ja",
    "48": "Aerovokzal",
    "49": "Aviagorodok",
    "50": "Kulomzino",
    "51": "Kirovskaja",
    "52": "Chetvertaja",
    "53": "Metro",
    "54": "ROOT",
    "55": "Perspektivnaja shema metro\nShema ot 23.03.2015g.\n\nShema narisovana na osnove karty s sajta http://www.urbanrail.net/.\n\nMetro v Omske tol'ko stroitsja, sroki otkrytija poka nejasnye.\n",
    "56": "Imported from http://pmetro.su"
}