{
    "lines": [
        {
            "delays": [],
            "name": "1",
            "scheme": null,
            "segments": [
                [
                    0,
                    1,
                    120
                ],
                [
                    1,
                    0,
                    120
                ],
                [
                    1,
                    2,
                    120
                ],
                [
                    2,
                    1,
                    120
                ],
                [
                    2,
                    3,
                    120
                ],
                [
                    3,
                    2,
                    120
                ],
                [
                    3,
                    4,
                    120
                ],
                [
                    4,
                    3,
                    120
                ],
                [
                    4,
                    5,
                    120
                ],
                [
                    5,
                    4,
                    120
                ],
                [
                    5,
                    6,
                    120
                ],
                [
                    6,
                    5,
                    120
                ],
                [
                    6,
                    7,
                    120
                ],
                [
                    7,
                    6,
                    120
                ],
                [
                    7,
                    8,
                    120
                ],
                [
                    8,
                    7,
                    120
                ],
                [
                    8,
                    9,
                    120
                ],
                [
                    9,
                    8,
                    120
                ],
                [
                    9,
                    10,
                    120
                ],
                [
                    10,
                    9,
                    120
                ],
                [
                    10,
                    11,
                    120
                ],
                [
                    11,
                    10,
                    120
                ],
                [
                    11,
                    12,
                    60
                ],
                [
                    12,
                    11,
                    60
                ],
                [
                    12,
                    13,
                    120
                ],
                [
                    13,
                    12,
                    120
                ],
                [
                    13,
                    14,
                    60
                ],
                [
                    14,
                    13,
                    60
                ],
                [
                    14,
                    15,
                    60
                ],
                [
                    15,
                    14,
                    60
                ]
            ],
            "stations": [
                [
                    0,
                    "Bayamon",
                    0
                ],
                [
                    1,
                    "Deportivo",
                    1
                ],
                [
                    2,
                    "Jardines",
                    2
                ],
                [
                    3,
                    "Torrimar",
                    3
                ],
                [
                    4,
                    "Martinez Nadal",
                    4
                ],
                [
                    5,
                    "Las Lomas",
                    5
                ],
                [
                    6,
                    "San Francisco",
                    6
                ],
                [
                    7,
                    "Centro Medico",
                    7
                ],
                [
                    8,
                    "Cupey",
                    8
                ],
                [
                    9,
                    "Rio Piedras",
                    9
                ],
                [
                    10,
                    "Universidad",
                    10
                ],
                [
                    11,
                    "Pinero",
                    11
                ],
                [
                    12,
                    "Domenech",
                    12
                ],
                [
                    13,
                    "Roosevelt",
                    13
                ],
                [
                    14,
                    "Hato Rey",
                    14
                ],
                [
                    15,
                    "Sagrado Corazon",
                    15
                ]
            ],
            "text_id": 16
        }
    ],
    "name": "metro",
    "transfers": [],
    "type_name": "Метро"
}