{
    "0": "Zaljutino",
    "1": "Holodnaja Gora",
    "2": "Juzhnyj Vokzal",
    "3": "Tsentral'nyj rynok",
    "4": "Ploschad' Konstitutsii",
    "5": "Prospekt Gagarina",
    "6": "Sportivnaja",
    "7": "Zavod im. Malysheva",
    "8": "Moskovskij prospekt",
    "9": "Dvorets sporta",
    "10": "Armejskaja",
    "11": "Im. A.S.Masel'skogo",
    "12": "Traktornyj Zavod",
    "13": "Industrial'naja",
    "14": "Vostochnaja",
    "15": "Roganskaja",
    "16": "Juzhnaja",
    "17": "Holodnogorsko-Zavodskaja",
    "18": "Oktjabr'skaja",
    "19": "Pl. Uritskogo",
    "20": "Istoricheskij muzej",
    "21": "Universitet",
    "22": "Pushkinskaja",
    "23": "Kievskaja",
    "24": "Akademika Barabashova",
    "25": "Akademika Pavlova",
    "26": "Studencheskaja",
    "27": "Geroev Truda",
    "28": "Druzhby Narodov",
    "29": "Saltovskaja",
    "30": "Aeroport",
    "31": "Motel' \"Druzhba\"",
    "32": "Odesskaja",
    "33": "Derzhavinskaja",
    "34": "Metrostroitelej",
    "35": "Zaschitnikov Ukrainy",
    "36": "Arhitektora Beketova",
    "37": "Gosprom",
    "38": "Nauchnaja",
    "39": "Botanicheskij Sad",
    "40": "23-go Avgusta",
    "41": "Alekseevskaja",
    "42": "Prospekt Pobedy",
    "43": "Gvardejtsev Shironentsev",
    "44": "Traktorostroitelej",
    "45": "Vostochnaja Saltovka",
    "46": "Saltovskoe otvetlenie",
    "47": "Metro",
    "48": "ROOT",
    "49": "Metro",
    "50": "perspektivnaja\nShema ot 13.09.2007g.\nInformatsija o vremeni proezda:\n- Programma MMetro Konstantina Shtennikova,\na takzhe (po informatsii s sajta http://mmetro.al.ru):\n- Vadim Pudovkin,\n- Nick Bliznyuk,\n- Pavel A Gnezdilov.\n\nKartu prislal Vladislav Savitskij.",
    "51": "Imported from http://pmetro.su"
}