{
    "default_transports": [
        "metro"
    ],
    "height": 1332,
    "images": [
        "res/schemes/railways_mironov.svg"
    ],
    "is_vector": true,
    "lines": [
        {
            "labels_bg_color": "-1",
            "labels_color": "000000",
            "line_color": "CC3333",
            "line_width": 9,
            "name": "Святошинсько-Броворська",
            "segments": [],
            "stations": [
                {
                    "coord": null,
                    "is_working": true,
                    "name": "Академмістечко",
                    "rect": null,
                    "text_id": 0,
                    "uid": 0
                },
                {
                    "coord": null,
                    "is_working": true,
                    "name": "Житомирська",
                    "rect": null,
                    "text_id": 1,
                    "uid": 1
                },
                {
                    "coord": null,
                    "is_working": true,
                    "name": "Святошин",
                    "rect": null,
                    "text_id": 2,
                    "uid": 2
                },
                {
                    "coord": null,
                    "is_working": true,
                    "name": "Нивки",
                    "rect": null,
                    "text_id": 3,
                    "uid": 3
                },
                {
                    "coord": null,
                    "is_working": true,
                    "name": "Берестейська",
                    "rect": null,
                    "text_id": 4,
                    "uid": 4
                },
                {
                    "coord": null,
                    "is_working": true,
                    "name": "Шулявська",
                    "rect": null,
                    "text_id": 5,
                    "uid": 5
                },
                {
                    "coord": null,
                    "is_working": true,
                    "name": "Політехнічний інститут",
                    "rect": null,
                    "text_id": 6,
                    "uid": 6
                },
                {
                    "coord": [
                        448,
                        142
                    ],
                    "is_working": true,
                    "name": "Вокзальна",
                    "rect": [
                        322,
                        132,
                        100,
                        20
                    ],
                    "text_id": 7,
                    "uid": 7
                },
                {
                    "coord": null,
                    "is_working": true,
                    "name": "Університет",
                    "rect": null,
                    "text_id": 8,
                    "uid": 8
                },
                {
                    "coord": null,
                    "is_working": true,
                    "name": "Театральна",
                    "rect": null,
                    "text_id": 9,
                    "uid": 9
                },
                {
                    "coord": null,
                    "is_working": true,
                    "name": "Хрещатик",
                    "rect": null,
                    "text_id": 10,
                    "uid": 10
                },
                {
                    "coord": null,
                    "is_working": true,
                    "name": "Арсенальна",
                    "rect": null,
                    "text_id": 11,
                    "uid": 11
                },
                {
                    "coord": null,
                    "is_working": true,
                    "name": "Дніпро",
                    "rect": null,
                    "text_id": 12,
                    "uid": 12
                },
                {
                    "coord": null,
                    "is_working": true,
                    "name": "Гідропарк",
                    "rect": null,
                    "text_id": 13,
                    "uid": 13
                },
                {
                    "coord": null,
                    "is_working": true,
                    "name": "Лівобережна",
                    "rect": null,
                    "text_id": 14,
                    "uid": 14
                },
                {
                    "coord": null,
                    "is_working": true,
                    "name": "Дарниця",
                    "rect": null,
                    "text_id": 15,
                    "uid": 15
                },
                {
                    "coord": null,
                    "is_working": true,
                    "name": "Чернігівська",
                    "rect": null,
                    "text_id": 16,
                    "uid": 16
                },
                {
                    "coord": null,
                    "is_working": true,
                    "name": "Лісова",
                    "rect": null,
                    "text_id": 17,
                    "uid": 17
                }
            ],
            "text_id": 18
        },
        {
            "labels_bg_color": "-1",
            "labels_color": "000000",
            "line_color": "339933",
            "line_width": 9,
            "name": "Сирецько-Печерська",
            "segments": [],
            "stations": [
                {
                    "coord": null,
                    "is_working": true,
                    "name": "Сирець",
                    "rect": null,
                    "text_id": 32,
                    "uid": 30
                },
                {
                    "coord": null,
                    "is_working": true,
                    "name": "Дорогожичі",
                    "rect": null,
                    "text_id": 33,
                    "uid": 31
                },
                {
                    "coord": null,
                    "is_working": true,
                    "name": "Лук'янівська",
                    "rect": null,
                    "text_id": 34,
                    "uid": 32
                },
                {
                    "coord": null,
                    "is_working": true,
                    "name": "Золоті ворота",
                    "rect": null,
                    "text_id": 35,
                    "uid": 33
                },
                {
                    "coord": null,
                    "is_working": true,
                    "name": "Палац спорту",
                    "rect": null,
                    "text_id": 36,
                    "uid": 34
                },
                {
                    "coord": null,
                    "is_working": true,
                    "name": "Кловьска",
                    "rect": null,
                    "text_id": 37,
                    "uid": 35
                },
                {
                    "coord": null,
                    "is_working": true,
                    "name": "Печерська",
                    "rect": null,
                    "text_id": 38,
                    "uid": 36
                },
                {
                    "coord": null,
                    "is_working": true,
                    "name": "Дружби народів",
                    "rect": null,
                    "text_id": 39,
                    "uid": 37
                },
                {
                    "coord": [
                        472,
                        212
                    ],
                    "is_working": true,
                    "name": "Видубичі",
                    "rect": [
                        350,
                        202,
                        100,
                        20
                    ],
                    "text_id": 40,
                    "uid": 38
                },
                {
                    "coord": null,
                    "is_working": true,
                    "name": "Славутич",
                    "rect": null,
                    "text_id": 41,
                    "uid": 39
                },
                {
                    "coord": null,
                    "is_working": true,
                    "name": "Осокорки",
                    "rect": null,
                    "text_id": 42,
                    "uid": 40
                },
                {
                    "coord": null,
                    "is_working": true,
                    "name": "Позняки",
                    "rect": null,
                    "text_id": 43,
                    "uid": 41
                },
                {
                    "coord": null,
                    "is_working": true,
                    "name": "Харківська",
                    "rect": null,
                    "text_id": 44,
                    "uid": 42
                },
                {
                    "coord": null,
                    "is_working": true,
                    "name": "Вирлиця",
                    "rect": null,
                    "text_id": 45,
                    "uid": 43
                },
                {
                    "coord": null,
                    "is_working": true,
                    "name": "Бориспільська",
                    "rect": null,
                    "text_id": 46,
                    "uid": 44
                },
                {
                    "coord": null,
                    "is_working": true,
                    "name": "Червоний хутір",
                    "rect": null,
                    "text_id": 47,
                    "uid": 45
                }
            ],
            "text_id": 48
        },
        {
            "labels_bg_color": "-1",
            "labels_color": "000000",
            "line_color": "333399",
            "line_width": 9,
            "name": "Куренівська-Червоноармійська",
            "segments": [],
            "stations": [
                {
                    "coord": null,
                    "is_working": true,
                    "name": "Героїв Дніпра",
                    "rect": null,
                    "text_id": 19,
                    "uid": 18
                },
                {
                    "coord": null,
                    "is_working": true,
                    "name": "Мінська",
                    "rect": null,
                    "text_id": 20,
                    "uid": 19
                },
                {
                    "coord": null,
                    "is_working": true,
                    "name": "Оболонь",
                    "rect": null,
                    "text_id": 21,
                    "uid": 20
                },
                {
                    "coord": null,
                    "is_working": true,
                    "name": "Петрівка",
                    "rect": null,
                    "text_id": 22,
                    "uid": 21
                },
                {
                    "coord": null,
                    "is_working": true,
                    "name": "Тараса Шевченка",
                    "rect": null,
                    "text_id": 23,
                    "uid": 22
                },
                {
                    "coord": null,
                    "is_working": true,
                    "name": "Контрактова площа",
                    "rect": null,
                    "text_id": 24,
                    "uid": 23
                },
                {
                    "coord": null,
                    "is_working": true,
                    "name": "Поштова площа",
                    "rect": null,
                    "text_id": 25,
                    "uid": 24
                },
                {
                    "coord": null,
                    "is_working": true,
                    "name": "Майдан Незалежності",
                    "rect": null,
                    "text_id": 26,
                    "uid": 25
                },
                {
                    "coord": null,
                    "is_working": true,
                    "name": "Площа Льва Толстого",
                    "rect": null,
                    "text_id": 27,
                    "uid": 26
                },
                {
                    "coord": [
                        492,
                        107
                    ],
                    "is_working": true,
                    "name": "Олімпійська",
                    "rect": [
                        517,
                        102,
                        100,
                        20
                    ],
                    "text_id": 28,
                    "uid": 27
                },
                {
                    "coord": null,
                    "is_working": true,
                    "name": "Палац \"Україна\"",
                    "rect": null,
                    "text_id": 29,
                    "uid": 28
                },
                {
                    "coord": null,
                    "is_working": true,
                    "name": "Либідська",
                    "rect": null,
                    "text_id": 30,
                    "uid": 29
                }
            ],
            "text_id": 31
        },
        {
            "labels_bg_color": "-1",
            "labels_color": "000000",
            "line_color": "8CBCFC",
            "line_width": 9,
            "name": "Миронівська електричка",
            "segments": [
                [
                    194,
                    195,
                    [
                        [
                            334,
                            105
                        ],
                        [
                            190,
                            105
                        ]
                    ],
                    true
                ],
                [
                    195,
                    196,
                    [
                        [
                            448,
                            105
                        ],
                        [
                            334,
                            105
                        ]
                    ],
                    true
                ],
                [
                    196,
                    197,
                    [
                        [
                            492,
                            127
                        ],
                        [
                            448,
                            105
                        ]
                    ],
                    true
                ],
                [
                    197,
                    198,
                    [
                        [
                            492,
                            168
                        ],
                        [
                            492,
                            127
                        ]
                    ],
                    true
                ],
                [
                    198,
                    199,
                    [
                        [
                            492,
                            212
                        ],
                        [
                            492,
                            168
                        ]
                    ],
                    true
                ],
                [
                    199,
                    200,
                    [
                        [
                            492,
                            257
                        ],
                        [
                            492,
                            212
                        ]
                    ],
                    true
                ],
                [
                    200,
                    201,
                    [
                        [
                            492,
                            304
                        ],
                        [
                            492,
                            257
                        ]
                    ],
                    true
                ],
                [
                    201,
                    202,
                    [
                        [
                            492,
                            346
                        ],
                        [
                            492,
                            304
                        ]
                    ],
                    true
                ],
                [
                    202,
                    203,
                    [
                        [
                            492,
                            391
                        ],
                        [
                            492,
                            346
                        ]
                    ],
                    true
                ],
                [
                    203,
                    204,
                    [
                        [
                            492,
                            439
                        ],
                        [
                            492,
                            391
                        ]
                    ],
                    true
                ],
                [
                    204,
                    205,
                    [
                        [
                            492,
                            487
                        ],
                        [
                            492,
                            439
                        ]
                    ],
                    true
                ],
                [
                    205,
                    206,
                    [
                        [
                            492,
                            535
                        ],
                        [
                            492,
                            487
                        ]
                    ],
                    true
                ],
                [
                    206,
                    207,
                    [
                        [
                            492,
                            581
                        ],
                        [
                            492,
                            535
                        ]
                    ],
                    true
                ],
                [
                    207,
                    208,
                    [
                        [
                            492,
                            626
                        ],
                        [
                            492,
                            581
                        ]
                    ],
                    true
                ],
                [
                    208,
                    209,
                    [
                        [
                            492,
                            675
                        ],
                        [
                            492,
                            626
                        ]
                    ],
                    true
                ],
                [
                    209,
                    210,
                    [
                        [
                            492,
                            720
                        ],
                        [
                            492,
                            675
                        ]
                    ],
                    true
                ],
                [
                    210,
                    211,
                    [
                        [
                            492,
                            767
                        ],
                        [
                            492,
                            720
                        ]
                    ],
                    true
                ],
                [
                    211,
                    212,
                    [
                        [
                            492,
                            815
                        ],
                        [
                            492,
                            767
                        ]
                    ],
                    true
                ],
                [
                    212,
                    213,
                    [
                        [
                            492,
                            860
                        ],
                        [
                            492,
                            815
                        ]
                    ],
                    true
                ],
                [
                    213,
                    214,
                    [
                        [
                            492,
                            904
                        ],
                        [
                            492,
                            860
                        ]
                    ],
                    true
                ],
                [
                    214,
                    215,
                    [
                        [
                            492,
                            954
                        ],
                        [
                            492,
                            904
                        ]
                    ],
                    true
                ],
                [
                    215,
                    216,
                    [
                        [
                            492,
                            1002
                        ],
                        [
                            492,
                            954
                        ]
                    ],
                    true
                ],
                [
                    216,
                    217,
                    [
                        [
                            492,
                            1051
                        ],
                        [
                            492,
                            1002
                        ]
                    ],
                    true
                ],
                [
                    217,
                    218,
                    [
                        [
                            492,
                            1096
                        ],
                        [
                            492,
                            1051
                        ]
                    ],
                    true
                ],
                [
                    218,
                    219,
                    [
                        [
                            492,
                            1140
                        ],
                        [
                            492,
                            1096
                        ]
                    ],
                    true
                ],
                [
                    219,
                    220,
                    [
                        [
                            492,
                            1182
                        ],
                        [
                            492,
                            1140
                        ]
                    ],
                    true
                ]
            ],
            "stations": [
                {
                    "coord": [
                        190,
                        105
                    ],
                    "is_working": true,
                    "name": "Київ-Волинський",
                    "rect": [
                        149,
                        70,
                        100,
                        20
                    ],
                    "text_id": 89,
                    "uid": 194
                },
                {
                    "coord": [
                        334,
                        105
                    ],
                    "is_working": true,
                    "name": "Караваеві Дачі",
                    "rect": [
                        286,
                        70,
                        100,
                        20
                    ],
                    "text_id": 90,
                    "uid": 195
                },
                {
                    "coord": [
                        448,
                        105
                    ],
                    "is_working": true,
                    "name": "Київ - Пасаржиський/пл. Північна",
                    "rect": [
                        455,
                        70,
                        100,
                        20
                    ],
                    "text_id": 91,
                    "uid": 196
                },
                {
                    "coord": [
                        492,
                        127
                    ],
                    "is_working": true,
                    "name": "пл. Протасів Яр",
                    "rect": [
                        513,
                        117,
                        100,
                        20
                    ],
                    "text_id": 190,
                    "uid": 197
                },
                {
                    "coord": [
                        492,
                        168
                    ],
                    "is_working": true,
                    "name": "Київ - Московський",
                    "rect": [
                        513,
                        160,
                        100,
                        20
                    ],
                    "text_id": 191,
                    "uid": 198
                },
                {
                    "coord": [
                        492,
                        212
                    ],
                    "is_working": true,
                    "name": "пл. Видубичі",
                    "rect": [
                        513,
                        205,
                        100,
                        20
                    ],
                    "text_id": 192,
                    "uid": 199
                },
                {
                    "coord": [
                        492,
                        257
                    ],
                    "is_working": true,
                    "name": "пл. пp. Hауки",
                    "rect": [
                        513,
                        248,
                        100,
                        20
                    ],
                    "text_id": 193,
                    "uid": 200
                },
                {
                    "coord": [
                        492,
                        304
                    ],
                    "is_working": true,
                    "name": "Петро Кривоніс",
                    "rect": [
                        513,
                        294,
                        100,
                        20
                    ],
                    "text_id": 194,
                    "uid": 201
                },
                {
                    "coord": [
                        492,
                        346
                    ],
                    "is_working": true,
                    "name": "пл. Лісники",
                    "rect": [
                        513,
                        336,
                        100,
                        20
                    ],
                    "text_id": 195,
                    "uid": 202
                },
                {
                    "coord": [
                        492,
                        391
                    ],
                    "is_working": true,
                    "name": "Подгірци",
                    "rect": [
                        513,
                        381,
                        100,
                        20
                    ],
                    "text_id": 196,
                    "uid": 203
                },
                {
                    "coord": [
                        492,
                        439
                    ],
                    "is_working": true,
                    "name": "Романьків",
                    "rect": [
                        513,
                        429,
                        100,
                        20
                    ],
                    "text_id": 197,
                    "uid": 204
                },
                {
                    "coord": [
                        492,
                        487
                    ],
                    "is_working": true,
                    "name": "пл. Мар'янівка",
                    "rect": [
                        513,
                        474,
                        100,
                        20
                    ],
                    "text_id": 198,
                    "uid": 205
                },
                {
                    "coord": [
                        492,
                        535
                    ],
                    "is_working": true,
                    "name": "Нові Безрадичі",
                    "rect": [
                        513,
                        525,
                        100,
                        20
                    ],
                    "text_id": 199,
                    "uid": 206
                },
                {
                    "coord": [
                        492,
                        581
                    ],
                    "is_working": true,
                    "name": "пл. Таценки",
                    "rect": [
                        513,
                        571,
                        100,
                        20
                    ],
                    "text_id": 200,
                    "uid": 207
                },
                {
                    "coord": [
                        492,
                        626
                    ],
                    "is_working": true,
                    "name": "пл. Стугна",
                    "rect": [
                        513,
                        616,
                        100,
                        20
                    ],
                    "text_id": 201,
                    "uid": 208
                },
                {
                    "coord": [
                        492,
                        675
                    ],
                    "is_working": true,
                    "name": "Тpипілля",
                    "rect": [
                        513,
                        665,
                        100,
                        20
                    ],
                    "text_id": 202,
                    "uid": 209
                },
                {
                    "coord": [
                        492,
                        720
                    ],
                    "is_working": true,
                    "name": "пл. Щербанівка",
                    "rect": [
                        513,
                        710,
                        100,
                        20
                    ],
                    "text_id": 203,
                    "uid": 210
                },
                {
                    "coord": [
                        492,
                        767
                    ],
                    "is_working": true,
                    "name": "пл. 45 км.",
                    "rect": [
                        513,
                        767,
                        100,
                        20
                    ],
                    "text_id": 204,
                    "uid": 211
                },
                {
                    "coord": [
                        492,
                        815
                    ],
                    "is_working": true,
                    "name": "пл. Гоpдинь",
                    "rect": [
                        513,
                        805,
                        100,
                        20
                    ],
                    "text_id": 205,
                    "uid": 212
                },
                {
                    "coord": [
                        492,
                        860
                    ],
                    "is_working": true,
                    "name": "Озеpний",
                    "rect": [
                        513,
                        850,
                        100,
                        20
                    ],
                    "text_id": 206,
                    "uid": 213
                },
                {
                    "coord": [
                        492,
                        904
                    ],
                    "is_working": true,
                    "name": "пл. Зіpка",
                    "rect": [
                        513,
                        894,
                        100,
                        20
                    ],
                    "text_id": 207,
                    "uid": 214
                },
                {
                    "coord": [
                        492,
                        954
                    ],
                    "is_working": true,
                    "name": "пл. Лози",
                    "rect": [
                        513,
                        944,
                        100,
                        20
                    ],
                    "text_id": 208,
                    "uid": 215
                },
                {
                    "coord": [
                        492,
                        1002
                    ],
                    "is_working": true,
                    "name": "Расава",
                    "rect": [
                        513,
                        992,
                        100,
                        20
                    ],
                    "text_id": 209,
                    "uid": 216
                },
                {
                    "coord": [
                        492,
                        1051
                    ],
                    "is_working": true,
                    "name": "Кагаpлик",
                    "rect": [
                        513,
                        1041,
                        100,
                        20
                    ],
                    "text_id": 210,
                    "uid": 217
                },
                {
                    "coord": [
                        492,
                        1096
                    ],
                    "is_working": true,
                    "name": "Галине",
                    "rect": [
                        513,
                        1086,
                        100,
                        20
                    ],
                    "text_id": 211,
                    "uid": 218
                },
                {
                    "coord": [
                        492,
                        1140
                    ],
                    "is_working": true,
                    "name": "пл. Пустовіти",
                    "rect": [
                        513,
                        1130,
                        100,
                        20
                    ],
                    "text_id": 212,
                    "uid": 219
                },
                {
                    "coord": [
                        492,
                        1182
                    ],
                    "is_working": true,
                    "name": "Миронівка",
                    "rect": [
                        513,
                        1173,
                        100,
                        20
                    ],
                    "text_id": 213,
                    "uid": 220
                }
            ],
            "text_id": 214
        },
        {
            "labels_bg_color": "-1",
            "labels_color": "000000",
            "line_color": "000000",
            "line_width": 9,
            "name": "Миронівська електричка(через Фастів)",
            "segments": [
                [
                    221,
                    222,
                    [
                        [
                            334,
                            122
                        ],
                        [
                            448,
                            122
                        ]
                    ],
                    true
                ],
                [
                    222,
                    223,
                    [
                        [
                            190,
                            122
                        ],
                        [
                            334,
                            122
                        ]
                    ],
                    true
                ],
                [
                    223,
                    224,
                    [
                        [
                            147,
                            144
                        ],
                        [
                            190,
                            122
                        ]
                    ],
                    true
                ],
                [
                    224,
                    225,
                    [
                        [
                            147,
                            188
                        ],
                        [
                            147,
                            144
                        ]
                    ],
                    true
                ],
                [
                    225,
                    226,
                    [
                        [
                            147,
                            230
                        ],
                        [
                            147,
                            188
                        ]
                    ],
                    true
                ],
                [
                    226,
                    227,
                    [
                        [
                            147,
                            276
                        ],
                        [
                            147,
                            230
                        ]
                    ],
                    true
                ],
                [
                    227,
                    228,
                    [
                        [
                            147,
                            320
                        ],
                        [
                            147,
                            276
                        ]
                    ],
                    true
                ],
                [
                    228,
                    229,
                    [
                        [
                            147,
                            372
                        ],
                        [
                            147,
                            320
                        ]
                    ],
                    true
                ],
                [
                    229,
                    230,
                    [
                        [
                            147,
                            429
                        ],
                        [
                            147,
                            372
                        ]
                    ],
                    true
                ],
                [
                    230,
                    231,
                    [
                        [
                            147,
                            480
                        ],
                        [
                            147,
                            429
                        ]
                    ],
                    true
                ],
                [
                    231,
                    232,
                    [
                        [
                            147,
                            537
                        ],
                        [
                            147,
                            480
                        ]
                    ],
                    true
                ],
                [
                    232,
                    233,
                    [
                        [
                            147,
                            592
                        ],
                        [
                            147,
                            537
                        ]
                    ],
                    true
                ],
                [
                    233,
                    234,
                    [
                        [
                            147,
                            640
                        ],
                        [
                            147,
                            592
                        ]
                    ],
                    true
                ],
                [
                    234,
                    235,
                    [
                        [
                            147,
                            687
                        ],
                        [
                            147,
                            640
                        ]
                    ],
                    true
                ],
                [
                    235,
                    236,
                    [
                        [
                            147,
                            734
                        ],
                        [
                            147,
                            687
                        ]
                    ],
                    true
                ],
                [
                    236,
                    237,
                    [
                        [
                            147,
                            775
                        ],
                        [
                            147,
                            734
                        ]
                    ],
                    true
                ],
                [
                    237,
                    238,
                    [
                        [
                            147,
                            810
                        ],
                        [
                            147,
                            775
                        ]
                    ],
                    true
                ],
                [
                    238,
                    239,
                    [
                        [
                            147,
                            846
                        ],
                        [
                            147,
                            810
                        ]
                    ],
                    true
                ],
                [
                    239,
                    240,
                    [
                        [
                            147,
                            888
                        ],
                        [
                            147,
                            846
                        ]
                    ],
                    true
                ],
                [
                    240,
                    241,
                    [
                        [
                            147,
                            936
                        ],
                        [
                            147,
                            888
                        ]
                    ],
                    true
                ],
                [
                    241,
                    242,
                    [
                        [
                            147,
                            971
                        ],
                        [
                            147,
                            936
                        ]
                    ],
                    true
                ],
                [
                    242,
                    243,
                    [
                        [
                            147,
                            1006
                        ],
                        [
                            147,
                            971
                        ]
                    ],
                    true
                ],
                [
                    243,
                    244,
                    [
                        [
                            147,
                            1043
                        ],
                        [
                            147,
                            1006
                        ]
                    ],
                    true
                ],
                [
                    244,
                    245,
                    [
                        [
                            147,
                            1086
                        ],
                        [
                            147,
                            1043
                        ]
                    ],
                    true
                ],
                [
                    245,
                    246,
                    [
                        [
                            147,
                            1126
                        ],
                        [
                            147,
                            1086
                        ]
                    ],
                    true
                ],
                [
                    246,
                    247,
                    [
                        [
                            147,
                            1166
                        ],
                        [
                            147,
                            1126
                        ]
                    ],
                    true
                ],
                [
                    247,
                    248,
                    [
                        [
                            163,
                            1182
                        ],
                        [
                            147,
                            1166
                        ]
                    ],
                    true
                ],
                [
                    248,
                    249,
                    [
                        [
                            188,
                            1182
                        ],
                        [
                            163,
                            1182
                        ]
                    ],
                    true
                ],
                [
                    249,
                    250,
                    [
                        [
                            219,
                            1182
                        ],
                        [
                            188,
                            1182
                        ]
                    ],
                    true
                ],
                [
                    250,
                    251,
                    [
                        [
                            244,
                            1182
                        ],
                        [
                            219,
                            1182
                        ]
                    ],
                    true
                ],
                [
                    251,
                    252,
                    [
                        [
                            270,
                            1182
                        ],
                        [
                            244,
                            1182
                        ]
                    ],
                    true
                ],
                [
                    252,
                    253,
                    [
                        [
                            299,
                            1182
                        ],
                        [
                            270,
                            1182
                        ]
                    ],
                    true
                ],
                [
                    253,
                    254,
                    [
                        [
                            327,
                            1182
                        ],
                        [
                            299,
                            1182
                        ]
                    ],
                    true
                ],
                [
                    254,
                    255,
                    [
                        [
                            354,
                            1182
                        ],
                        [
                            327,
                            1182
                        ]
                    ],
                    true
                ],
                [
                    255,
                    256,
                    [
                        [
                            384,
                            1182
                        ],
                        [
                            354,
                            1182
                        ]
                    ],
                    true
                ],
                [
                    256,
                    257,
                    [
                        [
                            414,
                            1182
                        ],
                        [
                            384,
                            1182
                        ]
                    ],
                    true
                ],
                [
                    257,
                    258,
                    [
                        [
                            443,
                            1182
                        ],
                        [
                            414,
                            1182
                        ]
                    ],
                    true
                ],
                [
                    258,
                    259,
                    [
                        [
                            473,
                            1182
                        ],
                        [
                            443,
                            1182
                        ]
                    ],
                    true
                ]
            ],
            "stations": [
                {
                    "coord": [
                        448,
                        122
                    ],
                    "is_working": true,
                    "name": "Київ - Пасаржиський/пл. Північна",
                    "rect": null,
                    "text_id": 91,
                    "uid": 221
                },
                {
                    "coord": [
                        334,
                        122
                    ],
                    "is_working": true,
                    "name": "Караваеві Дачі",
                    "rect": null,
                    "text_id": 90,
                    "uid": 222
                },
                {
                    "coord": [
                        190,
                        122
                    ],
                    "is_working": true,
                    "name": "Київ-Волинський",
                    "rect": null,
                    "text_id": 89,
                    "uid": 223
                },
                {
                    "coord": [
                        147,
                        144
                    ],
                    "is_working": true,
                    "name": "Вишневе",
                    "rect": [
                        23,
                        134,
                        100,
                        20
                    ],
                    "text_id": 94,
                    "uid": 224
                },
                {
                    "coord": [
                        147,
                        188
                    ],
                    "is_working": true,
                    "name": "пл. Крюківщина",
                    "rect": [
                        23,
                        181,
                        100,
                        20
                    ],
                    "text_id": 95,
                    "uid": 225
                },
                {
                    "coord": [
                        147,
                        230
                    ],
                    "is_working": true,
                    "name": "пл. Тарасівка",
                    "rect": [
                        23,
                        222,
                        100,
                        20
                    ],
                    "text_id": 96,
                    "uid": 226
                },
                {
                    "coord": [
                        147,
                        276
                    ],
                    "is_working": true,
                    "name": "Боярка",
                    "rect": [
                        23,
                        267,
                        100,
                        20
                    ],
                    "text_id": 97,
                    "uid": 227
                },
                {
                    "coord": [
                        147,
                        320
                    ],
                    "is_working": true,
                    "name": "пл. Малютинка",
                    "rect": [
                        23,
                        312,
                        100,
                        20
                    ],
                    "text_id": 98,
                    "uid": 228
                },
                {
                    "coord": [
                        147,
                        372
                    ],
                    "is_working": true,
                    "name": "пл. Шляхова",
                    "rect": [
                        23,
                        365,
                        100,
                        20
                    ],
                    "text_id": 99,
                    "uid": 229
                },
                {
                    "coord": [
                        147,
                        429
                    ],
                    "is_working": true,
                    "name": "пл. Глеваха",
                    "rect": [
                        23,
                        422,
                        100,
                        20
                    ],
                    "text_id": 100,
                    "uid": 230
                },
                {
                    "coord": [
                        147,
                        480
                    ],
                    "is_working": true,
                    "name": "пл. 888 км.",
                    "rect": [
                        23,
                        473,
                        100,
                        20
                    ],
                    "text_id": 101,
                    "uid": 231
                },
                {
                    "coord": [
                        147,
                        537
                    ],
                    "is_working": true,
                    "name": "Васильків - 1",
                    "rect": [
                        23,
                        530,
                        100,
                        20
                    ],
                    "text_id": 102,
                    "uid": 232
                },
                {
                    "coord": [
                        147,
                        592
                    ],
                    "is_working": true,
                    "name": "пл. Корчі",
                    "rect": [
                        23,
                        587,
                        100,
                        20
                    ],
                    "text_id": 103,
                    "uid": 233
                },
                {
                    "coord": [
                        147,
                        640
                    ],
                    "is_working": true,
                    "name": "Мотовилівка",
                    "rect": [
                        23,
                        632,
                        100,
                        20
                    ],
                    "text_id": 104,
                    "uid": 234
                },
                {
                    "coord": [
                        147,
                        687
                    ],
                    "is_working": true,
                    "name": "пл. Білки",
                    "rect": [
                        23,
                        679,
                        100,
                        20
                    ],
                    "text_id": 105,
                    "uid": 235
                },
                {
                    "coord": [
                        147,
                        734
                    ],
                    "is_working": true,
                    "name": "пл. Півні",
                    "rect": [
                        23,
                        727,
                        100,
                        20
                    ],
                    "text_id": 106,
                    "uid": 236
                },
                {
                    "coord": [
                        147,
                        775
                    ],
                    "is_working": true,
                    "name": "пл. Вишняки",
                    "rect": [
                        23,
                        767,
                        100,
                        20
                    ],
                    "text_id": 107,
                    "uid": 237
                },
                {
                    "coord": [
                        147,
                        810
                    ],
                    "is_working": true,
                    "name": "Сорочий Брід",
                    "rect": [
                        23,
                        803,
                        100,
                        20
                    ],
                    "text_id": 108,
                    "uid": 238
                },
                {
                    "coord": [
                        147,
                        846
                    ],
                    "is_working": true,
                    "name": "пл. Снітинка",
                    "rect": [
                        23,
                        837,
                        100,
                        20
                    ],
                    "text_id": 109,
                    "uid": 239
                },
                {
                    "coord": [
                        147,
                        888
                    ],
                    "is_working": true,
                    "name": "Фастів - 1",
                    "rect": [
                        23,
                        881,
                        100,
                        20
                    ],
                    "text_id": 110,
                    "uid": 240
                },
                {
                    "coord": [
                        147,
                        936
                    ],
                    "is_working": true,
                    "name": "Фастів - 2",
                    "rect": [
                        23,
                        928,
                        100,
                        20
                    ],
                    "text_id": 215,
                    "uid": 241
                },
                {
                    "coord": [
                        147,
                        971
                    ],
                    "is_working": true,
                    "name": "пл. 8 км.",
                    "rect": [
                        23,
                        964,
                        100,
                        20
                    ],
                    "text_id": 216,
                    "uid": 242
                },
                {
                    "coord": [
                        147,
                        1006
                    ],
                    "is_working": true,
                    "name": "пл. Паляничниці",
                    "rect": [
                        23,
                        998,
                        100,
                        20
                    ],
                    "text_id": 217,
                    "uid": 243
                },
                {
                    "coord": [
                        147,
                        1043
                    ],
                    "is_working": true,
                    "name": "Устинівка",
                    "rect": [
                        23,
                        1035,
                        100,
                        20
                    ],
                    "text_id": 218,
                    "uid": 244
                },
                {
                    "coord": [
                        147,
                        1086
                    ],
                    "is_working": true,
                    "name": "пл. Гай",
                    "rect": [
                        23,
                        1078,
                        100,
                        20
                    ],
                    "text_id": 219,
                    "uid": 245
                },
                {
                    "coord": [
                        147,
                        1126
                    ],
                    "is_working": true,
                    "name": "Біла Церква",
                    "rect": [
                        23,
                        1118,
                        100,
                        20
                    ],
                    "text_id": 220,
                    "uid": 246
                },
                {
                    "coord": [
                        147,
                        1166
                    ],
                    "is_working": true,
                    "name": "Роток",
                    "rect": [
                        23,
                        1159,
                        100,
                        20
                    ],
                    "text_id": 221,
                    "uid": 247
                },
                {
                    "coord": [
                        163,
                        1182
                    ],
                    "is_working": true,
                    "name": "пл. Томилівка",
                    "rect": [
                        50,
                        1191,
                        100,
                        20
                    ],
                    "text_id": 222,
                    "uid": 248
                },
                {
                    "coord": [
                        188,
                        1182
                    ],
                    "is_working": true,
                    "name": "пл. Бірюки",
                    "rect": [
                        182,
                        1065,
                        20,
                        100
                    ],
                    "text_id": 223,
                    "uid": 249
                },
                {
                    "coord": [
                        219,
                        1182
                    ],
                    "is_working": true,
                    "name": "пл. Чепеляївка",
                    "rect": [
                        209,
                        1065,
                        20,
                        100
                    ],
                    "text_id": 224,
                    "uid": 250
                },
                {
                    "coord": [
                        244,
                        1182
                    ],
                    "is_working": true,
                    "name": "Сухолеси",
                    "rect": [
                        238,
                        1065,
                        20,
                        100
                    ],
                    "text_id": 225,
                    "uid": 251
                },
                {
                    "coord": [
                        270,
                        1182
                    ],
                    "is_working": true,
                    "name": "пл. Житні Гори",
                    "rect": [
                        265,
                        1065,
                        20,
                        100
                    ],
                    "text_id": 226,
                    "uid": 252
                },
                {
                    "coord": [
                        299,
                        1182
                    ],
                    "is_working": true,
                    "name": "Рокитне",
                    "rect": [
                        293,
                        1065,
                        20,
                        100
                    ],
                    "text_id": 227,
                    "uid": 253
                },
                {
                    "coord": [
                        327,
                        1182
                    ],
                    "is_working": true,
                    "name": "пл. Бушево",
                    "rect": [
                        320,
                        1065,
                        20,
                        100
                    ],
                    "text_id": 228,
                    "uid": 254
                },
                {
                    "coord": [
                        354,
                        1182
                    ],
                    "is_working": true,
                    "name": "Ольшанниця",
                    "rect": [
                        348,
                        1065,
                        20,
                        100
                    ],
                    "text_id": 229,
                    "uid": 255
                },
                {
                    "coord": [
                        384,
                        1182
                    ],
                    "is_working": true,
                    "name": "пл. Лютарський",
                    "rect": [
                        377,
                        1065,
                        20,
                        100
                    ],
                    "text_id": 230,
                    "uid": 256
                },
                {
                    "coord": [
                        414,
                        1182
                    ],
                    "is_working": true,
                    "name": "пл. Карапиши - 2",
                    "rect": [
                        407,
                        1065,
                        20,
                        100
                    ],
                    "text_id": 231,
                    "uid": 257
                },
                {
                    "coord": [
                        443,
                        1182
                    ],
                    "is_working": true,
                    "name": "Карапиши",
                    "rect": [
                        436,
                        1065,
                        20,
                        100
                    ],
                    "text_id": 232,
                    "uid": 258
                },
                {
                    "coord": [
                        473,
                        1182
                    ],
                    "is_working": true,
                    "name": "Миронівка",
                    "rect": [
                        461,
                        1065,
                        20,
                        100
                    ],
                    "text_id": 213,
                    "uid": 259
                }
            ],
            "text_id": 233
        }
    ],
    "lines_width": 9,
    "name": "railways_mironov",
    "name_text_id": 233,
    "stations_diameter": 19.0,
    "transfers": [
        [
            10,
            25,
            null,
            null
        ],
        [
            33,
            9,
            null,
            null
        ],
        [
            26,
            34,
            null,
            null
        ],
        [
            199,
            38,
            [
                492,
                212
            ],
            [
                472,
                212
            ]
        ],
        [
            197,
            27,
            [
                492,
                127
            ],
            [
                492,
                107
            ]
        ],
        [
            196,
            7,
            [
                448,
                105
            ],
            [
                448,
                142
            ]
        ],
        [
            196,
            221,
            [
                448,
                105
            ],
            [
                448,
                122
            ]
        ],
        [
            221,
            7,
            [
                448,
                122
            ],
            [
                448,
                142
            ]
        ]
    ],
    "transports": [
        "metro"
    ],
    "type_name": "Метро",
    "type_text_id": 294,
    "upper_case": true,
    "width": 642,
    "word_wrap": false
}