{
    "default_transports": [
        "metro"
    ],
    "height": 1155,
    "images": [
        "res/schemes/railways_nejun.svg"
    ],
    "is_vector": true,
    "lines": [
        {
            "labels_bg_color": "-1",
            "labels_color": "000000",
            "line_color": "CC3333",
            "line_width": 9,
            "name": "Святошинсько-Броворська",
            "segments": [],
            "stations": [
                {
                    "coord": null,
                    "is_working": true,
                    "name": "Академмістечко",
                    "rect": null,
                    "text_id": 0,
                    "uid": 0
                },
                {
                    "coord": null,
                    "is_working": true,
                    "name": "Житомирська",
                    "rect": null,
                    "text_id": 1,
                    "uid": 1
                },
                {
                    "coord": [
                        700,
                        36
                    ],
                    "is_working": true,
                    "name": "Святошин",
                    "rect": [
                        720,
                        26,
                        100,
                        20
                    ],
                    "text_id": 2,
                    "uid": 2
                },
                {
                    "coord": null,
                    "is_working": true,
                    "name": "Нивки",
                    "rect": null,
                    "text_id": 3,
                    "uid": 3
                },
                {
                    "coord": [
                        620,
                        71
                    ],
                    "is_working": true,
                    "name": "Берестейська",
                    "rect": [
                        500,
                        61,
                        100,
                        20
                    ],
                    "text_id": 4,
                    "uid": 4
                },
                {
                    "coord": null,
                    "is_working": true,
                    "name": "Шулявська",
                    "rect": null,
                    "text_id": 5,
                    "uid": 5
                },
                {
                    "coord": null,
                    "is_working": true,
                    "name": "Політехнічний інститут",
                    "rect": null,
                    "text_id": 6,
                    "uid": 6
                },
                {
                    "coord": [
                        237,
                        105
                    ],
                    "is_working": true,
                    "name": "Вокзальна",
                    "rect": [
                        260,
                        95,
                        100,
                        20
                    ],
                    "text_id": 7,
                    "uid": 7
                },
                {
                    "coord": null,
                    "is_working": true,
                    "name": "Університет",
                    "rect": null,
                    "text_id": 8,
                    "uid": 8
                },
                {
                    "coord": null,
                    "is_working": true,
                    "name": "Театральна",
                    "rect": null,
                    "text_id": 9,
                    "uid": 9
                },
                {
                    "coord": null,
                    "is_working": true,
                    "name": "Хрещатик",
                    "rect": null,
                    "text_id": 10,
                    "uid": 10
                },
                {
                    "coord": null,
                    "is_working": true,
                    "name": "Арсенальна",
                    "rect": null,
                    "text_id": 11,
                    "uid": 11
                },
                {
                    "coord": null,
                    "is_working": true,
                    "name": "Дніпро",
                    "rect": null,
                    "text_id": 12,
                    "uid": 12
                },
                {
                    "coord": null,
                    "is_working": true,
                    "name": "Гідропарк",
                    "rect": null,
                    "text_id": 13,
                    "uid": 13
                },
                {
                    "coord": null,
                    "is_working": true,
                    "name": "Лівобережна",
                    "rect": null,
                    "text_id": 14,
                    "uid": 14
                },
                {
                    "coord": null,
                    "is_working": true,
                    "name": "Дарниця",
                    "rect": null,
                    "text_id": 15,
                    "uid": 15
                },
                {
                    "coord": null,
                    "is_working": true,
                    "name": "Чернігівська",
                    "rect": null,
                    "text_id": 16,
                    "uid": 16
                },
                {
                    "coord": null,
                    "is_working": true,
                    "name": "Лісова",
                    "rect": null,
                    "text_id": 17,
                    "uid": 17
                }
            ],
            "text_id": 18
        },
        {
            "labels_bg_color": "-1",
            "labels_color": "000000",
            "line_color": "339933",
            "line_width": 9,
            "name": "Сирецько-Печерська",
            "segments": [],
            "stations": [
                {
                    "coord": [
                        642,
                        100
                    ],
                    "is_working": true,
                    "name": "Сирець",
                    "rect": [
                        660,
                        90,
                        100,
                        20
                    ],
                    "text_id": 32,
                    "uid": 30
                },
                {
                    "coord": null,
                    "is_working": true,
                    "name": "Дорогожичі",
                    "rect": null,
                    "text_id": 33,
                    "uid": 31
                },
                {
                    "coord": null,
                    "is_working": true,
                    "name": "Лук'янівська",
                    "rect": null,
                    "text_id": 34,
                    "uid": 32
                },
                {
                    "coord": null,
                    "is_working": true,
                    "name": "Золоті ворота",
                    "rect": null,
                    "text_id": 35,
                    "uid": 33
                },
                {
                    "coord": null,
                    "is_working": true,
                    "name": "Палац спорту",
                    "rect": null,
                    "text_id": 36,
                    "uid": 34
                },
                {
                    "coord": null,
                    "is_working": true,
                    "name": "Кловьска",
                    "rect": null,
                    "text_id": 37,
                    "uid": 35
                },
                {
                    "coord": null,
                    "is_working": true,
                    "name": "Печерська",
                    "rect": null,
                    "text_id": 38,
                    "uid": 36
                },
                {
                    "coord": null,
                    "is_working": true,
                    "name": "Дружби народів",
                    "rect": null,
                    "text_id": 39,
                    "uid": 37
                },
                {
                    "coord": [
                        197,
                        195
                    ],
                    "is_working": true,
                    "name": "Видубичі",
                    "rect": [
                        80,
                        185,
                        100,
                        20
                    ],
                    "text_id": 40,
                    "uid": 38
                },
                {
                    "coord": null,
                    "is_working": true,
                    "name": "Славутич",
                    "rect": null,
                    "text_id": 41,
                    "uid": 39
                },
                {
                    "coord": null,
                    "is_working": true,
                    "name": "Осокорки",
                    "rect": null,
                    "text_id": 42,
                    "uid": 40
                },
                {
                    "coord": null,
                    "is_working": true,
                    "name": "Позняки",
                    "rect": null,
                    "text_id": 43,
                    "uid": 41
                },
                {
                    "coord": null,
                    "is_working": true,
                    "name": "Харківська",
                    "rect": null,
                    "text_id": 44,
                    "uid": 42
                },
                {
                    "coord": null,
                    "is_working": true,
                    "name": "Вирлиця",
                    "rect": null,
                    "text_id": 45,
                    "uid": 43
                },
                {
                    "coord": null,
                    "is_working": true,
                    "name": "Бориспільська",
                    "rect": null,
                    "text_id": 46,
                    "uid": 44
                },
                {
                    "coord": null,
                    "is_working": true,
                    "name": "Червоний хутір",
                    "rect": null,
                    "text_id": 47,
                    "uid": 45
                }
            ],
            "text_id": 48
        },
        {
            "labels_bg_color": "-1",
            "labels_color": "000000",
            "line_color": "333399",
            "line_width": 9,
            "name": "Куренівська-Червоноармійська",
            "segments": [],
            "stations": [
                {
                    "coord": null,
                    "is_working": true,
                    "name": "Героїв Дніпра",
                    "rect": null,
                    "text_id": 19,
                    "uid": 18
                },
                {
                    "coord": null,
                    "is_working": true,
                    "name": "Мінська",
                    "rect": null,
                    "text_id": 20,
                    "uid": 19
                },
                {
                    "coord": null,
                    "is_working": true,
                    "name": "Оболонь",
                    "rect": null,
                    "text_id": 21,
                    "uid": 20
                },
                {
                    "coord": [
                        574,
                        168
                    ],
                    "is_working": true,
                    "name": "Петрівка",
                    "rect": [
                        600,
                        160,
                        100,
                        20
                    ],
                    "text_id": 22,
                    "uid": 21
                },
                {
                    "coord": null,
                    "is_working": true,
                    "name": "Тараса Шевченка",
                    "rect": null,
                    "text_id": 23,
                    "uid": 22
                },
                {
                    "coord": null,
                    "is_working": true,
                    "name": "Контрактова площа",
                    "rect": null,
                    "text_id": 24,
                    "uid": 23
                },
                {
                    "coord": null,
                    "is_working": true,
                    "name": "Поштова площа",
                    "rect": null,
                    "text_id": 25,
                    "uid": 24
                },
                {
                    "coord": null,
                    "is_working": true,
                    "name": "Майдан Незалежності",
                    "rect": null,
                    "text_id": 26,
                    "uid": 25
                },
                {
                    "coord": null,
                    "is_working": true,
                    "name": "Площа Льва Толстого",
                    "rect": null,
                    "text_id": 27,
                    "uid": 26
                },
                {
                    "coord": [
                        197,
                        135
                    ],
                    "is_working": true,
                    "name": "Олімпійська",
                    "rect": [
                        75,
                        130,
                        100,
                        20
                    ],
                    "text_id": 28,
                    "uid": 27
                },
                {
                    "coord": null,
                    "is_working": true,
                    "name": "Палац \"Україна\"",
                    "rect": null,
                    "text_id": 29,
                    "uid": 28
                },
                {
                    "coord": null,
                    "is_working": true,
                    "name": "Либідська",
                    "rect": null,
                    "text_id": 30,
                    "uid": 29
                }
            ],
            "text_id": 31
        },
        {
            "labels_bg_color": "-1",
            "labels_color": "000000",
            "line_color": "543C04",
            "line_width": 9,
            "name": "Ніжинська електричка",
            "segments": [
                [
                    305,
                    306,
                    [
                        [
                            217,
                            75
                        ],
                        [
                            217,
                            45
                        ]
                    ],
                    true
                ],
                [
                    306,
                    307,
                    [
                        [
                            217,
                            105
                        ],
                        [
                            217,
                            75
                        ]
                    ],
                    true
                ],
                [
                    307,
                    308,
                    [
                        [
                            217,
                            135
                        ],
                        [
                            217,
                            105
                        ]
                    ],
                    true
                ],
                [
                    308,
                    309,
                    [
                        [
                            217,
                            165
                        ],
                        [
                            217,
                            135
                        ]
                    ],
                    true
                ],
                [
                    309,
                    310,
                    [
                        [
                            217,
                            195
                        ],
                        [
                            217,
                            165
                        ]
                    ],
                    true
                ],
                [
                    310,
                    311,
                    [
                        [
                            217,
                            225
                        ],
                        [
                            217,
                            195
                        ]
                    ],
                    true
                ],
                [
                    311,
                    312,
                    [
                        [
                            217,
                            255
                        ],
                        [
                            217,
                            225
                        ]
                    ],
                    true
                ],
                [
                    312,
                    313,
                    [
                        [
                            217,
                            285
                        ],
                        [
                            217,
                            255
                        ]
                    ],
                    true
                ],
                [
                    312,
                    338,
                    [
                        [
                            460,
                            255
                        ],
                        [
                            217,
                            255
                        ]
                    ],
                    true
                ],
                [
                    313,
                    314,
                    [
                        [
                            217,
                            315
                        ],
                        [
                            217,
                            285
                        ]
                    ],
                    true
                ],
                [
                    314,
                    315,
                    [
                        [
                            217,
                            345
                        ],
                        [
                            217,
                            315
                        ]
                    ],
                    true
                ],
                [
                    315,
                    316,
                    [
                        [
                            217,
                            375
                        ],
                        [
                            217,
                            345
                        ]
                    ],
                    true
                ],
                [
                    316,
                    317,
                    [
                        [
                            217,
                            405
                        ],
                        [
                            217,
                            375
                        ]
                    ],
                    true
                ],
                [
                    317,
                    318,
                    [
                        [
                            217,
                            435
                        ],
                        [
                            217,
                            405
                        ]
                    ],
                    true
                ],
                [
                    318,
                    319,
                    [
                        [
                            217,
                            465
                        ],
                        [
                            217,
                            435
                        ]
                    ],
                    true
                ],
                [
                    319,
                    320,
                    [
                        [
                            217,
                            495
                        ],
                        [
                            217,
                            465
                        ]
                    ],
                    true
                ],
                [
                    320,
                    321,
                    [
                        [
                            217,
                            525
                        ],
                        [
                            217,
                            495
                        ]
                    ],
                    true
                ],
                [
                    321,
                    322,
                    [
                        [
                            217,
                            555
                        ],
                        [
                            217,
                            525
                        ]
                    ],
                    true
                ],
                [
                    322,
                    323,
                    [
                        [
                            217,
                            585
                        ],
                        [
                            217,
                            555
                        ]
                    ],
                    true
                ],
                [
                    323,
                    324,
                    [
                        [
                            217,
                            615
                        ],
                        [
                            217,
                            585
                        ]
                    ],
                    true
                ],
                [
                    324,
                    325,
                    [
                        [
                            217,
                            645
                        ],
                        [
                            217,
                            615
                        ]
                    ],
                    true
                ],
                [
                    325,
                    326,
                    [
                        [
                            217,
                            675
                        ],
                        [
                            217,
                            645
                        ]
                    ],
                    true
                ],
                [
                    326,
                    327,
                    [
                        [
                            217,
                            705
                        ],
                        [
                            217,
                            675
                        ]
                    ],
                    true
                ],
                [
                    327,
                    328,
                    [
                        [
                            217,
                            735
                        ],
                        [
                            217,
                            705
                        ]
                    ],
                    true
                ],
                [
                    328,
                    329,
                    [
                        [
                            217,
                            765
                        ],
                        [
                            217,
                            735
                        ]
                    ],
                    true
                ],
                [
                    329,
                    330,
                    [
                        [
                            217,
                            795
                        ],
                        [
                            217,
                            765
                        ]
                    ],
                    true
                ],
                [
                    330,
                    331,
                    [
                        [
                            217,
                            825
                        ],
                        [
                            217,
                            795
                        ]
                    ],
                    true
                ],
                [
                    331,
                    332,
                    [
                        [
                            217,
                            855
                        ],
                        [
                            217,
                            825
                        ]
                    ],
                    true
                ],
                [
                    332,
                    333,
                    [
                        [
                            217,
                            885
                        ],
                        [
                            217,
                            855
                        ]
                    ],
                    true
                ],
                [
                    333,
                    334,
                    [
                        [
                            217,
                            915
                        ],
                        [
                            217,
                            885
                        ]
                    ],
                    true
                ],
                [
                    334,
                    335,
                    [
                        [
                            217,
                            945
                        ],
                        [
                            217,
                            915
                        ]
                    ],
                    true
                ],
                [
                    335,
                    336,
                    [
                        [
                            217,
                            975
                        ],
                        [
                            217,
                            945
                        ]
                    ],
                    true
                ],
                [
                    336,
                    337,
                    [
                        [
                            217,
                            1005
                        ],
                        [
                            217,
                            975
                        ]
                    ],
                    true
                ],
                [
                    338,
                    339,
                    [
                        [
                            481,
                            233
                        ],
                        [
                            460,
                            255
                        ]
                    ],
                    true
                ],
                [
                    339,
                    340,
                    [
                        [
                            503,
                            212
                        ],
                        [
                            481,
                            233
                        ]
                    ],
                    true
                ],
                [
                    340,
                    341,
                    [
                        [
                            527,
                            187
                        ],
                        [
                            503,
                            212
                        ]
                    ],
                    true
                ],
                [
                    341,
                    342,
                    [
                        [
                            551,
                            163
                        ],
                        [
                            527,
                            187
                        ]
                    ],
                    true
                ],
                [
                    342,
                    343,
                    [
                        [
                            573,
                            141
                        ],
                        [
                            551,
                            163
                        ]
                    ],
                    true
                ],
                [
                    343,
                    344,
                    [
                        [
                            597,
                            118
                        ],
                        [
                            573,
                            141
                        ]
                    ],
                    true
                ],
                [
                    344,
                    345,
                    [
                        [
                            619,
                            95
                        ],
                        [
                            597,
                            118
                        ]
                    ],
                    true
                ],
                [
                    345,
                    346,
                    [
                        [
                            644,
                            71
                        ],
                        [
                            619,
                            95
                        ]
                    ],
                    true
                ],
                [
                    346,
                    347,
                    [
                        [
                            606,
                            34
                        ],
                        [
                            644,
                            71
                        ]
                    ],
                    true
                ],
                [
                    346,
                    348,
                    [
                        [
                            679,
                            36
                        ],
                        [
                            644,
                            71
                        ]
                    ],
                    true
                ]
            ],
            "stations": [
                {
                    "coord": [
                        217,
                        45
                    ],
                    "is_working": true,
                    "name": "Київ-Волинський",
                    "rect": [
                        241,
                        35,
                        100,
                        20
                    ],
                    "text_id": 89,
                    "uid": 305
                },
                {
                    "coord": [
                        217,
                        75
                    ],
                    "is_working": true,
                    "name": "Караваеві Дачі",
                    "rect": [
                        241,
                        65,
                        100,
                        20
                    ],
                    "text_id": 90,
                    "uid": 306
                },
                {
                    "coord": [
                        217,
                        105
                    ],
                    "is_working": true,
                    "name": "Київ - Пасаржиський/пл. Північна",
                    "rect": [
                        246,
                        83,
                        100,
                        20
                    ],
                    "text_id": 91,
                    "uid": 307
                },
                {
                    "coord": [
                        217,
                        135
                    ],
                    "is_working": true,
                    "name": "пл. Протасів Яр",
                    "rect": [
                        241,
                        125,
                        100,
                        20
                    ],
                    "text_id": 190,
                    "uid": 308
                },
                {
                    "coord": [
                        217,
                        165
                    ],
                    "is_working": true,
                    "name": "Київ - Московський",
                    "rect": [
                        241,
                        155,
                        100,
                        20
                    ],
                    "text_id": 191,
                    "uid": 309
                },
                {
                    "coord": [
                        217,
                        195
                    ],
                    "is_working": true,
                    "name": "пл. Видубичі",
                    "rect": [
                        241,
                        185,
                        100,
                        20
                    ],
                    "text_id": 192,
                    "uid": 310
                },
                {
                    "coord": [
                        217,
                        225
                    ],
                    "is_working": true,
                    "name": "пл. Лівий Беpег",
                    "rect": [
                        241,
                        215,
                        100,
                        20
                    ],
                    "text_id": 234,
                    "uid": 311
                },
                {
                    "coord": [
                        217,
                        255
                    ],
                    "is_working": true,
                    "name": "Дарниця",
                    "rect": [
                        97,
                        246,
                        100,
                        20
                    ],
                    "text_id": 15,
                    "uid": 312
                },
                {
                    "coord": [
                        217,
                        285
                    ],
                    "is_working": true,
                    "name": "Дарниця - депо",
                    "rect": [
                        241,
                        275,
                        100,
                        20
                    ],
                    "text_id": 266,
                    "uid": 313
                },
                {
                    "coord": [
                        217,
                        315
                    ],
                    "is_working": true,
                    "name": "пл. Ялинка",
                    "rect": [
                        241,
                        305,
                        100,
                        20
                    ],
                    "text_id": 267,
                    "uid": 314
                },
                {
                    "coord": [
                        217,
                        345
                    ],
                    "is_working": true,
                    "name": "пл. ДВРЗ",
                    "rect": [
                        241,
                        335,
                        100,
                        20
                    ],
                    "text_id": 268,
                    "uid": 315
                },
                {
                    "coord": [
                        217,
                        375
                    ],
                    "is_working": true,
                    "name": "пл. Княжичі",
                    "rect": [
                        241,
                        365,
                        100,
                        20
                    ],
                    "text_id": 269,
                    "uid": 316
                },
                {
                    "coord": [
                        217,
                        405
                    ],
                    "is_working": true,
                    "name": "Бровари",
                    "rect": [
                        241,
                        395,
                        100,
                        20
                    ],
                    "text_id": 270,
                    "uid": 317
                },
                {
                    "coord": [
                        217,
                        435
                    ],
                    "is_working": true,
                    "name": "пл. Квітневий",
                    "rect": [
                        241,
                        425,
                        100,
                        20
                    ],
                    "text_id": 271,
                    "uid": 318
                },
                {
                    "coord": [
                        217,
                        465
                    ],
                    "is_working": true,
                    "name": "пл. Парникова",
                    "rect": [
                        241,
                        455,
                        100,
                        20
                    ],
                    "text_id": 272,
                    "uid": 319
                },
                {
                    "coord": [
                        217,
                        495
                    ],
                    "is_working": true,
                    "name": "пл. Димерка",
                    "rect": [
                        241,
                        485,
                        100,
                        20
                    ],
                    "text_id": 273,
                    "uid": 320
                },
                {
                    "coord": [
                        217,
                        525
                    ],
                    "is_working": true,
                    "name": "пл. Жердове",
                    "rect": [
                        241,
                        515,
                        100,
                        20
                    ],
                    "text_id": 274,
                    "uid": 321
                },
                {
                    "coord": [
                        217,
                        555
                    ],
                    "is_working": true,
                    "name": "Бобрик",
                    "rect": [
                        241,
                        545,
                        100,
                        20
                    ],
                    "text_id": 275,
                    "uid": 322
                },
                {
                    "coord": [
                        217,
                        585
                    ],
                    "is_working": true,
                    "name": "пл. Семиполки",
                    "rect": [
                        241,
                        575,
                        100,
                        20
                    ],
                    "text_id": 276,
                    "uid": 323
                },
                {
                    "coord": [
                        217,
                        615
                    ],
                    "is_working": true,
                    "name": "Заворичі",
                    "rect": [
                        241,
                        605,
                        100,
                        20
                    ],
                    "text_id": 277,
                    "uid": 324
                },
                {
                    "coord": [
                        217,
                        645
                    ],
                    "is_working": true,
                    "name": "пл. Трубіж",
                    "rect": [
                        241,
                        635,
                        100,
                        20
                    ],
                    "text_id": 278,
                    "uid": 325
                },
                {
                    "coord": [
                        217,
                        675
                    ],
                    "is_working": true,
                    "name": "пл. Ярославка",
                    "rect": [
                        241,
                        665,
                        100,
                        20
                    ],
                    "text_id": 279,
                    "uid": 326
                },
                {
                    "coord": [
                        217,
                        705
                    ],
                    "is_working": true,
                    "name": "пл. Марківці",
                    "rect": [
                        241,
                        695,
                        100,
                        20
                    ],
                    "text_id": 280,
                    "uid": 327
                },
                {
                    "coord": [
                        217,
                        735
                    ],
                    "is_working": true,
                    "name": "пл. Макарівка",
                    "rect": [
                        241,
                        724,
                        100,
                        20
                    ],
                    "text_id": 281,
                    "uid": 328
                },
                {
                    "coord": [
                        217,
                        765
                    ],
                    "is_working": true,
                    "name": "Бобровиці",
                    "rect": [
                        97,
                        755,
                        100,
                        20
                    ],
                    "text_id": 282,
                    "uid": 329
                },
                {
                    "coord": [
                        217,
                        795
                    ],
                    "is_working": true,
                    "name": "пл. Попудренна",
                    "rect": [
                        241,
                        785,
                        100,
                        20
                    ],
                    "text_id": 283,
                    "uid": 330
                },
                {
                    "coord": [
                        217,
                        825
                    ],
                    "is_working": true,
                    "name": "Кобижчі",
                    "rect": [
                        241,
                        816,
                        100,
                        20
                    ],
                    "text_id": 284,
                    "uid": 331
                },
                {
                    "coord": [
                        217,
                        855
                    ],
                    "is_working": true,
                    "name": "пл. Космічна",
                    "rect": [
                        241,
                        845,
                        100,
                        20
                    ],
                    "text_id": 285,
                    "uid": 332
                },
                {
                    "coord": [
                        217,
                        885
                    ],
                    "is_working": true,
                    "name": "Носівка",
                    "rect": [
                        241,
                        875,
                        100,
                        20
                    ],
                    "text_id": 286,
                    "uid": 333
                },
                {
                    "coord": [
                        217,
                        915
                    ],
                    "is_working": true,
                    "name": "пл. Дослідна",
                    "rect": [
                        241,
                        905,
                        100,
                        20
                    ],
                    "text_id": 287,
                    "uid": 334
                },
                {
                    "coord": [
                        217,
                        945
                    ],
                    "is_working": true,
                    "name": "пл. Чеpвоной партії",
                    "rect": [
                        241,
                        935,
                        100,
                        20
                    ],
                    "text_id": 288,
                    "uid": 335
                },
                {
                    "coord": [
                        217,
                        975
                    ],
                    "is_working": true,
                    "name": "пл. Гр.-Іванівка",
                    "rect": [
                        241,
                        965,
                        100,
                        20
                    ],
                    "text_id": 289,
                    "uid": 336
                },
                {
                    "coord": [
                        217,
                        1005
                    ],
                    "is_working": true,
                    "name": "Ніжин",
                    "rect": [
                        97,
                        995,
                        100,
                        20
                    ],
                    "text_id": 290,
                    "uid": 337
                },
                {
                    "coord": [
                        460,
                        255
                    ],
                    "is_working": true,
                    "name": "пл. Київ - Русанівка",
                    "rect": [
                        441,
                        271,
                        100,
                        20
                    ],
                    "text_id": 261,
                    "uid": 338
                },
                {
                    "coord": [
                        481,
                        233
                    ],
                    "is_working": true,
                    "name": "Київ - Дніпровський",
                    "rect": [
                        500,
                        233,
                        100,
                        20
                    ],
                    "text_id": 262,
                    "uid": 339
                },
                {
                    "coord": [
                        503,
                        212
                    ],
                    "is_working": true,
                    "name": "Троєщина",
                    "rect": [
                        389,
                        196,
                        100,
                        20
                    ],
                    "text_id": 263,
                    "uid": 340
                },
                {
                    "coord": [
                        527,
                        187
                    ],
                    "is_working": true,
                    "name": "пл. Оболонь",
                    "rect": [
                        546,
                        186,
                        100,
                        20
                    ],
                    "text_id": 264,
                    "uid": 341
                },
                {
                    "coord": [
                        551,
                        163
                    ],
                    "is_working": true,
                    "name": "Київ - Петрівка",
                    "rect": [
                        436,
                        147,
                        100,
                        20
                    ],
                    "text_id": 49,
                    "uid": 342
                },
                {
                    "coord": [
                        573,
                        141
                    ],
                    "is_working": true,
                    "name": "пл. Зеніт",
                    "rect": [
                        594,
                        139,
                        100,
                        20
                    ],
                    "text_id": 50,
                    "uid": 343
                },
                {
                    "coord": [
                        597,
                        118
                    ],
                    "is_working": true,
                    "name": "пл. Вишгоpодська",
                    "rect": [
                        613,
                        116,
                        100,
                        20
                    ],
                    "text_id": 51,
                    "uid": 344
                },
                {
                    "coord": [
                        619,
                        95
                    ],
                    "is_working": true,
                    "name": "пл. Сирець",
                    "rect": [
                        500,
                        83,
                        100,
                        20
                    ],
                    "text_id": 52,
                    "uid": 345
                },
                {
                    "coord": [
                        644,
                        71
                    ],
                    "is_working": true,
                    "name": "пл. Рубежівська",
                    "rect": [
                        665,
                        64,
                        100,
                        20
                    ],
                    "text_id": 53,
                    "uid": 346
                },
                {
                    "coord": [
                        606,
                        34
                    ],
                    "is_working": true,
                    "name": "пл. Боpщагівка",
                    "rect": [
                        545,
                        5,
                        100,
                        20
                    ],
                    "text_id": 88,
                    "uid": 347
                },
                {
                    "coord": [
                        679,
                        36
                    ],
                    "is_working": true,
                    "name": "Святошин",
                    "rect": [
                        660,
                        5,
                        100,
                        20
                    ],
                    "text_id": 2,
                    "uid": 348
                }
            ],
            "text_id": 291
        }
    ],
    "lines_width": 9,
    "name": "railways_nejun",
    "name_text_id": 291,
    "stations_diameter": 19.0,
    "transfers": [
        [
            10,
            25,
            null,
            null
        ],
        [
            33,
            9,
            null,
            null
        ],
        [
            26,
            34,
            null,
            null
        ],
        [
            348,
            2,
            [
                679,
                36
            ],
            [
                700,
                36
            ]
        ],
        [
            346,
            4,
            [
                644,
                71
            ],
            [
                620,
                71
            ]
        ],
        [
            307,
            7,
            [
                217,
                105
            ],
            [
                237,
                105
            ]
        ],
        [
            342,
            21,
            [
                551,
                163
            ],
            [
                574,
                168
            ]
        ],
        [
            345,
            30,
            [
                619,
                95
            ],
            [
                642,
                100
            ]
        ],
        [
            308,
            27,
            [
                217,
                135
            ],
            [
                197,
                135
            ]
        ],
        [
            310,
            38,
            [
                217,
                195
            ],
            [
                197,
                195
            ]
        ]
    ],
    "transports": [
        "metro"
    ],
    "type_name": "Метро",
    "type_text_id": 294,
    "upper_case": true,
    "width": 850,
    "word_wrap": false
}