{
    "0": "Театральная",
    "1": "Самарская",
    "2": "Алабинская",
    "3": "Российская",
    "4": "Московская",
    "5": "Гагаринская",
    "6": "Спортивная",
    "7": "Советская",
    "8": "Победа",
    "9": "Безымянка",
    "10": "Кировская",
    "11": "Юнгородок",
    "12": "Крылья Советов",
    "13": "1",
    "14": "Метро",
    "15": "ROOT",
    "16": "Схема от 28.02.2018г.\nИнформация о времени проезда:\n- Буслов Антон.\nКарта взята с сайта http://www.1234567.ru/trans/samara.htm, информация по станциям - с http://www.metrowalks.ru/samara.",
    "17": "Imported from http://pmetro.su"
}