{
    "0": "Nishi-magome",
    "1": "Magome",
    "2": "Nakanobu",
    "3": "Togoshi",
    "4": "Gotanda",
    "5": "Takanawadai",
    "6": "Sengakuji",
    "7": "Mita",
    "8": "Daimon",
    "9": "Shimbashi",
    "10": "Higashi-ginza",
    "11": "Takaracho",
    "12": "Nihombashi",
    "13": "Ningyocho",
    "14": "Higashi-nihombashi",
    "15": "Asakusabashi",
    "16": "Kuramae",
    "17": "Asakusa",
    "18": "Honjo-azumabashi",
    "19": "Oshiage",
    "20": "Asakusa Line",
    "21": "Wakoshi",
    "22": "Chikatetsu-narimasu",
    "23": "Chikatetsu-akatsuka",
    "24": "Heiwadai",
    "25": "Hikawadai",
    "26": "Kotake-mukaihara",
    "27": "Senkawa",
    "28": "Kanamecho",
    "29": "Ikebukuro",
    "30": "Higashi-ikebukuro",
    "31": "Gokokuji",
    "32": "Edogawabashi",
    "33": "Iidabashi",
    "34": "Ichigaya",
    "35": "Kojimachi",
    "36": "Nagatacho",
    "37": "Sakuradamon",
    "38": "Yurakucho",
    "39": "Ginza-itchome",
    "40": "Shintomicho",
    "41": "Tsukishima",
    "42": "Toyosu",
    "43": "Tatsumi",
    "44": "Shin-kiba",
    "45": "Yurakucho Line",
    "46": "Yurakucho Line (New Line)",
    "47": "Shibuya",
    "48": "Omote-sando",
    "49": "Aoyama-itchome",
    "50": "Hanzomon",
    "51": "Kudanshita",
    "52": "Jimbocho",
    "53": "Otemachi",
    "54": "Mitsukoshimae",
    "55": "Suitengumae",
    "56": "Kiyosumi-shirakawa",
    "57": "Sumiyoshi",
    "58": "Kinshicho",
    "59": "Hanzomon Line",
    "60": "Meguro",
    "61": "Shirokanedai",
    "62": "Shirikane-takanawa",
    "63": "Azabu-juban",
    "64": "Roppongi-itchome",
    "65": "Tameike-sanno",
    "66": "Yotsuya",
    "67": "Korakuen",
    "68": "Todaimae",
    "69": "Hon-komagome",
    "70": "Komagome",
    "71": "Nishigahara",
    "72": "Oji",
    "73": "Oji-kamiya",
    "74": "Shimo",
    "75": "Akabane-iwabuchi",
    "76": "Namboku Line",
    "77": "Shibakoen",
    "78": "Onarimon",
    "79": "Uchisaiwaicho",
    "80": "Hibiya",
    "81": "Suidobashi",
    "82": "Kasuga",
    "83": "Hakusan",
    "84": "Sengoku",
    "85": "Sugamo",
    "86": "Nishi-sugamo",
    "87": "Shin-itabashi",
    "88": "Itabashi-kuyakushomae",
    "89": "Itabashihoncho",
    "90": "Motohasunuma",
    "91": "Shimura-sakaue",
    "92": "Shimura-sanchome",
    "93": "Hasune",
    "94": "Nishidai",
    "95": "Takashimadaira",
    "96": "Shin-takashimadaira",
    "97": "Nishi-takashimadaira",
    "98": "Mita Line",
    "99": "Shinjuku",
    "100": "Shinjuku-sanchome",
    "101": "Akebonobashi",
    "102": "Ogawamachi",
    "103": "Iwamotocho",
    "104": "Bakuro-yokoyama",
    "105": "Hamacho",
    "106": "Morishita",
    "107": "Kikukawa",
    "108": "Nishi-ojima",
    "109": "Ojima",
    "110": "Higashi-ojima",
    "111": "Funabori",
    "112": "Ichinoe",
    "113": "Mizue",
    "114": "Shinozaki",
    "115": "Motoyawata",
    "116": "Shinjuku Line",
    "117": "Tochomae",
    "118": "Shinjuku-nishiguchi",
    "119": "Higasi-shinjuku",
    "120": "Wakamatsu-kawada",
    "121": "Ushigome-yanagicho",
    "122": "Ushigome-kagurazaka",
    "123": "Hongo-sanchome",
    "124": "Ueno-okachimachi",
    "125": "Shin-okachimachi",
    "126": "Ryogoku",
    "127": "Monzen-nakacho",
    "128": "Kachidoki",
    "129": "Tsukijishijo",
    "130": "Shiodome",
    "131": "Akabanebashi",
    "132": "Roppongi",
    "133": "Kokuritsu-kyogijo",
    "134": "Yoyogi",
    "135": "Nishi-shinjuku-gochome",
    "136": "Nakano-sakaue",
    "137": "Higashi-nakano",
    "138": "Nakai",
    "139": "Ochiai-minami-nagasaki",
    "140": "Shin-egota",
    "141": "Nerima",
    "142": "Toshimaen",
    "143": "Nerima-kasugacho",
    "144": "Hikarigaoka",
    "145": "Oedo Line",
    "146": "Gaiemmae",
    "147": "Akasaka-mitsuke",
    "148": "Toranomon",
    "149": "Ginza",
    "150": "Kyobashi",
    "151": "Kanda",
    "152": "Suehirocho",
    "153": "Ueno-hirokoji",
    "154": "Ueno",
    "155": "Inaricho",
    "156": "Tawaramachi",
    "157": "Ginza Line",
    "158": "Ogikubo",
    "159": "Minami-asagaya",
    "160": "Shin-koenji",
    "161": "Higashi-koenji",
    "162": "Shin-nakano",
    "163": "Nishi-shinjuku",
    "164": "Shinjuku-gyoemmae",
    "165": "Yotsuya-sanchome",
    "166": "Kokkai-gijidomae",
    "167": "Kasumigaseki",
    "168": "Tokyo",
    "169": "Awajicho",
    "170": "Ochanomizu",
    "171": "Myogadani",
    "172": "Shin-otsuka",
    "173": "Nakano-shimbashi",
    "174": "Nakano-fujimicho",
    "175": "Honancho",
    "176": "Marunouchi Line",
    "177": "Naka-meguro",
    "178": "Ebisu",
    "179": "Hiro-o",
    "180": "Kamiyacho",
    "181": "Tsukiji",
    "182": "Hatchobori",
    "183": "Kayabacho",
    "184": "Kodemmacho",
    "185": "Akihabara",
    "186": "Naka-okachimachi",
    "187": "Iriya",
    "188": "Minowa",
    "189": "Minami-senju",
    "190": "Kita-senju",
    "191": "Hibiya Line",
    "192": "Nakano",
    "193": "Ochiai",
    "194": "Takadanobaba",
    "195": "Waseda",
    "196": "Kagurazaka",
    "197": "Takebashi",
    "198": "Kiba",
    "199": "Toyocho",
    "200": "Minami-sunamachi",
    "201": "Nishi-kasai",
    "202": "Kasai",
    "203": "Urayasu",
    "204": "Minami-gyotoku",
    "205": "Gyotoku",
    "206": "Myoden",
    "207": "Baraki-nakayama",
    "208": "Nishi-funabashi",
    "209": "Tozai Line",
    "210": "Yoyogi-uehara",
    "211": "Yoyogi-koen",
    "212": "Meiji-jingumae",
    "213": "Nogizaka",
    "214": "Akasaka",
    "215": "Nijubashimae",
    "216": "Shin-ochanomizu",
    "217": "Yushima",
    "218": "Nezu",
    "219": "Sendagi",
    "220": "Nishi-nippori",
    "221": "Machiya",
    "222": "Ayase",
    "223": "Kita-ayase",
    "224": "Chiyoda Line",
    "225": "Metro",
    "226": "ROOT",
    "227": "shema Stepanova Igorja\nShema ot 09.07.2008g.\nAvtor shemy: Stepanov Igor'",
    "228": "Imported from http://pmetro.su"
}