{
    "default_transports": [
        "metro"
    ],
    "height": 940,
    "images": [
        "res/schemes/toulouse.svg"
    ],
    "is_vector": true,
    "lines": [
        {
            "labels_bg_color": "-1",
            "labels_color": "F2653F",
            "line_color": "F2653F",
            "line_width": 9,
            "name": "A",
            "segments": [
                [
                    0,
                    1,
                    [
                        [
                            349,
                            718
                        ],
                        [
                            309,
                            684
                        ]
                    ],
                    true
                ],
                [
                    1,
                    2,
                    [
                        [
                            387.0,
                            688.0
                        ],
                        [
                            386.88,
                            694.48
                        ],
                        [
                            386.75,
                            700.53
                        ],
                        [
                            386.63,
                            706.16
                        ],
                        [
                            386.5,
                            711.38
                        ],
                        [
                            386.35,
                            716.19
                        ],
                        [
                            386.2,
                            720.57
                        ],
                        [
                            386.07,
                            724.52
                        ],
                        [
                            386.0,
                            728.0
                        ],
                        [
                            386.07,
                            730.94
                        ],
                        [
                            386.17,
                            733.43
                        ],
                        [
                            386.24,
                            735.53
                        ],
                        [
                            386.25,
                            737.25
                        ],
                        [
                            386.17,
                            738.63
                        ],
                        [
                            385.96,
                            739.7
                        ],
                        [
                            385.6,
                            740.47
                        ],
                        [
                            385.0,
                            741.0
                        ],
                        [
                            384.05,
                            741.35
                        ],
                        [
                            382.85,
                            741.48
                        ],
                        [
                            381.46,
                            741.37
                        ],
                        [
                            379.88,
                            741.0
                        ],
                        [
                            378.15,
                            740.36
                        ],
                        [
                            376.26,
                            739.48
                        ],
                        [
                            374.2,
                            738.35
                        ],
                        [
                            372.0,
                            737.0
                        ],
                        [
                            369.66,
                            735.44
                        ],
                        [
                            367.18,
                            733.65
                        ],
                        [
                            364.54,
                            731.63
                        ],
                        [
                            361.75,
                            729.38
                        ],
                        [
                            358.8,
                            726.88
                        ],
                        [
                            355.69,
                            724.16
                        ],
                        [
                            352.42,
                            721.2
                        ],
                        [
                            349.0,
                            718.0
                        ]
                    ],
                    true
                ],
                [
                    2,
                    3,
                    [
                        [
                            386,
                            634
                        ],
                        [
                            387,
                            688
                        ]
                    ],
                    true
                ],
                [
                    3,
                    4,
                    [
                        [
                            448.0,
                            592.0
                        ],
                        [
                            443.62,
                            593.16
                        ],
                        [
                            439.34,
                            594.38
                        ],
                        [
                            435.18,
                            595.66
                        ],
                        [
                            431.12,
                            597.0
                        ],
                        [
                            427.21,
                            598.4
                        ],
                        [
                            423.39,
                            599.86
                        ],
                        [
                            419.67,
                            601.39
                        ],
                        [
                            416.0,
                            603.0
                        ],
                        [
                            412.28,
                            604.7
                        ],
                        [
                            408.64,
                            606.48
                        ],
                        [
                            405.14,
                            608.31
                        ],
                        [
                            401.81,
                            610.19
                        ],
                        [
                            398.7,
                            612.1
                        ],
                        [
                            395.83,
                            614.05
                        ],
                        [
                            393.24,
                            616.02
                        ],
                        [
                            391.0,
                            618.0
                        ],
                        [
                            389.22,
                            619.96
                        ],
                        [
                            387.82,
                            621.92
                        ],
                        [
                            386.75,
                            623.89
                        ],
                        [
                            386.0,
                            625.88
                        ],
                        [
                            385.53,
                            627.88
                        ],
                        [
                            385.38,
                            629.91
                        ],
                        [
                            385.53,
                            631.95
                        ],
                        [
                            386.0,
                            634.0
                        ]
                    ],
                    true
                ],
                [
                    4,
                    5,
                    [
                        [
                            501,
                            575
                        ],
                        [
                            448,
                            592
                        ]
                    ],
                    true
                ],
                [
                    5,
                    6,
                    [
                        [
                            531.0,
                            511.0
                        ],
                        [
                            531.05,
                            515.62
                        ],
                        [
                            531.09,
                            520.0
                        ],
                        [
                            531.12,
                            524.12
                        ],
                        [
                            531.12,
                            528.0
                        ],
                        [
                            531.1,
                            531.66
                        ],
                        [
                            531.07,
                            535.05
                        ],
                        [
                            531.03,
                            538.19
                        ],
                        [
                            531.0,
                            541.0
                        ],
                        [
                            531.03,
                            543.4
                        ],
                        [
                            531.05,
                            545.51
                        ],
                        [
                            531.05,
                            547.41
                        ],
                        [
                            531.0,
                            549.12
                        ],
                        [
                            530.87,
                            550.7
                        ],
                        [
                            530.67,
                            552.17
                        ],
                        [
                            530.38,
                            553.58
                        ],
                        [
                            530.0,
                            555.0
                        ],
                        [
                            529.51,
                            556.58
                        ],
                        [
                            528.89,
                            558.2
                        ],
                        [
                            528.14,
                            559.81
                        ],
                        [
                            527.25,
                            561.38
                        ],
                        [
                            526.21,
                            562.87
                        ],
                        [
                            525.01,
                            564.3
                        ],
                        [
                            523.61,
                            565.69
                        ],
                        [
                            522.0,
                            567.0
                        ],
                        [
                            520.11,
                            568.23
                        ],
                        [
                            517.99,
                            569.38
                        ],
                        [
                            515.66,
                            570.47
                        ],
                        [
                            513.12,
                            571.5
                        ],
                        [
                            510.4,
                            572.47
                        ],
                        [
                            507.47,
                            573.38
                        ],
                        [
                            504.34,
                            574.22
                        ],
                        [
                            501.0,
                            575.0
                        ]
                    ],
                    true
                ],
                [
                    6,
                    7,
                    [
                        [
                            531,
                            419
                        ],
                        [
                            531,
                            511
                        ]
                    ],
                    true
                ],
                [
                    7,
                    8,
                    [
                        [
                            580.0,
                            378.0
                        ],
                        [
                            576.55,
                            378.75
                        ],
                        [
                            573.19,
                            379.5
                        ],
                        [
                            569.92,
                            380.25
                        ],
                        [
                            566.75,
                            381.0
                        ],
                        [
                            563.69,
                            381.76
                        ],
                        [
                            560.72,
                            382.52
                        ],
                        [
                            557.83,
                            383.28
                        ],
                        [
                            555.0,
                            384.0
                        ],
                        [
                            552.17,
                            384.65
                        ],
                        [
                            549.41,
                            385.29
                        ],
                        [
                            546.76,
                            385.94
                        ],
                        [
                            544.25,
                            386.62
                        ],
                        [
                            541.87,
                            387.35
                        ],
                        [
                            539.68,
                            388.14
                        ],
                        [
                            537.7,
                            389.01
                        ],
                        [
                            536.0,
                            390.0
                        ],
                        [
                            534.72,
                            391.16
                        ],
                        [
                            533.72,
                            392.45
                        ],
                        [
                            532.93,
                            393.83
                        ],
                        [
                            532.31,
                            395.31
                        ],
                        [
                            531.83,
                            396.86
                        ],
                        [
                            531.46,
                            398.5
                        ],
                        [
                            531.21,
                            400.21
                        ],
                        [
                            531.0,
                            402.0
                        ],
                        [
                            530.77,
                            403.86
                        ],
                        [
                            530.57,
                            405.79
                        ],
                        [
                            530.43,
                            407.79
                        ],
                        [
                            530.38,
                            409.88
                        ],
                        [
                            530.41,
                            412.04
                        ],
                        [
                            530.53,
                            414.28
                        ],
                        [
                            530.73,
                            416.6
                        ],
                        [
                            531.0,
                            419.0
                        ]
                    ],
                    true
                ],
                [
                    8,
                    9,
                    [
                        [
                            670,
                            364
                        ],
                        [
                            580,
                            378
                        ]
                    ],
                    true
                ],
                [
                    9,
                    10,
                    [
                        [
                            810.0,
                            321.0
                        ],
                        [
                            810.12,
                            323.27
                        ],
                        [
                            810.09,
                            325.47
                        ],
                        [
                            809.93,
                            327.59
                        ],
                        [
                            809.62,
                            329.62
                        ],
                        [
                            809.14,
                            331.59
                        ],
                        [
                            808.52,
                            333.47
                        ],
                        [
                            807.78,
                            335.27
                        ],
                        [
                            807.0,
                            337.0
                        ],
                        [
                            806.3,
                            338.65
                        ],
                        [
                            805.51,
                            340.22
                        ],
                        [
                            804.53,
                            341.71
                        ],
                        [
                            803.31,
                            343.12
                        ],
                        [
                            801.77,
                            344.48
                        ],
                        [
                            799.89,
                            345.75
                        ],
                        [
                            797.65,
                            346.94
                        ],
                        [
                            795.0,
                            348.0
                        ],
                        [
                            791.89,
                            348.88
                        ],
                        [
                            788.3,
                            349.65
                        ],
                        [
                            784.19,
                            350.37
                        ],
                        [
                            779.56,
                            351.06
                        ],
                        [
                            774.4,
                            351.74
                        ],
                        [
                            768.62,
                            352.44
                        ],
                        [
                            762.19,
                            353.18
                        ],
                        [
                            755.0,
                            354.0
                        ],
                        [
                            746.91,
                            354.99
                        ],
                        [
                            738.04,
                            356.09
                        ],
                        [
                            728.44,
                            357.26
                        ],
                        [
                            718.12,
                            358.5
                        ],
                        [
                            707.14,
                            359.78
                        ],
                        [
                            695.47,
                            361.12
                        ],
                        [
                            683.09,
                            362.53
                        ],
                        [
                            670.0,
                            364.0
                        ]
                    ],
                    true
                ],
                [
                    10,
                    11,
                    [
                        [
                            811,
                            272
                        ],
                        [
                            810,
                            321
                        ]
                    ],
                    true
                ],
                [
                    11,
                    12,
                    [
                        [
                            851.0,
                            215.0
                        ],
                        [
                            847.81,
                            216.88
                        ],
                        [
                            844.75,
                            218.75
                        ],
                        [
                            841.81,
                            220.62
                        ],
                        [
                            839.0,
                            222.5
                        ],
                        [
                            836.32,
                            224.4
                        ],
                        [
                            833.76,
                            226.3
                        ],
                        [
                            831.32,
                            228.18
                        ],
                        [
                            829.0,
                            230.0
                        ],
                        [
                            826.78,
                            231.68
                        ],
                        [
                            824.68,
                            233.33
                        ],
                        [
                            822.71,
                            235.01
                        ],
                        [
                            820.88,
                            236.75
                        ],
                        [
                            819.18,
                            238.58
                        ],
                        [
                            817.63,
                            240.55
                        ],
                        [
                            816.24,
                            242.66
                        ],
                        [
                            815.0,
                            245.0
                        ],
                        [
                            813.94,
                            247.67
                        ],
                        [
                            813.05,
                            250.58
                        ],
                        [
                            812.32,
                            253.69
                        ],
                        [
                            811.75,
                            257.0
                        ],
                        [
                            811.33,
                            260.47
                        ],
                        [
                            811.06,
                            264.12
                        ],
                        [
                            810.95,
                            267.97
                        ],
                        [
                            811.0,
                            272.0
                        ]
                    ],
                    true
                ],
                [
                    12,
                    13,
                    [
                        [
                            927,
                            175
                        ],
                        [
                            851,
                            215
                        ]
                    ],
                    true
                ],
                [
                    13,
                    14,
                    [
                        [
                            994,
                            135
                        ],
                        [
                            927,
                            175
                        ]
                    ],
                    true
                ],
                [
                    14,
                    15,
                    [
                        [
                            1061,
                            95
                        ],
                        [
                            994,
                            135
                        ]
                    ],
                    true
                ],
                [
                    15,
                    16,
                    [
                        [
                            1128,
                            55
                        ],
                        [
                            1061,
                            95
                        ]
                    ],
                    true
                ],
                [
                    16,
                    17,
                    [
                        [
                            1195,
                            15
                        ],
                        [
                            1128,
                            55
                        ]
                    ],
                    true
                ]
            ],
            "stations": [
                {
                    "coord": [
                        309,
                        684
                    ],
                    "is_working": true,
                    "name": "Basso-Cambo",
                    "rect": [
                        247,
                        633,
                        72,
                        15
                    ],
                    "text_id": 0,
                    "uid": 0
                },
                {
                    "coord": [
                        349,
                        718
                    ],
                    "is_working": true,
                    "name": "Bellefontaine",
                    "rect": [
                        273,
                        722,
                        67,
                        15
                    ],
                    "text_id": 1,
                    "uid": 1
                },
                {
                    "coord": [
                        387,
                        688
                    ],
                    "is_working": true,
                    "name": "Reynerie",
                    "rect": [
                        402,
                        679,
                        47,
                        15
                    ],
                    "text_id": 2,
                    "uid": 2
                },
                {
                    "coord": [
                        386,
                        634
                    ],
                    "is_working": true,
                    "name": "Mirail/Universitй",
                    "rect": [
                        403,
                        630,
                        84,
                        15
                    ],
                    "text_id": 3,
                    "uid": 3
                },
                {
                    "coord": [
                        448,
                        592
                    ],
                    "is_working": true,
                    "name": "Bagatelle",
                    "rect": [
                        454,
                        602,
                        49,
                        15
                    ],
                    "text_id": 4,
                    "uid": 4
                },
                {
                    "coord": [
                        501,
                        575
                    ],
                    "is_working": true,
                    "name": "Mermoz",
                    "rect": [
                        506,
                        584,
                        41,
                        15
                    ],
                    "text_id": 5,
                    "uid": 5
                },
                {
                    "coord": [
                        531,
                        511
                    ],
                    "is_working": true,
                    "name": "Fontaine-Lestang",
                    "rect": [
                        548,
                        503,
                        86,
                        15
                    ],
                    "text_id": 6,
                    "uid": 6
                },
                {
                    "coord": [
                        531,
                        419
                    ],
                    "is_working": true,
                    "name": "Arиnes/Gare Saint-Cyprien",
                    "rect": [
                        548,
                        419,
                        135,
                        15
                    ],
                    "text_id": 7,
                    "uid": 7
                },
                {
                    "coord": [
                        580,
                        378
                    ],
                    "is_working": true,
                    "name": "Patte-d'Oie",
                    "rect": [
                        591,
                        386,
                        55,
                        15
                    ],
                    "text_id": 8,
                    "uid": 8
                },
                {
                    "coord": [
                        670,
                        364
                    ],
                    "is_working": true,
                    "name": "Saint-Cyprien/Rйpublique",
                    "rect": [
                        675,
                        377,
                        128,
                        15
                    ],
                    "text_id": 9,
                    "uid": 9
                },
                {
                    "coord": [
                        810,
                        321
                    ],
                    "is_working": true,
                    "name": "Esquirol",
                    "rect": [
                        758,
                        297,
                        43,
                        15
                    ],
                    "text_id": 10,
                    "uid": 10
                },
                {
                    "coord": [
                        811,
                        272
                    ],
                    "is_working": true,
                    "name": "Capitole",
                    "rect": [
                        826,
                        266,
                        43,
                        15
                    ],
                    "text_id": 11,
                    "uid": 11
                },
                {
                    "coord": [
                        851,
                        215
                    ],
                    "is_working": true,
                    "name": "Jean Jaurиs",
                    "rect": [
                        772,
                        204,
                        63,
                        15
                    ],
                    "text_id": 12,
                    "uid": 12
                },
                {
                    "coord": [
                        927,
                        175
                    ],
                    "is_working": true,
                    "name": "Marengo-SNCF/Gare Matabiau",
                    "rect": [
                        939,
                        180,
                        152,
                        15
                    ],
                    "text_id": 13,
                    "uid": 13
                },
                {
                    "coord": [
                        994,
                        135
                    ],
                    "is_working": true,
                    "name": "Jolimont",
                    "rect": [
                        940,
                        120,
                        44,
                        15
                    ],
                    "text_id": 14,
                    "uid": 14
                },
                {
                    "coord": [
                        1061,
                        95
                    ],
                    "is_working": true,
                    "name": "Roseraie",
                    "rect": [
                        1010,
                        74,
                        47,
                        15
                    ],
                    "text_id": 15,
                    "uid": 15
                },
                {
                    "coord": [
                        1128,
                        55
                    ],
                    "is_working": true,
                    "name": "Argoulets",
                    "rect": [
                        1070,
                        38,
                        50,
                        15
                    ],
                    "text_id": 16,
                    "uid": 16
                },
                {
                    "coord": [
                        1195,
                        15
                    ],
                    "is_working": true,
                    "name": "Balma Gramont",
                    "rect": [
                        1122,
                        -16,
                        79,
                        15
                    ],
                    "text_id": 17,
                    "uid": 17
                }
            ],
            "text_id": 18
        },
        {
            "labels_bg_color": "-1",
            "labels_color": "FFCF29",
            "line_color": "FFCF29",
            "line_width": 9,
            "name": "C",
            "segments": [
                [
                    18,
                    19,
                    [
                        [
                            313,
                            359
                        ],
                        [
                            510,
                            415
                        ]
                    ],
                    true
                ],
                [
                    19,
                    20,
                    [
                        [
                            48,
                            287
                        ],
                        [
                            313,
                            359
                        ]
                    ],
                    true
                ]
            ],
            "stations": [
                {
                    "coord": [
                        510,
                        415
                    ],
                    "is_working": true,
                    "name": "Arиnes/Gare Saint-Cyprien",
                    "rect": [
                        548,
                        419,
                        135,
                        15
                    ],
                    "text_id": 7,
                    "uid": 18
                },
                {
                    "coord": [
                        313,
                        359
                    ],
                    "is_working": true,
                    "name": "Gare des Capelles",
                    "rect": [
                        244,
                        378,
                        94,
                        15
                    ],
                    "text_id": 19,
                    "uid": 19
                },
                {
                    "coord": [
                        48,
                        287
                    ],
                    "is_working": true,
                    "name": "Gare de Colomiers",
                    "rect": [
                        18,
                        312,
                        95,
                        15
                    ],
                    "text_id": 20,
                    "uid": 20
                }
            ],
            "text_id": 21
        },
        {
            "labels_bg_color": "-1",
            "labels_color": "FFCF29",
            "line_color": "FFCF29",
            "line_width": 9,
            "name": "B",
            "segments": [
                [
                    21,
                    22,
                    [
                        [
                            804,
                            1
                        ],
                        [
                            837,
                            -32
                        ]
                    ],
                    true
                ],
                [
                    22,
                    23,
                    [
                        [
                            776,
                            29
                        ],
                        [
                            804,
                            1
                        ]
                    ],
                    true
                ],
                [
                    23,
                    24,
                    [
                        [
                            776,
                            62
                        ],
                        [
                            776,
                            29
                        ]
                    ],
                    true
                ],
                [
                    24,
                    25,
                    [
                        [
                            776,
                            87
                        ],
                        [
                            776,
                            62
                        ]
                    ],
                    true
                ],
                [
                    25,
                    26,
                    [
                        [
                            776,
                            108
                        ],
                        [
                            776,
                            87
                        ]
                    ],
                    true
                ],
                [
                    26,
                    27,
                    [
                        [
                            802.0,
                            182.0
                        ],
                        [
                            798.27,
                            181.68
                        ],
                        [
                            794.81,
                            181.09
                        ],
                        [
                            791.64,
                            180.24
                        ],
                        [
                            788.75,
                            179.12
                        ],
                        [
                            786.11,
                            177.76
                        ],
                        [
                            783.76,
                            176.12
                        ],
                        [
                            781.7,
                            174.21
                        ],
                        [
                            780.0,
                            172.0
                        ],
                        [
                            778.74,
                            169.44
                        ],
                        [
                            777.8,
                            166.6
                        ],
                        [
                            777.11,
                            163.51
                        ],
                        [
                            776.62,
                            160.19
                        ],
                        [
                            776.31,
                            156.66
                        ],
                        [
                            776.13,
                            152.93
                        ],
                        [
                            776.06,
                            149.03
                        ],
                        [
                            776.0,
                            145.0
                        ],
                        [
                            775.84,
                            140.89
                        ],
                        [
                            775.68,
                            136.66
                        ],
                        [
                            775.56,
                            132.28
                        ],
                        [
                            775.5,
                            127.75
                        ],
                        [
                            775.53,
                            123.05
                        ],
                        [
                            775.62,
                            118.19
                        ],
                        [
                            775.78,
                            113.17
                        ],
                        [
                            776.0,
                            108.0
                        ]
                    ],
                    true
                ],
                [
                    27,
                    28,
                    [
                        [
                            843,
                            186
                        ],
                        [
                            839.0,
                            182.0
                        ],
                        [
                            802,
                            182
                        ]
                    ],
                    true
                ],
                [
                    28,
                    29,
                    [
                        [
                            872,
                            215
                        ],
                        [
                            843,
                            186
                        ]
                    ],
                    true
                ],
                [
                    29,
                    30,
                    [
                        [
                            900,
                            260
                        ],
                        [
                            900.0,
                            243.0
                        ],
                        [
                            872,
                            215
                        ]
                    ],
                    true
                ],
                [
                    30,
                    31,
                    [
                        [
                            842,
                            334
                        ],
                        [
                            900.0,
                            276.0
                        ],
                        [
                            900,
                            260
                        ]
                    ],
                    true
                ],
                [
                    31,
                    32,
                    [
                        [
                            818,
                            424
                        ],
                        [
                            818.0,
                            358.0
                        ],
                        [
                            842,
                            334
                        ]
                    ],
                    true
                ],
                [
                    32,
                    33,
                    [
                        [
                            856,
                            485
                        ],
                        [
                            856.0,
                            474.0
                        ],
                        [
                            818.0,
                            436.0
                        ],
                        [
                            818,
                            424
                        ]
                    ],
                    true
                ],
                [
                    33,
                    34,
                    [
                        [
                            774,
                            591
                        ],
                        [
                            774.0,
                            579.0
                        ],
                        [
                            856.0,
                            497.0
                        ],
                        [
                            856,
                            485
                        ]
                    ],
                    true
                ],
                [
                    34,
                    35,
                    [
                        [
                            842,
                            603
                        ],
                        [
                            786.0,
                            603.0
                        ],
                        [
                            774,
                            591
                        ]
                    ],
                    true
                ],
                [
                    35,
                    36,
                    [
                        [
                            897,
                            603
                        ],
                        [
                            842,
                            603
                        ]
                    ],
                    true
                ],
                [
                    36,
                    37,
                    [
                        [
                            912.0,
                            651.0
                        ],
                        [
                            912.09,
                            647.67
                        ],
                        [
                            912.12,
                            644.44
                        ],
                        [
                            912.09,
                            641.3
                        ],
                        [
                            912.0,
                            638.25
                        ],
                        [
                            911.84,
                            635.31
                        ],
                        [
                            911.62,
                            632.46
                        ],
                        [
                            911.34,
                            629.7
                        ],
                        [
                            911.0,
                            627.0
                        ],
                        [
                            910.59,
                            624.33
                        ],
                        [
                            910.12,
                            621.73
                        ],
                        [
                            909.59,
                            619.24
                        ],
                        [
                            909.0,
                            616.88
                        ],
                        [
                            908.34,
                            614.65
                        ],
                        [
                            907.62,
                            612.59
                        ],
                        [
                            906.84,
                            610.69
                        ],
                        [
                            906.0,
                            609.0
                        ],
                        [
                            905.09,
                            607.57
                        ],
                        [
                            904.12,
                            606.35
                        ],
                        [
                            903.09,
                            605.33
                        ],
                        [
                            902.0,
                            604.5
                        ],
                        [
                            900.84,
                            603.85
                        ],
                        [
                            899.62,
                            603.38
                        ],
                        [
                            898.34,
                            603.09
                        ],
                        [
                            897.0,
                            603.0
                        ]
                    ],
                    true
                ],
                [
                    37,
                    38,
                    [
                        [
                            912,
                            694
                        ],
                        [
                            912,
                            651
                        ]
                    ],
                    true
                ],
                [
                    38,
                    39,
                    [
                        [
                            923.0,
                            746.0
                        ],
                        [
                            921.91,
                            744.83
                        ],
                        [
                            920.88,
                            743.56
                        ],
                        [
                            919.91,
                            742.2
                        ],
                        [
                            919.0,
                            740.75
                        ],
                        [
                            918.15,
                            739.21
                        ],
                        [
                            917.37,
                            737.57
                        ],
                        [
                            916.65,
                            735.84
                        ],
                        [
                            916.0,
                            734.0
                        ],
                        [
                            915.44,
                            732.05
                        ],
                        [
                            914.95,
                            729.99
                        ],
                        [
                            914.51,
                            727.85
                        ],
                        [
                            914.12,
                            725.62
                        ],
                        [
                            913.79,
                            723.32
                        ],
                        [
                            913.49,
                            720.95
                        ],
                        [
                            913.23,
                            718.5
                        ],
                        [
                            913.0,
                            716.0
                        ],
                        [
                            912.77,
                            713.46
                        ],
                        [
                            912.57,
                            710.87
                        ],
                        [
                            912.4,
                            708.21
                        ],
                        [
                            912.25,
                            705.5
                        ],
                        [
                            912.14,
                            702.72
                        ],
                        [
                            912.06,
                            699.88
                        ],
                        [
                            912.02,
                            696.97
                        ],
                        [
                            912.0,
                            694.0
                        ]
                    ],
                    true
                ],
                [
                    39,
                    40,
                    [
                        [
                            967,
                            790
                        ],
                        [
                            923,
                            746
                        ]
                    ],
                    true
                ]
            ],
            "stations": [
                {
                    "coord": [
                        837,
                        -32
                    ],
                    "is_working": true,
                    "name": "Borderouge",
                    "rect": [
                        852,
                        -32,
                        60,
                        15
                    ],
                    "text_id": 22,
                    "uid": 21
                },
                {
                    "coord": [
                        804,
                        1
                    ],
                    "is_working": true,
                    "name": "Trois Cocus",
                    "rect": [
                        818,
                        1,
                        62,
                        15
                    ],
                    "text_id": 23,
                    "uid": 22
                },
                {
                    "coord": [
                        776,
                        29
                    ],
                    "is_working": true,
                    "name": "La Vache",
                    "rect": [
                        791,
                        27,
                        48,
                        15
                    ],
                    "text_id": 24,
                    "uid": 23
                },
                {
                    "coord": [
                        776,
                        62
                    ],
                    "is_working": true,
                    "name": "Barriиre de Paris",
                    "rect": [
                        791,
                        54,
                        87,
                        15
                    ],
                    "text_id": 25,
                    "uid": 24
                },
                {
                    "coord": [
                        776,
                        87
                    ],
                    "is_working": true,
                    "name": "Minimes-Claude Nougaro",
                    "rect": [
                        790,
                        80,
                        127,
                        15
                    ],
                    "text_id": 26,
                    "uid": 25
                },
                {
                    "coord": [
                        776,
                        108
                    ],
                    "is_working": true,
                    "name": "Canal du Midi",
                    "rect": [
                        787,
                        121,
                        70,
                        15
                    ],
                    "text_id": 27,
                    "uid": 26
                },
                {
                    "coord": [
                        802,
                        182
                    ],
                    "is_working": true,
                    "name": "Compans Caffarelli",
                    "rect": [
                        795,
                        151,
                        97,
                        15
                    ],
                    "text_id": 28,
                    "uid": 27
                },
                {
                    "coord": [
                        843,
                        186
                    ],
                    "is_working": true,
                    "name": "Jeanne d'Arc",
                    "rect": [
                        841,
                        164,
                        67,
                        15
                    ],
                    "text_id": 29,
                    "uid": 28
                },
                {
                    "coord": [
                        872,
                        215
                    ],
                    "is_working": true,
                    "name": "Jean Jaurиs",
                    "rect": [
                        891,
                        208,
                        63,
                        15
                    ],
                    "text_id": 12,
                    "uid": 29
                },
                {
                    "coord": [
                        900,
                        260
                    ],
                    "is_working": true,
                    "name": "Francois Verdier",
                    "rect": [
                        915,
                        252,
                        84,
                        15
                    ],
                    "text_id": 30,
                    "uid": 30
                },
                {
                    "coord": [
                        842,
                        334
                    ],
                    "is_working": true,
                    "name": "Carmes",
                    "rect": [
                        852,
                        338,
                        41,
                        15
                    ],
                    "text_id": 31,
                    "uid": 31
                },
                {
                    "coord": [
                        818,
                        424
                    ],
                    "is_working": true,
                    "name": "Palais de Justice",
                    "rect": [
                        830,
                        409,
                        87,
                        15
                    ],
                    "text_id": 32,
                    "uid": 32
                },
                {
                    "coord": [
                        856,
                        485
                    ],
                    "is_working": true,
                    "name": "Saint-Michel-Marcel Langer",
                    "rect": [
                        798,
                        499,
                        137,
                        15
                    ],
                    "text_id": 33,
                    "uid": 33
                },
                {
                    "coord": [
                        774,
                        591
                    ],
                    "is_working": true,
                    "name": "Empalot",
                    "rect": [
                        730,
                        603,
                        42,
                        15
                    ],
                    "text_id": 34,
                    "uid": 34
                },
                {
                    "coord": [
                        842,
                        603
                    ],
                    "is_working": true,
                    "name": "Sain-Agne-SNCF",
                    "rect": [
                        814,
                        574,
                        85,
                        15
                    ],
                    "text_id": 35,
                    "uid": 35
                },
                {
                    "coord": [
                        897,
                        603
                    ],
                    "is_working": true,
                    "name": "Saouzelong",
                    "rect": [
                        911,
                        599,
                        59,
                        15
                    ],
                    "text_id": 36,
                    "uid": 36
                },
                {
                    "coord": [
                        912,
                        651
                    ],
                    "is_working": true,
                    "name": "Rangueil",
                    "rect": [
                        925,
                        643,
                        46,
                        15
                    ],
                    "text_id": 37,
                    "uid": 37
                },
                {
                    "coord": [
                        912,
                        694
                    ],
                    "is_working": true,
                    "name": "Facultи de Pharmacie",
                    "rect": [
                        924,
                        686,
                        109,
                        15
                    ],
                    "text_id": 38,
                    "uid": 38
                },
                {
                    "coord": [
                        923,
                        746
                    ],
                    "is_working": true,
                    "name": "Universitи-Paul-Sabatier",
                    "rect": [
                        937,
                        734,
                        122,
                        15
                    ],
                    "text_id": 39,
                    "uid": 39
                },
                {
                    "coord": [
                        967,
                        790
                    ],
                    "is_working": true,
                    "name": "Ramonville",
                    "rect": [
                        980,
                        780,
                        58,
                        15
                    ],
                    "text_id": 40,
                    "uid": 40
                }
            ],
            "text_id": 41
        }
    ],
    "lines_width": 9,
    "name": "metro",
    "name_text_id": 42,
    "stations_diameter": 19.0,
    "transfers": [
        [
            12,
            29,
            [
                851,
                215
            ],
            [
                872,
                215
            ]
        ],
        [
            7,
            18,
            [
                531,
                419
            ],
            [
                510,
                415
            ]
        ]
    ],
    "transports": [
        "metro"
    ],
    "type_name": "ROOT",
    "type_text_id": 43,
    "upper_case": false,
    "width": 1345,
    "word_wrap": false
}