{
    "0": "Prospekt Kosmonavtov",
    "1": "Uralmash",
    "2": "Mashinostroitelej",
    "3": "Ural'skaja",
    "4": "Dinamo",
    "5": "Ploschad' 1905 goda",
    "6": "Geologicheskaja",
    "7": "Bazhovskaja",
    "8": "Chkalovskaja",
    "9": "Botanicheskaja",
    "10": "Sever-Jug",
    "11": "Metallurgicheskaja",
    "12": "Tatischevskaja",
    "13": "Ural'skih kommunarov",
    "14": "Zapad-Vostok",
    "15": "Severka",
    "16": "Palkino",
    "17": "Kungurskij",
    "18": "Ekaterinburg-Sortirovochnyj",
    "19": "Elektrodepo",
    "20": "VIZ",
    "21": "Ekaterinburg-Passazhirskij",
    "22": "Pervomajskaja",
    "23": "Shartash",
    "24": "Lesotehnicheskaja",
    "25": "Uktus",
    "26": "Vtorchermet",
    "27": "Keramik",
    "28": "O.p.21 km",
    "29": "Sysert'",
    "30": "Gorodskaja elektrichka",
    "31": "Metro",
    "32": "ROOT",
    "33": "Metro",
    "34": "Shema ot 06.11.2020g.\nInformatsija o vremeni proezda na metro i o glubine stantsij:\n- s sajta http://ekbmetro.narod.ru/\nInformatsija o gorodskoj elektrichke\n- s sajtov http://www.tr.ru/news/2888 i http://www.ekburg.ru\n\nKartu modernizirovali Fedor Nikulin i Oleg Mohov",
    "35": "Imported from http://pmetro.su"
}