{
    "0": "Akademgorodok",
    "1": "Zhitomirskaja",
    "2": "Svjatoshin",
    "3": "Nivki",
    "4": "Berestejskaja",
    "5": "Shuljavskaja",
    "6": "Politehnicheskij institut",
    "7": "Vokzal'naja",
    "8": "Universitet",
    "9": "Teatral'naja",
    "10": "Kreschatik",
    "11": "Arsenal'naja",
    "12": "Dnepr",
    "13": "Gidropark",
    "14": "Levoberezhnaja",
    "15": "Darnitsa",
    "16": "Chernigovskaja",
    "17": "Lesnaja",
    "18": "Svjatoshinsko-Brovarskaja",
    "19": "Geroev Dnepra",
    "20": "Minskaja",
    "21": "Obolon'",
    "22": "Petrovka",
    "23": "Tarasa Shevchenko",
    "24": "Kontraktovaja ploschad'",
    "25": "Pochtovaja ploschad'",
    "26": "Ploschad' Nezavisimosti",
    "27": "Ploschad' L'va Tolstogo",
    "28": "Olimpijskaja",
    "29": "Dvorets \"Ukraina\"",
    "30": "Lybedskaja",
    "31": "Demievskaja",
    "32": "Goloseevskaja",
    "33": "Vasil'kovskaja",
    "34": "Vystavochnyj tsentr",
    "35": "Ippodrom",
    "36": "Teremki",
    "37": "Odesskaja",
    "38": "Avtovokzal \"Teremki\"",
    "39": "Krejsera Avrory",
    "40": "Kurenevsko-Krasnoarmejskaja",
    "41": "Sineozernaja",
    "42": "Vinogradar'",
    "43": "Mostitskaja",
    "44": "Syrets",
    "45": "Dorogozhichi",
    "46": "Luk'janovskaja",
    "47": "Zolotye vorota",
    "48": "Dvorets sporta",
    "49": "Klovskaja",
    "50": "Pecherskaja",
    "51": "Druzhby narodov",
    "52": "Vydubichi",
    "53": "Slavutich",
    "54": "Osokorki",
    "55": "Poznjaki",
    "56": "Har'kovskaja",
    "57": "Vyrlitsa",
    "58": "Borispol'skaja",
    "59": "Krasnyj hutor",
    "60": "Promyshlennaja",
    "61": "Ulitsa Gorbunova",
    "62": "Darnitskij vokzal",
    "63": "Prazhskaja",
    "64": "Leningradskaja ploschad'",
    "65": "Brovarskoj prospekt",
    "66": "Syretsko-Pecherskaja",
    "67": "Kol'tsvaja doroga",
    "68": "Aeroport",
    "69": "Sevastopol'skaja ploschad'",
    "70": "Vozduhoflotskaja",
    "71": "Vokzal'naja-2",
    "72": "pl.Pobedy",
    "73": "Glubochitskaja",
    "74": "Tatarka",
    "75": "Podol'skaja",
    "76": "Korablestroitel'naja",
    "77": "Truhanov ostrov",
    "78": "Zatoka Desenka",
    "79": "Raduzhnaja",
    "80": "Bul'var Perova",
    "81": "Bratislavskaja",
    "82": "Podol'sko-Voskresenskaja",
    "83": "ul. Miloslavskaja",
    "84": "ul. Tsvetaevoj",
    "85": "ul. Saburova",
    "86": "ul. Drajzera",
    "87": "ul. Kashtanovaja",
    "88": "Prospekt Vatutina",
    "89": "Ogorodnaja",
    "90": "Dneprovskaja",
    "91": "Brovarskoj prospekt-2",
    "92": "Rusanovka",
    "93": "ul. Zdolbunovskaja",
    "94": "ul. Ahmetovoj",
    "95": "Poznjaki-2",
    "96": "Metro",
    "97": "ROOT",
    "98": "Train",
    "99": "vektornaja\nInformatsija o vremeni proezda:\n- Programma MMetro Konstantina Shtennikova,\na takzhe (po informatsii s sajta http://mmetro.al.ru):\n- Vadim Dzygun, Kostya Kostyuchenko, Tropin Kirill.\n\nKartu prislal Vladislav Savitskij.\nInformatsija po ctantsijam - s sajtov http://metropoliten.kiev.ua, http://www.metro.kiev.ua i ot Vladislava Savitskogo.\nInformatsija o nazemnom transporte:\n- Vadim Dzygun,\n- Savitskij Vladislav.\nInformatsija o pokrytii operatorami mobil'noj svjazi:\n- Aleksej Shepetovich, Vladislav Savitskij.",
    "100": "Imported from http://pmetro.su"
}