{
    "0": "Академгородок",
    "1": "Житомирская",
    "2": "Святошин",
    "3": "Нивки",
    "4": "Берестейская",
    "5": "Шулявская",
    "6": "Политехнический институт",
    "7": "Вокзальная",
    "8": "Университет",
    "9": "Театральная",
    "10": "Крещатик",
    "11": "Арсенальная",
    "12": "Днепр",
    "13": "Гидропарк",
    "14": "Левобережная",
    "15": "Дарница",
    "16": "Черниговская",
    "17": "Лесная",
    "18": "Святошинско-Броварская",
    "19": "Героев Днепра",
    "20": "Минская",
    "21": "Оболонь",
    "22": "Петровка",
    "23": "Тараса Шевченко",
    "24": "Контрактовая площадь",
    "25": "Почтовая площадь",
    "26": "Площадь Независимости",
    "27": "Площадь Льва Толстого",
    "28": "Олимпийская",
    "29": "Дворец \"Украина\"",
    "30": "Лыбедская",
    "31": "Демиевская",
    "32": "Голосеевская",
    "33": "Васильковская",
    "34": "Выставочный центр",
    "35": "Ипподром",
    "36": "Теремки",
    "37": "Одесская",
    "38": "Автовокзал \"Теремки\"",
    "39": "Крейсера Авроры",
    "40": "Куреневско-Красноармейская",
    "41": "Синеозёрная",
    "42": "Виноградарь",
    "43": "Мостицкая",
    "44": "Сырец",
    "45": "Дорогожичи",
    "46": "Лукьяновская",
    "47": "Золотые ворота",
    "48": "Дворец спорта",
    "49": "Кловская",
    "50": "Печерская",
    "51": "Дружбы народов",
    "52": "Выдубичи",
    "53": "Славутич",
    "54": "Осокорки",
    "55": "Позняки",
    "56": "Харьковская",
    "57": "Вырлица",
    "58": "Бориспольская",
    "59": "Красный хутор",
    "60": "Промышленная",
    "61": "Улица Горбунова",
    "62": "Дарницкий вокзал",
    "63": "Пражская",
    "64": "Ленинградская площадь",
    "65": "Броварской проспект",
    "66": "Сырецко-Печерская",
    "67": "Кольцвая дорога",
    "68": "Аэропорт",
    "69": "Севастопольская площадь",
    "70": "Воздухофлотская",
    "71": "Вокзальная-2",
    "72": "пл.Победы",
    "73": "Глубочицкая",
    "74": "Татарка",
    "75": "Подольская",
    "76": "Кораблестроительная",
    "77": "Труханов остров",
    "78": "Затока Десенка",
    "79": "Радужная",
    "80": "Бульвар Перова",
    "81": "Братиславская",
    "82": "Подольско-Воскресенская",
    "83": "ул. Милославская",
    "84": "ул. Цветаевой",
    "85": "ул. Сабурова",
    "86": "ул. Драйзера",
    "87": "ул. Каштановая",
    "88": "Проспект Ватутина",
    "89": "Огородная",
    "90": "Днепровская",
    "91": "Броварской проспект-2",
    "92": "Русановка",
    "93": "ул. Здолбуновская",
    "94": "ул. Ахметовой",
    "95": "Позняки-2",
    "96": "Метро",
    "97": "ROOT",
    "98": "Электричка",
    "99": "векторная\nИнформация о времени проезда:\n- Программа MMetro Константина Штенникова,\nа также (по информации с сайта http://mmetro.al.ru):\n- Вадим Дзыгун, Kostya Kostyuchenko, Тропин Кирилл.\n\nКарту прислал Владислав Савицкий.\nИнформация по cтанциям - с сайтов http://metropoliten.kiev.ua, http://www.metro.kiev.ua и от Владислава Савицкого.\nИнформация о наземном транспорте:\n- Вадим Дзыгун,\n- Савицкий Владислав.\nИнформация о покрытии операторами мобильной связи:\n- Алексей Шепетович, Владислав Савицкий.",
    "100": "Imported from http://pmetro.su"
}