{
    "default_transports": [
        "metro"
    ],
    "height": 1072,
    "images": [
        "res/schemes/porto-alegre.svg"
    ],
    "is_vector": true,
    "lines": [
        {
            "labels_bg_color": "-1",
            "labels_color": "000000",
            "line_color": "FF0000",
            "line_width": 7,
            "name": "1",
            "segments": [
                [
                    0,
                    1,
                    [
                        [
                            107,
                            906
                        ],
                        [
                            91,
                            922
                        ]
                    ],
                    true
                ],
                [
                    1,
                    2,
                    [
                        [
                            139,
                            874
                        ],
                        [
                            107,
                            906
                        ]
                    ],
                    true
                ],
                [
                    2,
                    3,
                    [
                        [
                            154,
                            836
                        ],
                        [
                            139.0,
                            851.0
                        ],
                        [
                            139,
                            874
                        ]
                    ],
                    true
                ],
                [
                    3,
                    4,
                    [
                        [
                            200,
                            809
                        ],
                        [
                            173.0,
                            836.0
                        ],
                        [
                            154,
                            836
                        ]
                    ],
                    true
                ],
                [
                    4,
                    5,
                    [
                        [
                            209,
                            772
                        ],
                        [
                            209.0,
                            798.0
                        ],
                        [
                            200,
                            809
                        ]
                    ],
                    true
                ],
                [
                    5,
                    6,
                    [
                        [
                            209,
                            720
                        ],
                        [
                            209,
                            772
                        ]
                    ],
                    true
                ],
                [
                    6,
                    7,
                    [
                        [
                            209,
                            694
                        ],
                        [
                            209,
                            720
                        ]
                    ],
                    true
                ],
                [
                    7,
                    8,
                    [
                        [
                            209,
                            662
                        ],
                        [
                            209,
                            694
                        ]
                    ],
                    true
                ],
                [
                    8,
                    9,
                    [
                        [
                            209,
                            631
                        ],
                        [
                            209,
                            662
                        ]
                    ],
                    true
                ],
                [
                    9,
                    10,
                    [
                        [
                            209,
                            595
                        ],
                        [
                            209,
                            631
                        ]
                    ],
                    true
                ],
                [
                    10,
                    11,
                    [
                        [
                            209,
                            556
                        ],
                        [
                            209,
                            595
                        ]
                    ],
                    true
                ],
                [
                    11,
                    12,
                    [
                        [
                            209,
                            510
                        ],
                        [
                            209,
                            556
                        ]
                    ],
                    true
                ],
                [
                    12,
                    13,
                    [
                        [
                            209,
                            467
                        ],
                        [
                            209,
                            510
                        ]
                    ],
                    true
                ],
                [
                    13,
                    14,
                    [
                        [
                            232,
                            428
                        ],
                        [
                            209.0,
                            451.0
                        ],
                        [
                            209,
                            467
                        ]
                    ],
                    true
                ],
                [
                    14,
                    15,
                    [
                        [
                            249,
                            321
                        ],
                        [
                            273.0,
                            345.0
                        ],
                        [
                            273.0,
                            387.0
                        ],
                        [
                            232,
                            428
                        ]
                    ],
                    true
                ],
                [
                    15,
                    16,
                    [
                        [
                            274,
                            272
                        ],
                        [
                            249.0,
                            297.0
                        ],
                        [
                            249,
                            321
                        ]
                    ],
                    true
                ],
                [
                    16,
                    17,
                    [
                        [
                            289,
                            210
                        ],
                        [
                            289.0,
                            257.0
                        ],
                        [
                            274,
                            272
                        ]
                    ],
                    true
                ],
                [
                    17,
                    18,
                    [
                        [
                            300,
                            149
                        ],
                        [
                            289.0,
                            160.0
                        ],
                        [
                            289,
                            210
                        ]
                    ],
                    true
                ],
                [
                    18,
                    19,
                    [
                        [
                            331,
                            118
                        ],
                        [
                            300,
                            149
                        ]
                    ],
                    true
                ],
                [
                    19,
                    20,
                    [
                        [
                            343,
                            65
                        ],
                        [
                            343.0,
                            106.0
                        ],
                        [
                            331,
                            118
                        ]
                    ],
                    true
                ],
                [
                    20,
                    21,
                    [
                        [
                            343,
                            18
                        ],
                        [
                            343,
                            65
                        ]
                    ],
                    true
                ]
            ],
            "stations": [
                {
                    "coord": [
                        91,
                        922
                    ],
                    "is_working": true,
                    "name": "Mercado",
                    "rect": [
                        109,
                        914,
                        45,
                        15
                    ],
                    "text_id": 0,
                    "uid": 0
                },
                {
                    "coord": [
                        107,
                        906
                    ],
                    "is_working": true,
                    "name": "Rodoviaria",
                    "rect": [
                        125,
                        897,
                        56,
                        15
                    ],
                    "text_id": 1,
                    "uid": 1
                },
                {
                    "coord": [
                        139,
                        874
                    ],
                    "is_working": true,
                    "name": "Sao Pedro",
                    "rect": [
                        150,
                        866,
                        53,
                        15
                    ],
                    "text_id": 2,
                    "uid": 2
                },
                {
                    "coord": [
                        154,
                        836
                    ],
                    "is_working": true,
                    "name": "Farrapos",
                    "rect": [
                        188,
                        830,
                        46,
                        15
                    ],
                    "text_id": 3,
                    "uid": 3
                },
                {
                    "coord": [
                        200,
                        809
                    ],
                    "is_working": true,
                    "name": "Aeroporto",
                    "rect": [
                        219,
                        802,
                        51,
                        15
                    ],
                    "text_id": 4,
                    "uid": 4
                },
                {
                    "coord": [
                        209,
                        772
                    ],
                    "is_working": true,
                    "name": "Anchieta",
                    "rect": [
                        220,
                        764,
                        46,
                        15
                    ],
                    "text_id": 5,
                    "uid": 5
                },
                {
                    "coord": [
                        209,
                        720
                    ],
                    "is_working": true,
                    "name": "Niteroi",
                    "rect": [
                        221,
                        714,
                        35,
                        15
                    ],
                    "text_id": 6,
                    "uid": 6
                },
                {
                    "coord": [
                        209,
                        694
                    ],
                    "is_working": true,
                    "name": "Fatima",
                    "rect": [
                        221,
                        687,
                        35,
                        15
                    ],
                    "text_id": 7,
                    "uid": 7
                },
                {
                    "coord": [
                        209,
                        662
                    ],
                    "is_working": true,
                    "name": "Canoas",
                    "rect": [
                        220,
                        655,
                        40,
                        15
                    ],
                    "text_id": 8,
                    "uid": 8
                },
                {
                    "coord": [
                        209,
                        631
                    ],
                    "is_working": true,
                    "name": "Mathias Velho",
                    "rect": [
                        221,
                        624,
                        72,
                        15
                    ],
                    "text_id": 9,
                    "uid": 9
                },
                {
                    "coord": [
                        209,
                        595
                    ],
                    "is_working": true,
                    "name": "Sao Luis",
                    "rect": [
                        220,
                        588,
                        45,
                        15
                    ],
                    "text_id": 10,
                    "uid": 10
                },
                {
                    "coord": [
                        209,
                        556
                    ],
                    "is_working": true,
                    "name": "Petrobras",
                    "rect": [
                        220,
                        550,
                        50,
                        15
                    ],
                    "text_id": 11,
                    "uid": 11
                },
                {
                    "coord": [
                        209,
                        510
                    ],
                    "is_working": true,
                    "name": "Esteio",
                    "rect": [
                        221,
                        503,
                        33,
                        15
                    ],
                    "text_id": 12,
                    "uid": 12
                },
                {
                    "coord": [
                        209,
                        467
                    ],
                    "is_working": true,
                    "name": "Luiz Pasteur",
                    "rect": [
                        220,
                        460,
                        64,
                        15
                    ],
                    "text_id": 13,
                    "uid": 13
                },
                {
                    "coord": [
                        232,
                        428
                    ],
                    "is_working": true,
                    "name": "Sapucaia",
                    "rect": [
                        248,
                        423,
                        48,
                        15
                    ],
                    "text_id": 14,
                    "uid": 14
                },
                {
                    "coord": [
                        249,
                        321
                    ],
                    "is_working": true,
                    "name": "Unisinos",
                    "rect": [
                        263,
                        311,
                        46,
                        15
                    ],
                    "text_id": 15,
                    "uid": 15
                },
                {
                    "coord": [
                        274,
                        272
                    ],
                    "is_working": true,
                    "name": "Sao Leopoldo",
                    "rect": [
                        293,
                        267,
                        69,
                        15
                    ],
                    "text_id": 16,
                    "uid": 16
                },
                {
                    "coord": [
                        289,
                        210
                    ],
                    "is_working": true,
                    "name": "Rio dos Sinos",
                    "rect": [
                        299,
                        204,
                        71,
                        15
                    ],
                    "text_id": 17,
                    "uid": 17
                },
                {
                    "coord": [
                        300,
                        149
                    ],
                    "is_working": true,
                    "name": "Santo Afonso",
                    "rect": [
                        216,
                        138,
                        68,
                        15
                    ],
                    "text_id": 18,
                    "uid": 18
                },
                {
                    "coord": [
                        331,
                        118
                    ],
                    "is_working": true,
                    "name": "Industrial",
                    "rect": [
                        268,
                        106,
                        48,
                        15
                    ],
                    "text_id": 19,
                    "uid": 19
                },
                {
                    "coord": [
                        343,
                        65
                    ],
                    "is_working": true,
                    "name": "Fenac",
                    "rect": [
                        300,
                        57,
                        32,
                        15
                    ],
                    "text_id": 20,
                    "uid": 20
                },
                {
                    "coord": [
                        343,
                        18
                    ],
                    "is_working": true,
                    "name": "Novo Hamburgo",
                    "rect": [
                        250,
                        11,
                        82,
                        15
                    ],
                    "text_id": 21,
                    "uid": 21
                }
            ],
            "text_id": 22
        }
    ],
    "lines_width": 7,
    "name": "metro",
    "name_text_id": 23,
    "stations_diameter": 13.0,
    "transfers": [],
    "transports": [
        "metro"
    ],
    "type_name": "ROOT",
    "type_text_id": 24,
    "upper_case": false,
    "width": 493,
    "word_wrap": false
}