{
    "default_transports": [
        "metro"
    ],
    "height": 620,
    "images": [
        "res/schemes/saltovskaja.svg"
    ],
    "is_vector": true,
    "lines": [
        {
            "labels_bg_color": "-1",
            "labels_color": "000000",
            "line_color": "E41c0c",
            "line_width": 9,
            "name": "Холодногорско-Заводская",
            "segments": [],
            "stations": [
                {
                    "coord": null,
                    "is_working": false,
                    "name": "Залютино",
                    "rect": null,
                    "text_id": 0,
                    "uid": 0
                },
                {
                    "coord": null,
                    "is_working": true,
                    "name": "Холодная Гора",
                    "rect": null,
                    "text_id": 1,
                    "uid": 1
                },
                {
                    "coord": null,
                    "is_working": true,
                    "name": "Южный Вокзал",
                    "rect": null,
                    "text_id": 2,
                    "uid": 2
                },
                {
                    "coord": null,
                    "is_working": true,
                    "name": "Центральный рынок",
                    "rect": null,
                    "text_id": 3,
                    "uid": 3
                },
                {
                    "coord": [
                        181,
                        150
                    ],
                    "is_working": true,
                    "name": "Площадь Конституции",
                    "rect": [
                        110,
                        150,
                        50,
                        10
                    ],
                    "text_id": 4,
                    "uid": 4
                },
                {
                    "coord": null,
                    "is_working": true,
                    "name": "Проспект Гагарина",
                    "rect": null,
                    "text_id": 5,
                    "uid": 5
                },
                {
                    "coord": null,
                    "is_working": true,
                    "name": "Спортивная",
                    "rect": null,
                    "text_id": 6,
                    "uid": 6
                },
                {
                    "coord": null,
                    "is_working": true,
                    "name": "Завод им. Малышева",
                    "rect": null,
                    "text_id": 7,
                    "uid": 7
                },
                {
                    "coord": null,
                    "is_working": true,
                    "name": "Московский проспект",
                    "rect": null,
                    "text_id": 8,
                    "uid": 8
                },
                {
                    "coord": null,
                    "is_working": true,
                    "name": "Дворец спорта",
                    "rect": null,
                    "text_id": 9,
                    "uid": 9
                },
                {
                    "coord": null,
                    "is_working": true,
                    "name": "Армейская",
                    "rect": null,
                    "text_id": 10,
                    "uid": 10
                },
                {
                    "coord": null,
                    "is_working": true,
                    "name": "Им. А.С.Масельского",
                    "rect": null,
                    "text_id": 11,
                    "uid": 11
                },
                {
                    "coord": null,
                    "is_working": true,
                    "name": "Тракторный Завод",
                    "rect": null,
                    "text_id": 12,
                    "uid": 12
                },
                {
                    "coord": null,
                    "is_working": true,
                    "name": "Индустриальная",
                    "rect": null,
                    "text_id": 13,
                    "uid": 13
                },
                {
                    "coord": null,
                    "is_working": false,
                    "name": "Восточная",
                    "rect": null,
                    "text_id": 14,
                    "uid": 14
                },
                {
                    "coord": null,
                    "is_working": false,
                    "name": "Роганская",
                    "rect": null,
                    "text_id": 15,
                    "uid": 15
                },
                {
                    "coord": null,
                    "is_working": false,
                    "name": "Южная",
                    "rect": null,
                    "text_id": 16,
                    "uid": 16
                }
            ],
            "text_id": 17
        },
        {
            "labels_bg_color": "-1",
            "labels_color": "000000",
            "line_color": "34349C",
            "line_width": 9,
            "name": "Салтовская",
            "segments": [
                [
                    17,
                    18,
                    [
                        [
                            200,
                            110
                        ],
                        [
                            200,
                            70
                        ]
                    ],
                    false
                ],
                [
                    18,
                    19,
                    [
                        [
                            200,
                            150
                        ],
                        [
                            200,
                            110
                        ]
                    ],
                    false
                ],
                [
                    19,
                    20,
                    [
                        [
                            200,
                            190
                        ],
                        [
                            200,
                            150
                        ]
                    ],
                    true
                ],
                [
                    20,
                    21,
                    [
                        [
                            200,
                            230
                        ],
                        [
                            200,
                            190
                        ]
                    ],
                    true
                ],
                [
                    21,
                    22,
                    [
                        [
                            200,
                            270
                        ],
                        [
                            200,
                            230
                        ]
                    ],
                    true
                ],
                [
                    22,
                    23,
                    [
                        [
                            200,
                            310
                        ],
                        [
                            200,
                            270
                        ]
                    ],
                    true
                ],
                [
                    23,
                    24,
                    [
                        [
                            200,
                            350
                        ],
                        [
                            200,
                            310
                        ]
                    ],
                    true
                ],
                [
                    24,
                    25,
                    [
                        [
                            200,
                            390
                        ],
                        [
                            200,
                            350
                        ]
                    ],
                    true
                ],
                [
                    25,
                    26,
                    [
                        [
                            200,
                            430
                        ],
                        [
                            200,
                            390
                        ]
                    ],
                    true
                ],
                [
                    26,
                    27,
                    [
                        [
                            200,
                            470
                        ],
                        [
                            200,
                            430
                        ]
                    ],
                    false
                ]
            ],
            "stations": [
                {
                    "coord": [
                        200,
                        70
                    ],
                    "is_working": false,
                    "name": "Октябрьская",
                    "rect": [
                        215,
                        60,
                        100,
                        20
                    ],
                    "text_id": 18,
                    "uid": 17
                },
                {
                    "coord": [
                        200,
                        110
                    ],
                    "is_working": false,
                    "name": "Пл. Урицкого",
                    "rect": [
                        215,
                        100,
                        100,
                        20
                    ],
                    "text_id": 19,
                    "uid": 18
                },
                {
                    "coord": [
                        200,
                        150
                    ],
                    "is_working": true,
                    "name": "Исторический музей",
                    "rect": [
                        215,
                        140,
                        100,
                        20
                    ],
                    "text_id": 20,
                    "uid": 19
                },
                {
                    "coord": [
                        200,
                        190
                    ],
                    "is_working": true,
                    "name": "Университет",
                    "rect": [
                        215,
                        180,
                        100,
                        20
                    ],
                    "text_id": 21,
                    "uid": 20
                },
                {
                    "coord": [
                        200,
                        230
                    ],
                    "is_working": true,
                    "name": "Пушкинская",
                    "rect": [
                        215,
                        220,
                        100,
                        20
                    ],
                    "text_id": 22,
                    "uid": 21
                },
                {
                    "coord": [
                        200,
                        270
                    ],
                    "is_working": true,
                    "name": "Киевская",
                    "rect": [
                        215,
                        260,
                        100,
                        20
                    ],
                    "text_id": 23,
                    "uid": 22
                },
                {
                    "coord": [
                        200,
                        310
                    ],
                    "is_working": true,
                    "name": "Академика Барабашова",
                    "rect": [
                        215,
                        300,
                        100,
                        20
                    ],
                    "text_id": 24,
                    "uid": 23
                },
                {
                    "coord": [
                        200,
                        350
                    ],
                    "is_working": true,
                    "name": "Академика Павлова",
                    "rect": [
                        215,
                        340,
                        100,
                        20
                    ],
                    "text_id": 25,
                    "uid": 24
                },
                {
                    "coord": [
                        200,
                        390
                    ],
                    "is_working": true,
                    "name": "Студенческая",
                    "rect": [
                        215,
                        380,
                        100,
                        20
                    ],
                    "text_id": 26,
                    "uid": 25
                },
                {
                    "coord": [
                        200,
                        430
                    ],
                    "is_working": true,
                    "name": "Героев Труда",
                    "rect": [
                        215,
                        420,
                        100,
                        20
                    ],
                    "text_id": 27,
                    "uid": 26
                },
                {
                    "coord": [
                        200,
                        470
                    ],
                    "is_working": false,
                    "name": "Дружбы Народов",
                    "rect": [
                        215,
                        460,
                        100,
                        20
                    ],
                    "text_id": 28,
                    "uid": 27
                }
            ],
            "text_id": 29
        },
        {
            "labels_bg_color": "-1",
            "labels_color": "000000",
            "line_color": "046434",
            "line_width": 9,
            "name": "Алексеевская",
            "segments": [],
            "stations": [
                {
                    "coord": null,
                    "is_working": false,
                    "name": "Аэропорт",
                    "rect": null,
                    "text_id": 30,
                    "uid": 28
                },
                {
                    "coord": null,
                    "is_working": false,
                    "name": "Мотель \"Дружба\"",
                    "rect": null,
                    "text_id": 31,
                    "uid": 29
                },
                {
                    "coord": null,
                    "is_working": false,
                    "name": "Одесская",
                    "rect": null,
                    "text_id": 32,
                    "uid": 30
                },
                {
                    "coord": null,
                    "is_working": false,
                    "name": "Державинская",
                    "rect": null,
                    "text_id": 33,
                    "uid": 31
                },
                {
                    "coord": null,
                    "is_working": true,
                    "name": "Метростроителей",
                    "rect": null,
                    "text_id": 34,
                    "uid": 32
                },
                {
                    "coord": null,
                    "is_working": true,
                    "name": "Защитников Украины",
                    "rect": null,
                    "text_id": 35,
                    "uid": 33
                },
                {
                    "coord": null,
                    "is_working": true,
                    "name": "Архитектора Бекетова",
                    "rect": null,
                    "text_id": 36,
                    "uid": 34
                },
                {
                    "coord": [
                        181,
                        190
                    ],
                    "is_working": true,
                    "name": "Госпром",
                    "rect": [
                        115,
                        190,
                        50,
                        10
                    ],
                    "text_id": 37,
                    "uid": 35
                },
                {
                    "coord": null,
                    "is_working": true,
                    "name": "Научная",
                    "rect": null,
                    "text_id": 38,
                    "uid": 36
                },
                {
                    "coord": null,
                    "is_working": true,
                    "name": "Ботанический Сад",
                    "rect": null,
                    "text_id": 39,
                    "uid": 37
                },
                {
                    "coord": null,
                    "is_working": true,
                    "name": "23-го Августа",
                    "rect": null,
                    "text_id": 40,
                    "uid": 38
                },
                {
                    "coord": null,
                    "is_working": true,
                    "name": "Алексеевская",
                    "rect": null,
                    "text_id": 41,
                    "uid": 39
                },
                {
                    "coord": null,
                    "is_working": false,
                    "name": "Проспект Победы",
                    "rect": null,
                    "text_id": 42,
                    "uid": 40
                }
            ],
            "text_id": 41
        },
        {
            "labels_bg_color": "-1",
            "labels_color": "000000",
            "line_color": "543C04",
            "line_width": 9,
            "name": "Салтовское ответление",
            "segments": [],
            "stations": [
                {
                    "coord": [
                        181,
                        310
                    ],
                    "is_working": false,
                    "name": "Академика Барабашова",
                    "rect": [
                        115,
                        310,
                        50,
                        10
                    ],
                    "text_id": 24,
                    "uid": 41
                },
                {
                    "coord": null,
                    "is_working": false,
                    "name": "Гвардейцев Широненцев",
                    "rect": null,
                    "text_id": 43,
                    "uid": 42
                },
                {
                    "coord": null,
                    "is_working": false,
                    "name": "Тракторостроителей",
                    "rect": null,
                    "text_id": 44,
                    "uid": 43
                },
                {
                    "coord": null,
                    "is_working": false,
                    "name": "Восточная Салтовка",
                    "rect": null,
                    "text_id": 45,
                    "uid": 44
                }
            ],
            "text_id": 46
        }
    ],
    "lines_width": 9,
    "name": "saltovskaja",
    "name_text_id": 29,
    "stations_diameter": 16.0,
    "transfers": [
        [
            4,
            19,
            [
                181,
                150
            ],
            [
                200,
                150
            ]
        ],
        [
            20,
            35,
            [
                200,
                190
            ],
            [
                181,
                190
            ]
        ],
        [
            32,
            6,
            null,
            null
        ],
        [
            23,
            41,
            [
                200,
                310
            ],
            [
                181,
                310
            ]
        ]
    ],
    "transports": [
        "metro"
    ],
    "type_name": "Метро",
    "type_text_id": 49,
    "upper_case": true,
    "width": 350,
    "word_wrap": true
}