{
    "0": "Xianghu",
    "1": "Binkang Road",
    "2": "Xixing",
    "3": "Binhe Road",
    "4": "Jiangling Road",
    "5": "Jinjiang",
    "6": "Wujiang Road",
    "7": "Chengzhan",
    "8": "Ding'an Road",
    "9": "Longxiangqiao",
    "10": "Fengqi Road",
    "11": "Wulin Square",
    "12": "Xihuwenhua Square",
    "13": "Datieguan",
    "14": "Zhalongkou",
    "15": "East Railway Station",
    "16": "Pengbu",
    "17": "Qibao",
    "18": "Jiuhe Road",
    "19": "Jiubao",
    "20": "Coach Center",
    "21": "West Xiasha",
    "22": "Jinshahu",
    "23": "Gaosha Road",
    "24": "Wenze Road",
    "25": "South Wenhai Road",
    "26": "Yunshui",
    "27": "Xiashajiangbin",
    "28": "South Qiaosi",
    "29": "Qiaosi",
    "30": "Wengmei",
    "31": "Yuhang Railway Station",
    "32": "Nanyuan",
    "33": "Linping",
    "34": "1",
    "35": "Qianjiang Road",
    "36": "Qianjiang Century City",
    "37": "Yingfeng Road",
    "38": "Feihong Road",
    "39": "Zhenning Road",
    "40": "Jianshe Third Road",
    "41": "Jianshe First Road",
    "42": "Peoples' Square",
    "43": "Hangzhou Power Plant",
    "44": "Remin Road",
    "45": "Panshui",
    "46": "Caojiaqiao",
    "47": "Chaoyang",
    "48": "2",
    "49": "Xinfeng",
    "50": "Xintang",
    "51": "Jingfang",
    "52": "Jiangjinlu",
    "53": "Citizen Center",
    "54": "Chengxinglu",
    "55": "4",
    "56": "Метро",
    "57": "ROOT",
    "58": "Схема от 03.12.2015г.",
    "59": "Imported from http://pmetro.su"
}