{
    "default_transports": [
        "metro"
    ],
    "height": 835,
    "images": [
        "res/schemes/wuhan.svg"
    ],
    "is_vector": true,
    "lines": [
        {
            "labels_bg_color": "-1",
            "labels_color": "0066A1",
            "line_color": "0066A1",
            "line_width": 7,
            "name": "1",
            "segments": [
                [
                    0,
                    1,
                    [
                        [
                            672,
                            78
                        ],
                        [
                            672,
                            42
                        ]
                    ],
                    true
                ],
                [
                    1,
                    2,
                    [
                        [
                            672,
                            110
                        ],
                        [
                            672,
                            78
                        ]
                    ],
                    true
                ],
                [
                    2,
                    3,
                    [
                        [
                            672,
                            143
                        ],
                        [
                            672,
                            110
                        ]
                    ],
                    true
                ],
                [
                    3,
                    4,
                    [
                        [
                            672,
                            187
                        ],
                        [
                            672,
                            143
                        ]
                    ],
                    true
                ],
                [
                    4,
                    5,
                    [
                        [
                            650,
                            209
                        ],
                        [
                            672,
                            187
                        ]
                    ],
                    true
                ],
                [
                    5,
                    6,
                    [
                        [
                            627,
                            232
                        ],
                        [
                            650,
                            209
                        ]
                    ],
                    true
                ],
                [
                    6,
                    7,
                    [
                        [
                            600,
                            259
                        ],
                        [
                            627,
                            232
                        ]
                    ],
                    true
                ],
                [
                    7,
                    8,
                    [
                        [
                            576,
                            283
                        ],
                        [
                            600,
                            259
                        ]
                    ],
                    true
                ],
                [
                    8,
                    9,
                    [
                        [
                            551,
                            308
                        ],
                        [
                            576,
                            283
                        ]
                    ],
                    true
                ],
                [
                    9,
                    10,
                    [
                        [
                            527,
                            332
                        ],
                        [
                            551,
                            308
                        ]
                    ],
                    true
                ],
                [
                    10,
                    11,
                    [
                        [
                            504,
                            355
                        ],
                        [
                            527,
                            332
                        ]
                    ],
                    true
                ],
                [
                    11,
                    12,
                    [
                        [
                            479,
                            380
                        ],
                        [
                            504,
                            355
                        ]
                    ],
                    true
                ],
                [
                    12,
                    13,
                    [
                        [
                            453,
                            406
                        ],
                        [
                            479,
                            380
                        ]
                    ],
                    true
                ],
                [
                    13,
                    14,
                    [
                        [
                            429,
                            430
                        ],
                        [
                            453,
                            406
                        ]
                    ],
                    true
                ],
                [
                    14,
                    15,
                    [
                        [
                            403,
                            456
                        ],
                        [
                            429,
                            430
                        ]
                    ],
                    true
                ],
                [
                    15,
                    16,
                    [
                        [
                            366,
                            456
                        ],
                        [
                            403,
                            456
                        ]
                    ],
                    true
                ],
                [
                    16,
                    17,
                    [
                        [
                            323,
                            456
                        ],
                        [
                            366,
                            456
                        ]
                    ],
                    true
                ],
                [
                    17,
                    18,
                    [
                        [
                            306,
                            439
                        ],
                        [
                            323,
                            456
                        ]
                    ],
                    true
                ],
                [
                    18,
                    19,
                    [
                        [
                            270,
                            403
                        ],
                        [
                            306,
                            439
                        ]
                    ],
                    true
                ],
                [
                    19,
                    20,
                    [
                        [
                            241,
                            374
                        ],
                        [
                            270,
                            403
                        ]
                    ],
                    true
                ],
                [
                    20,
                    21,
                    [
                        [
                            220,
                            353
                        ],
                        [
                            241,
                            374
                        ]
                    ],
                    true
                ],
                [
                    21,
                    22,
                    [
                        [
                            197,
                            330
                        ],
                        [
                            220,
                            353
                        ]
                    ],
                    true
                ],
                [
                    22,
                    23,
                    [
                        [
                            174,
                            307
                        ],
                        [
                            197,
                            330
                        ]
                    ],
                    true
                ],
                [
                    23,
                    24,
                    [
                        [
                            152,
                            285
                        ],
                        [
                            174,
                            307
                        ]
                    ],
                    true
                ],
                [
                    24,
                    25,
                    [
                        [
                            129,
                            262
                        ],
                        [
                            152,
                            285
                        ]
                    ],
                    true
                ],
                [
                    25,
                    26,
                    [
                        [
                            84,
                            262
                        ],
                        [
                            129,
                            262
                        ]
                    ],
                    true
                ],
                [
                    26,
                    27,
                    [
                        [
                            84,
                            216
                        ],
                        [
                            84,
                            262
                        ]
                    ],
                    true
                ],
                [
                    27,
                    28,
                    [
                        [
                            84,
                            169
                        ],
                        [
                            84,
                            216
                        ]
                    ],
                    true
                ],
                [
                    28,
                    29,
                    [
                        [
                            84,
                            124
                        ],
                        [
                            84,
                            169
                        ]
                    ],
                    false
                ]
            ],
            "stations": [
                {
                    "coord": [
                        672,
                        42
                    ],
                    "is_working": true,
                    "name": "Hankou North",
                    "rect": [
                        592,
                        32,
                        70,
                        15
                    ],
                    "text_id": 0,
                    "uid": 0
                },
                {
                    "coord": [
                        672,
                        78
                    ],
                    "is_working": true,
                    "name": "Shekouxincheng",
                    "rect": [
                        579,
                        71,
                        84,
                        15
                    ],
                    "text_id": 1,
                    "uid": 1
                },
                {
                    "coord": [
                        672,
                        110
                    ],
                    "is_working": true,
                    "name": "Tengzigang",
                    "rect": [
                        605,
                        102,
                        58,
                        15
                    ],
                    "text_id": 2,
                    "uid": 2
                },
                {
                    "coord": [
                        672,
                        143
                    ],
                    "is_working": true,
                    "name": "Dijiao",
                    "rect": [
                        632,
                        136,
                        31,
                        15
                    ],
                    "text_id": 3,
                    "uid": 3
                },
                {
                    "coord": [
                        672,
                        187
                    ],
                    "is_working": true,
                    "name": "Xinrong",
                    "rect": [
                        681,
                        181,
                        40,
                        15
                    ],
                    "text_id": 4,
                    "uid": 4
                },
                {
                    "coord": [
                        650,
                        209
                    ],
                    "is_working": true,
                    "name": "Danshuichi",
                    "rect": [
                        659,
                        206,
                        58,
                        15
                    ],
                    "text_id": 5,
                    "uid": 5
                },
                {
                    "coord": [
                        627,
                        232
                    ],
                    "is_working": true,
                    "name": "Xuzhouxincun",
                    "rect": [
                        636,
                        229,
                        71,
                        15
                    ],
                    "text_id": 6,
                    "uid": 6
                },
                {
                    "coord": [
                        600,
                        259
                    ],
                    "is_working": true,
                    "name": "Erqilu",
                    "rect": [
                        609,
                        256,
                        31,
                        15
                    ],
                    "text_id": 7,
                    "uid": 7
                },
                {
                    "coord": [
                        576,
                        283
                    ],
                    "is_working": true,
                    "name": "Toudaojie",
                    "rect": [
                        585,
                        280,
                        50,
                        15
                    ],
                    "text_id": 8,
                    "uid": 8
                },
                {
                    "coord": [
                        551,
                        308
                    ],
                    "is_working": true,
                    "name": "Huangpulu",
                    "rect": [
                        560,
                        305,
                        55,
                        15
                    ],
                    "text_id": 9,
                    "uid": 9
                },
                {
                    "coord": [
                        527,
                        332
                    ],
                    "is_working": true,
                    "name": "Sanyanglu",
                    "rect": [
                        536,
                        329,
                        54,
                        15
                    ],
                    "text_id": 10,
                    "uid": 10
                },
                {
                    "coord": [
                        504,
                        355
                    ],
                    "is_working": true,
                    "name": "Dazhilu",
                    "rect": [
                        513,
                        352,
                        39,
                        15
                    ],
                    "text_id": 11,
                    "uid": 11
                },
                {
                    "coord": [
                        479,
                        380
                    ],
                    "is_working": true,
                    "name": "Xunlimen",
                    "rect": [
                        489,
                        375,
                        48,
                        15
                    ],
                    "text_id": 12,
                    "uid": 12
                },
                {
                    "coord": [
                        453,
                        406
                    ],
                    "is_working": true,
                    "name": "Youyilu",
                    "rect": [
                        454,
                        415,
                        39,
                        15
                    ],
                    "text_id": 13,
                    "uid": 13
                },
                {
                    "coord": [
                        429,
                        430
                    ],
                    "is_working": true,
                    "name": "Lijibeilu",
                    "rect": [
                        438,
                        430,
                        41,
                        15
                    ],
                    "text_id": 14,
                    "uid": 14
                },
                {
                    "coord": [
                        403,
                        456
                    ],
                    "is_working": true,
                    "name": "Chongrenlu",
                    "rect": [
                        412,
                        453,
                        59,
                        15
                    ],
                    "text_id": 15,
                    "uid": 15
                },
                {
                    "coord": [
                        366,
                        456
                    ],
                    "is_working": true,
                    "name": "Qiaokoulu",
                    "rect": [
                        351,
                        464,
                        52,
                        15
                    ],
                    "text_id": 16,
                    "uid": 16
                },
                {
                    "coord": [
                        323,
                        456
                    ],
                    "is_working": true,
                    "name": "Taipingyang",
                    "rect": [
                        277,
                        464,
                        62,
                        15
                    ],
                    "text_id": 17,
                    "uid": 17
                },
                {
                    "coord": [
                        306,
                        439
                    ],
                    "is_working": true,
                    "name": "Zongguan",
                    "rect": [
                        317,
                        429,
                        50,
                        15
                    ],
                    "text_id": 18,
                    "uid": 18
                },
                {
                    "coord": [
                        270,
                        403
                    ],
                    "is_working": true,
                    "name": "Hanxiyilu",
                    "rect": [
                        212,
                        397,
                        49,
                        15
                    ],
                    "text_id": 19,
                    "uid": 19
                },
                {
                    "coord": [
                        241,
                        374
                    ],
                    "is_working": true,
                    "name": "Gutiansilu",
                    "rect": [
                        180,
                        370,
                        52,
                        15
                    ],
                    "text_id": 20,
                    "uid": 20
                },
                {
                    "coord": [
                        220,
                        353
                    ],
                    "is_working": true,
                    "name": "Gutiansanlu",
                    "rect": [
                        151,
                        352,
                        61,
                        15
                    ],
                    "text_id": 21,
                    "uid": 21
                },
                {
                    "coord": [
                        197,
                        330
                    ],
                    "is_working": true,
                    "name": "Gutianerlu",
                    "rect": [
                        136,
                        328,
                        53,
                        15
                    ],
                    "text_id": 22,
                    "uid": 22
                },
                {
                    "coord": [
                        174,
                        307
                    ],
                    "is_working": true,
                    "name": "Gutianyilu",
                    "rect": [
                        114,
                        305,
                        52,
                        15
                    ],
                    "text_id": 23,
                    "uid": 23
                },
                {
                    "coord": [
                        152,
                        285
                    ],
                    "is_working": true,
                    "name": "Duoluokou",
                    "rect": [
                        89,
                        283,
                        55,
                        15
                    ],
                    "text_id": 24,
                    "uid": 24
                },
                {
                    "coord": [
                        129,
                        262
                    ],
                    "is_working": true,
                    "name": "Zhuyehai",
                    "rect": [
                        116,
                        239,
                        47,
                        15
                    ],
                    "text_id": 25,
                    "uid": 25
                },
                {
                    "coord": [
                        84,
                        262
                    ],
                    "is_working": true,
                    "name": "Etouwan",
                    "rect": [
                        63,
                        270,
                        44,
                        15
                    ],
                    "text_id": 26,
                    "uid": 26
                },
                {
                    "coord": [
                        84,
                        216
                    ],
                    "is_working": true,
                    "name": "Wuhuandadao",
                    "rect": [
                        93,
                        209,
                        72,
                        15
                    ],
                    "text_id": 27,
                    "uid": 27
                },
                {
                    "coord": [
                        84,
                        169
                    ],
                    "is_working": true,
                    "name": "Dongwudadao",
                    "rect": [
                        93,
                        163,
                        72,
                        15
                    ],
                    "text_id": 28,
                    "uid": 28
                },
                {
                    "coord": [
                        84,
                        124
                    ],
                    "is_working": false,
                    "name": "Jinshandadao",
                    "rect": [
                        93,
                        117,
                        71,
                        15
                    ],
                    "text_id": 29,
                    "uid": 29
                }
            ],
            "text_id": 30
        },
        {
            "labels_bg_color": "-1",
            "labels_color": "E579AB",
            "line_color": "E579AB",
            "line_width": 7,
            "name": "2",
            "segments": [
                [
                    30,
                    31,
                    [
                        [
                            328,
                            256
                        ],
                        [
                            328,
                            223
                        ]
                    ],
                    true
                ],
                [
                    31,
                    32,
                    [
                        [
                            328,
                            293
                        ],
                        [
                            328,
                            256
                        ]
                    ],
                    true
                ],
                [
                    32,
                    33,
                    [
                        [
                            352,
                            317
                        ],
                        [
                            328,
                            293
                        ]
                    ],
                    true
                ],
                [
                    33,
                    34,
                    [
                        [
                            378,
                            343
                        ],
                        [
                            352,
                            317
                        ]
                    ],
                    true
                ],
                [
                    34,
                    35,
                    [
                        [
                            378,
                            377
                        ],
                        [
                            378,
                            343
                        ]
                    ],
                    true
                ],
                [
                    35,
                    36,
                    [
                        [
                            397,
                            396
                        ],
                        [
                            378,
                            377
                        ]
                    ],
                    true
                ],
                [
                    36,
                    37,
                    [
                        [
                            425,
                            396
                        ],
                        [
                            397,
                            396
                        ]
                    ],
                    true
                ],
                [
                    37,
                    38,
                    [
                        [
                            467,
                            380
                        ],
                        [
                            441.0,
                            380.0
                        ],
                        [
                            425,
                            396
                        ]
                    ],
                    true
                ],
                [
                    38,
                    39,
                    [
                        [
                            489,
                            402
                        ],
                        [
                            467,
                            380
                        ]
                    ],
                    true
                ],
                [
                    39,
                    40,
                    [
                        [
                            533,
                            446
                        ],
                        [
                            489,
                            402
                        ]
                    ],
                    true
                ],
                [
                    40,
                    41,
                    [
                        [
                            565,
                            478
                        ],
                        [
                            533,
                            446
                        ]
                    ],
                    true
                ],
                [
                    41,
                    42,
                    [
                        [
                            597,
                            510
                        ],
                        [
                            565,
                            478
                        ]
                    ],
                    true
                ],
                [
                    42,
                    43,
                    [
                        [
                            597,
                            588
                        ],
                        [
                            597,
                            510
                        ]
                    ],
                    true
                ],
                [
                    43,
                    44,
                    [
                        [
                            550,
                            635
                        ],
                        [
                            597,
                            588
                        ]
                    ],
                    true
                ],
                [
                    44,
                    45,
                    [
                        [
                            577,
                            662
                        ],
                        [
                            550,
                            635
                        ]
                    ],
                    true
                ],
                [
                    45,
                    46,
                    [
                        [
                            600,
                            685
                        ],
                        [
                            577,
                            662
                        ]
                    ],
                    true
                ],
                [
                    46,
                    47,
                    [
                        [
                            642,
                            685
                        ],
                        [
                            600,
                            685
                        ]
                    ],
                    true
                ],
                [
                    47,
                    48,
                    [
                        [
                            702,
                            685
                        ],
                        [
                            642,
                            685
                        ]
                    ],
                    true
                ],
                [
                    48,
                    49,
                    [
                        [
                            753,
                            685
                        ],
                        [
                            702,
                            685
                        ]
                    ],
                    true
                ],
                [
                    49,
                    50,
                    [
                        [
                            801,
                            685
                        ],
                        [
                            753,
                            685
                        ]
                    ],
                    true
                ]
            ],
            "stations": [
                {
                    "coord": [
                        328,
                        223
                    ],
                    "is_working": true,
                    "name": "Jinyintan",
                    "rect": [
                        273,
                        216,
                        47,
                        15
                    ],
                    "text_id": 31,
                    "uid": 30
                },
                {
                    "coord": [
                        328,
                        256
                    ],
                    "is_working": true,
                    "name": "Changqing Huayuan",
                    "rect": [
                        218,
                        249,
                        102,
                        15
                    ],
                    "text_id": 32,
                    "uid": 31
                },
                {
                    "coord": [
                        328,
                        293
                    ],
                    "is_working": true,
                    "name": "Changgang Rd",
                    "rect": [
                        245,
                        286,
                        75,
                        15
                    ],
                    "text_id": 33,
                    "uid": 32
                },
                {
                    "coord": [
                        352,
                        317
                    ],
                    "is_working": true,
                    "name": "Hankou Railway Station",
                    "rect": [
                        224,
                        313,
                        120,
                        15
                    ],
                    "text_id": 34,
                    "uid": 33
                },
                {
                    "coord": [
                        378,
                        343
                    ],
                    "is_working": true,
                    "name": "Fanhu",
                    "rect": [
                        319,
                        336,
                        32,
                        15
                    ],
                    "text_id": 35,
                    "uid": 34
                },
                {
                    "coord": [
                        378,
                        377
                    ],
                    "is_working": true,
                    "name": "Wangjiadun East",
                    "rect": [
                        285,
                        369,
                        85,
                        15
                    ],
                    "text_id": 36,
                    "uid": 35
                },
                {
                    "coord": [
                        397,
                        396
                    ],
                    "is_working": true,
                    "name": "Qingnian Rd",
                    "rect": [
                        326,
                        397,
                        63,
                        15
                    ],
                    "text_id": 37,
                    "uid": 36
                },
                {
                    "coord": [
                        425,
                        396
                    ],
                    "is_working": true,
                    "name": "Zhongshan Park",
                    "rect": [
                        350,
                        409,
                        82,
                        15
                    ],
                    "text_id": 38,
                    "uid": 37
                },
                {
                    "coord": [
                        467,
                        380
                    ],
                    "is_working": true,
                    "name": "Xunlimen",
                    "rect": [
                        489,
                        375,
                        48,
                        15
                    ],
                    "text_id": 12,
                    "uid": 38
                },
                {
                    "coord": [
                        489,
                        402
                    ],
                    "is_working": true,
                    "name": "Jianghan Rd",
                    "rect": [
                        499,
                        393,
                        64,
                        15
                    ],
                    "text_id": 39,
                    "uid": 39
                },
                {
                    "coord": [
                        533,
                        446
                    ],
                    "is_working": true,
                    "name": "Jiyuqiao",
                    "rect": [
                        542,
                        435,
                        44,
                        15
                    ],
                    "text_id": 40,
                    "uid": 40
                },
                {
                    "coord": [
                        565,
                        478
                    ],
                    "is_working": true,
                    "name": "Pangxiejia",
                    "rect": [
                        574,
                        466,
                        54,
                        15
                    ],
                    "text_id": 41,
                    "uid": 41
                },
                {
                    "coord": [
                        597,
                        510
                    ],
                    "is_working": true,
                    "name": "Xiaoguishan",
                    "rect": [
                        605,
                        502,
                        63,
                        15
                    ],
                    "text_id": 42,
                    "uid": 42
                },
                {
                    "coord": [
                        597,
                        588
                    ],
                    "is_working": true,
                    "name": "Hongshan Square",
                    "rect": [
                        618,
                        592,
                        90,
                        15
                    ],
                    "text_id": 43,
                    "uid": 43
                },
                {
                    "coord": [
                        550,
                        635
                    ],
                    "is_working": true,
                    "name": "Zhongnan Rd",
                    "rect": [
                        573,
                        637,
                        67,
                        15
                    ],
                    "text_id": 44,
                    "uid": 44
                },
                {
                    "coord": [
                        577,
                        662
                    ],
                    "is_working": true,
                    "name": "Baotong Temple",
                    "rect": [
                        588,
                        653,
                        82,
                        15
                    ],
                    "text_id": 45,
                    "uid": 45
                },
                {
                    "coord": [
                        600,
                        685
                    ],
                    "is_working": true,
                    "name": "Jiedaokou",
                    "rect": [
                        538,
                        682,
                        53,
                        15
                    ],
                    "text_id": 46,
                    "uid": 46
                },
                {
                    "coord": [
                        642,
                        685
                    ],
                    "is_working": true,
                    "name": "Guangbutun",
                    "rect": [
                        611,
                        694,
                        61,
                        15
                    ],
                    "text_id": 47,
                    "uid": 47
                },
                {
                    "coord": [
                        702,
                        685
                    ],
                    "is_working": true,
                    "name": "Huquan",
                    "rect": [
                        685,
                        661,
                        40,
                        15
                    ],
                    "text_id": 48,
                    "uid": 48
                },
                {
                    "coord": [
                        753,
                        685
                    ],
                    "is_working": true,
                    "name": "Yangjiawan",
                    "rect": [
                        729,
                        694,
                        59,
                        15
                    ],
                    "text_id": 49,
                    "uid": 49
                },
                {
                    "coord": [
                        801,
                        685
                    ],
                    "is_working": true,
                    "name": "Optics Valley Square",
                    "rect": [
                        744,
                        661,
                        106,
                        15
                    ],
                    "text_id": 50,
                    "uid": 50
                }
            ],
            "text_id": 51
        },
        {
            "labels_bg_color": "-1",
            "labels_color": "DAB866",
            "line_color": "DAB866",
            "line_width": 7,
            "name": "3",
            "segments": [
                [
                    51,
                    52,
                    [
                        [
                            533,
                            144
                        ],
                        [
                            508,
                            119
                        ]
                    ],
                    true
                ],
                [
                    52,
                    53,
                    [
                        [
                            554,
                            165
                        ],
                        [
                            533,
                            144
                        ]
                    ],
                    true
                ],
                [
                    53,
                    54,
                    [
                        [
                            554,
                            191
                        ],
                        [
                            554,
                            165
                        ]
                    ],
                    true
                ],
                [
                    54,
                    55,
                    [
                        [
                            554,
                            219
                        ],
                        [
                            554,
                            191
                        ]
                    ],
                    true
                ],
                [
                    55,
                    56,
                    [
                        [
                            554,
                            241
                        ],
                        [
                            554,
                            219
                        ]
                    ],
                    true
                ],
                [
                    56,
                    57,
                    [
                        [
                            522,
                            273
                        ],
                        [
                            554,
                            241
                        ]
                    ],
                    true
                ],
                [
                    57,
                    58,
                    [
                        [
                            500,
                            295
                        ],
                        [
                            522,
                            273
                        ]
                    ],
                    true
                ],
                [
                    58,
                    59,
                    [
                        [
                            479,
                            316
                        ],
                        [
                            500,
                            295
                        ]
                    ],
                    true
                ],
                [
                    59,
                    60,
                    [
                        [
                            422,
                            343
                        ],
                        [
                            452.0,
                            343.0
                        ],
                        [
                            479,
                            316
                        ]
                    ],
                    true
                ],
                [
                    60,
                    61,
                    [
                        [
                            390,
                            343
                        ],
                        [
                            422,
                            343
                        ]
                    ],
                    true
                ],
                [
                    61,
                    62,
                    [
                        [
                            371,
                            362
                        ],
                        [
                            390,
                            343
                        ]
                    ],
                    true
                ],
                [
                    62,
                    63,
                    [
                        [
                            343,
                            390
                        ],
                        [
                            371,
                            362
                        ]
                    ],
                    true
                ],
                [
                    63,
                    64,
                    [
                        [
                            314,
                            419
                        ],
                        [
                            343,
                            390
                        ]
                    ],
                    true
                ],
                [
                    64,
                    65,
                    [
                        [
                            294,
                            439
                        ],
                        [
                            314,
                            419
                        ]
                    ],
                    true
                ],
                [
                    65,
                    66,
                    [
                        [
                            234,
                            439
                        ],
                        [
                            294,
                            439
                        ]
                    ],
                    true
                ],
                [
                    66,
                    67,
                    [
                        [
                            183,
                            490
                        ],
                        [
                            234,
                            439
                        ]
                    ],
                    true
                ],
                [
                    67,
                    68,
                    [
                        [
                            160,
                            513
                        ],
                        [
                            183,
                            490
                        ]
                    ],
                    true
                ],
                [
                    68,
                    69,
                    [
                        [
                            135,
                            538
                        ],
                        [
                            160,
                            513
                        ]
                    ],
                    true
                ],
                [
                    69,
                    70,
                    [
                        [
                            113,
                            560
                        ],
                        [
                            135,
                            538
                        ]
                    ],
                    true
                ],
                [
                    70,
                    71,
                    [
                        [
                            92,
                            581
                        ],
                        [
                            113,
                            560
                        ]
                    ],
                    true
                ],
                [
                    71,
                    72,
                    [
                        [
                            72,
                            601
                        ],
                        [
                            92,
                            581
                        ]
                    ],
                    true
                ],
                [
                    72,
                    73,
                    [
                        [
                            51,
                            622
                        ],
                        [
                            72,
                            601
                        ]
                    ],
                    true
                ],
                [
                    73,
                    74,
                    [
                        [
                            30,
                            643
                        ],
                        [
                            51,
                            622
                        ]
                    ],
                    true
                ]
            ],
            "stations": [
                {
                    "coord": [
                        508,
                        119
                    ],
                    "is_working": true,
                    "name": "Hongtu Boulevard",
                    "rect": [
                        409,
                        120,
                        91,
                        15
                    ],
                    "text_id": 52,
                    "uid": 51
                },
                {
                    "coord": [
                        533,
                        144
                    ],
                    "is_working": true,
                    "name": "Citizens Home",
                    "rect": [
                        451,
                        142,
                        74,
                        15
                    ],
                    "text_id": 53,
                    "uid": 52
                },
                {
                    "coord": [
                        554,
                        165
                    ],
                    "is_working": true,
                    "name": "Houhu Boulevard",
                    "rect": [
                        458,
                        163,
                        88,
                        15
                    ],
                    "text_id": 54,
                    "uid": 53
                },
                {
                    "coord": [
                        554,
                        191
                    ],
                    "is_working": true,
                    "name": "Xingye Road",
                    "rect": [
                        481,
                        184,
                        65,
                        15
                    ],
                    "text_id": 55,
                    "uid": 54
                },
                {
                    "coord": [
                        554,
                        219
                    ],
                    "is_working": true,
                    "name": "Erqi Branch Road",
                    "rect": [
                        456,
                        211,
                        90,
                        15
                    ],
                    "text_id": 56,
                    "uid": 55
                },
                {
                    "coord": [
                        554,
                        241
                    ],
                    "is_working": true,
                    "name": "Luojiazhuang",
                    "rect": [
                        479,
                        228,
                        67,
                        15
                    ],
                    "text_id": 57,
                    "uid": 56
                },
                {
                    "coord": [
                        522,
                        273
                    ],
                    "is_working": true,
                    "name": "Zhaojiatiao",
                    "rect": [
                        458,
                        260,
                        56,
                        15
                    ],
                    "text_id": 58,
                    "uid": 57
                },
                {
                    "coord": [
                        500,
                        295
                    ],
                    "is_working": true,
                    "name": "Huiji 2nd Road",
                    "rect": [
                        417,
                        282,
                        75,
                        15
                    ],
                    "text_id": 59,
                    "uid": 58
                },
                {
                    "coord": [
                        479,
                        316
                    ],
                    "is_working": true,
                    "name": "Xianggang Road",
                    "rect": [
                        388,
                        303,
                        83,
                        15
                    ],
                    "text_id": 60,
                    "uid": 59
                },
                {
                    "coord": [
                        422,
                        343
                    ],
                    "is_working": true,
                    "name": "Lingjiaohu",
                    "rect": [
                        396,
                        351,
                        53,
                        15
                    ],
                    "text_id": 61,
                    "uid": 60
                },
                {
                    "coord": [
                        390,
                        343
                    ],
                    "is_working": true,
                    "name": "Fanhu",
                    "rect": [
                        319,
                        336,
                        32,
                        15
                    ],
                    "text_id": 35,
                    "uid": 61
                },
                {
                    "coord": [
                        371,
                        362
                    ],
                    "is_working": true,
                    "name": "Yunfei Road",
                    "rect": [
                        300,
                        354,
                        62,
                        15
                    ],
                    "text_id": 62,
                    "uid": 62
                },
                {
                    "coord": [
                        343,
                        390
                    ],
                    "is_working": true,
                    "name": "Wuhan Business District",
                    "rect": [
                        209,
                        382,
                        125,
                        15
                    ],
                    "text_id": 63,
                    "uid": 63
                },
                {
                    "coord": [
                        314,
                        419
                    ],
                    "is_working": true,
                    "name": "Shuangdun",
                    "rect": [
                        248,
                        410,
                        57,
                        15
                    ],
                    "text_id": 64,
                    "uid": 64
                },
                {
                    "coord": [
                        294,
                        439
                    ],
                    "is_working": true,
                    "name": "Zongguan",
                    "rect": [
                        317,
                        429,
                        50,
                        15
                    ],
                    "text_id": 18,
                    "uid": 65
                },
                {
                    "coord": [
                        234,
                        439
                    ],
                    "is_working": true,
                    "name": "Wangjiawan",
                    "rect": [
                        150,
                        437,
                        62,
                        15
                    ],
                    "text_id": 65,
                    "uid": 66
                },
                {
                    "coord": [
                        183,
                        490
                    ],
                    "is_working": true,
                    "name": "Longyangcun",
                    "rect": [
                        106,
                        480,
                        68,
                        15
                    ],
                    "text_id": 66,
                    "uid": 67
                },
                {
                    "coord": [
                        160,
                        513
                    ],
                    "is_working": true,
                    "name": "Taojialing",
                    "rect": [
                        101,
                        501,
                        50,
                        15
                    ],
                    "text_id": 67,
                    "uid": 68
                },
                {
                    "coord": [
                        135,
                        538
                    ],
                    "is_working": true,
                    "name": "Sixin Boulevard",
                    "rect": [
                        143,
                        535,
                        81,
                        15
                    ],
                    "text_id": 68,
                    "uid": 69
                },
                {
                    "coord": [
                        113,
                        560
                    ],
                    "is_working": true,
                    "name": "Hanyang Long-Distance Bus Station",
                    "rect": [
                        120,
                        562,
                        180,
                        15
                    ],
                    "text_id": 69,
                    "uid": 70
                },
                {
                    "coord": [
                        92,
                        581
                    ],
                    "is_working": true,
                    "name": "Sanjiaohu",
                    "rect": [
                        100,
                        579,
                        51,
                        15
                    ],
                    "text_id": 70,
                    "uid": 71
                },
                {
                    "coord": [
                        72,
                        601
                    ],
                    "is_working": true,
                    "name": "Sports Center",
                    "rect": [
                        80,
                        599,
                        70,
                        15
                    ],
                    "text_id": 71,
                    "uid": 72
                },
                {
                    "coord": [
                        51,
                        622
                    ],
                    "is_working": true,
                    "name": "Dongfeng Motor Corporation",
                    "rect": [
                        59,
                        620,
                        141,
                        15
                    ],
                    "text_id": 72,
                    "uid": 73
                },
                {
                    "coord": [
                        30,
                        643
                    ],
                    "is_working": true,
                    "name": "Zhuanyang Boulevard",
                    "rect": [
                        38,
                        641,
                        110,
                        15
                    ],
                    "text_id": 73,
                    "uid": 74
                }
            ],
            "text_id": 74
        },
        {
            "labels_bg_color": "-1",
            "labels_color": "A8D242",
            "line_color": "A8D242",
            "line_width": 7,
            "name": "4",
            "segments": [
                [
                    75,
                    76,
                    [
                        [
                            74,
                            461
                        ],
                        [
                            38,
                            461
                        ]
                    ],
                    true
                ],
                [
                    76,
                    77,
                    [
                        [
                            111,
                            461
                        ],
                        [
                            74,
                            461
                        ]
                    ],
                    true
                ],
                [
                    77,
                    78,
                    [
                        [
                            142,
                            430
                        ],
                        [
                            111,
                            461
                        ]
                    ],
                    true
                ],
                [
                    78,
                    79,
                    [
                        [
                            222,
                            439
                        ],
                        [
                            213.0,
                            430.0
                        ],
                        [
                            142,
                            430
                        ]
                    ],
                    true
                ],
                [
                    79,
                    80,
                    [
                        [
                            241,
                            458
                        ],
                        [
                            222,
                            439
                        ]
                    ],
                    true
                ],
                [
                    80,
                    81,
                    [
                        [
                            259,
                            476
                        ],
                        [
                            241,
                            458
                        ]
                    ],
                    true
                ],
                [
                    81,
                    82,
                    [
                        [
                            278,
                            495
                        ],
                        [
                            259,
                            476
                        ]
                    ],
                    true
                ],
                [
                    82,
                    83,
                    [
                        [
                            297,
                            514
                        ],
                        [
                            278,
                            495
                        ]
                    ],
                    true
                ],
                [
                    83,
                    84,
                    [
                        [
                            315,
                            532
                        ],
                        [
                            297,
                            514
                        ]
                    ],
                    true
                ],
                [
                    84,
                    85,
                    [
                        [
                            334,
                            551
                        ],
                        [
                            315,
                            532
                        ]
                    ],
                    true
                ],
                [
                    85,
                    86,
                    [
                        [
                            382,
                            599
                        ],
                        [
                            334,
                            551
                        ]
                    ],
                    true
                ],
                [
                    86,
                    87,
                    [
                        [
                            411,
                            628
                        ],
                        [
                            382,
                            599
                        ]
                    ],
                    true
                ],
                [
                    87,
                    88,
                    [
                        [
                            444,
                            644
                        ],
                        [
                            427.0,
                            644.0
                        ],
                        [
                            411,
                            628
                        ]
                    ],
                    true
                ],
                [
                    88,
                    89,
                    [
                        [
                            518,
                            644
                        ],
                        [
                            444,
                            644
                        ]
                    ],
                    true
                ],
                [
                    89,
                    90,
                    [
                        [
                            559,
                            644
                        ],
                        [
                            518,
                            644
                        ]
                    ],
                    true
                ],
                [
                    90,
                    91,
                    [
                        [
                            606,
                            597
                        ],
                        [
                            559,
                            644
                        ]
                    ],
                    true
                ],
                [
                    91,
                    92,
                    [
                        [
                            637,
                            566
                        ],
                        [
                            606,
                            597
                        ]
                    ],
                    true
                ],
                [
                    92,
                    93,
                    [
                        [
                            664,
                            539
                        ],
                        [
                            637,
                            566
                        ]
                    ],
                    true
                ],
                [
                    93,
                    94,
                    [
                        [
                            692,
                            511
                        ],
                        [
                            664,
                            539
                        ]
                    ],
                    true
                ],
                [
                    94,
                    95,
                    [
                        [
                            716,
                            487
                        ],
                        [
                            692,
                            511
                        ]
                    ],
                    true
                ],
                [
                    95,
                    96,
                    [
                        [
                            739,
                            464
                        ],
                        [
                            716,
                            487
                        ]
                    ],
                    true
                ],
                [
                    96,
                    97,
                    [
                        [
                            739,
                            437
                        ],
                        [
                            739,
                            464
                        ]
                    ],
                    true
                ],
                [
                    97,
                    98,
                    [
                        [
                            739,
                            412
                        ],
                        [
                            739,
                            437
                        ]
                    ],
                    true
                ],
                [
                    98,
                    99,
                    [
                        [
                            761,
                            390
                        ],
                        [
                            739,
                            412
                        ]
                    ],
                    true
                ],
                [
                    99,
                    100,
                    [
                        [
                            783,
                            368
                        ],
                        [
                            761,
                            390
                        ]
                    ],
                    true
                ],
                [
                    100,
                    101,
                    [
                        [
                            803,
                            348
                        ],
                        [
                            783,
                            368
                        ]
                    ],
                    true
                ],
                [
                    101,
                    102,
                    [
                        [
                            823,
                            328
                        ],
                        [
                            803,
                            348
                        ]
                    ],
                    true
                ]
            ],
            "stations": [
                {
                    "coord": [
                        38,
                        461
                    ],
                    "is_working": true,
                    "name": "Huangjinkou",
                    "rect": [
                        4,
                        469,
                        64,
                        15
                    ],
                    "text_id": 75,
                    "uid": 75
                },
                {
                    "coord": [
                        74,
                        461
                    ],
                    "is_working": true,
                    "name": "Mengjiapu",
                    "rect": [
                        45,
                        438,
                        53,
                        15
                    ],
                    "text_id": 76,
                    "uid": 76
                },
                {
                    "coord": [
                        111,
                        461
                    ],
                    "is_working": true,
                    "name": "Yong'antang",
                    "rect": [
                        89,
                        469,
                        62,
                        15
                    ],
                    "text_id": 77,
                    "uid": 77
                },
                {
                    "coord": [
                        142,
                        430
                    ],
                    "is_working": true,
                    "name": "Yulong Road",
                    "rect": [
                        114,
                        408,
                        65,
                        15
                    ],
                    "text_id": 78,
                    "uid": 78
                },
                {
                    "coord": [
                        222,
                        439
                    ],
                    "is_working": true,
                    "name": "Wangjiawan",
                    "rect": [
                        150,
                        437,
                        62,
                        15
                    ],
                    "text_id": 65,
                    "uid": 79
                },
                {
                    "coord": [
                        241,
                        458
                    ],
                    "is_working": true,
                    "name": "Shilipu",
                    "rect": [
                        197,
                        456,
                        36,
                        15
                    ],
                    "text_id": 79,
                    "uid": 80
                },
                {
                    "coord": [
                        259,
                        476
                    ],
                    "is_working": true,
                    "name": "Qilimiao",
                    "rect": [
                        208,
                        474,
                        43,
                        15
                    ],
                    "text_id": 80,
                    "uid": 81
                },
                {
                    "coord": [
                        278,
                        495
                    ],
                    "is_working": true,
                    "name": "Wulidun",
                    "rect": [
                        228,
                        493,
                        42,
                        15
                    ],
                    "text_id": 81,
                    "uid": 82
                },
                {
                    "coord": [
                        297,
                        514
                    ],
                    "is_working": true,
                    "name": "Hanyang Railway Station",
                    "rect": [
                        163,
                        512,
                        126,
                        15
                    ],
                    "text_id": 82,
                    "uid": 83
                },
                {
                    "coord": [
                        315,
                        532
                    ],
                    "is_working": true,
                    "name": "Zhongjiacun",
                    "rect": [
                        245,
                        530,
                        62,
                        15
                    ],
                    "text_id": 83,
                    "uid": 84
                },
                {
                    "coord": [
                        334,
                        551
                    ],
                    "is_working": true,
                    "name": "Lanjiang Road",
                    "rect": [
                        252,
                        548,
                        73,
                        15
                    ],
                    "text_id": 84,
                    "uid": 85
                },
                {
                    "coord": [
                        382,
                        599
                    ],
                    "is_working": true,
                    "name": "Fuxing Road",
                    "rect": [
                        310,
                        597,
                        64,
                        15
                    ],
                    "text_id": 85,
                    "uid": 86
                },
                {
                    "coord": [
                        411,
                        628
                    ],
                    "is_working": true,
                    "name": "Shouyi Road",
                    "rect": [
                        395,
                        652,
                        65,
                        15
                    ],
                    "text_id": 86,
                    "uid": 87
                },
                {
                    "coord": [
                        444,
                        644
                    ],
                    "is_working": true,
                    "name": "Wuchang Railway Station",
                    "rect": [
                        275,
                        626,
                        128,
                        15
                    ],
                    "text_id": 87,
                    "uid": 88
                },
                {
                    "coord": [
                        518,
                        644
                    ],
                    "is_working": true,
                    "name": "Meiyuanxiaoqu",
                    "rect": [
                        478,
                        653,
                        77,
                        15
                    ],
                    "text_id": 88,
                    "uid": 89
                },
                {
                    "coord": [
                        559,
                        644
                    ],
                    "is_working": true,
                    "name": "Zhongnan Rd",
                    "rect": [
                        573,
                        637,
                        67,
                        15
                    ],
                    "text_id": 44,
                    "uid": 90
                },
                {
                    "coord": [
                        606,
                        597
                    ],
                    "is_working": true,
                    "name": "Hongshan Square",
                    "rect": [
                        618,
                        592,
                        90,
                        15
                    ],
                    "text_id": 43,
                    "uid": 91
                },
                {
                    "coord": [
                        637,
                        566
                    ],
                    "is_working": true,
                    "name": "Chuhe Hanjie",
                    "rect": [
                        646,
                        563,
                        69,
                        15
                    ],
                    "text_id": 89,
                    "uid": 92
                },
                {
                    "coord": [
                        664,
                        539
                    ],
                    "is_working": true,
                    "name": "Qingyuzui",
                    "rect": [
                        673,
                        536,
                        51,
                        15
                    ],
                    "text_id": 90,
                    "uid": 93
                },
                {
                    "coord": [
                        692,
                        511
                    ],
                    "is_working": true,
                    "name": "Dongting",
                    "rect": [
                        701,
                        508,
                        46,
                        15
                    ],
                    "text_id": 91,
                    "uid": 94
                },
                {
                    "coord": [
                        716,
                        487
                    ],
                    "is_working": true,
                    "name": "Yuejiazui",
                    "rect": [
                        725,
                        486,
                        47,
                        15
                    ],
                    "text_id": 92,
                    "uid": 95
                },
                {
                    "coord": [
                        739,
                        464
                    ],
                    "is_working": true,
                    "name": "Tieji Road",
                    "rect": [
                        748,
                        460,
                        52,
                        15
                    ],
                    "text_id": 93,
                    "uid": 96
                },
                {
                    "coord": [
                        739,
                        437
                    ],
                    "is_working": true,
                    "name": "Luojiagang",
                    "rect": [
                        748,
                        429,
                        56,
                        15
                    ],
                    "text_id": 94,
                    "uid": 97
                },
                {
                    "coord": [
                        739,
                        412
                    ],
                    "is_working": true,
                    "name": "Yuanlin Road",
                    "rect": [
                        662,
                        405,
                        68,
                        15
                    ],
                    "text_id": 95,
                    "uid": 98
                },
                {
                    "coord": [
                        761,
                        390
                    ],
                    "is_working": true,
                    "name": "Renhe Road",
                    "rect": [
                        689,
                        378,
                        63,
                        15
                    ],
                    "text_id": 96,
                    "uid": 99
                },
                {
                    "coord": [
                        783,
                        368
                    ],
                    "is_working": true,
                    "name": "Gongye Fourth Road",
                    "rect": [
                        671,
                        356,
                        103,
                        15
                    ],
                    "text_id": 97,
                    "uid": 100
                },
                {
                    "coord": [
                        803,
                        348
                    ],
                    "is_working": true,
                    "name": "Yangchunhu",
                    "rect": [
                        731,
                        336,
                        63,
                        15
                    ],
                    "text_id": 98,
                    "uid": 101
                },
                {
                    "coord": [
                        823,
                        328
                    ],
                    "is_working": true,
                    "name": "Wuhan Railway Station",
                    "rect": [
                        698,
                        316,
                        116,
                        15
                    ],
                    "text_id": 99,
                    "uid": 102
                }
            ],
            "text_id": 100
        }
    ],
    "lines_width": 7,
    "name": "metro",
    "name_text_id": 101,
    "stations_diameter": 13.0,
    "transfers": [],
    "transports": [
        "metro"
    ],
    "type_name": "ROOT",
    "type_text_id": 102,
    "upper_case": false,
    "width": 973,
    "word_wrap": false
}