{
    "lines": [
        {
            "delays": [],
            "name": "Панковко-Кречевицкая",
            "scheme": null,
            "segments": [
                [
                    0,
                    1,
                    120
                ],
                [
                    1,
                    0,
                    120
                ],
                [
                    1,
                    2,
                    120
                ],
                [
                    2,
                    1,
                    120
                ],
                [
                    2,
                    3,
                    120
                ],
                [
                    3,
                    2,
                    120
                ],
                [
                    3,
                    4,
                    120
                ],
                [
                    4,
                    3,
                    120
                ],
                [
                    4,
                    5,
                    120
                ],
                [
                    5,
                    4,
                    120
                ],
                [
                    5,
                    6,
                    120
                ],
                [
                    6,
                    5,
                    120
                ],
                [
                    6,
                    7,
                    120
                ],
                [
                    7,
                    6,
                    120
                ],
                [
                    7,
                    8,
                    120
                ],
                [
                    8,
                    7,
                    120
                ],
                [
                    8,
                    9,
                    120
                ],
                [
                    9,
                    8,
                    120
                ],
                [
                    9,
                    10,
                    120
                ],
                [
                    10,
                    9,
                    120
                ],
                [
                    10,
                    11,
                    120
                ],
                [
                    11,
                    10,
                    120
                ],
                [
                    11,
                    12,
                    120
                ],
                [
                    12,
                    11,
                    120
                ],
                [
                    12,
                    13,
                    120
                ],
                [
                    13,
                    12,
                    120
                ],
                [
                    13,
                    14,
                    120
                ],
                [
                    14,
                    13,
                    120
                ],
                [
                    14,
                    15,
                    120
                ],
                [
                    15,
                    14,
                    120
                ]
            ],
            "stations": [
                [
                    0,
                    "Кречевицы",
                    0
                ],
                [
                    1,
                    "Трубичино",
                    1
                ],
                [
                    2,
                    "Волховский",
                    2
                ],
                [
                    3,
                    "Сырково",
                    3
                ],
                [
                    4,
                    "Рабочая",
                    4
                ],
                [
                    5,
                    "Шусева",
                    5
                ],
                [
                    6,
                    "Колмово",
                    6
                ],
                [
                    7,
                    "НовГУ",
                    7
                ],
                [
                    8,
                    "Русь",
                    8
                ],
                [
                    9,
                    "ИЭиУ",
                    9
                ],
                [
                    10,
                    "Спорттовары",
                    10
                ],
                [
                    11,
                    "Панковка-1",
                    11
                ],
                [
                    12,
                    "Панковка-2",
                    12
                ],
                [
                    13,
                    "Аэропорт",
                    13
                ],
                [
                    14,
                    "Юрьево",
                    14
                ],
                [
                    15,
                    "Ильмень",
                    15
                ]
            ],
            "text_id": 16
        },
        {
            "delays": [],
            "name": "Ермолино-Деревяницкая",
            "scheme": null,
            "segments": [
                [
                    16,
                    17,
                    120
                ],
                [
                    17,
                    16,
                    120
                ],
                [
                    17,
                    18,
                    120
                ],
                [
                    18,
                    17,
                    120
                ],
                [
                    18,
                    19,
                    120
                ],
                [
                    19,
                    18,
                    120
                ],
                [
                    19,
                    20,
                    120
                ],
                [
                    20,
                    19,
                    120
                ],
                [
                    20,
                    21,
                    120
                ],
                [
                    21,
                    20,
                    120
                ],
                [
                    21,
                    22,
                    120
                ],
                [
                    22,
                    21,
                    120
                ],
                [
                    22,
                    23,
                    120
                ],
                [
                    23,
                    22,
                    120
                ],
                [
                    23,
                    24,
                    120
                ],
                [
                    24,
                    23,
                    120
                ]
            ],
            "stations": [
                [
                    16,
                    "Деревяницы-2",
                    17
                ],
                [
                    17,
                    "Деревяницы-1",
                    18
                ],
                [
                    18,
                    "Сельхозинститут",
                    19
                ],
                [
                    19,
                    "Антоново",
                    20
                ],
                [
                    20,
                    "Русь",
                    8
                ],
                [
                    21,
                    "Вокзал",
                    21
                ],
                [
                    22,
                    "Универсам",
                    22
                ],
                [
                    23,
                    "Кочетовский рынок",
                    23
                ],
                [
                    24,
                    "Ермолино",
                    24
                ]
            ],
            "text_id": 25
        },
        {
            "delays": [],
            "name": "Ульяново-Московская",
            "scheme": null,
            "segments": [
                [
                    25,
                    26,
                    120
                ],
                [
                    26,
                    25,
                    120
                ],
                [
                    26,
                    27,
                    120
                ],
                [
                    27,
                    26,
                    120
                ],
                [
                    27,
                    28,
                    120
                ],
                [
                    28,
                    27,
                    120
                ],
                [
                    28,
                    29,
                    120
                ],
                [
                    29,
                    28,
                    120
                ],
                [
                    29,
                    30,
                    120
                ],
                [
                    30,
                    29,
                    120
                ],
                [
                    30,
                    31,
                    120
                ],
                [
                    31,
                    30,
                    120
                ]
            ],
            "stations": [
                [
                    25,
                    "Акрон",
                    26
                ],
                [
                    26,
                    "Ульяново",
                    27
                ],
                [
                    27,
                    "Дека",
                    28
                ],
                [
                    28,
                    "НовГУ",
                    7
                ],
                [
                    29,
                    "Антоново",
                    20
                ],
                [
                    30,
                    "Славия",
                    29
                ],
                [
                    31,
                    "Дирол",
                    30
                ]
            ],
            "text_id": 31
        },
        {
            "delays": [],
            "name": "Кремлевское кольцо",
            "scheme": null,
            "segments": [
                [
                    32,
                    33,
                    120
                ],
                [
                    32,
                    43,
                    120
                ],
                [
                    33,
                    32,
                    120
                ],
                [
                    33,
                    34,
                    120
                ],
                [
                    34,
                    33,
                    120
                ],
                [
                    34,
                    35,
                    120
                ],
                [
                    35,
                    34,
                    120
                ],
                [
                    35,
                    36,
                    120
                ],
                [
                    36,
                    35,
                    120
                ],
                [
                    36,
                    37,
                    120
                ],
                [
                    37,
                    36,
                    120
                ],
                [
                    37,
                    38,
                    120
                ],
                [
                    38,
                    37,
                    120
                ],
                [
                    38,
                    39,
                    120
                ],
                [
                    39,
                    38,
                    120
                ],
                [
                    39,
                    40,
                    120
                ],
                [
                    40,
                    39,
                    120
                ],
                [
                    40,
                    41,
                    120
                ],
                [
                    41,
                    40,
                    120
                ],
                [
                    41,
                    42,
                    120
                ],
                [
                    42,
                    41,
                    120
                ],
                [
                    42,
                    43,
                    120
                ],
                [
                    43,
                    32,
                    120
                ],
                [
                    43,
                    42,
                    120
                ]
            ],
            "stations": [
                [
                    32,
                    "Колмово",
                    6
                ],
                [
                    33,
                    "Сельхозинститут",
                    19
                ],
                [
                    34,
                    "Славия",
                    29
                ],
                [
                    35,
                    "Диалог",
                    32
                ],
                [
                    36,
                    "Федоровский ручей",
                    33
                ],
                [
                    37,
                    "Лодочная станция",
                    34
                ],
                [
                    38,
                    "Кремль",
                    35
                ],
                [
                    39,
                    "ИЭиУ",
                    9
                ],
                [
                    40,
                    "Сплав",
                    36
                ],
                [
                    41,
                    "Спорткомплекс \"Акрон\"",
                    37
                ],
                [
                    42,
                    "Кочетовский рынок",
                    23
                ],
                [
                    43,
                    "Дека",
                    28
                ]
            ],
            "text_id": 38
        }
    ],
    "name": "metro",
    "transfers": [
        [
            6,
            32,
            120,
            true
        ],
        [
            7,
            28,
            120,
            true
        ],
        [
            8,
            20,
            120,
            true
        ],
        [
            9,
            39,
            120,
            true
        ],
        [
            18,
            33,
            120,
            true
        ],
        [
            19,
            29,
            120,
            true
        ],
        [
            23,
            42,
            120,
            true
        ],
        [
            27,
            43,
            120,
            true
        ],
        [
            30,
            34,
            120,
            true
        ]
    ],
    "type_name": "Метро"
}