{
    "0": "4 Cantons",
    "1": "Cite Scientifique",
    "2": "Triolo",
    "3": "Villeneuve d'Ascq-Hotel de Ville",
    "4": "Pont de Bois",
    "5": "Lezennes",
    "6": "Hellemmes",
    "7": "Marbrerie",
    "8": "Fives",
    "9": "Caulier",
    "10": "Gare Lille Flandres",
    "11": "Rihour",
    "12": "Republique-Beaux Arts",
    "13": "Gambetta",
    "14": "Wazemmes",
    "15": "Porte de Postes",
    "16": "C.H.R. Oscar Lambret",
    "17": "C.H.R. B-Calmette",
    "18": "1",
    "19": "St.Philibert",
    "20": "Bourg",
    "21": "Maison des Enfants",
    "22": "Mitterie",
    "23": "Pont Superieur",
    "24": "Lomme Lambersart",
    "25": "Canteleu",
    "26": "Bois Blancs",
    "27": "Port de Lille",
    "28": "Cormontaigne",
    "29": "Montebello",
    "30": "Porte d'Arras",
    "31": "Porte de Douai",
    "32": "Porte de Valenciennes",
    "33": "Lille Grand Palais",
    "34": "Mairie de Lille",
    "35": "Gare Lille Europe",
    "36": "St.Maurice Pellevoisin",
    "37": "Mons Sarts",
    "38": "Mairie de Mons",
    "39": "Fort de Mons",
    "40": "Les Pres",
    "41": "Jean-Jaures",
    "42": "Wasquehal-Pave de Lille",
    "43": "Wasquehal-Hotel de Ville",
    "44": "Croix-Centre",
    "45": "Croix-Mairie",
    "46": "Epeule-Montesquieu",
    "47": "Roubaix-Charles de Gaulle",
    "48": "Euroteleport",
    "49": "Roubaix-Grand Place",
    "50": "Gare-Jean Lebas",
    "51": "Alsace",
    "52": "Mercure",
    "53": "Carliers",
    "54": "Tourcoing-Sebastopol",
    "55": "Tourcoing-Centre",
    "56": "Colbert",
    "57": "Phalempins",
    "58": "Pont de Neuville",
    "59": "Bourgogne",
    "60": "C.H.Dron",
    "61": "2",
    "62": "Метро",
    "63": "ROOT",
    "64": "Схема от 01.12.2006г.\nАвтор: Варламов Дмитрий (www.chpeks.com)",
    "65": "Imported from http://pmetro.su"
}