{
    "lines": [
        {
            "delays": [],
            "name": "1",
            "scheme": null,
            "segments": [
                [
                    0,
                    1,
                    120
                ],
                [
                    1,
                    0,
                    120
                ],
                [
                    1,
                    2,
                    120
                ],
                [
                    2,
                    1,
                    120
                ],
                [
                    2,
                    3,
                    120
                ],
                [
                    3,
                    2,
                    120
                ],
                [
                    3,
                    4,
                    120
                ],
                [
                    4,
                    3,
                    120
                ],
                [
                    4,
                    5,
                    120
                ],
                [
                    5,
                    4,
                    120
                ]
            ],
            "stations": [
                [
                    0,
                    "El Goli",
                    0
                ],
                [
                    1,
                    "Sahand",
                    1
                ],
                [
                    2,
                    "Emam Reza",
                    2
                ],
                [
                    3,
                    "Khayyam",
                    3
                ],
                [
                    4,
                    "29 Bahman",
                    4
                ],
                [
                    5,
                    "Ostad Shahriar",
                    5
                ]
            ],
            "text_id": 6
        }
    ],
    "name": "metro",
    "transfers": [],
    "type_name": "Метро"
}