{
    "default_transports": [
        "metro"
    ],
    "height": 390,
    "images": [
        "res/schemes/dlr.svg"
    ],
    "is_vector": true,
    "lines": [
        {
            "labels_bg_color": "-1",
            "labels_color": "000000",
            "line_color": "00ADA8",
            "line_width": 9,
            "name": "Docklands Light Railway",
            "segments": [
                [
                    96,
                    98,
                    [
                        [
                            158,
                            240
                        ],
                        [
                            38,
                            240
                        ]
                    ],
                    true
                ],
                [
                    97,
                    98,
                    [
                        [
                            158.0,
                            240.0
                        ],
                        [
                            156.02,
                            240.05
                        ],
                        [
                            154.06,
                            240.09
                        ],
                        [
                            152.14,
                            240.12
                        ],
                        [
                            150.25,
                            240.12
                        ],
                        [
                            148.39,
                            240.11
                        ],
                        [
                            146.57,
                            240.08
                        ],
                        [
                            144.77,
                            240.04
                        ],
                        [
                            143.0,
                            240.0
                        ],
                        [
                            141.25,
                            239.99
                        ],
                        [
                            139.53,
                            239.98
                        ],
                        [
                            137.84,
                            239.95
                        ],
                        [
                            136.19,
                            239.88
                        ],
                        [
                            134.57,
                            239.75
                        ],
                        [
                            133.0,
                            239.57
                        ],
                        [
                            131.47,
                            239.33
                        ],
                        [
                            130.0,
                            239.0
                        ],
                        [
                            128.6,
                            238.57
                        ],
                        [
                            127.25,
                            238.05
                        ],
                        [
                            125.95,
                            237.45
                        ],
                        [
                            124.69,
                            236.75
                        ],
                        [
                            123.42,
                            235.91
                        ],
                        [
                            122.2,
                            234.98
                        ],
                        [
                            121.04,
                            233.99
                        ],
                        [
                            120.0,
                            233.0
                        ],
                        [
                            119.22,
                            232.19
                        ],
                        [
                            118.52,
                            231.33
                        ],
                        [
                            117.78,
                            230.27
                        ],
                        [
                            117.0,
                            229.0
                        ],
                        [
                            116.16,
                            227.55
                        ],
                        [
                            115.12,
                            225.69
                        ],
                        [
                            113.81,
                            223.3
                        ],
                        [
                            112.0,
                            220.0
                        ],
                        [
                            109.27,
                            215.11
                        ],
                        [
                            106.07,
                            209.38
                        ],
                        [
                            102.66,
                            203.3
                        ],
                        [
                            99.12,
                            197.0
                        ],
                        [
                            95.58,
                            190.71
                        ],
                        [
                            92.14,
                            184.63
                        ],
                        [
                            88.86,
                            178.9
                        ],
                        [
                            86.0,
                            174.0
                        ],
                        [
                            83.97,
                            170.68
                        ],
                        [
                            82.39,
                            168.28
                        ],
                        [
                            81.07,
                            166.4
                        ],
                        [
                            79.94,
                            164.94
                        ],
                        [
                            78.86,
                            163.66
                        ],
                        [
                            77.86,
                            162.61
                        ],
                        [
                            76.94,
                            161.77
                        ],
                        [
                            76.0,
                            161.0
                        ],
                        [
                            74.95,
                            160.11
                        ],
                        [
                            73.86,
                            159.24
                        ],
                        [
                            72.75,
                            158.45
                        ],
                        [
                            71.62,
                            157.75
                        ],
                        [
                            70.51,
                            157.19
                        ],
                        [
                            69.38,
                            156.72
                        ],
                        [
                            68.21,
                            156.33
                        ],
                        [
                            67.0,
                            156.0
                        ],
                        [
                            65.75,
                            155.72
                        ],
                        [
                            64.44,
                            155.5
                        ],
                        [
                            63.07,
                            155.32
                        ],
                        [
                            61.62,
                            155.19
                        ],
                        [
                            60.11,
                            155.1
                        ],
                        [
                            58.52,
                            155.05
                        ],
                        [
                            56.82,
                            155.02
                        ],
                        [
                            55.0,
                            155.0
                        ],
                        [
                            53.03,
                            154.96
                        ],
                        [
                            50.92,
                            154.92
                        ],
                        [
                            48.7,
                            154.89
                        ],
                        [
                            46.38,
                            154.88
                        ],
                        [
                            43.94,
                            154.88
                        ],
                        [
                            41.41,
                            154.91
                        ],
                        [
                            38.76,
                            154.95
                        ],
                        [
                            36.0,
                            155.0
                        ]
                    ],
                    true
                ],
                [
                    98,
                    99,
                    [
                        [
                            212,
                            240
                        ],
                        [
                            158,
                            240
                        ]
                    ],
                    true
                ],
                [
                    99,
                    100,
                    [
                        [
                            262,
                            240
                        ],
                        [
                            212,
                            240
                        ]
                    ],
                    true
                ],
                [
                    100,
                    101,
                    [
                        [
                            443,
                            240
                        ],
                        [
                            262,
                            240
                        ]
                    ],
                    true
                ],
                [
                    100,
                    113,
                    [
                        [
                            351.0,
                            157.0
                        ],
                        [
                            349.36,
                            160.27
                        ],
                        [
                            347.69,
                            163.56
                        ],
                        [
                            345.98,
                            166.89
                        ],
                        [
                            344.25,
                            170.25
                        ],
                        [
                            342.49,
                            173.62
                        ],
                        [
                            340.7,
                            177.02
                        ],
                        [
                            338.88,
                            180.47
                        ],
                        [
                            337.0,
                            184.0
                        ],
                        [
                            335.04,
                            187.69
                        ],
                        [
                            333.05,
                            191.45
                        ],
                        [
                            331.03,
                            195.21
                        ],
                        [
                            329.0,
                            198.94
                        ],
                        [
                            326.96,
                            202.6
                        ],
                        [
                            324.93,
                            206.19
                        ],
                        [
                            322.92,
                            209.67
                        ],
                        [
                            321.0,
                            213.0
                        ],
                        [
                            319.24,
                            216.12
                        ],
                        [
                            317.54,
                            219.06
                        ],
                        [
                            315.87,
                            221.83
                        ],
                        [
                            314.19,
                            224.44
                        ],
                        [
                            312.47,
                            226.9
                        ],
                        [
                            310.71,
                            229.17
                        ],
                        [
                            308.9,
                            231.22
                        ],
                        [
                            307.0,
                            233.0
                        ],
                        [
                            304.96,
                            234.39
                        ],
                        [
                            302.82,
                            235.52
                        ],
                        [
                            300.58,
                            236.44
                        ],
                        [
                            298.25,
                            237.19
                        ],
                        [
                            295.84,
                            237.8
                        ],
                        [
                            293.34,
                            238.29
                        ],
                        [
                            290.73,
                            238.67
                        ],
                        [
                            288.0,
                            239.0
                        ],
                        [
                            285.14,
                            239.36
                        ],
                        [
                            282.16,
                            239.68
                        ],
                        [
                            279.07,
                            239.94
                        ],
                        [
                            275.88,
                            240.12
                        ],
                        [
                            272.57,
                            240.21
                        ],
                        [
                            269.16,
                            240.22
                        ],
                        [
                            265.63,
                            240.15
                        ],
                        [
                            262.0,
                            240.0
                        ]
                    ],
                    true
                ],
                [
                    101,
                    102,
                    [
                        [
                            502,
                            240
                        ],
                        [
                            443,
                            240
                        ]
                    ],
                    true
                ],
                [
                    101,
                    113,
                    [
                        [
                            351.0,
                            157.0
                        ],
                        [
                            352.59,
                            160.27
                        ],
                        [
                            354.22,
                            163.56
                        ],
                        [
                            355.9,
                            166.89
                        ],
                        [
                            357.62,
                            170.25
                        ],
                        [
                            359.39,
                            173.62
                        ],
                        [
                            361.2,
                            177.02
                        ],
                        [
                            363.07,
                            180.47
                        ],
                        [
                            365.0,
                            184.0
                        ],
                        [
                            367.03,
                            187.69
                        ],
                        [
                            369.11,
                            191.45
                        ],
                        [
                            371.23,
                            195.21
                        ],
                        [
                            373.38,
                            198.94
                        ],
                        [
                            375.55,
                            202.6
                        ],
                        [
                            377.73,
                            206.19
                        ],
                        [
                            379.89,
                            209.67
                        ],
                        [
                            382.0,
                            213.0
                        ],
                        [
                            383.98,
                            216.12
                        ],
                        [
                            385.9,
                            219.06
                        ],
                        [
                            387.82,
                            221.83
                        ],
                        [
                            389.75,
                            224.44
                        ],
                        [
                            391.72,
                            226.9
                        ],
                        [
                            393.73,
                            229.17
                        ],
                        [
                            395.81,
                            231.22
                        ],
                        [
                            398.0,
                            233.0
                        ],
                        [
                            400.36,
                            234.39
                        ],
                        [
                            402.83,
                            235.52
                        ],
                        [
                            405.38,
                            236.44
                        ],
                        [
                            408.0,
                            237.19
                        ],
                        [
                            410.67,
                            237.8
                        ],
                        [
                            413.4,
                            238.29
                        ],
                        [
                            416.18,
                            238.67
                        ],
                        [
                            419.0,
                            239.0
                        ],
                        [
                            421.84,
                            239.36
                        ],
                        [
                            424.73,
                            239.68
                        ],
                        [
                            427.65,
                            239.94
                        ],
                        [
                            430.62,
                            240.12
                        ],
                        [
                            433.65,
                            240.21
                        ],
                        [
                            436.72,
                            240.22
                        ],
                        [
                            439.84,
                            240.15
                        ],
                        [
                            443.0,
                            240.0
                        ]
                    ],
                    true
                ],
                [
                    102,
                    103,
                    [
                        [
                            554,
                            240
                        ],
                        [
                            502,
                            240
                        ]
                    ],
                    true
                ],
                [
                    103,
                    104,
                    [
                        [
                            607,
                            240
                        ],
                        [
                            554,
                            240
                        ]
                    ],
                    true
                ],
                [
                    104,
                    105,
                    [
                        [
                            687,
                            240
                        ],
                        [
                            607,
                            240
                        ]
                    ],
                    true
                ],
                [
                    105,
                    106,
                    [
                        [
                            767,
                            240
                        ],
                        [
                            687,
                            240
                        ]
                    ],
                    true
                ],
                [
                    106,
                    107,
                    [
                        [
                            847,
                            240
                        ],
                        [
                            767,
                            240
                        ]
                    ],
                    true
                ],
                [
                    107,
                    108,
                    [
                        [
                            927,
                            240
                        ],
                        [
                            847,
                            240
                        ]
                    ],
                    true
                ],
                [
                    108,
                    109,
                    [
                        [
                            1007,
                            240
                        ],
                        [
                            927,
                            240
                        ]
                    ],
                    true
                ],
                [
                    109,
                    110,
                    [
                        [
                            1087,
                            240
                        ],
                        [
                            1007,
                            240
                        ]
                    ],
                    true
                ],
                [
                    110,
                    111,
                    [
                        [
                            1167,
                            240
                        ],
                        [
                            1087,
                            240
                        ]
                    ],
                    true
                ],
                [
                    111,
                    112,
                    [
                        [
                            1247,
                            240
                        ],
                        [
                            1167,
                            240
                        ]
                    ],
                    true
                ],
                [
                    113,
                    114,
                    [
                        [
                            263.0,
                            64.0
                        ],
                        [
                            266.56,
                            63.87
                        ],
                        [
                            270.0,
                            63.84
                        ],
                        [
                            273.31,
                            63.93
                        ],
                        [
                            276.5,
                            64.12
                        ],
                        [
                            279.58,
                            64.45
                        ],
                        [
                            282.52,
                            64.87
                        ],
                        [
                            285.34,
                            65.4
                        ],
                        [
                            288.0,
                            66.0
                        ],
                        [
                            290.47,
                            66.63
                        ],
                        [
                            292.79,
                            67.35
                        ],
                        [
                            295.0,
                            68.2
                        ],
                        [
                            297.12,
                            69.19
                        ],
                        [
                            299.18,
                            70.33
                        ],
                        [
                            301.16,
                            71.66
                        ],
                        [
                            303.1,
                            73.2
                        ],
                        [
                            305.0,
                            75.0
                        ],
                        [
                            306.89,
                            77.18
                        ],
                        [
                            308.77,
                            79.62
                        ],
                        [
                            310.64,
                            82.28
                        ],
                        [
                            312.5,
                            85.12
                        ],
                        [
                            314.34,
                            88.11
                        ],
                        [
                            316.18,
                            91.25
                        ],
                        [
                            318.06,
                            94.54
                        ],
                        [
                            320.0,
                            98.0
                        ],
                        [
                            322.08,
                            101.64
                        ],
                        [
                            324.22,
                            105.41
                        ],
                        [
                            326.39,
                            109.26
                        ],
                        [
                            328.56,
                            113.19
                        ],
                        [
                            330.72,
                            117.16
                        ],
                        [
                            332.86,
                            121.14
                        ],
                        [
                            334.96,
                            125.11
                        ],
                        [
                            337.0,
                            129.0
                        ],
                        [
                            338.94,
                            132.71
                        ],
                        [
                            340.8,
                            136.32
                        ],
                        [
                            342.61,
                            139.88
                        ],
                        [
                            344.38,
                            143.38
                        ],
                        [
                            346.1,
                            146.85
                        ],
                        [
                            347.78,
                            150.28
                        ],
                        [
                            349.41,
                            153.66
                        ],
                        [
                            351.0,
                            157.0
                        ]
                    ],
                    true
                ],
                [
                    113,
                    119,
                    [
                        [
                            442.0,
                            64.0
                        ],
                        [
                            439.02,
                            63.76
                        ],
                        [
                            436.06,
                            63.66
                        ],
                        [
                            433.14,
                            63.7
                        ],
                        [
                            430.25,
                            63.88
                        ],
                        [
                            427.4,
                            64.2
                        ],
                        [
                            424.57,
                            64.66
                        ],
                        [
                            421.78,
                            65.26
                        ],
                        [
                            419.0,
                            66.0
                        ],
                        [
                            416.22,
                            66.87
                        ],
                        [
                            413.46,
                            67.87
                        ],
                        [
                            410.74,
                            69.02
                        ],
                        [
                            408.06,
                            70.31
                        ],
                        [
                            405.43,
                            71.75
                        ],
                        [
                            402.86,
                            73.35
                        ],
                        [
                            400.37,
                            75.09
                        ],
                        [
                            398.0,
                            77.0
                        ],
                        [
                            395.81,
                            79.07
                        ],
                        [
                            393.73,
                            81.31
                        ],
                        [
                            391.71,
                            83.7
                        ],
                        [
                            389.75,
                            86.25
                        ],
                        [
                            387.82,
                            88.92
                        ],
                        [
                            385.9,
                            91.76
                        ],
                        [
                            383.98,
                            94.77
                        ],
                        [
                            382.0,
                            98.0
                        ],
                        [
                            379.89,
                            101.54
                        ],
                        [
                            377.73,
                            105.27
                        ],
                        [
                            375.55,
                            109.12
                        ],
                        [
                            373.38,
                            113.06
                        ],
                        [
                            371.23,
                            117.06
                        ],
                        [
                            369.11,
                            121.07
                        ],
                        [
                            367.03,
                            125.08
                        ],
                        [
                            365.0,
                            129.0
                        ],
                        [
                            363.07,
                            132.72
                        ],
                        [
                            361.2,
                            136.33
                        ],
                        [
                            359.39,
                            139.88
                        ],
                        [
                            357.62,
                            143.38
                        ],
                        [
                            355.9,
                            146.85
                        ],
                        [
                            354.22,
                            150.28
                        ],
                        [
                            352.59,
                            153.66
                        ],
                        [
                            351.0,
                            157.0
                        ]
                    ],
                    true
                ],
                [
                    114,
                    115,
                    [
                        [
                            221,
                            64
                        ],
                        [
                            263,
                            64
                        ]
                    ],
                    true
                ],
                [
                    115,
                    116,
                    [
                        [
                            163,
                            64
                        ],
                        [
                            221,
                            64
                        ]
                    ],
                    true
                ],
                [
                    116,
                    117,
                    [
                        [
                            101,
                            64
                        ],
                        [
                            163,
                            64
                        ]
                    ],
                    true
                ],
                [
                    117,
                    118,
                    [
                        [
                            36,
                            64
                        ],
                        [
                            101,
                            64
                        ]
                    ],
                    true
                ],
                [
                    119,
                    120,
                    [
                        [
                            529,
                            64
                        ],
                        [
                            442,
                            64
                        ]
                    ],
                    true
                ],
                [
                    120,
                    121,
                    [
                        [
                            614,
                            64
                        ],
                        [
                            529,
                            64
                        ]
                    ],
                    true
                ],
                [
                    121,
                    122,
                    [
                        [
                            736.0,
                            154.0
                        ],
                        [
                            732.94,
                            154.05
                        ],
                        [
                            730.0,
                            154.09
                        ],
                        [
                            727.19,
                            154.12
                        ],
                        [
                            724.5,
                            154.12
                        ],
                        [
                            721.92,
                            154.11
                        ],
                        [
                            719.47,
                            154.07
                        ],
                        [
                            717.16,
                            154.03
                        ],
                        [
                            715.0,
                            154.0
                        ],
                        [
                            713.05,
                            154.01
                        ],
                        [
                            711.25,
                            154.02
                        ],
                        [
                            709.55,
                            154.0
                        ],
                        [
                            707.94,
                            153.94
                        ],
                        [
                            706.4,
                            153.82
                        ],
                        [
                            704.92,
                            153.63
                        ],
                        [
                            703.47,
                            153.36
                        ],
                        [
                            702.0,
                            153.0
                        ],
                        [
                            700.44,
                            152.51
                        ],
                        [
                            698.86,
                            151.9
                        ],
                        [
                            697.3,
                            151.2
                        ],
                        [
                            695.75,
                            150.38
                        ],
                        [
                            694.22,
                            149.41
                        ],
                        [
                            692.74,
                            148.35
                        ],
                        [
                            691.31,
                            147.19
                        ],
                        [
                            690.0,
                            146.0
                        ],
                        [
                            688.91,
                            144.89
                        ],
                        [
                            687.92,
                            143.71
                        ],
                        [
                            686.93,
                            142.33
                        ],
                        [
                            685.94,
                            140.75
                        ],
                        [
                            684.92,
                            139.0
                        ],
                        [
                            683.8,
                            136.88
                        ],
                        [
                            682.55,
                            134.32
                        ],
                        [
                            681.0,
                            131.0
                        ],
                        [
                            678.92,
                            126.37
                        ],
                        [
                            676.57,
                            121.05
                        ],
                        [
                            674.1,
                            115.44
                        ],
                        [
                            671.56,
                            109.62
                        ],
                        [
                            669.02,
                            103.81
                        ],
                        [
                            666.54,
                            98.15
                        ],
                        [
                            664.15,
                            92.76
                        ],
                        [
                            662.0,
                            88.0
                        ],
                        [
                            660.32,
                            84.46
                        ],
                        [
                            658.9,
                            81.63
                        ],
                        [
                            657.62,
                            79.23
                        ],
                        [
                            656.44,
                            77.19
                        ],
                        [
                            655.29,
                            75.32
                        ],
                        [
                            654.18,
                            73.67
                        ],
                        [
                            653.1,
                            72.26
                        ],
                        [
                            652.0,
                            71.0
                        ],
                        [
                            650.81,
                            69.81
                        ],
                        [
                            649.57,
                            68.74
                        ],
                        [
                            648.32,
                            67.8
                        ],
                        [
                            647.06,
                            67.0
                        ],
                        [
                            645.8,
                            66.34
                        ],
                        [
                            644.54,
                            65.8
                        ],
                        [
                            643.27,
                            65.36
                        ],
                        [
                            642.0,
                            65.0
                        ],
                        [
                            640.76,
                            64.69
                        ],
                        [
                            639.52,
                            64.45
                        ],
                        [
                            638.25,
                            64.26
                        ],
                        [
                            636.94,
                            64.12
                        ],
                        [
                            635.57,
                            64.05
                        ],
                        [
                            634.14,
                            64.02
                        ],
                        [
                            632.62,
                            64.01
                        ],
                        [
                            631.0,
                            64.0
                        ],
                        [
                            629.23,
                            63.96
                        ],
                        [
                            627.33,
                            63.92
                        ],
                        [
                            625.34,
                            63.89
                        ],
                        [
                            623.25,
                            63.88
                        ],
                        [
                            621.08,
                            63.88
                        ],
                        [
                            618.81,
                            63.91
                        ],
                        [
                            616.45,
                            63.95
                        ],
                        [
                            614.0,
                            64.0
                        ]
                    ],
                    true
                ],
                [
                    121,
                    127,
                    [
                        [
                            733,
                            64
                        ],
                        [
                            614,
                            64
                        ]
                    ],
                    true
                ],
                [
                    122,
                    123,
                    [
                        [
                            823,
                            154
                        ],
                        [
                            736,
                            154
                        ]
                    ],
                    true
                ],
                [
                    123,
                    124,
                    [
                        [
                            908,
                            154
                        ],
                        [
                            823,
                            154
                        ]
                    ],
                    true
                ],
                [
                    124,
                    125,
                    [
                        [
                            1000,
                            154
                        ],
                        [
                            908,
                            154
                        ]
                    ],
                    true
                ],
                [
                    125,
                    126,
                    [
                        [
                            1128,
                            154
                        ],
                        [
                            1000,
                            154
                        ]
                    ],
                    true
                ],
                [
                    127,
                    128,
                    [
                        [
                            819,
                            64
                        ],
                        [
                            733,
                            64
                        ]
                    ],
                    true
                ],
                [
                    128,
                    129,
                    [
                        [
                            900,
                            64
                        ],
                        [
                            819,
                            64
                        ]
                    ],
                    true
                ],
                [
                    129,
                    130,
                    [
                        [
                            975,
                            64
                        ],
                        [
                            900,
                            64
                        ]
                    ],
                    true
                ],
                [
                    130,
                    131,
                    [
                        [
                            1048,
                            64
                        ],
                        [
                            975,
                            64
                        ]
                    ],
                    true
                ],
                [
                    131,
                    132,
                    [
                        [
                            1127,
                            64
                        ],
                        [
                            1048,
                            64
                        ]
                    ],
                    true
                ],
                [
                    132,
                    133,
                    [
                        [
                            1187,
                            64
                        ],
                        [
                            1127,
                            64
                        ]
                    ],
                    true
                ],
                [
                    133,
                    134,
                    [
                        [
                            1240,
                            64
                        ],
                        [
                            1187,
                            64
                        ]
                    ],
                    true
                ]
            ],
            "stations": [
                {
                    "coord": [
                        38,
                        240
                    ],
                    "is_working": true,
                    "name": "Bank",
                    "rect": [
                        18,
                        250,
                        34,
                        15
                    ],
                    "text_id": 91,
                    "uid": 96
                },
                {
                    "coord": [
                        36,
                        155
                    ],
                    "is_working": true,
                    "name": "Tower Gateway",
                    "rect": [
                        11,
                        120,
                        56,
                        28
                    ],
                    "text_id": 93,
                    "uid": 97
                },
                {
                    "coord": [
                        158,
                        240
                    ],
                    "is_working": true,
                    "name": "Shadwell",
                    "rect": [
                        136,
                        216,
                        62,
                        15
                    ],
                    "text_id": 94,
                    "uid": 98
                },
                {
                    "coord": [
                        212,
                        240
                    ],
                    "is_working": true,
                    "name": "Limehouse",
                    "rect": [
                        184,
                        248,
                        65,
                        15
                    ],
                    "text_id": 95,
                    "uid": 99
                },
                {
                    "coord": [
                        262,
                        240
                    ],
                    "is_working": true,
                    "name": "Westferry",
                    "rect": [
                        227,
                        216,
                        68,
                        15
                    ],
                    "text_id": 96,
                    "uid": 100
                },
                {
                    "coord": [
                        443,
                        240
                    ],
                    "is_working": true,
                    "name": "West India Quay",
                    "rect": [
                        404,
                        248,
                        66,
                        28
                    ],
                    "text_id": 97,
                    "uid": 101
                },
                {
                    "coord": [
                        502,
                        240
                    ],
                    "is_working": true,
                    "name": "Canary Wharf",
                    "rect": [
                        476,
                        248,
                        51,
                        28
                    ],
                    "text_id": 98,
                    "uid": 102
                },
                {
                    "coord": [
                        554,
                        240
                    ],
                    "is_working": true,
                    "name": "Heron Quays",
                    "rect": [
                        534,
                        248,
                        43,
                        28
                    ],
                    "text_id": 99,
                    "uid": 103
                },
                {
                    "coord": [
                        607,
                        240
                    ],
                    "is_working": true,
                    "name": "South Quay",
                    "rect": [
                        588,
                        248,
                        41,
                        28
                    ],
                    "text_id": 100,
                    "uid": 104
                },
                {
                    "coord": [
                        687,
                        240
                    ],
                    "is_working": true,
                    "name": "Crossharbor&London Arena",
                    "rect": [
                        598,
                        207,
                        144,
                        28
                    ],
                    "text_id": 101,
                    "uid": 105
                },
                {
                    "coord": [
                        767,
                        240
                    ],
                    "is_working": true,
                    "name": "Mudchute",
                    "rect": [
                        735,
                        248,
                        64,
                        15
                    ],
                    "text_id": 102,
                    "uid": 106
                },
                {
                    "coord": [
                        847,
                        240
                    ],
                    "is_working": true,
                    "name": "Island Gardens",
                    "rect": [
                        816,
                        248,
                        56,
                        28
                    ],
                    "text_id": 103,
                    "uid": 107
                },
                {
                    "coord": [
                        927,
                        240
                    ],
                    "is_working": true,
                    "name": "Cutty Sark",
                    "rect": [
                        908,
                        249,
                        39,
                        28
                    ],
                    "text_id": 104,
                    "uid": 108
                },
                {
                    "coord": [
                        1007,
                        240
                    ],
                    "is_working": true,
                    "name": "Greenwich",
                    "rect": [
                        972,
                        249,
                        69,
                        15
                    ],
                    "text_id": 105,
                    "uid": 109
                },
                {
                    "coord": [
                        1087,
                        240
                    ],
                    "is_working": true,
                    "name": "Deptford Bridge",
                    "rect": [
                        1056,
                        249,
                        62,
                        28
                    ],
                    "text_id": 106,
                    "uid": 110
                },
                {
                    "coord": [
                        1167,
                        240
                    ],
                    "is_working": true,
                    "name": "Elverson Road",
                    "rect": [
                        1136,
                        249,
                        62,
                        28
                    ],
                    "text_id": 107,
                    "uid": 111
                },
                {
                    "coord": [
                        1247,
                        240
                    ],
                    "is_working": true,
                    "name": "Lewisham",
                    "rect": [
                        1218,
                        248,
                        60,
                        15
                    ],
                    "text_id": 108,
                    "uid": 112
                },
                {
                    "coord": [
                        351,
                        157
                    ],
                    "is_working": true,
                    "name": "Poplar",
                    "rect": [
                        291,
                        146,
                        46,
                        15
                    ],
                    "text_id": 109,
                    "uid": 113
                },
                {
                    "coord": [
                        263,
                        64
                    ],
                    "is_working": true,
                    "name": "All Saints",
                    "rect": [
                        245,
                        27,
                        41,
                        28
                    ],
                    "text_id": 110,
                    "uid": 114
                },
                {
                    "coord": [
                        221,
                        64
                    ],
                    "is_working": true,
                    "name": "Devons Road",
                    "rect": [
                        195,
                        73,
                        49,
                        28
                    ],
                    "text_id": 111,
                    "uid": 115
                },
                {
                    "coord": [
                        163,
                        64
                    ],
                    "is_working": true,
                    "name": "Bow Church",
                    "rect": [
                        137,
                        28,
                        50,
                        28
                    ],
                    "text_id": 112,
                    "uid": 116
                },
                {
                    "coord": [
                        101,
                        64
                    ],
                    "is_working": true,
                    "name": "Pudding Mill Lane",
                    "rect": [
                        74,
                        72,
                        58,
                        28
                    ],
                    "text_id": 113,
                    "uid": 117
                },
                {
                    "coord": [
                        36,
                        64
                    ],
                    "is_working": true,
                    "name": "Stratford",
                    "rect": [
                        11,
                        40,
                        67,
                        15
                    ],
                    "text_id": 114,
                    "uid": 118
                },
                {
                    "coord": [
                        442,
                        64
                    ],
                    "is_working": true,
                    "name": "Blackwall",
                    "rect": [
                        409,
                        41,
                        70,
                        15
                    ],
                    "text_id": 115,
                    "uid": 119
                },
                {
                    "coord": [
                        529,
                        64
                    ],
                    "is_working": true,
                    "name": "East India",
                    "rect": [
                        513,
                        28,
                        32,
                        28
                    ],
                    "text_id": 116,
                    "uid": 120
                },
                {
                    "coord": [
                        614,
                        64
                    ],
                    "is_working": true,
                    "name": "Canning Town",
                    "rect": [
                        586,
                        28,
                        55,
                        28
                    ],
                    "text_id": 117,
                    "uid": 121
                },
                {
                    "coord": [
                        736,
                        154
                    ],
                    "is_working": true,
                    "name": "West Silverstown",
                    "rect": [
                        706,
                        118,
                        79,
                        28
                    ],
                    "text_id": 118,
                    "uid": 122
                },
                {
                    "coord": [
                        823,
                        154
                    ],
                    "is_working": true,
                    "name": "Pontoon Dock",
                    "rect": [
                        800,
                        117,
                        57,
                        28
                    ],
                    "text_id": 119,
                    "uid": 123
                },
                {
                    "coord": [
                        908,
                        154
                    ],
                    "is_working": true,
                    "name": "London City Airport",
                    "rect": [
                        874,
                        118,
                        77,
                        28
                    ],
                    "text_id": 120,
                    "uid": 124
                },
                {
                    "coord": [
                        1000,
                        154
                    ],
                    "is_working": true,
                    "name": "King George V",
                    "rect": [
                        971,
                        117,
                        58,
                        28
                    ],
                    "text_id": 121,
                    "uid": 125
                },
                {
                    "coord": [
                        1128,
                        154
                    ],
                    "is_working": true,
                    "name": "Woolwich Arsenal",
                    "rect": [
                        1091,
                        116,
                        65,
                        28
                    ],
                    "text_id": 122,
                    "uid": 126
                },
                {
                    "coord": [
                        733,
                        64
                    ],
                    "is_working": true,
                    "name": "Royal Victoria",
                    "rect": [
                        705,
                        28,
                        53,
                        28
                    ],
                    "text_id": 123,
                    "uid": 127
                },
                {
                    "coord": [
                        819,
                        64
                    ],
                    "is_working": true,
                    "name": "Custom House",
                    "rect": [
                        795,
                        28,
                        50,
                        28
                    ],
                    "text_id": 124,
                    "uid": 128
                },
                {
                    "coord": [
                        900,
                        64
                    ],
                    "is_working": true,
                    "name": "Prince Regent",
                    "rect": [
                        878,
                        28,
                        46,
                        28
                    ],
                    "text_id": 125,
                    "uid": 129
                },
                {
                    "coord": [
                        975,
                        64
                    ],
                    "is_working": true,
                    "name": "Royal Albert",
                    "rect": [
                        956,
                        27,
                        45,
                        28
                    ],
                    "text_id": 126,
                    "uid": 130
                },
                {
                    "coord": [
                        1048,
                        64
                    ],
                    "is_working": true,
                    "name": "Beckton Park",
                    "rect": [
                        1018,
                        26,
                        57,
                        28
                    ],
                    "text_id": 127,
                    "uid": 131
                },
                {
                    "coord": [
                        1127,
                        64
                    ],
                    "is_working": true,
                    "name": "Cyprus",
                    "rect": [
                        1102,
                        39,
                        47,
                        15
                    ],
                    "text_id": 128,
                    "uid": 132
                },
                {
                    "coord": [
                        1187,
                        64
                    ],
                    "is_working": true,
                    "name": "Gallions Reach",
                    "rect": [
                        1159,
                        27,
                        58,
                        28
                    ],
                    "text_id": 129,
                    "uid": 133
                },
                {
                    "coord": [
                        1240,
                        64
                    ],
                    "is_working": true,
                    "name": "Beckton",
                    "rect": [
                        1229,
                        39,
                        55,
                        15
                    ],
                    "text_id": 130,
                    "uid": 134
                }
            ],
            "text_id": 131
        }
    ],
    "lines_width": 9,
    "name": "dlr",
    "name_text_id": 131,
    "stations_diameter": 15.0,
    "transfers": [],
    "transports": [
        "metro"
    ],
    "type_name": "Метро",
    "type_text_id": 321,
    "upper_case": true,
    "width": 1397,
    "word_wrap": true
}