{
    "default_transports": [
        "metro"
    ],
    "height": 511,
    "images": [
        "res/schemes/eastlondon.svg"
    ],
    "is_vector": true,
    "lines": [
        {
            "labels_bg_color": "-1",
            "labels_color": "000000",
            "line_color": "000000",
            "line_width": 9,
            "name": "East London",
            "segments": [
                [
                    273,
                    274,
                    [
                        [
                            162,
                            265
                        ],
                        [
                            38,
                            265
                        ]
                    ],
                    false
                ],
                [
                    274,
                    275,
                    [
                        [
                            310,
                            265
                        ],
                        [
                            162,
                            265
                        ]
                    ],
                    false
                ],
                [
                    275,
                    276,
                    [
                        [
                            457,
                            265
                        ],
                        [
                            310,
                            265
                        ]
                    ],
                    false
                ],
                [
                    276,
                    277,
                    [
                        [
                            604,
                            265
                        ],
                        [
                            457,
                            265
                        ]
                    ],
                    false
                ],
                [
                    277,
                    278,
                    [
                        [
                            751,
                            265
                        ],
                        [
                            604,
                            265
                        ]
                    ],
                    false
                ],
                [
                    278,
                    279,
                    [
                        [
                            898,
                            265
                        ],
                        [
                            751,
                            265
                        ]
                    ],
                    false
                ],
                [
                    279,
                    280,
                    [
                        [
                            1178,
                            265
                        ],
                        [
                            898,
                            265
                        ]
                    ],
                    false
                ],
                [
                    279,
                    281,
                    [
                        [
                            1179.0,
                            361.0
                        ],
                        [
                            1168.7,
                            361.11
                        ],
                        [
                            1159.06,
                            361.19
                        ],
                        [
                            1150.09,
                            361.24
                        ],
                        [
                            1141.75,
                            361.25
                        ],
                        [
                            1134.0,
                            361.22
                        ],
                        [
                            1126.92,
                            361.16
                        ],
                        [
                            1120.54,
                            361.07
                        ],
                        [
                            1115.0,
                            361.0
                        ],
                        [
                            1110.55,
                            360.99
                        ],
                        [
                            1106.86,
                            360.97
                        ],
                        [
                            1103.74,
                            360.91
                        ],
                        [
                            1101.06,
                            360.75
                        ],
                        [
                            1098.64,
                            360.41
                        ],
                        [
                            1096.51,
                            359.97
                        ],
                        [
                            1094.63,
                            359.46
                        ],
                        [
                            1093.0,
                            359.0
                        ],
                        [
                            1091.67,
                            358.84
                        ],
                        [
                            1090.39,
                            358.62
                        ],
                        [
                            1088.97,
                            358.07
                        ],
                        [
                            1087.38,
                            357.19
                        ],
                        [
                            1085.69,
                            356.02
                        ],
                        [
                            1083.46,
                            354.14
                        ],
                        [
                            1080.46,
                            351.36
                        ],
                        [
                            1076.0,
                            347.0
                        ],
                        [
                            1068.91,
                            339.86
                        ],
                        [
                            1060.45,
                            331.27
                        ],
                        [
                            1051.44,
                            322.07
                        ],
                        [
                            1042.06,
                            312.5
                        ],
                        [
                            1032.68,
                            302.93
                        ],
                        [
                            1023.64,
                            293.73
                        ],
                        [
                            1015.15,
                            285.14
                        ],
                        [
                            1008.0,
                            278.0
                        ],
                        [
                            1003.47,
                            273.62
                        ],
                        [
                            1000.39,
                            270.83
                        ],
                        [
                            998.05,
                            268.93
                        ],
                        [
                            996.25,
                            267.75
                        ],
                        [
                            994.52,
                            266.86
                        ],
                        [
                            992.95,
                            266.31
                        ],
                        [
                            991.51,
                            266.11
                        ],
                        [
                            990.0,
                            266.0
                        ],
                        [
                            988.19,
                            265.64
                        ],
                        [
                            986.12,
                            265.25
                        ],
                        [
                            983.77,
                            264.95
                        ],
                        [
                            981.12,
                            264.75
                        ],
                        [
                            978.19,
                            264.73
                        ],
                        [
                            974.79,
                            264.8
                        ],
                        [
                            970.79,
                            264.91
                        ],
                        [
                            966.0,
                            265.0
                        ],
                        [
                            960.07,
                            264.99
                        ],
                        [
                            953.27,
                            264.95
                        ],
                        [
                            945.74,
                            264.9
                        ],
                        [
                            937.5,
                            264.88
                        ],
                        [
                            928.65,
                            264.88
                        ],
                        [
                            919.12,
                            264.91
                        ],
                        [
                            908.91,
                            264.95
                        ],
                        [
                            898.0,
                            265.0
                        ]
                    ],
                    false
                ]
            ],
            "stations": [
                {
                    "coord": [
                        38,
                        265
                    ],
                    "is_working": false,
                    "name": "Shoreditch",
                    "rect": [
                        7,
                        241,
                        73,
                        15
                    ],
                    "text_id": 231,
                    "uid": 273
                },
                {
                    "coord": [
                        162,
                        265
                    ],
                    "is_working": false,
                    "name": "Whitechapel",
                    "rect": [
                        121,
                        243,
                        80,
                        15
                    ],
                    "text_id": 212,
                    "uid": 274
                },
                {
                    "coord": [
                        310,
                        265
                    ],
                    "is_working": false,
                    "name": "Shadwell",
                    "rect": [
                        280,
                        242,
                        62,
                        15
                    ],
                    "text_id": 94,
                    "uid": 275
                },
                {
                    "coord": [
                        457,
                        265
                    ],
                    "is_working": false,
                    "name": "Wapping",
                    "rect": [
                        432,
                        241,
                        53,
                        15
                    ],
                    "text_id": 232,
                    "uid": 276
                },
                {
                    "coord": [
                        604,
                        265
                    ],
                    "is_working": false,
                    "name": "Rotherhithe",
                    "rect": [
                        567,
                        241,
                        79,
                        15
                    ],
                    "text_id": 233,
                    "uid": 277
                },
                {
                    "coord": [
                        751,
                        265
                    ],
                    "is_working": false,
                    "name": "Canada Water",
                    "rect": [
                        728,
                        228,
                        52,
                        28
                    ],
                    "text_id": 234,
                    "uid": 278
                },
                {
                    "coord": [
                        898,
                        265
                    ],
                    "is_working": false,
                    "name": "Surrey Quays",
                    "rect": [
                        873,
                        230,
                        49,
                        28
                    ],
                    "text_id": 235,
                    "uid": 279
                },
                {
                    "coord": [
                        1178,
                        265
                    ],
                    "is_working": false,
                    "name": "New Cross",
                    "rect": [
                        1153,
                        228,
                        40,
                        28
                    ],
                    "text_id": 236,
                    "uid": 280
                },
                {
                    "coord": [
                        1179,
                        361
                    ],
                    "is_working": false,
                    "name": "New Cross Gate",
                    "rect": [
                        1136,
                        325,
                        72,
                        28
                    ],
                    "text_id": 237,
                    "uid": 281
                }
            ],
            "text_id": 238
        }
    ],
    "lines_width": 9,
    "name": "eastlondon",
    "name_text_id": 238,
    "stations_diameter": 15.0,
    "transfers": [],
    "transports": [
        "metro"
    ],
    "type_name": "Метро",
    "type_text_id": 321,
    "upper_case": true,
    "width": 1329,
    "word_wrap": true
}