{
    "default_transports": [
        "metro"
    ],
    "height": 432,
    "images": [
        "res/schemes/jubilee.svg"
    ],
    "is_vector": true,
    "lines": [
        {
            "labels_bg_color": "-1",
            "labels_color": "000000",
            "line_color": "737373",
            "line_width": 9,
            "name": "Jubilee",
            "segments": [
                [
                    311,
                    312,
                    [
                        [
                            2222,
                            282
                        ],
                        [
                            2281,
                            282
                        ]
                    ],
                    true
                ],
                [
                    312,
                    313,
                    [
                        [
                            2142,
                            282
                        ],
                        [
                            2222,
                            282
                        ]
                    ],
                    true
                ],
                [
                    313,
                    314,
                    [
                        [
                            2098,
                            282
                        ],
                        [
                            2142,
                            282
                        ]
                    ],
                    true
                ],
                [
                    314,
                    315,
                    [
                        [
                            2024,
                            282
                        ],
                        [
                            2098,
                            282
                        ]
                    ],
                    true
                ],
                [
                    315,
                    316,
                    [
                        [
                            1941,
                            282
                        ],
                        [
                            2024,
                            282
                        ]
                    ],
                    true
                ],
                [
                    316,
                    317,
                    [
                        [
                            1879,
                            282
                        ],
                        [
                            1941,
                            282
                        ]
                    ],
                    true
                ],
                [
                    317,
                    318,
                    [
                        [
                            1819,
                            282
                        ],
                        [
                            1879,
                            282
                        ]
                    ],
                    true
                ],
                [
                    318,
                    319,
                    [
                        [
                            1761,
                            282
                        ],
                        [
                            1819,
                            282
                        ]
                    ],
                    true
                ],
                [
                    319,
                    320,
                    [
                        [
                            1671,
                            282
                        ],
                        [
                            1761,
                            282
                        ]
                    ],
                    true
                ],
                [
                    320,
                    321,
                    [
                        [
                            1574,
                            282
                        ],
                        [
                            1671,
                            282
                        ]
                    ],
                    true
                ],
                [
                    321,
                    322,
                    [
                        [
                            1486,
                            282
                        ],
                        [
                            1574,
                            282
                        ]
                    ],
                    true
                ],
                [
                    322,
                    323,
                    [
                        [
                            1430,
                            282
                        ],
                        [
                            1486,
                            282
                        ]
                    ],
                    true
                ],
                [
                    323,
                    324,
                    [
                        [
                            1327,
                            282
                        ],
                        [
                            1430,
                            282
                        ]
                    ],
                    true
                ],
                [
                    324,
                    325,
                    [
                        [
                            1224,
                            282
                        ],
                        [
                            1327,
                            282
                        ]
                    ],
                    true
                ],
                [
                    325,
                    326,
                    [
                        [
                            1128,
                            282
                        ],
                        [
                            1224,
                            282
                        ]
                    ],
                    true
                ],
                [
                    326,
                    327,
                    [
                        [
                            1026,
                            282
                        ],
                        [
                            1128,
                            282
                        ]
                    ],
                    true
                ],
                [
                    327,
                    328,
                    [
                        [
                            910,
                            282
                        ],
                        [
                            1026,
                            282
                        ]
                    ],
                    true
                ],
                [
                    328,
                    329,
                    [
                        [
                            802,
                            282
                        ],
                        [
                            910,
                            282
                        ]
                    ],
                    true
                ],
                [
                    329,
                    330,
                    [
                        [
                            705,
                            282
                        ],
                        [
                            802,
                            282
                        ]
                    ],
                    true
                ],
                [
                    330,
                    331,
                    [
                        [
                            606,
                            282
                        ],
                        [
                            705,
                            282
                        ]
                    ],
                    true
                ],
                [
                    331,
                    332,
                    [
                        [
                            518,
                            282
                        ],
                        [
                            606,
                            282
                        ]
                    ],
                    true
                ],
                [
                    332,
                    333,
                    [
                        [
                            421,
                            282
                        ],
                        [
                            518,
                            282
                        ]
                    ],
                    true
                ],
                [
                    333,
                    334,
                    [
                        [
                            331,
                            282
                        ],
                        [
                            421,
                            282
                        ]
                    ],
                    true
                ],
                [
                    334,
                    335,
                    [
                        [
                            238,
                            282
                        ],
                        [
                            331,
                            282
                        ]
                    ],
                    true
                ],
                [
                    335,
                    336,
                    [
                        [
                            141,
                            282
                        ],
                        [
                            238,
                            282
                        ]
                    ],
                    true
                ],
                [
                    336,
                    337,
                    [
                        [
                            44,
                            282
                        ],
                        [
                            141,
                            282
                        ]
                    ],
                    true
                ]
            ],
            "stations": [
                {
                    "coord": [
                        2281,
                        282
                    ],
                    "is_working": true,
                    "name": "Stanmore",
                    "rect": [
                        2254,
                        292,
                        63,
                        15
                    ],
                    "text_id": 246,
                    "uid": 311
                },
                {
                    "coord": [
                        2222,
                        282
                    ],
                    "is_working": true,
                    "name": "Canons Park",
                    "rect": [
                        2195,
                        246,
                        51,
                        28
                    ],
                    "text_id": 247,
                    "uid": 312
                },
                {
                    "coord": [
                        2142,
                        282
                    ],
                    "is_working": true,
                    "name": "Queensbury",
                    "rect": [
                        2105,
                        292,
                        78,
                        15
                    ],
                    "text_id": 248,
                    "uid": 313
                },
                {
                    "coord": [
                        2098,
                        282
                    ],
                    "is_working": true,
                    "name": "Kingsbury",
                    "rect": [
                        2065,
                        257,
                        67,
                        15
                    ],
                    "text_id": 249,
                    "uid": 314
                },
                {
                    "coord": [
                        2024,
                        282
                    ],
                    "is_working": true,
                    "name": "Wembley Park",
                    "rect": [
                        1994,
                        246,
                        58,
                        28
                    ],
                    "text_id": 250,
                    "uid": 315
                },
                {
                    "coord": [
                        1941,
                        282
                    ],
                    "is_working": true,
                    "name": "Neasden",
                    "rect": [
                        1915,
                        257,
                        55,
                        15
                    ],
                    "text_id": 251,
                    "uid": 316
                },
                {
                    "coord": [
                        1879,
                        282
                    ],
                    "is_working": true,
                    "name": "Dollis Hill",
                    "rect": [
                        1857,
                        292,
                        42,
                        28
                    ],
                    "text_id": 252,
                    "uid": 317
                },
                {
                    "coord": [
                        1819,
                        282
                    ],
                    "is_working": true,
                    "name": "Willesden Green",
                    "rect": [
                        1784,
                        245,
                        66,
                        28
                    ],
                    "text_id": 253,
                    "uid": 318
                },
                {
                    "coord": [
                        1761,
                        282
                    ],
                    "is_working": true,
                    "name": "Kilburn",
                    "rect": [
                        1737,
                        291,
                        51,
                        15
                    ],
                    "text_id": 254,
                    "uid": 319
                },
                {
                    "coord": [
                        1671,
                        282
                    ],
                    "is_working": true,
                    "name": "West Hampstead",
                    "rect": [
                        1633,
                        246,
                        70,
                        28
                    ],
                    "text_id": 255,
                    "uid": 320
                },
                {
                    "coord": [
                        1574,
                        282
                    ],
                    "is_working": true,
                    "name": "Finchley Road",
                    "rect": [
                        1546,
                        246,
                        57,
                        28
                    ],
                    "text_id": 256,
                    "uid": 321
                },
                {
                    "coord": [
                        1486,
                        282
                    ],
                    "is_working": true,
                    "name": "Swiss Cottage",
                    "rect": [
                        1462,
                        246,
                        53,
                        28
                    ],
                    "text_id": 257,
                    "uid": 322
                },
                {
                    "coord": [
                        1430,
                        282
                    ],
                    "is_working": true,
                    "name": "St. John's Wood",
                    "rect": [
                        1378,
                        291,
                        78,
                        28
                    ],
                    "text_id": 258,
                    "uid": 323
                },
                {
                    "coord": [
                        1327,
                        282
                    ],
                    "is_working": true,
                    "name": "Baker Street",
                    "rect": [
                        1306,
                        245,
                        43,
                        28
                    ],
                    "text_id": 16,
                    "uid": 324
                },
                {
                    "coord": [
                        1224,
                        282
                    ],
                    "is_working": true,
                    "name": "Bond Street",
                    "rect": [
                        1196,
                        245,
                        43,
                        28
                    ],
                    "text_id": 150,
                    "uid": 325
                },
                {
                    "coord": [
                        1128,
                        282
                    ],
                    "is_working": true,
                    "name": "Green Park",
                    "rect": [
                        1103,
                        246,
                        42,
                        28
                    ],
                    "text_id": 43,
                    "uid": 326
                },
                {
                    "coord": [
                        1026,
                        282
                    ],
                    "is_working": true,
                    "name": "Westminster",
                    "rect": [
                        986,
                        258,
                        80,
                        15
                    ],
                    "text_id": 190,
                    "uid": 327
                },
                {
                    "coord": [
                        910,
                        282
                    ],
                    "is_working": true,
                    "name": "Waterloo",
                    "rect": [
                        875,
                        257,
                        63,
                        15
                    ],
                    "text_id": 22,
                    "uid": 328
                },
                {
                    "coord": [
                        802,
                        282
                    ],
                    "is_working": true,
                    "name": "Southwark",
                    "rect": [
                        764,
                        258,
                        73,
                        15
                    ],
                    "text_id": 259,
                    "uid": 329
                },
                {
                    "coord": [
                        705,
                        282
                    ],
                    "is_working": true,
                    "name": "London Bridge",
                    "rect": [
                        679,
                        245,
                        50,
                        28
                    ],
                    "text_id": 260,
                    "uid": 330
                },
                {
                    "coord": [
                        606,
                        282
                    ],
                    "is_working": true,
                    "name": "Bermondsey",
                    "rect": [
                        564,
                        258,
                        79,
                        15
                    ],
                    "text_id": 261,
                    "uid": 331
                },
                {
                    "coord": [
                        518,
                        282
                    ],
                    "is_working": true,
                    "name": "Canada Water",
                    "rect": [
                        493,
                        247,
                        52,
                        28
                    ],
                    "text_id": 234,
                    "uid": 332
                },
                {
                    "coord": [
                        421,
                        282
                    ],
                    "is_working": true,
                    "name": "Canary Wharf",
                    "rect": [
                        396,
                        242,
                        51,
                        28
                    ],
                    "text_id": 98,
                    "uid": 333
                },
                {
                    "coord": [
                        331,
                        282
                    ],
                    "is_working": true,
                    "name": "North Greenwich",
                    "rect": [
                        296,
                        245,
                        69,
                        28
                    ],
                    "text_id": 262,
                    "uid": 334
                },
                {
                    "coord": [
                        238,
                        282
                    ],
                    "is_working": true,
                    "name": "Canning Town",
                    "rect": [
                        209,
                        246,
                        55,
                        28
                    ],
                    "text_id": 117,
                    "uid": 335
                },
                {
                    "coord": [
                        141,
                        282
                    ],
                    "is_working": true,
                    "name": "West Ham",
                    "rect": [
                        121,
                        246,
                        34,
                        28
                    ],
                    "text_id": 208,
                    "uid": 336
                },
                {
                    "coord": [
                        44,
                        282
                    ],
                    "is_working": true,
                    "name": "Stratford",
                    "rect": [
                        12,
                        258,
                        67,
                        15
                    ],
                    "text_id": 114,
                    "uid": 337
                }
            ],
            "text_id": 263
        }
    ],
    "lines_width": 9,
    "name": "jubilee",
    "name_text_id": 263,
    "stations_diameter": 15.0,
    "transfers": [],
    "transports": [
        "metro"
    ],
    "type_name": "Метро",
    "type_text_id": 321,
    "upper_case": true,
    "width": 2431,
    "word_wrap": true
}