{
    "default_transports": [
        "metro"
    ],
    "height": 601,
    "images": [
        "res/schemes/metropolitan.svg"
    ],
    "is_vector": true,
    "lines": [
        {
            "labels_bg_color": "-1",
            "labels_color": "630039",
            "line_color": "630039",
            "line_width": 9,
            "name": "Metropolitan",
            "segments": [
                [
                    338,
                    339,
                    [
                        [
                            2575,
                            390
                        ],
                        [
                            2668,
                            390
                        ]
                    ],
                    true
                ],
                [
                    339,
                    340,
                    [
                        [
                            2466,
                            390
                        ],
                        [
                            2575,
                            390
                        ]
                    ],
                    true
                ],
                [
                    340,
                    341,
                    [
                        [
                            2377,
                            390
                        ],
                        [
                            2466,
                            390
                        ]
                    ],
                    true
                ],
                [
                    341,
                    342,
                    [
                        [
                            2280,
                            390
                        ],
                        [
                            2377,
                            390
                        ]
                    ],
                    true
                ],
                [
                    342,
                    343,
                    [
                        [
                            2151,
                            390
                        ],
                        [
                            2280,
                            390
                        ]
                    ],
                    true
                ],
                [
                    343,
                    344,
                    [
                        [
                            2039,
                            390
                        ],
                        [
                            2151,
                            390
                        ]
                    ],
                    true
                ],
                [
                    344,
                    345,
                    [
                        [
                            1918,
                            390
                        ],
                        [
                            2039,
                            390
                        ]
                    ],
                    true
                ],
                [
                    345,
                    346,
                    [
                        [
                            1803,
                            390
                        ],
                        [
                            1918,
                            390
                        ]
                    ],
                    true
                ],
                [
                    346,
                    347,
                    [
                        [
                            1691,
                            390
                        ],
                        [
                            1803,
                            390
                        ]
                    ],
                    true
                ],
                [
                    347,
                    348,
                    [
                        [
                            1446,
                            390
                        ],
                        [
                            1691,
                            390
                        ]
                    ],
                    true
                ],
                [
                    348,
                    349,
                    [
                        [
                            1349,
                            390
                        ],
                        [
                            1446,
                            390
                        ]
                    ],
                    true
                ],
                [
                    349,
                    350,
                    [
                        [
                            1272,
                            390
                        ],
                        [
                            1349,
                            390
                        ]
                    ],
                    true
                ],
                [
                    350,
                    351,
                    [
                        [
                            1147,
                            390
                        ],
                        [
                            1272,
                            390
                        ]
                    ],
                    true
                ],
                [
                    351,
                    352,
                    [
                        [
                            978.0,
                            327.0
                        ],
                        [
                            982.15,
                            326.95
                        ],
                        [
                            986.22,
                            326.91
                        ],
                        [
                            990.21,
                            326.88
                        ],
                        [
                            994.12,
                            326.88
                        ],
                        [
                            997.94,
                            326.89
                        ],
                        [
                            1001.69,
                            326.91
                        ],
                        [
                            1005.36,
                            326.95
                        ],
                        [
                            1009.0,
                            327.0
                        ],
                        [
                            1012.65,
                            327.04
                        ],
                        [
                            1016.25,
                            327.09
                        ],
                        [
                            1019.74,
                            327.15
                        ],
                        [
                            1023.12,
                            327.25
                        ],
                        [
                            1026.39,
                            327.38
                        ],
                        [
                            1029.48,
                            327.55
                        ],
                        [
                            1032.38,
                            327.76
                        ],
                        [
                            1035.0,
                            328.0
                        ],
                        [
                            1037.18,
                            328.26
                        ],
                        [
                            1039.08,
                            328.57
                        ],
                        [
                            1040.79,
                            328.93
                        ],
                        [
                            1042.38,
                            329.38
                        ],
                        [
                            1043.91,
                            329.93
                        ],
                        [
                            1045.37,
                            330.56
                        ],
                        [
                            1046.74,
                            331.27
                        ],
                        [
                            1048.0,
                            332.0
                        ],
                        [
                            1049.07,
                            332.65
                        ],
                        [
                            1050.1,
                            333.38
                        ],
                        [
                            1051.22,
                            334.28
                        ],
                        [
                            1052.44,
                            335.38
                        ],
                        [
                            1053.74,
                            336.61
                        ],
                        [
                            1055.34,
                            338.2
                        ],
                        [
                            1057.32,
                            340.22
                        ],
                        [
                            1060.0,
                            343.0
                        ],
                        [
                            1063.92,
                            347.1
                        ],
                        [
                            1068.5,
                            351.89
                        ],
                        [
                            1073.39,
                            356.96
                        ],
                        [
                            1078.5,
                            362.19
                        ],
                        [
                            1083.67,
                            367.4
                        ],
                        [
                            1088.75,
                            372.4
                        ],
                        [
                            1093.64,
                            377.07
                        ],
                        [
                            1098.0,
                            381.0
                        ],
                        [
                            1101.24,
                            383.52
                        ],
                        [
                            1103.91,
                            385.23
                        ],
                        [
                            1106.32,
                            386.46
                        ],
                        [
                            1108.56,
                            387.31
                        ],
                        [
                            1110.82,
                            387.99
                        ],
                        [
                            1113.11,
                            388.46
                        ],
                        [
                            1115.44,
                            388.75
                        ],
                        [
                            1118.0,
                            389.0
                        ],
                        [
                            1121.01,
                            389.41
                        ],
                        [
                            1124.3,
                            389.82
                        ],
                        [
                            1127.76,
                            390.14
                        ],
                        [
                            1131.38,
                            390.38
                        ],
                        [
                            1135.08,
                            390.45
                        ],
                        [
                            1138.91,
                            390.41
                        ],
                        [
                            1142.88,
                            390.26
                        ],
                        [
                            1147.0,
                            390.0
                        ]
                    ],
                    true
                ],
                [
                    351,
                    365,
                    [
                        [
                            1061.0,
                            435.0
                        ],
                        [
                            1066.79,
                            428.5
                        ],
                        [
                            1072.28,
                            422.5
                        ],
                        [
                            1077.47,
                            417.01
                        ],
                        [
                            1082.38,
                            412.0
                        ],
                        [
                            1087.04,
                            407.44
                        ],
                        [
                            1091.39,
                            403.39
                        ],
                        [
                            1095.42,
                            399.88
                        ],
                        [
                            1099.0,
                            397.0
                        ],
                        [
                            1101.95,
                            394.94
                        ],
                        [
                            1104.51,
                            393.45
                        ],
                        [
                            1106.86,
                            392.38
                        ],
                        [
                            1109.06,
                            391.69
                        ],
                        [
                            1111.19,
                            391.28
                        ],
                        [
                            1113.33,
                            391.08
                        ],
                        [
                            1115.55,
                            391.04
                        ],
                        [
                            1118.0,
                            391.0
                        ],
                        [
                            1120.95,
                            390.72
                        ],
                        [
                            1124.2,
                            390.39
                        ],
                        [
                            1127.64,
                            390.1
                        ],
                        [
                            1131.25,
                            389.88
                        ],
                        [
                            1134.96,
                            389.78
                        ],
                        [
                            1138.81,
                            389.78
                        ],
                        [
                            1142.83,
                            389.85
                        ],
                        [
                            1147.0,
                            390.0
                        ]
                    ],
                    true
                ],
                [
                    352,
                    353,
                    [
                        [
                            900,
                            327
                        ],
                        [
                            978,
                            327
                        ]
                    ],
                    true
                ],
                [
                    353,
                    354,
                    [
                        [
                            760,
                            327
                        ],
                        [
                            900,
                            327
                        ]
                    ],
                    true
                ],
                [
                    354,
                    355,
                    [
                        [
                            620,
                            327
                        ],
                        [
                            760,
                            327
                        ]
                    ],
                    true
                ],
                [
                    355,
                    356,
                    [
                        [
                            481,
                            327
                        ],
                        [
                            620,
                            327
                        ]
                    ],
                    true
                ],
                [
                    356,
                    357,
                    [
                        [
                            373,
                            327
                        ],
                        [
                            481,
                            327
                        ]
                    ],
                    true
                ],
                [
                    356,
                    361,
                    [
                        [
                            398.0,
                            286.0
                        ],
                        [
                            403.0,
                            291.31
                        ],
                        [
                            407.75,
                            296.25
                        ],
                        [
                            412.24,
                            300.81
                        ],
                        [
                            416.5,
                            305.0
                        ],
                        [
                            420.57,
                            308.85
                        ],
                        [
                            424.38,
                            312.32
                        ],
                        [
                            427.89,
                            315.39
                        ],
                        [
                            431.0,
                            318.0
                        ],
                        [
                            433.48,
                            320.04
                        ],
                        [
                            435.62,
                            321.65
                        ],
                        [
                            437.61,
                            322.94
                        ],
                        [
                            439.5,
                            323.94
                        ],
                        [
                            441.39,
                            324.69
                        ],
                        [
                            443.38,
                            325.25
                        ],
                        [
                            445.52,
                            325.66
                        ],
                        [
                            448.0,
                            326.0
                        ],
                        [
                            451.11,
                            326.43
                        ],
                        [
                            454.62,
                            326.84
                        ],
                        [
                            458.43,
                            327.16
                        ],
                        [
                            462.5,
                            327.38
                        ],
                        [
                            466.76,
                            327.45
                        ],
                        [
                            471.25,
                            327.41
                        ],
                        [
                            476.0,
                            327.26
                        ],
                        [
                            481.0,
                            327.0
                        ]
                    ],
                    true
                ],
                [
                    357,
                    358,
                    [
                        [
                            293,
                            327
                        ],
                        [
                            373,
                            327
                        ]
                    ],
                    true
                ],
                [
                    358,
                    359,
                    [
                        [
                            215,
                            327
                        ],
                        [
                            293,
                            327
                        ]
                    ],
                    true
                ],
                [
                    359,
                    360,
                    [
                        [
                            41,
                            327
                        ],
                        [
                            215,
                            327
                        ]
                    ],
                    true
                ],
                [
                    361,
                    362,
                    [
                        [
                            322.0,
                            260.0
                        ],
                        [
                            326.68,
                            259.89
                        ],
                        [
                            331.09,
                            259.81
                        ],
                        [
                            335.24,
                            259.76
                        ],
                        [
                            339.12,
                            259.75
                        ],
                        [
                            342.78,
                            259.77
                        ],
                        [
                            346.16,
                            259.83
                        ],
                        [
                            349.26,
                            259.91
                        ],
                        [
                            352.0,
                            260.0
                        ],
                        [
                            354.26,
                            260.08
                        ],
                        [
                            356.21,
                            260.17
                        ],
                        [
                            357.94,
                            260.31
                        ],
                        [
                            359.5,
                            260.5
                        ],
                        [
                            360.94,
                            260.76
                        ],
                        [
                            362.3,
                            261.09
                        ],
                        [
                            363.63,
                            261.5
                        ],
                        [
                            365.0,
                            262.0
                        ],
                        [
                            366.55,
                            262.62
                        ],
                        [
                            368.2,
                            263.35
                        ],
                        [
                            369.89,
                            264.19
                        ],
                        [
                            371.62,
                            265.12
                        ],
                        [
                            373.37,
                            266.17
                        ],
                        [
                            375.17,
                            267.32
                        ],
                        [
                            377.04,
                            268.59
                        ],
                        [
                            379.0,
                            270.0
                        ],
                        [
                            381.08,
                            271.55
                        ],
                        [
                            383.27,
                            273.24
                        ],
                        [
                            385.53,
                            275.06
                        ],
                        [
                            387.88,
                            277.0
                        ],
                        [
                            390.29,
                            279.06
                        ],
                        [
                            392.78,
                            281.25
                        ],
                        [
                            395.35,
                            283.56
                        ],
                        [
                            398.0,
                            286.0
                        ]
                    ],
                    true
                ],
                [
                    363,
                    364,
                    [
                        [
                            42.0,
                            260.0
                        ],
                        [
                            48.36,
                            259.89
                        ],
                        [
                            54.44,
                            259.81
                        ],
                        [
                            60.23,
                            259.76
                        ],
                        [
                            65.75,
                            259.75
                        ],
                        [
                            71.02,
                            259.78
                        ],
                        [
                            75.99,
                            259.83
                        ],
                        [
                            80.67,
                            259.91
                        ],
                        [
                            85.0,
                            260.0
                        ],
                        [
                            88.88,
                            260.06
                        ],
                        [
                            92.45,
                            260.14
                        ],
                        [
                            95.77,
                            260.26
                        ],
                        [
                            98.88,
                            260.44
                        ],
                        [
                            101.82,
                            260.69
                        ],
                        [
                            104.63,
                            261.03
                        ],
                        [
                            107.33,
                            261.46
                        ],
                        [
                            110.0,
                            262.0
                        ],
                        [
                            112.73,
                            262.69
                        ],
                        [
                            115.46,
                            263.5
                        ],
                        [
                            118.16,
                            264.45
                        ],
                        [
                            120.81,
                            265.5
                        ],
                        [
                            123.4,
                            266.63
                        ],
                        [
                            125.95,
                            267.91
                        ],
                        [
                            128.48,
                            269.34
                        ],
                        [
                            131.0,
                            271.0
                        ],
                        [
                            133.53,
                            273.04
                        ],
                        [
                            136.05,
                            275.28
                        ],
                        [
                            138.55,
                            277.61
                        ],
                        [
                            141.06,
                            280.0
                        ],
                        [
                            143.6,
                            282.38
                        ],
                        [
                            146.13,
                            284.71
                        ],
                        [
                            148.62,
                            286.96
                        ],
                        [
                            151.0,
                            289.0
                        ],
                        [
                            153.11,
                            290.68
                        ],
                        [
                            155.15,
                            292.13
                        ],
                        [
                            157.27,
                            293.42
                        ],
                        [
                            159.5,
                            294.56
                        ],
                        [
                            161.92,
                            295.61
                        ],
                        [
                            164.59,
                            296.54
                        ],
                        [
                            167.57,
                            297.33
                        ],
                        [
                            171.0,
                            298.0
                        ],
                        [
                            175.08,
                            298.56
                        ],
                        [
                            179.66,
                            299.0
                        ],
                        [
                            184.63,
                            299.31
                        ],
                        [
                            190.0,
                            299.5
                        ],
                        [
                            195.69,
                            299.56
                        ],
                        [
                            201.75,
                            299.5
                        ],
                        [
                            208.19,
                            299.31
                        ],
                        [
                            215.0,
                            299.0
                        ]
                    ],
                    true
                ],
                [
                    365,
                    366,
                    [
                        [
                            972.0,
                            451.0
                        ],
                        [
                            977.23,
                            451.05
                        ],
                        [
                            982.28,
                            451.09
                        ],
                        [
                            987.16,
                            451.12
                        ],
                        [
                            991.88,
                            451.12
                        ],
                        [
                            996.41,
                            451.11
                        ],
                        [
                            1000.78,
                            451.08
                        ],
                        [
                            1004.98,
                            451.04
                        ],
                        [
                            1009.0,
                            451.0
                        ],
                        [
                            1012.85,
                            450.99
                        ],
                        [
                            1016.53,
                            450.98
                        ],
                        [
                            1020.04,
                            450.95
                        ],
                        [
                            1023.38,
                            450.88
                        ],
                        [
                            1026.55,
                            450.76
                        ],
                        [
                            1029.56,
                            450.59
                        ],
                        [
                            1032.38,
                            450.34
                        ],
                        [
                            1035.0,
                            450.0
                        ],
                        [
                            1037.36,
                            449.51
                        ],
                        [
                            1039.54,
                            448.91
                        ],
                        [
                            1041.56,
                            448.24
                        ],
                        [
                            1043.44,
                            447.5
                        ],
                        [
                            1045.2,
                            446.7
                        ],
                        [
                            1046.87,
                            445.85
                        ],
                        [
                            1048.46,
                            444.95
                        ],
                        [
                            1050.0,
                            444.0
                        ],
                        [
                            1051.56,
                            443.03
                        ],
                        [
                            1053.1,
                            442.02
                        ],
                        [
                            1054.58,
                            440.97
                        ],
                        [
                            1056.0,
                            439.88
                        ],
                        [
                            1057.35,
                            438.73
                        ],
                        [
                            1058.62,
                            437.53
                        ],
                        [
                            1059.84,
                            436.29
                        ],
                        [
                            1061.0,
                            435.0
                        ]
                    ],
                    true
                ],
                [
                    366,
                    367,
                    [
                        [
                            888,
                            451
                        ],
                        [
                            972,
                            451
                        ]
                    ],
                    true
                ],
                [
                    367,
                    368,
                    [
                        [
                            818,
                            451
                        ],
                        [
                            888,
                            451
                        ]
                    ],
                    true
                ],
                [
                    368,
                    369,
                    [
                        [
                            749,
                            451
                        ],
                        [
                            818,
                            451
                        ]
                    ],
                    true
                ],
                [
                    369,
                    370,
                    [
                        [
                            681,
                            451
                        ],
                        [
                            749,
                            451
                        ]
                    ],
                    true
                ],
                [
                    370,
                    371,
                    [
                        [
                            611,
                            451
                        ],
                        [
                            681,
                            451
                        ]
                    ],
                    true
                ],
                [
                    371,
                    372,
                    [
                        [
                            542,
                            451
                        ],
                        [
                            611,
                            451
                        ]
                    ],
                    true
                ]
            ],
            "stations": [
                {
                    "coord": [
                        2668,
                        390
                    ],
                    "is_working": true,
                    "name": "Aldgate",
                    "rect": [
                        2641,
                        362,
                        53,
                        15
                    ],
                    "text_id": 183,
                    "uid": 338
                },
                {
                    "coord": [
                        2575,
                        390
                    ],
                    "is_working": true,
                    "name": "Liverpool Street",
                    "rect": [
                        2541,
                        351,
                        64,
                        28
                    ],
                    "text_id": 154,
                    "uid": 339
                },
                {
                    "coord": [
                        2466,
                        390
                    ],
                    "is_working": true,
                    "name": "Moorgate",
                    "rect": [
                        2438,
                        364,
                        64,
                        15
                    ],
                    "text_id": 182,
                    "uid": 340
                },
                {
                    "coord": [
                        2377,
                        390
                    ],
                    "is_working": true,
                    "name": "Barbican",
                    "rect": [
                        2348,
                        365,
                        61,
                        15
                    ],
                    "text_id": 181,
                    "uid": 341
                },
                {
                    "coord": [
                        2280,
                        390
                    ],
                    "is_working": true,
                    "name": "Farringdon",
                    "rect": [
                        2248,
                        365,
                        75,
                        15
                    ],
                    "text_id": 180,
                    "uid": 342
                },
                {
                    "coord": [
                        2151,
                        390
                    ],
                    "is_working": true,
                    "name": "King's Cross St.Pancras",
                    "rect": [
                        2098,
                        350,
                        113,
                        28
                    ],
                    "text_id": 38,
                    "uid": 343
                },
                {
                    "coord": [
                        2039,
                        390
                    ],
                    "is_working": true,
                    "name": "Euston Square",
                    "rect": [
                        2017,
                        352,
                        48,
                        28
                    ],
                    "text_id": 179,
                    "uid": 344
                },
                {
                    "coord": [
                        1918,
                        390
                    ],
                    "is_working": true,
                    "name": "Great Portland Street",
                    "rect": [
                        1860,
                        352,
                        105,
                        28
                    ],
                    "text_id": 178,
                    "uid": 345
                },
                {
                    "coord": [
                        1803,
                        390
                    ],
                    "is_working": true,
                    "name": "Baker Street",
                    "rect": [
                        1782,
                        353,
                        43,
                        28
                    ],
                    "text_id": 16,
                    "uid": 346
                },
                {
                    "coord": [
                        1691,
                        390
                    ],
                    "is_working": true,
                    "name": "Finchley Road",
                    "rect": [
                        1662,
                        352,
                        57,
                        28
                    ],
                    "text_id": 256,
                    "uid": 347
                },
                {
                    "coord": [
                        1446,
                        390
                    ],
                    "is_working": true,
                    "name": "Wembley Park",
                    "rect": [
                        1411,
                        352,
                        58,
                        28
                    ],
                    "text_id": 250,
                    "uid": 348
                },
                {
                    "coord": [
                        1349,
                        390
                    ],
                    "is_working": true,
                    "name": "Preston Road",
                    "rect": [
                        1321,
                        351,
                        55,
                        28
                    ],
                    "text_id": 264,
                    "uid": 349
                },
                {
                    "coord": [
                        1272,
                        390
                    ],
                    "is_working": true,
                    "name": "Northwick Park",
                    "rect": [
                        1238,
                        399,
                        71,
                        28
                    ],
                    "text_id": 265,
                    "uid": 350
                },
                {
                    "coord": [
                        1147,
                        390
                    ],
                    "is_working": true,
                    "name": "Harrow-on-the-Hill",
                    "rect": [
                        1119,
                        365,
                        121,
                        15
                    ],
                    "text_id": 266,
                    "uid": 351
                },
                {
                    "coord": [
                        978,
                        327
                    ],
                    "is_working": true,
                    "name": "North Harrow",
                    "rect": [
                        952,
                        290,
                        52,
                        28
                    ],
                    "text_id": 267,
                    "uid": 352
                },
                {
                    "coord": [
                        900,
                        327
                    ],
                    "is_working": true,
                    "name": "Pinner",
                    "rect": [
                        879,
                        337,
                        43,
                        15
                    ],
                    "text_id": 268,
                    "uid": 353
                },
                {
                    "coord": [
                        760,
                        327
                    ],
                    "is_working": true,
                    "name": "Northwood Hills",
                    "rect": [
                        718,
                        290,
                        76,
                        28
                    ],
                    "text_id": 269,
                    "uid": 354
                },
                {
                    "coord": [
                        620,
                        327
                    ],
                    "is_working": true,
                    "name": "Northwood",
                    "rect": [
                        581,
                        337,
                        74,
                        15
                    ],
                    "text_id": 270,
                    "uid": 355
                },
                {
                    "coord": [
                        481,
                        327
                    ],
                    "is_working": true,
                    "name": "Moor Park",
                    "rect": [
                        463,
                        291,
                        37,
                        28
                    ],
                    "text_id": 271,
                    "uid": 356
                },
                {
                    "coord": [
                        373,
                        327
                    ],
                    "is_working": true,
                    "name": "Rickmansworth",
                    "rect": [
                        325,
                        336,
                        101,
                        15
                    ],
                    "text_id": 272,
                    "uid": 357
                },
                {
                    "coord": [
                        293,
                        327
                    ],
                    "is_working": true,
                    "name": "Chorleywood",
                    "rect": [
                        251,
                        303,
                        88,
                        15
                    ],
                    "text_id": 273,
                    "uid": 358
                },
                {
                    "coord": [
                        215,
                        327
                    ],
                    "is_working": true,
                    "name": "Chalfont & Latimer II",
                    "rect": [
                        185,
                        258,
                        62,
                        28
                    ],
                    "text_id": 274,
                    "uid": 359
                },
                {
                    "coord": [
                        41,
                        327
                    ],
                    "is_working": true,
                    "name": "Amersham",
                    "rect": [
                        10,
                        302,
                        66,
                        15
                    ],
                    "text_id": 275,
                    "uid": 360
                },
                {
                    "coord": [
                        398,
                        286
                    ],
                    "is_working": true,
                    "name": "Croxley",
                    "rect": [
                        405,
                        264,
                        53,
                        15
                    ],
                    "text_id": 276,
                    "uid": 361
                },
                {
                    "coord": [
                        322,
                        260
                    ],
                    "is_working": true,
                    "name": "Watford",
                    "rect": [
                        293,
                        236,
                        56,
                        15
                    ],
                    "text_id": 277,
                    "uid": 362
                },
                {
                    "coord": [
                        215,
                        299
                    ],
                    "is_working": true,
                    "name": "Chalfont & Latimer I",
                    "rect": [
                        185,
                        258,
                        62,
                        28
                    ],
                    "text_id": 274,
                    "uid": 363
                },
                {
                    "coord": [
                        42,
                        260
                    ],
                    "is_working": true,
                    "name": "Chesham",
                    "rect": [
                        15,
                        234,
                        57,
                        15
                    ],
                    "text_id": 278,
                    "uid": 364
                },
                {
                    "coord": [
                        1061,
                        435
                    ],
                    "is_working": true,
                    "name": "West Harrow",
                    "rect": [
                        1069,
                        440,
                        52,
                        28
                    ],
                    "text_id": 279,
                    "uid": 365
                },
                {
                    "coord": [
                        972,
                        451
                    ],
                    "is_working": true,
                    "name": "Rayners Lane",
                    "rect": [
                        937,
                        414,
                        57,
                        28
                    ],
                    "text_id": 60,
                    "uid": 366
                },
                {
                    "coord": [
                        888,
                        451
                    ],
                    "is_working": true,
                    "name": "Eastcote",
                    "rect": [
                        859,
                        460,
                        59,
                        15
                    ],
                    "text_id": 61,
                    "uid": 367
                },
                {
                    "coord": [
                        818,
                        451
                    ],
                    "is_working": true,
                    "name": "Ruislip Manor",
                    "rect": [
                        799,
                        414,
                        46,
                        28
                    ],
                    "text_id": 62,
                    "uid": 368
                },
                {
                    "coord": [
                        749,
                        451
                    ],
                    "is_working": true,
                    "name": "Ruislip",
                    "rect": [
                        728,
                        460,
                        44,
                        15
                    ],
                    "text_id": 63,
                    "uid": 369
                },
                {
                    "coord": [
                        681,
                        451
                    ],
                    "is_working": true,
                    "name": "Ickenham",
                    "rect": [
                        653,
                        426,
                        61,
                        15
                    ],
                    "text_id": 64,
                    "uid": 370
                },
                {
                    "coord": [
                        611,
                        451
                    ],
                    "is_working": true,
                    "name": "Hillingdon",
                    "rect": [
                        577,
                        460,
                        68,
                        15
                    ],
                    "text_id": 65,
                    "uid": 371
                },
                {
                    "coord": [
                        542,
                        451
                    ],
                    "is_working": true,
                    "name": "Uxbridge",
                    "rect": [
                        513,
                        426,
                        59,
                        15
                    ],
                    "text_id": 66,
                    "uid": 372
                }
            ],
            "text_id": 280
        }
    ],
    "lines_width": 9,
    "name": "metropolitan",
    "name_text_id": 280,
    "stations_diameter": 15.0,
    "transfers": [
        [
            359,
            363,
            [
                215,
                327
            ],
            [
                215,
                299
            ]
        ]
    ],
    "transports": [
        "metro"
    ],
    "type_name": "Метро",
    "type_text_id": 321,
    "upper_case": true,
    "width": 2818,
    "word_wrap": true
}