{
    "default_transports": [
        "metro"
    ],
    "height": 510,
    "images": [
        "res/schemes/northern.svg"
    ],
    "is_vector": true,
    "lines": [
        {
            "labels_bg_color": "-1",
            "labels_color": "000000",
            "line_color": "202020",
            "line_width": 9,
            "name": "Northern",
            "segments": [
                [
                    373,
                    374,
                    [
                        [
                            142,
                            241
                        ],
                        [
                            48,
                            241
                        ]
                    ],
                    true
                ],
                [
                    374,
                    375,
                    [
                        [
                            205,
                            241
                        ],
                        [
                            142,
                            241
                        ]
                    ],
                    true
                ],
                [
                    375,
                    376,
                    [
                        [
                            283,
                            241
                        ],
                        [
                            205,
                            241
                        ]
                    ],
                    true
                ],
                [
                    376,
                    377,
                    [
                        [
                            386,
                            241
                        ],
                        [
                            283,
                            241
                        ]
                    ],
                    true
                ],
                [
                    377,
                    378,
                    [
                        [
                            454,
                            241
                        ],
                        [
                            386,
                            241
                        ]
                    ],
                    true
                ],
                [
                    377,
                    383,
                    [
                        [
                            284.0,
                            269.0
                        ],
                        [
                            289.84,
                            269.24
                        ],
                        [
                            295.38,
                            269.34
                        ],
                        [
                            300.59,
                            269.3
                        ],
                        [
                            305.5,
                            269.12
                        ],
                        [
                            310.14,
                            268.82
                        ],
                        [
                            314.45,
                            268.38
                        ],
                        [
                            318.43,
                            267.78
                        ],
                        [
                            322.0,
                            267.0
                        ],
                        [
                            325.04,
                            265.99
                        ],
                        [
                            327.71,
                            264.81
                        ],
                        [
                            330.12,
                            263.52
                        ],
                        [
                            332.31,
                            262.12
                        ],
                        [
                            334.37,
                            260.67
                        ],
                        [
                            336.31,
                            259.16
                        ],
                        [
                            338.17,
                            257.6
                        ],
                        [
                            340.0,
                            256.0
                        ],
                        [
                            341.89,
                            254.36
                        ],
                        [
                            343.81,
                            252.71
                        ],
                        [
                            345.78,
                            251.09
                        ],
                        [
                            347.81,
                            249.5
                        ],
                        [
                            349.89,
                            247.96
                        ],
                        [
                            352.08,
                            246.51
                        ],
                        [
                            354.43,
                            245.17
                        ],
                        [
                            357.0,
                            244.0
                        ],
                        [
                            359.91,
                            243.09
                        ],
                        [
                            363.07,
                            242.37
                        ],
                        [
                            366.44,
                            241.8
                        ],
                        [
                            370.0,
                            241.38
                        ],
                        [
                            373.72,
                            241.07
                        ],
                        [
                            377.62,
                            240.91
                        ],
                        [
                            381.72,
                            240.88
                        ],
                        [
                            386.0,
                            241.0
                        ]
                    ],
                    true
                ],
                [
                    378,
                    379,
                    [
                        [
                            501,
                            241
                        ],
                        [
                            454,
                            241
                        ]
                    ],
                    true
                ],
                [
                    379,
                    380,
                    [
                        [
                            549,
                            241
                        ],
                        [
                            501,
                            241
                        ]
                    ],
                    true
                ],
                [
                    380,
                    381,
                    [
                        [
                            595,
                            241
                        ],
                        [
                            549,
                            241
                        ]
                    ],
                    true
                ],
                [
                    381,
                    382,
                    [
                        [
                            643,
                            241
                        ],
                        [
                            595,
                            241
                        ]
                    ],
                    true
                ],
                [
                    382,
                    393,
                    [
                        [
                            737.0,
                            297.0
                        ],
                        [
                            733.7,
                            297.02
                        ],
                        [
                            730.41,
                            296.81
                        ],
                        [
                            727.13,
                            296.39
                        ],
                        [
                            723.88,
                            295.75
                        ],
                        [
                            720.64,
                            294.92
                        ],
                        [
                            717.41,
                            293.86
                        ],
                        [
                            714.2,
                            292.57
                        ],
                        [
                            711.0,
                            291.0
                        ],
                        [
                            707.8,
                            289.07
                        ],
                        [
                            704.62,
                            286.89
                        ],
                        [
                            701.46,
                            284.52
                        ],
                        [
                            698.31,
                            282.0
                        ],
                        [
                            695.19,
                            279.38
                        ],
                        [
                            692.1,
                            276.67
                        ],
                        [
                            689.04,
                            273.87
                        ],
                        [
                            686.0,
                            271.0
                        ],
                        [
                            683.0,
                            268.05
                        ],
                        [
                            680.02,
                            265.08
                        ],
                        [
                            677.09,
                            262.14
                        ],
                        [
                            674.19,
                            259.25
                        ],
                        [
                            671.32,
                            256.43
                        ],
                        [
                            668.5,
                            253.75
                        ],
                        [
                            665.73,
                            251.24
                        ],
                        [
                            663.0,
                            249.0
                        ],
                        [
                            660.33,
                            247.16
                        ],
                        [
                            657.71,
                            245.62
                        ],
                        [
                            655.15,
                            244.32
                        ],
                        [
                            652.62,
                            243.25
                        ],
                        [
                            650.15,
                            242.36
                        ],
                        [
                            647.72,
                            241.69
                        ],
                        [
                            645.34,
                            241.23
                        ],
                        [
                            643.0,
                            241.0
                        ]
                    ],
                    true
                ],
                [
                    384,
                    385,
                    [
                        [
                            173,
                            360
                        ],
                        [
                            48,
                            360
                        ]
                    ],
                    true
                ],
                [
                    385,
                    386,
                    [
                        [
                            298,
                            360
                        ],
                        [
                            173,
                            360
                        ]
                    ],
                    true
                ],
                [
                    386,
                    387,
                    [
                        [
                            420,
                            360
                        ],
                        [
                            298,
                            360
                        ]
                    ],
                    true
                ],
                [
                    387,
                    388,
                    [
                        [
                            463,
                            360
                        ],
                        [
                            420,
                            360
                        ]
                    ],
                    true
                ],
                [
                    388,
                    389,
                    [
                        [
                            506,
                            360
                        ],
                        [
                            463,
                            360
                        ]
                    ],
                    true
                ],
                [
                    389,
                    390,
                    [
                        [
                            549,
                            360
                        ],
                        [
                            506,
                            360
                        ]
                    ],
                    true
                ],
                [
                    390,
                    391,
                    [
                        [
                            594,
                            360
                        ],
                        [
                            549,
                            360
                        ]
                    ],
                    true
                ],
                [
                    391,
                    392,
                    [
                        [
                            640,
                            360
                        ],
                        [
                            594,
                            360
                        ]
                    ],
                    true
                ],
                [
                    392,
                    393,
                    [
                        [
                            737.0,
                            297.0
                        ],
                        [
                            733.7,
                            297.36
                        ],
                        [
                            730.41,
                            297.94
                        ],
                        [
                            727.13,
                            298.74
                        ],
                        [
                            723.88,
                            299.75
                        ],
                        [
                            720.63,
                            300.96
                        ],
                        [
                            717.39,
                            302.39
                        ],
                        [
                            714.18,
                            304.06
                        ],
                        [
                            711.0,
                            306.0
                        ],
                        [
                            707.87,
                            308.29
                        ],
                        [
                            704.76,
                            310.82
                        ],
                        [
                            701.66,
                            313.55
                        ],
                        [
                            698.56,
                            316.44
                        ],
                        [
                            695.48,
                            319.41
                        ],
                        [
                            692.37,
                            322.49
                        ],
                        [
                            689.23,
                            325.68
                        ],
                        [
                            686.0,
                            329.0
                        ],
                        [
                            682.59,
                            332.52
                        ],
                        [
                            679.1,
                            336.11
                        ],
                        [
                            675.6,
                            339.65
                        ],
                        [
                            672.12,
                            343.12
                        ],
                        [
                            668.7,
                            346.48
                        ],
                        [
                            665.35,
                            349.62
                        ],
                        [
                            662.1,
                            352.51
                        ],
                        [
                            659.0,
                            355.0
                        ],
                        [
                            656.14,
                            356.88
                        ],
                        [
                            653.46,
                            358.31
                        ],
                        [
                            650.92,
                            359.39
                        ],
                        [
                            648.5,
                            360.12
                        ],
                        [
                            646.19,
                            360.58
                        ],
                        [
                            644.0,
                            360.72
                        ],
                        [
                            641.94,
                            360.52
                        ],
                        [
                            640.0,
                            360.0
                        ]
                    ],
                    true
                ],
                [
                    393,
                    394,
                    [
                        [
                            804.0,
                            311.0
                        ],
                        [
                            801.3,
                            311.09
                        ],
                        [
                            798.69,
                            311.12
                        ],
                        [
                            796.17,
                            311.09
                        ],
                        [
                            793.75,
                            311.0
                        ],
                        [
                            791.41,
                            310.85
                        ],
                        [
                            789.17,
                            310.64
                        ],
                        [
                            787.02,
                            310.36
                        ],
                        [
                            785.0,
                            310.0
                        ],
                        [
                            783.13,
                            309.55
                        ],
                        [
                            781.36,
                            309.02
                        ],
                        [
                            779.68,
                            308.44
                        ],
                        [
                            778.06,
                            307.81
                        ],
                        [
                            776.48,
                            307.16
                        ],
                        [
                            774.93,
                            306.47
                        ],
                        [
                            773.44,
                            305.75
                        ],
                        [
                            772.0,
                            305.0
                        ],
                        [
                            770.66,
                            304.21
                        ],
                        [
                            769.35,
                            303.41
                        ],
                        [
                            768.01,
                            302.6
                        ],
                        [
                            766.62,
                            301.81
                        ],
                        [
                            765.17,
                            301.04
                        ],
                        [
                            763.61,
                            300.3
                        ],
                        [
                            761.91,
                            299.61
                        ],
                        [
                            760.0,
                            299.0
                        ],
                        [
                            757.78,
                            298.51
                        ],
                        [
                            755.33,
                            298.11
                        ],
                        [
                            752.69,
                            297.77
                        ],
                        [
                            749.88,
                            297.5
                        ],
                        [
                            746.91,
                            297.28
                        ],
                        [
                            743.78,
                            297.12
                        ],
                        [
                            740.48,
                            297.03
                        ],
                        [
                            737.0,
                            297.0
                        ]
                    ],
                    true
                ],
                [
                    393,
                    403,
                    [
                        [
                            898.0,
                            283.0
                        ],
                        [
                            881.91,
                            282.95
                        ],
                        [
                            867.03,
                            282.91
                        ],
                        [
                            853.37,
                            282.88
                        ],
                        [
                            840.88,
                            282.88
                        ],
                        [
                            829.44,
                            282.89
                        ],
                        [
                            819.25,
                            282.91
                        ],
                        [
                            810.35,
                            282.95
                        ],
                        [
                            803.0,
                            283.0
                        ],
                        [
                            797.7,
                            283.04
                        ],
                        [
                            793.81,
                            283.09
                        ],
                        [
                            790.92,
                            283.16
                        ],
                        [
                            788.88,
                            283.25
                        ],
                        [
                            787.46,
                            283.38
                        ],
                        [
                            786.48,
                            283.54
                        ],
                        [
                            785.8,
                            283.74
                        ],
                        [
                            785.0,
                            284.0
                        ],
                        [
                            783.48,
                            284.33
                        ],
                        [
                            781.7,
                            284.71
                        ],
                        [
                            779.91,
                            285.15
                        ],
                        [
                            778.12,
                            285.62
                        ],
                        [
                            776.51,
                            286.13
                        ],
                        [
                            774.97,
                            286.69
                        ],
                        [
                            773.45,
                            287.3
                        ],
                        [
                            772.0,
                            288.0
                        ],
                        [
                            770.66,
                            288.84
                        ],
                        [
                            769.34,
                            289.75
                        ],
                        [
                            768.01,
                            290.68
                        ],
                        [
                            766.62,
                            291.62
                        ],
                        [
                            765.17,
                            292.55
                        ],
                        [
                            763.61,
                            293.44
                        ],
                        [
                            761.91,
                            294.27
                        ],
                        [
                            760.0,
                            295.0
                        ],
                        [
                            757.78,
                            295.56
                        ],
                        [
                            755.33,
                            296.0
                        ],
                        [
                            752.69,
                            296.35
                        ],
                        [
                            749.88,
                            296.62
                        ],
                        [
                            746.91,
                            296.83
                        ],
                        [
                            743.78,
                            296.97
                        ],
                        [
                            740.48,
                            297.02
                        ],
                        [
                            737.0,
                            297.0
                        ]
                    ],
                    true
                ],
                [
                    394,
                    395,
                    [
                        [
                            898,
                            311
                        ],
                        [
                            804,
                            311
                        ]
                    ],
                    true
                ],
                [
                    395,
                    396,
                    [
                        [
                            1120.0,
                            360.0
                        ],
                        [
                            1105.55,
                            360.05
                        ],
                        [
                            1092.09,
                            360.09
                        ],
                        [
                            1079.63,
                            360.12
                        ],
                        [
                            1068.12,
                            360.12
                        ],
                        [
                            1057.5,
                            360.11
                        ],
                        [
                            1047.88,
                            360.08
                        ],
                        [
                            1039.32,
                            360.04
                        ],
                        [
                            1032.0,
                            360.0
                        ],
                        [
                            1026.3,
                            359.99
                        ],
                        [
                            1021.74,
                            359.98
                        ],
                        [
                            1018.01,
                            359.95
                        ],
                        [
                            1015.0,
                            359.88
                        ],
                        [
                            1012.53,
                            359.74
                        ],
                        [
                            1010.47,
                            359.56
                        ],
                        [
                            1008.72,
                            359.31
                        ],
                        [
                            1007.0,
                            359.0
                        ],
                        [
                            1004.89,
                            358.62
                        ],
                        [
                            1002.68,
                            358.16
                        ],
                        [
                            1000.53,
                            357.6
                        ],
                        [
                            998.44,
                            356.94
                        ],
                        [
                            996.51,
                            356.18
                        ],
                        [
                            994.65,
                            355.29
                        ],
                        [
                            992.82,
                            354.24
                        ],
                        [
                            991.0,
                            353.0
                        ],
                        [
                            989.18,
                            351.47
                        ],
                        [
                            987.35,
                            349.75
                        ],
                        [
                            985.49,
                            347.87
                        ],
                        [
                            983.56,
                            345.88
                        ],
                        [
                            981.55,
                            343.81
                        ],
                        [
                            979.46,
                            341.66
                        ],
                        [
                            977.27,
                            339.39
                        ],
                        [
                            975.0,
                            337.0
                        ],
                        [
                            972.7,
                            334.4
                        ],
                        [
                            970.26,
                            331.72
                        ],
                        [
                            967.62,
                            329.03
                        ],
                        [
                            964.75,
                            326.38
                        ],
                        [
                            961.61,
                            323.78
                        ],
                        [
                            958.15,
                            321.32
                        ],
                        [
                            954.31,
                            319.02
                        ],
                        [
                            950.0,
                            317.0
                        ],
                        [
                            945.06,
                            315.41
                        ],
                        [
                            939.6,
                            314.12
                        ],
                        [
                            933.7,
                            313.07
                        ],
                        [
                            927.38,
                            312.25
                        ],
                        [
                            920.66,
                            311.61
                        ],
                        [
                            913.53,
                            311.19
                        ],
                        [
                            905.98,
                            310.98
                        ],
                        [
                            898.0,
                            311.0
                        ]
                    ],
                    true
                ],
                [
                    396,
                    397,
                    [
                        [
                            1202,
                            360
                        ],
                        [
                            1120,
                            360
                        ]
                    ],
                    true
                ],
                [
                    397,
                    398,
                    [
                        [
                            1283,
                            360
                        ],
                        [
                            1202,
                            360
                        ]
                    ],
                    true
                ],
                [
                    398,
                    399,
                    [
                        [
                            1408,
                            360
                        ],
                        [
                            1283,
                            360
                        ]
                    ],
                    true
                ],
                [
                    399,
                    400,
                    [
                        [
                            1594,
                            360
                        ],
                        [
                            1408,
                            360
                        ]
                    ],
                    true
                ],
                [
                    400,
                    401,
                    [
                        [
                            1700,
                            360
                        ],
                        [
                            1594,
                            360
                        ]
                    ],
                    true
                ],
                [
                    401,
                    402,
                    [
                        [
                            1812,
                            360
                        ],
                        [
                            1700,
                            360
                        ]
                    ],
                    true
                ],
                [
                    402,
                    412,
                    [
                        [
                            2026.0,
                            297.0
                        ],
                        [
                            2018.84,
                            296.78
                        ],
                        [
                            2011.97,
                            296.88
                        ],
                        [
                            2005.4,
                            297.29
                        ],
                        [
                            1999.12,
                            298.0
                        ],
                        [
                            1993.12,
                            298.98
                        ],
                        [
                            1987.43,
                            300.28
                        ],
                        [
                            1982.04,
                            301.92
                        ],
                        [
                            1977.0,
                            304.0
                        ],
                        [
                            1972.39,
                            306.68
                        ],
                        [
                            1968.11,
                            309.75
                        ],
                        [
                            1964.09,
                            313.07
                        ],
                        [
                            1960.31,
                            316.56
                        ],
                        [
                            1956.74,
                            320.16
                        ],
                        [
                            1953.35,
                            323.8
                        ],
                        [
                            1950.12,
                            327.45
                        ],
                        [
                            1947.0,
                            331.0
                        ],
                        [
                            1943.93,
                            334.31
                        ],
                        [
                            1940.93,
                            337.45
                        ],
                        [
                            1938.05,
                            340.45
                        ],
                        [
                            1935.25,
                            343.31
                        ],
                        [
                            1932.54,
                            346.08
                        ],
                        [
                            1929.92,
                            348.66
                        ],
                        [
                            1927.4,
                            351.0
                        ],
                        [
                            1925.0,
                            353.0
                        ],
                        [
                            1922.81,
                            354.5
                        ],
                        [
                            1920.7,
                            355.66
                        ],
                        [
                            1918.62,
                            356.58
                        ],
                        [
                            1916.5,
                            357.31
                        ],
                        [
                            1914.28,
                            357.91
                        ],
                        [
                            1911.97,
                            358.37
                        ],
                        [
                            1909.55,
                            358.72
                        ],
                        [
                            1907.0,
                            359.0
                        ],
                        [
                            1904.35,
                            359.29
                        ],
                        [
                            1901.5,
                            359.54
                        ],
                        [
                            1898.37,
                            359.73
                        ],
                        [
                            1894.94,
                            359.88
                        ],
                        [
                            1891.17,
                            359.95
                        ],
                        [
                            1886.97,
                            359.98
                        ],
                        [
                            1882.29,
                            359.99
                        ],
                        [
                            1877.0,
                            360.0
                        ],
                        [
                            1870.89,
                            360.04
                        ],
                        [
                            1864.12,
                            360.08
                        ],
                        [
                            1856.78,
                            360.11
                        ],
                        [
                            1848.88,
                            360.12
                        ],
                        [
                            1840.47,
                            360.12
                        ],
                        [
                            1831.53,
                            360.09
                        ],
                        [
                            1822.04,
                            360.05
                        ],
                        [
                            1812.0,
                            360.0
                        ]
                    ],
                    true
                ],
                [
                    403,
                    404,
                    [
                        [
                            1034.0,
                            235.0
                        ],
                        [
                            1030.02,
                            234.85
                        ],
                        [
                            1026.22,
                            234.78
                        ],
                        [
                            1022.59,
                            234.79
                        ],
                        [
                            1019.12,
                            234.88
                        ],
                        [
                            1015.81,
                            235.05
                        ],
                        [
                            1012.68,
                            235.3
                        ],
                        [
                            1009.73,
                            235.62
                        ],
                        [
                            1007.0,
                            236.0
                        ],
                        [
                            1004.58,
                            236.4
                        ],
                        [
                            1002.36,
                            236.86
                        ],
                        [
                            1000.28,
                            237.41
                        ],
                        [
                            998.31,
                            238.06
                        ],
                        [
                            996.42,
                            238.82
                        ],
                        [
                            994.58,
                            239.71
                        ],
                        [
                            992.78,
                            240.76
                        ],
                        [
                            991.0,
                            242.0
                        ],
                        [
                            989.19,
                            243.53
                        ],
                        [
                            987.36,
                            245.25
                        ],
                        [
                            985.49,
                            247.13
                        ],
                        [
                            983.56,
                            249.12
                        ],
                        [
                            981.55,
                            251.18
                        ],
                        [
                            979.46,
                            253.34
                        ],
                        [
                            977.27,
                            255.6
                        ],
                        [
                            975.0,
                            258.0
                        ],
                        [
                            972.7,
                            260.61
                        ],
                        [
                            970.26,
                            263.32
                        ],
                        [
                            967.62,
                            266.02
                        ],
                        [
                            964.75,
                            268.69
                        ],
                        [
                            961.61,
                            271.28
                        ],
                        [
                            958.15,
                            273.74
                        ],
                        [
                            954.31,
                            276.01
                        ],
                        [
                            950.0,
                            278.0
                        ],
                        [
                            945.06,
                            279.53
                        ],
                        [
                            939.6,
                            280.73
                        ],
                        [
                            933.7,
                            281.67
                        ],
                        [
                            927.38,
                            282.38
                        ],
                        [
                            920.66,
                            282.88
                        ],
                        [
                            913.53,
                            283.16
                        ],
                        [
                            905.98,
                            283.2
                        ],
                        [
                            898.0,
                            283.0
                        ]
                    ],
                    true
                ],
                [
                    404,
                    405,
                    [
                        [
                            1162,
                            235
                        ],
                        [
                            1034,
                            235
                        ]
                    ],
                    true
                ],
                [
                    405,
                    406,
                    [
                        [
                            1246,
                            235
                        ],
                        [
                            1162,
                            235
                        ]
                    ],
                    true
                ],
                [
                    406,
                    407,
                    [
                        [
                            1369,
                            235
                        ],
                        [
                            1246,
                            235
                        ]
                    ],
                    true
                ],
                [
                    407,
                    408,
                    [
                        [
                            1516,
                            235
                        ],
                        [
                            1369,
                            235
                        ]
                    ],
                    true
                ],
                [
                    408,
                    409,
                    [
                        [
                            1632,
                            235
                        ],
                        [
                            1516,
                            235
                        ]
                    ],
                    true
                ],
                [
                    409,
                    410,
                    [
                        [
                            1756,
                            235
                        ],
                        [
                            1632,
                            235
                        ]
                    ],
                    true
                ],
                [
                    410,
                    411,
                    [
                        [
                            1877,
                            235
                        ],
                        [
                            1756,
                            235
                        ]
                    ],
                    true
                ],
                [
                    411,
                    412,
                    [
                        [
                            2026.0,
                            297.0
                        ],
                        [
                            2018.84,
                            297.11
                        ],
                        [
                            2011.97,
                            296.94
                        ],
                        [
                            2005.4,
                            296.48
                        ],
                        [
                            1999.12,
                            295.75
                        ],
                        [
                            1993.13,
                            294.78
                        ],
                        [
                            1987.43,
                            293.53
                        ],
                        [
                            1982.04,
                            291.96
                        ],
                        [
                            1977.0,
                            290.0
                        ],
                        [
                            1972.37,
                            287.49
                        ],
                        [
                            1968.07,
                            284.63
                        ],
                        [
                            1964.04,
                            281.55
                        ],
                        [
                            1960.25,
                            278.31
                        ],
                        [
                            1956.67,
                            274.98
                        ],
                        [
                            1953.28,
                            271.62
                        ],
                        [
                            1950.07,
                            268.25
                        ],
                        [
                            1947.0,
                            265.0
                        ],
                        [
                            1944.04,
                            262.01
                        ],
                        [
                            1941.19,
                            259.2
                        ],
                        [
                            1938.45,
                            256.51
                        ],
                        [
                            1935.81,
                            253.94
                        ],
                        [
                            1933.25,
                            251.45
                        ],
                        [
                            1930.77,
                            249.1
                        ],
                        [
                            1928.35,
                            246.93
                        ],
                        [
                            1926.0,
                            245.0
                        ],
                        [
                            1923.76,
                            243.41
                        ],
                        [
                            1921.55,
                            242.06
                        ],
                        [
                            1919.32,
                            240.89
                        ],
                        [
                            1917.06,
                            239.88
                        ],
                        [
                            1914.75,
                            238.99
                        ],
                        [
                            1912.32,
                            238.23
                        ],
                        [
                            1909.77,
                            237.58
                        ],
                        [
                            1907.0,
                            237.0
                        ],
                        [
                            1903.91,
                            236.45
                        ],
                        [
                            1900.58,
                            235.96
                        ],
                        [
                            1897.07,
                            235.56
                        ],
                        [
                            1893.38,
                            235.25
                        ],
                        [
                            1889.54,
                            235.05
                        ],
                        [
                            1885.53,
                            234.94
                        ],
                        [
                            1881.35,
                            234.92
                        ],
                        [
                            1877.0,
                            235.0
                        ]
                    ],
                    true
                ],
                [
                    412,
                    413,
                    [
                        [
                            2073,
                            297
                        ],
                        [
                            2026,
                            297
                        ]
                    ],
                    true
                ],
                [
                    413,
                    414,
                    [
                        [
                            2142,
                            297
                        ],
                        [
                            2073,
                            297
                        ]
                    ],
                    true
                ],
                [
                    414,
                    415,
                    [
                        [
                            2242,
                            297
                        ],
                        [
                            2142,
                            297
                        ]
                    ],
                    true
                ],
                [
                    415,
                    416,
                    [
                        [
                            2324,
                            297
                        ],
                        [
                            2242,
                            297
                        ]
                    ],
                    true
                ],
                [
                    416,
                    417,
                    [
                        [
                            2370,
                            297
                        ],
                        [
                            2324,
                            297
                        ]
                    ],
                    true
                ],
                [
                    417,
                    418,
                    [
                        [
                            2427,
                            297
                        ],
                        [
                            2370,
                            297
                        ]
                    ],
                    true
                ],
                [
                    418,
                    419,
                    [
                        [
                            2484,
                            297
                        ],
                        [
                            2427,
                            297
                        ]
                    ],
                    true
                ],
                [
                    419,
                    420,
                    [
                        [
                            2542,
                            297
                        ],
                        [
                            2484,
                            297
                        ]
                    ],
                    true
                ],
                [
                    420,
                    421,
                    [
                        [
                            2597,
                            297
                        ],
                        [
                            2542,
                            297
                        ]
                    ],
                    true
                ],
                [
                    421,
                    422,
                    [
                        [
                            2655,
                            297
                        ],
                        [
                            2597,
                            297
                        ]
                    ],
                    true
                ],
                [
                    422,
                    423,
                    [
                        [
                            2717,
                            297
                        ],
                        [
                            2655,
                            297
                        ]
                    ],
                    true
                ]
            ],
            "stations": [
                {
                    "coord": [
                        48,
                        241
                    ],
                    "is_working": true,
                    "name": "High Barnet",
                    "rect": [
                        23,
                        250,
                        47,
                        28
                    ],
                    "text_id": 281,
                    "uid": 373
                },
                {
                    "coord": [
                        142,
                        241
                    ],
                    "is_working": true,
                    "name": "Totteridge & Whetstone",
                    "rect": [
                        100,
                        250,
                        80,
                        28
                    ],
                    "text_id": 282,
                    "uid": 374
                },
                {
                    "coord": [
                        205,
                        241
                    ],
                    "is_working": true,
                    "name": "Woodside Park",
                    "rect": [
                        171,
                        205,
                        63,
                        28
                    ],
                    "text_id": 283,
                    "uid": 375
                },
                {
                    "coord": [
                        283,
                        241
                    ],
                    "is_working": true,
                    "name": "West Finchley",
                    "rect": [
                        254,
                        204,
                        55,
                        28
                    ],
                    "text_id": 284,
                    "uid": 376
                },
                {
                    "coord": [
                        386,
                        241
                    ],
                    "is_working": true,
                    "name": "Finchley Central",
                    "rect": [
                        362,
                        249,
                        57,
                        28
                    ],
                    "text_id": 285,
                    "uid": 377
                },
                {
                    "coord": [
                        454,
                        241
                    ],
                    "is_working": true,
                    "name": "East Finchley",
                    "rect": [
                        424,
                        204,
                        55,
                        28
                    ],
                    "text_id": 286,
                    "uid": 378
                },
                {
                    "coord": [
                        501,
                        241
                    ],
                    "is_working": true,
                    "name": "Highgate",
                    "rect": [
                        470,
                        251,
                        58,
                        15
                    ],
                    "text_id": 287,
                    "uid": 379
                },
                {
                    "coord": [
                        549,
                        241
                    ],
                    "is_working": true,
                    "name": "Archway",
                    "rect": [
                        519,
                        216,
                        59,
                        15
                    ],
                    "text_id": 288,
                    "uid": 380
                },
                {
                    "coord": [
                        595,
                        241
                    ],
                    "is_working": true,
                    "name": "Tufnell Park",
                    "rect": [
                        570,
                        250,
                        51,
                        28
                    ],
                    "text_id": 289,
                    "uid": 381
                },
                {
                    "coord": [
                        643,
                        241
                    ],
                    "is_working": true,
                    "name": "Kentish Town",
                    "rect": [
                        615,
                        204,
                        51,
                        28
                    ],
                    "text_id": 290,
                    "uid": 382
                },
                {
                    "coord": [
                        284,
                        269
                    ],
                    "is_working": true,
                    "name": "Mill Hill East",
                    "rect": [
                        256,
                        279,
                        56,
                        28
                    ],
                    "text_id": 291,
                    "uid": 383
                },
                {
                    "coord": [
                        48,
                        360
                    ],
                    "is_working": true,
                    "name": "Edgware",
                    "rect": [
                        18,
                        369,
                        58,
                        15
                    ],
                    "text_id": 292,
                    "uid": 384
                },
                {
                    "coord": [
                        173,
                        360
                    ],
                    "is_working": true,
                    "name": "Burnt Oak",
                    "rect": [
                        151,
                        369,
                        42,
                        28
                    ],
                    "text_id": 293,
                    "uid": 385
                },
                {
                    "coord": [
                        298,
                        360
                    ],
                    "is_working": true,
                    "name": "Colindale",
                    "rect": [
                        263,
                        370,
                        64,
                        15
                    ],
                    "text_id": 294,
                    "uid": 386
                },
                {
                    "coord": [
                        420,
                        360
                    ],
                    "is_working": true,
                    "name": "Hendon Central",
                    "rect": [
                        392,
                        370,
                        53,
                        28
                    ],
                    "text_id": 295,
                    "uid": 387
                },
                {
                    "coord": [
                        463,
                        360
                    ],
                    "is_working": true,
                    "name": "Brent Cross",
                    "rect": [
                        442,
                        324,
                        41,
                        28
                    ],
                    "text_id": 296,
                    "uid": 388
                },
                {
                    "coord": [
                        506,
                        360
                    ],
                    "is_working": true,
                    "name": "Golders Green",
                    "rect": [
                        478,
                        370,
                        56,
                        28
                    ],
                    "text_id": 297,
                    "uid": 389
                },
                {
                    "coord": [
                        549,
                        360
                    ],
                    "is_working": true,
                    "name": "Hampstead",
                    "rect": [
                        511,
                        337,
                        70,
                        15
                    ],
                    "text_id": 298,
                    "uid": 390
                },
                {
                    "coord": [
                        594,
                        360
                    ],
                    "is_working": true,
                    "name": "Belsize Park",
                    "rect": [
                        568,
                        369,
                        48,
                        28
                    ],
                    "text_id": 299,
                    "uid": 391
                },
                {
                    "coord": [
                        640,
                        360
                    ],
                    "is_working": true,
                    "name": "Chalk Farm",
                    "rect": [
                        614,
                        322,
                        42,
                        28
                    ],
                    "text_id": 300,
                    "uid": 392
                },
                {
                    "coord": [
                        737,
                        297
                    ],
                    "is_working": true,
                    "name": "Camden Town",
                    "rect": [
                        709,
                        255,
                        52,
                        28
                    ],
                    "text_id": 301,
                    "uid": 393
                },
                {
                    "coord": [
                        804,
                        311
                    ],
                    "is_working": true,
                    "name": "Mornington Crescent",
                    "rect": [
                        762,
                        321,
                        78,
                        28
                    ],
                    "text_id": 302,
                    "uid": 394
                },
                {
                    "coord": [
                        898,
                        311
                    ],
                    "is_working": true,
                    "name": "Euston II",
                    "rect": [
                        877,
                        240,
                        46,
                        15
                    ],
                    "text_id": 84,
                    "uid": 395
                },
                {
                    "coord": [
                        1120,
                        360
                    ],
                    "is_working": true,
                    "name": "Warren Street",
                    "rect": [
                        1092,
                        323,
                        53,
                        28
                    ],
                    "text_id": 85,
                    "uid": 396
                },
                {
                    "coord": [
                        1202,
                        360
                    ],
                    "is_working": true,
                    "name": "Goodge Street",
                    "rect": [
                        1173,
                        371,
                        51,
                        28
                    ],
                    "text_id": 303,
                    "uid": 397
                },
                {
                    "coord": [
                        1283,
                        360
                    ],
                    "is_working": true,
                    "name": "Tottenham Court Road",
                    "rect": [
                        1244,
                        323,
                        75,
                        28
                    ],
                    "text_id": 151,
                    "uid": 398
                },
                {
                    "coord": [
                        1408,
                        360
                    ],
                    "is_working": true,
                    "name": "Leicester Square",
                    "rect": [
                        1378,
                        323,
                        63,
                        28
                    ],
                    "text_id": 42,
                    "uid": 399
                },
                {
                    "coord": [
                        1594,
                        360
                    ],
                    "is_working": true,
                    "name": "Charing Cross",
                    "rect": [
                        1569,
                        323,
                        55,
                        28
                    ],
                    "text_id": 20,
                    "uid": 400
                },
                {
                    "coord": [
                        1700,
                        360
                    ],
                    "is_working": true,
                    "name": "Embankment",
                    "rect": [
                        1660,
                        337,
                        80,
                        15
                    ],
                    "text_id": 21,
                    "uid": 401
                },
                {
                    "coord": [
                        1812,
                        360
                    ],
                    "is_working": true,
                    "name": "Waterloo",
                    "rect": [
                        1784,
                        336,
                        63,
                        15
                    ],
                    "text_id": 22,
                    "uid": 402
                },
                {
                    "coord": [
                        898,
                        283
                    ],
                    "is_working": true,
                    "name": "Euston I",
                    "rect": [
                        877,
                        240,
                        46,
                        15
                    ],
                    "text_id": 84,
                    "uid": 403
                },
                {
                    "coord": [
                        1034,
                        235
                    ],
                    "is_working": true,
                    "name": "King's Cross St.Pancras",
                    "rect": [
                        955,
                        199,
                        113,
                        28
                    ],
                    "text_id": 38,
                    "uid": 404
                },
                {
                    "coord": [
                        1162,
                        235
                    ],
                    "is_working": true,
                    "name": "Angel",
                    "rect": [
                        1145,
                        244,
                        39,
                        15
                    ],
                    "text_id": 304,
                    "uid": 405
                },
                {
                    "coord": [
                        1246,
                        235
                    ],
                    "is_working": true,
                    "name": "Old Street",
                    "rect": [
                        1223,
                        199,
                        43,
                        28
                    ],
                    "text_id": 305,
                    "uid": 406
                },
                {
                    "coord": [
                        1369,
                        235
                    ],
                    "is_working": true,
                    "name": "Moorgate",
                    "rect": [
                        1338,
                        211,
                        64,
                        15
                    ],
                    "text_id": 182,
                    "uid": 407
                },
                {
                    "coord": [
                        1516,
                        235
                    ],
                    "is_working": true,
                    "name": "Bank",
                    "rect": [
                        1498,
                        211,
                        34,
                        15
                    ],
                    "text_id": 91,
                    "uid": 408
                },
                {
                    "coord": [
                        1632,
                        235
                    ],
                    "is_working": true,
                    "name": "London Bridge",
                    "rect": [
                        1606,
                        198,
                        50,
                        28
                    ],
                    "text_id": 260,
                    "uid": 409
                },
                {
                    "coord": [
                        1756,
                        235
                    ],
                    "is_working": true,
                    "name": "Borough",
                    "rect": [
                        1726,
                        211,
                        58,
                        15
                    ],
                    "text_id": 306,
                    "uid": 410
                },
                {
                    "coord": [
                        1877,
                        235
                    ],
                    "is_working": true,
                    "name": "Elephant & Castle",
                    "rect": [
                        1843,
                        199,
                        61,
                        28
                    ],
                    "text_id": 24,
                    "uid": 411
                },
                {
                    "coord": [
                        2026,
                        297
                    ],
                    "is_working": true,
                    "name": "Kennington",
                    "rect": [
                        1987,
                        273,
                        74,
                        15
                    ],
                    "text_id": 307,
                    "uid": 412
                },
                {
                    "coord": [
                        2073,
                        297
                    ],
                    "is_working": true,
                    "name": "Oval",
                    "rect": [
                        2059,
                        306,
                        31,
                        15
                    ],
                    "text_id": 308,
                    "uid": 413
                },
                {
                    "coord": [
                        2142,
                        297
                    ],
                    "is_working": true,
                    "name": "Stockwell",
                    "rect": [
                        2110,
                        273,
                        68,
                        15
                    ],
                    "text_id": 89,
                    "uid": 414
                },
                {
                    "coord": [
                        2242,
                        297
                    ],
                    "is_working": true,
                    "name": "Clapham North",
                    "rect": [
                        2213,
                        260,
                        58,
                        28
                    ],
                    "text_id": 309,
                    "uid": 415
                },
                {
                    "coord": [
                        2324,
                        297
                    ],
                    "is_working": true,
                    "name": "Clapham Common",
                    "rect": [
                        2293,
                        260,
                        58,
                        28
                    ],
                    "text_id": 310,
                    "uid": 416
                },
                {
                    "coord": [
                        2370,
                        297
                    ],
                    "is_working": true,
                    "name": "Clapham South",
                    "rect": [
                        2340,
                        306,
                        58,
                        28
                    ],
                    "text_id": 311,
                    "uid": 417
                },
                {
                    "coord": [
                        2427,
                        297
                    ],
                    "is_working": true,
                    "name": "Balham",
                    "rect": [
                        2404,
                        274,
                        49,
                        15
                    ],
                    "text_id": 312,
                    "uid": 418
                },
                {
                    "coord": [
                        2484,
                        297
                    ],
                    "is_working": true,
                    "name": "Tooting Bec",
                    "rect": [
                        2459,
                        307,
                        51,
                        28
                    ],
                    "text_id": 313,
                    "uid": 419
                },
                {
                    "coord": [
                        2542,
                        297
                    ],
                    "is_working": true,
                    "name": "Tooting Broadway",
                    "rect": [
                        2510,
                        260,
                        67,
                        28
                    ],
                    "text_id": 314,
                    "uid": 420
                },
                {
                    "coord": [
                        2597,
                        297
                    ],
                    "is_working": true,
                    "name": "Colliers Wood",
                    "rect": [
                        2570,
                        306,
                        57,
                        28
                    ],
                    "text_id": 315,
                    "uid": 421
                },
                {
                    "coord": [
                        2655,
                        297
                    ],
                    "is_working": true,
                    "name": "South Wimbledon",
                    "rect": [
                        2620,
                        260,
                        69,
                        28
                    ],
                    "text_id": 316,
                    "uid": 422
                },
                {
                    "coord": [
                        2717,
                        297
                    ],
                    "is_working": true,
                    "name": "Morden",
                    "rect": [
                        2690,
                        307,
                        50,
                        15
                    ],
                    "text_id": 317,
                    "uid": 423
                }
            ],
            "text_id": 318
        }
    ],
    "lines_width": 9,
    "name": "northern",
    "name_text_id": 318,
    "stations_diameter": 15.0,
    "transfers": [
        [
            395,
            403,
            [
                898,
                311
            ],
            [
                898,
                283
            ]
        ]
    ],
    "transports": [
        "metro"
    ],
    "type_name": "Метро",
    "type_text_id": 321,
    "upper_case": true,
    "width": 2867,
    "word_wrap": true
}