{
    "default_transports": [
        "metro"
    ],
    "height": 541,
    "images": [
        "res/schemes/piccadilli.svg"
    ],
    "is_vector": true,
    "lines": [
        {
            "labels_bg_color": "-1",
            "labels_color": "000000",
            "line_color": "10298C",
            "line_width": 9,
            "name": "Piccadilly",
            "segments": [
                [
                    25,
                    26,
                    [
                        [
                            2587,
                            322
                        ],
                        [
                            2645,
                            322
                        ]
                    ],
                    true
                ],
                [
                    26,
                    27,
                    [
                        [
                            2516,
                            322
                        ],
                        [
                            2587,
                            322
                        ]
                    ],
                    true
                ],
                [
                    27,
                    28,
                    [
                        [
                            2472,
                            322
                        ],
                        [
                            2516,
                            322
                        ]
                    ],
                    true
                ],
                [
                    28,
                    29,
                    [
                        [
                            2429,
                            322
                        ],
                        [
                            2472,
                            322
                        ]
                    ],
                    true
                ],
                [
                    29,
                    30,
                    [
                        [
                            2384,
                            322
                        ],
                        [
                            2429,
                            322
                        ]
                    ],
                    true
                ],
                [
                    30,
                    31,
                    [
                        [
                            2341,
                            322
                        ],
                        [
                            2384,
                            322
                        ]
                    ],
                    true
                ],
                [
                    31,
                    32,
                    [
                        [
                            2301,
                            322
                        ],
                        [
                            2341,
                            322
                        ]
                    ],
                    true
                ],
                [
                    32,
                    33,
                    [
                        [
                            2234,
                            322
                        ],
                        [
                            2301,
                            322
                        ]
                    ],
                    true
                ],
                [
                    33,
                    34,
                    [
                        [
                            2171,
                            322
                        ],
                        [
                            2234,
                            322
                        ]
                    ],
                    true
                ],
                [
                    34,
                    35,
                    [
                        [
                            2131,
                            322
                        ],
                        [
                            2171,
                            322
                        ]
                    ],
                    true
                ],
                [
                    35,
                    36,
                    [
                        [
                            2093,
                            322
                        ],
                        [
                            2131,
                            322
                        ]
                    ],
                    true
                ],
                [
                    36,
                    37,
                    [
                        [
                            2008,
                            322
                        ],
                        [
                            2093,
                            322
                        ]
                    ],
                    true
                ],
                [
                    37,
                    38,
                    [
                        [
                            1941,
                            322
                        ],
                        [
                            2008,
                            322
                        ]
                    ],
                    true
                ],
                [
                    38,
                    39,
                    [
                        [
                            1874,
                            322
                        ],
                        [
                            1941,
                            322
                        ]
                    ],
                    true
                ],
                [
                    39,
                    40,
                    [
                        [
                            1813,
                            322
                        ],
                        [
                            1874,
                            322
                        ]
                    ],
                    true
                ],
                [
                    40,
                    41,
                    [
                        [
                            1752,
                            322
                        ],
                        [
                            1813,
                            322
                        ]
                    ],
                    true
                ],
                [
                    41,
                    42,
                    [
                        [
                            1672,
                            322
                        ],
                        [
                            1752,
                            322
                        ]
                    ],
                    true
                ],
                [
                    42,
                    43,
                    [
                        [
                            1592,
                            322
                        ],
                        [
                            1672,
                            322
                        ]
                    ],
                    true
                ],
                [
                    43,
                    44,
                    [
                        [
                            1527,
                            322
                        ],
                        [
                            1592,
                            322
                        ]
                    ],
                    true
                ],
                [
                    44,
                    45,
                    [
                        [
                            1495,
                            322
                        ],
                        [
                            1527,
                            322
                        ]
                    ],
                    true
                ],
                [
                    45,
                    46,
                    [
                        [
                            1405,
                            322
                        ],
                        [
                            1495,
                            322
                        ]
                    ],
                    true
                ],
                [
                    46,
                    47,
                    [
                        [
                            1325,
                            322
                        ],
                        [
                            1405,
                            322
                        ]
                    ],
                    true
                ],
                [
                    47,
                    48,
                    [
                        [
                            1245,
                            322
                        ],
                        [
                            1325,
                            322
                        ]
                    ],
                    true
                ],
                [
                    48,
                    49,
                    [
                        [
                            1166,
                            322
                        ],
                        [
                            1245,
                            322
                        ]
                    ],
                    true
                ],
                [
                    49,
                    50,
                    [
                        [
                            1086,
                            322
                        ],
                        [
                            1166,
                            322
                        ]
                    ],
                    true
                ],
                [
                    50,
                    51,
                    [
                        [
                            1003,
                            322
                        ],
                        [
                            1086,
                            322
                        ]
                    ],
                    true
                ],
                [
                    51,
                    52,
                    [
                        [
                            939,
                            322
                        ],
                        [
                            1003,
                            322
                        ]
                    ],
                    true
                ],
                [
                    52,
                    53,
                    [
                        [
                            792.0,
                            253.0
                        ],
                        [
                            796.96,
                            252.83
                        ],
                        [
                            801.72,
                            252.81
                        ],
                        [
                            806.27,
                            252.95
                        ],
                        [
                            810.62,
                            253.25
                        ],
                        [
                            814.84,
                            253.73
                        ],
                        [
                            818.83,
                            254.37
                        ],
                        [
                            822.59,
                            255.14
                        ],
                        [
                            826.0,
                            256.0
                        ],
                        [
                            828.87,
                            256.85
                        ],
                        [
                            831.45,
                            257.82
                        ],
                        [
                            833.92,
                            259.0
                        ],
                        [
                            836.31,
                            260.38
                        ],
                        [
                            838.67,
                            261.92
                        ],
                        [
                            841.15,
                            263.8
                        ],
                        [
                            843.84,
                            266.07
                        ],
                        [
                            847.0,
                            269.0
                        ],
                        [
                            851.11,
                            273.04
                        ],
                        [
                            855.69,
                            277.67
                        ],
                        [
                            860.47,
                            282.54
                        ],
                        [
                            865.38,
                            287.56
                        ],
                        [
                            870.29,
                            292.58
                        ],
                        [
                            875.1,
                            297.44
                        ],
                        [
                            879.76,
                            302.03
                        ],
                        [
                            884.0,
                            306.0
                        ],
                        [
                            887.4,
                            308.81
                        ],
                        [
                            890.37,
                            310.94
                        ],
                        [
                            893.15,
                            312.67
                        ],
                        [
                            895.81,
                            314.06
                        ],
                        [
                            898.49,
                            315.3
                        ],
                        [
                            901.21,
                            316.35
                        ],
                        [
                            904.0,
                            317.21
                        ],
                        [
                            907.0,
                            318.0
                        ],
                        [
                            910.41,
                            318.86
                        ],
                        [
                            914.07,
                            319.68
                        ],
                        [
                            917.89,
                            320.4
                        ],
                        [
                            921.88,
                            321.0
                        ],
                        [
                            925.95,
                            321.44
                        ],
                        [
                            930.16,
                            321.75
                        ],
                        [
                            934.51,
                            321.94
                        ],
                        [
                            939.0,
                            322.0
                        ]
                    ],
                    true
                ],
                [
                    52,
                    67,
                    [
                        [
                            792.0,
                            391.0
                        ],
                        [
                            796.96,
                            391.17
                        ],
                        [
                            801.72,
                            391.19
                        ],
                        [
                            806.27,
                            391.05
                        ],
                        [
                            810.62,
                            390.75
                        ],
                        [
                            814.84,
                            390.27
                        ],
                        [
                            818.83,
                            389.63
                        ],
                        [
                            822.59,
                            388.86
                        ],
                        [
                            826.0,
                            388.0
                        ],
                        [
                            828.87,
                            387.15
                        ],
                        [
                            831.45,
                            386.18
                        ],
                        [
                            833.92,
                            385.0
                        ],
                        [
                            836.31,
                            383.62
                        ],
                        [
                            838.67,
                            382.08
                        ],
                        [
                            841.15,
                            380.2
                        ],
                        [
                            843.84,
                            377.92
                        ],
                        [
                            847.0,
                            375.0
                        ],
                        [
                            851.11,
                            370.98
                        ],
                        [
                            855.69,
                            366.37
                        ],
                        [
                            860.47,
                            361.51
                        ],
                        [
                            865.38,
                            356.5
                        ],
                        [
                            870.29,
                            351.49
                        ],
                        [
                            875.1,
                            346.63
                        ],
                        [
                            879.76,
                            342.02
                        ],
                        [
                            884.0,
                            338.0
                        ],
                        [
                            887.4,
                            335.08
                        ],
                        [
                            890.37,
                            332.8
                        ],
                        [
                            893.15,
                            330.92
                        ],
                        [
                            895.81,
                            329.38
                        ],
                        [
                            898.49,
                            328.0
                        ],
                        [
                            901.21,
                            326.82
                        ],
                        [
                            904.0,
                            325.85
                        ],
                        [
                            907.0,
                            325.0
                        ],
                        [
                            910.41,
                            324.14
                        ],
                        [
                            914.07,
                            323.37
                        ],
                        [
                            917.89,
                            322.73
                        ],
                        [
                            921.88,
                            322.25
                        ],
                        [
                            925.95,
                            321.95
                        ],
                        [
                            930.16,
                            321.81
                        ],
                        [
                            934.51,
                            321.83
                        ],
                        [
                            939.0,
                            322.0
                        ]
                    ],
                    true
                ],
                [
                    53,
                    54,
                    [
                        [
                            732,
                            253
                        ],
                        [
                            792,
                            253
                        ]
                    ],
                    true
                ],
                [
                    54,
                    55,
                    [
                        [
                            686,
                            253
                        ],
                        [
                            732,
                            253
                        ]
                    ],
                    true
                ],
                [
                    55,
                    56,
                    [
                        [
                            633,
                            253
                        ],
                        [
                            686,
                            253
                        ]
                    ],
                    true
                ],
                [
                    56,
                    57,
                    [
                        [
                            569,
                            253
                        ],
                        [
                            633,
                            253
                        ]
                    ],
                    true
                ],
                [
                    57,
                    58,
                    [
                        [
                            507,
                            253
                        ],
                        [
                            569,
                            253
                        ]
                    ],
                    true
                ],
                [
                    58,
                    59,
                    [
                        [
                            433,
                            253
                        ],
                        [
                            507,
                            253
                        ]
                    ],
                    true
                ],
                [
                    59,
                    60,
                    [
                        [
                            368,
                            253
                        ],
                        [
                            433,
                            253
                        ]
                    ],
                    true
                ],
                [
                    60,
                    61,
                    [
                        [
                            297,
                            253
                        ],
                        [
                            368,
                            253
                        ]
                    ],
                    true
                ],
                [
                    61,
                    62,
                    [
                        [
                            235,
                            253
                        ],
                        [
                            297,
                            253
                        ]
                    ],
                    true
                ],
                [
                    62,
                    63,
                    [
                        [
                            188,
                            253
                        ],
                        [
                            235,
                            253
                        ]
                    ],
                    true
                ],
                [
                    63,
                    64,
                    [
                        [
                            139,
                            253
                        ],
                        [
                            188,
                            253
                        ]
                    ],
                    true
                ],
                [
                    64,
                    65,
                    [
                        [
                            94,
                            253
                        ],
                        [
                            139,
                            253
                        ]
                    ],
                    true
                ],
                [
                    65,
                    66,
                    [
                        [
                            48,
                            253
                        ],
                        [
                            94,
                            253
                        ]
                    ],
                    true
                ],
                [
                    67,
                    68,
                    [
                        [
                            714,
                            391
                        ],
                        [
                            792,
                            391
                        ]
                    ],
                    true
                ],
                [
                    68,
                    69,
                    [
                        [
                            636,
                            391
                        ],
                        [
                            714,
                            391
                        ]
                    ],
                    true
                ],
                [
                    69,
                    70,
                    [
                        [
                            593,
                            391
                        ],
                        [
                            636,
                            391
                        ]
                    ],
                    true
                ],
                [
                    70,
                    71,
                    [
                        [
                            549,
                            391
                        ],
                        [
                            593,
                            391
                        ]
                    ],
                    true
                ],
                [
                    71,
                    72,
                    [
                        [
                            506,
                            391
                        ],
                        [
                            549,
                            391
                        ]
                    ],
                    true
                ],
                [
                    72,
                    73,
                    [
                        [
                            369,
                            391
                        ],
                        [
                            506,
                            391
                        ]
                    ],
                    true
                ],
                [
                    73,
                    74,
                    [
                        [
                            267,
                            391
                        ],
                        [
                            369,
                            391
                        ]
                    ],
                    true
                ],
                [
                    74,
                    75,
                    [
                        [
                            267,
                            391
                        ],
                        [
                            146,
                            391
                        ]
                    ],
                    true
                ],
                [
                    74,
                    76,
                    [
                        [
                            164.0,
                            350.0
                        ],
                        [
                            167.18,
                            353.49
                        ],
                        [
                            170.34,
                            356.84
                        ],
                        [
                            173.49,
                            360.06
                        ],
                        [
                            176.62,
                            363.12
                        ],
                        [
                            179.75,
                            366.05
                        ],
                        [
                            182.86,
                            368.83
                        ],
                        [
                            185.94,
                            371.47
                        ],
                        [
                            189.0,
                            374.0
                        ],
                        [
                            192.01,
                            376.43
                        ],
                        [
                            194.99,
                            378.73
                        ],
                        [
                            197.96,
                            380.88
                        ],
                        [
                            200.94,
                            382.88
                        ],
                        [
                            203.92,
                            384.72
                        ],
                        [
                            206.92,
                            386.37
                        ],
                        [
                            209.94,
                            387.82
                        ],
                        [
                            213.0,
                            389.0
                        ],
                        [
                            216.13,
                            389.8
                        ],
                        [
                            219.3,
                            390.35
                        ],
                        [
                            222.51,
                            390.72
                        ],
                        [
                            225.75,
                            390.94
                        ],
                        [
                            229.02,
                            391.05
                        ],
                        [
                            232.31,
                            391.07
                        ],
                        [
                            235.64,
                            391.04
                        ],
                        [
                            239.0,
                            391.0
                        ],
                        [
                            242.39,
                            391.06
                        ],
                        [
                            245.81,
                            391.14
                        ],
                        [
                            249.27,
                            391.21
                        ],
                        [
                            252.75,
                            391.25
                        ],
                        [
                            256.27,
                            391.24
                        ],
                        [
                            259.81,
                            391.19
                        ],
                        [
                            263.39,
                            391.11
                        ],
                        [
                            267.0,
                            391.0
                        ]
                    ],
                    true
                ],
                [
                    75,
                    76,
                    [
                        [
                            164.0,
                            350.0
                        ],
                        [
                            159.81,
                            347.15
                        ],
                        [
                            155.75,
                            344.72
                        ],
                        [
                            151.81,
                            342.71
                        ],
                        [
                            148.0,
                            341.12
                        ],
                        [
                            144.35,
                            339.93
                        ],
                        [
                            140.82,
                            339.16
                        ],
                        [
                            137.39,
                            338.83
                        ],
                        [
                            134.0,
                            339.0
                        ],
                        [
                            130.54,
                            339.78
                        ],
                        [
                            127.15,
                            341.03
                        ],
                        [
                            123.94,
                            342.66
                        ],
                        [
                            120.94,
                            344.62
                        ],
                        [
                            118.2,
                            346.83
                        ],
                        [
                            115.77,
                            349.29
                        ],
                        [
                            113.67,
                            352.01
                        ],
                        [
                            112.0,
                            355.0
                        ],
                        [
                            110.88,
                            358.31
                        ],
                        [
                            110.23,
                            361.8
                        ],
                        [
                            110.0,
                            365.36
                        ],
                        [
                            110.19,
                            368.94
                        ],
                        [
                            110.75,
                            372.49
                        ],
                        [
                            111.73,
                            375.92
                        ],
                        [
                            113.14,
                            379.14
                        ],
                        [
                            115.0,
                            382.0
                        ],
                        [
                            117.33,
                            384.24
                        ],
                        [
                            120.11,
                            386.05
                        ],
                        [
                            123.34,
                            387.55
                        ],
                        [
                            127.0,
                            388.75
                        ],
                        [
                            131.09,
                            389.73
                        ],
                        [
                            135.62,
                            390.44
                        ],
                        [
                            140.59,
                            390.86
                        ],
                        [
                            146.0,
                            391.0
                        ]
                    ],
                    true
                ],
                [
                    76,
                    77,
                    [
                        [
                            164.0,
                            350.0
                        ],
                        [
                            161.41,
                            348.19
                        ],
                        [
                            158.78,
                            346.5
                        ],
                        [
                            156.1,
                            344.94
                        ],
                        [
                            153.38,
                            343.5
                        ],
                        [
                            150.6,
                            342.18
                        ],
                        [
                            147.78,
                            340.98
                        ],
                        [
                            144.91,
                            339.92
                        ],
                        [
                            142.0,
                            339.0
                        ],
                        [
                            139.06,
                            338.27
                        ],
                        [
                            136.07,
                            337.68
                        ],
                        [
                            133.03,
                            337.19
                        ],
                        [
                            129.94,
                            336.81
                        ],
                        [
                            126.79,
                            336.51
                        ],
                        [
                            123.59,
                            336.28
                        ],
                        [
                            120.33,
                            336.12
                        ],
                        [
                            117.0,
                            336.0
                        ],
                        [
                            113.58,
                            335.91
                        ],
                        [
                            110.09,
                            335.84
                        ],
                        [
                            106.54,
                            335.81
                        ],
                        [
                            102.94,
                            335.81
                        ],
                        [
                            99.28,
                            335.84
                        ],
                        [
                            95.57,
                            335.89
                        ],
                        [
                            91.81,
                            335.95
                        ],
                        [
                            88.0,
                            336.0
                        ],
                        [
                            84.16,
                            336.01
                        ],
                        [
                            80.28,
                            336.01
                        ],
                        [
                            76.35,
                            336.01
                        ],
                        [
                            72.38,
                            336.0
                        ],
                        [
                            68.35,
                            336.0
                        ],
                        [
                            64.28,
                            336.0
                        ],
                        [
                            60.16,
                            336.0
                        ],
                        [
                            56.0,
                            336.0
                        ]
                    ],
                    true
                ]
            ],
            "stations": [
                {
                    "coord": [
                        2645,
                        322
                    ],
                    "is_working": true,
                    "name": "Cockfosters",
                    "rect": [
                        2604,
                        296,
                        83,
                        15
                    ],
                    "text_id": 26,
                    "uid": 25
                },
                {
                    "coord": [
                        2587,
                        322
                    ],
                    "is_working": true,
                    "name": "Oakwood",
                    "rect": [
                        2557,
                        331,
                        60,
                        15
                    ],
                    "text_id": 27,
                    "uid": 26
                },
                {
                    "coord": [
                        2516,
                        322
                    ],
                    "is_working": true,
                    "name": "Southgate",
                    "rect": [
                        2483,
                        298,
                        68,
                        15
                    ],
                    "text_id": 28,
                    "uid": 27
                },
                {
                    "coord": [
                        2472,
                        322
                    ],
                    "is_working": true,
                    "name": "Arnos Grove",
                    "rect": [
                        2452,
                        331,
                        43,
                        28
                    ],
                    "text_id": 29,
                    "uid": 28
                },
                {
                    "coord": [
                        2429,
                        322
                    ],
                    "is_working": true,
                    "name": "Bounds Green",
                    "rect": [
                        2402,
                        286,
                        51,
                        28
                    ],
                    "text_id": 30,
                    "uid": 29
                },
                {
                    "coord": [
                        2384,
                        322
                    ],
                    "is_working": true,
                    "name": "Wood Green",
                    "rect": [
                        2364,
                        331,
                        40,
                        28
                    ],
                    "text_id": 31,
                    "uid": 30
                },
                {
                    "coord": [
                        2341,
                        322
                    ],
                    "is_working": true,
                    "name": "Turnpike Lane",
                    "rect": [
                        2311,
                        285,
                        59,
                        28
                    ],
                    "text_id": 32,
                    "uid": 31
                },
                {
                    "coord": [
                        2301,
                        322
                    ],
                    "is_working": true,
                    "name": "Manor House",
                    "rect": [
                        2279,
                        330,
                        45,
                        28
                    ],
                    "text_id": 33,
                    "uid": 32
                },
                {
                    "coord": [
                        2234,
                        322
                    ],
                    "is_working": true,
                    "name": "Finsbury Park",
                    "rect": [
                        2211,
                        286,
                        59,
                        28
                    ],
                    "text_id": 34,
                    "uid": 33
                },
                {
                    "coord": [
                        2171,
                        322
                    ],
                    "is_working": true,
                    "name": "Arsenal",
                    "rect": [
                        2147,
                        298,
                        54,
                        15
                    ],
                    "text_id": 35,
                    "uid": 34
                },
                {
                    "coord": [
                        2131,
                        322
                    ],
                    "is_working": true,
                    "name": "Holloway Road",
                    "rect": [
                        2101,
                        332,
                        65,
                        28
                    ],
                    "text_id": 36,
                    "uid": 35
                },
                {
                    "coord": [
                        2093,
                        322
                    ],
                    "is_working": true,
                    "name": "Caledonian Road",
                    "rect": [
                        2060,
                        285,
                        76,
                        28
                    ],
                    "text_id": 37,
                    "uid": 36
                },
                {
                    "coord": [
                        2008,
                        322
                    ],
                    "is_working": true,
                    "name": "King's Cross St.Pancras",
                    "rect": [
                        1941,
                        284,
                        113,
                        28
                    ],
                    "text_id": 38,
                    "uid": 37
                },
                {
                    "coord": [
                        1941,
                        322
                    ],
                    "is_working": true,
                    "name": "Russell Square",
                    "rect": [
                        1916,
                        331,
                        53,
                        28
                    ],
                    "text_id": 39,
                    "uid": 38
                },
                {
                    "coord": [
                        1874,
                        322
                    ],
                    "is_working": true,
                    "name": "Holborn",
                    "rect": [
                        1851,
                        299,
                        56,
                        15
                    ],
                    "text_id": 40,
                    "uid": 39
                },
                {
                    "coord": [
                        1813,
                        322
                    ],
                    "is_working": true,
                    "name": "Covent Garden",
                    "rect": [
                        1790,
                        285,
                        49,
                        28
                    ],
                    "text_id": 41,
                    "uid": 40
                },
                {
                    "coord": [
                        1752,
                        322
                    ],
                    "is_working": true,
                    "name": "Leicester Square",
                    "rect": [
                        1719,
                        286,
                        63,
                        28
                    ],
                    "text_id": 42,
                    "uid": 41
                },
                {
                    "coord": [
                        1672,
                        322
                    ],
                    "is_working": true,
                    "name": "Piccadilly Circus",
                    "rect": [
                        1638,
                        285,
                        68,
                        28
                    ],
                    "text_id": 19,
                    "uid": 42
                },
                {
                    "coord": [
                        1592,
                        322
                    ],
                    "is_working": true,
                    "name": "Green Park",
                    "rect": [
                        1578,
                        283,
                        42,
                        28
                    ],
                    "text_id": 43,
                    "uid": 43
                },
                {
                    "coord": [
                        1527,
                        322
                    ],
                    "is_working": true,
                    "name": "Hyde Park Corner",
                    "rect": [
                        1488,
                        283,
                        83,
                        28
                    ],
                    "text_id": 44,
                    "uid": 44
                },
                {
                    "coord": [
                        1495,
                        322
                    ],
                    "is_working": true,
                    "name": "Knightsbridge",
                    "rect": [
                        1448,
                        332,
                        92,
                        15
                    ],
                    "text_id": 45,
                    "uid": 45
                },
                {
                    "coord": [
                        1405,
                        322
                    ],
                    "is_working": true,
                    "name": "South Kensington",
                    "rect": [
                        1371,
                        286,
                        73,
                        28
                    ],
                    "text_id": 46,
                    "uid": 46
                },
                {
                    "coord": [
                        1325,
                        322
                    ],
                    "is_working": true,
                    "name": "Gloucester Road",
                    "rect": [
                        1281,
                        285,
                        77,
                        28
                    ],
                    "text_id": 47,
                    "uid": 47
                },
                {
                    "coord": [
                        1245,
                        322
                    ],
                    "is_working": true,
                    "name": "Earl's Court",
                    "rect": [
                        1224,
                        286,
                        42,
                        28
                    ],
                    "text_id": 48,
                    "uid": 48
                },
                {
                    "coord": [
                        1166,
                        322
                    ],
                    "is_working": true,
                    "name": "Barons Court",
                    "rect": [
                        1145,
                        286,
                        51,
                        28
                    ],
                    "text_id": 49,
                    "uid": 49
                },
                {
                    "coord": [
                        1086,
                        322
                    ],
                    "is_working": true,
                    "name": "Hammersmith",
                    "rect": [
                        1048,
                        299,
                        84,
                        15
                    ],
                    "text_id": 50,
                    "uid": 50
                },
                {
                    "coord": [
                        1003,
                        322
                    ],
                    "is_working": true,
                    "name": "Turnham Green",
                    "rect": [
                        973,
                        286,
                        59,
                        28
                    ],
                    "text_id": 51,
                    "uid": 51
                },
                {
                    "coord": [
                        939,
                        322
                    ],
                    "is_working": true,
                    "name": "Acton Town",
                    "rect": [
                        919,
                        285,
                        42,
                        28
                    ],
                    "text_id": 52,
                    "uid": 52
                },
                {
                    "coord": [
                        792,
                        253
                    ],
                    "is_working": true,
                    "name": "Ealing Common",
                    "rect": [
                        763,
                        214,
                        52,
                        28
                    ],
                    "text_id": 53,
                    "uid": 53
                },
                {
                    "coord": [
                        732,
                        253
                    ],
                    "is_working": true,
                    "name": "North Ealing",
                    "rect": [
                        710,
                        262,
                        42,
                        28
                    ],
                    "text_id": 54,
                    "uid": 54
                },
                {
                    "coord": [
                        686,
                        253
                    ],
                    "is_working": true,
                    "name": "Park Royal",
                    "rect": [
                        667,
                        213,
                        39,
                        28
                    ],
                    "text_id": 55,
                    "uid": 55
                },
                {
                    "coord": [
                        633,
                        253
                    ],
                    "is_working": true,
                    "name": "Alperton",
                    "rect": [
                        601,
                        262,
                        60,
                        15
                    ],
                    "text_id": 56,
                    "uid": 56
                },
                {
                    "coord": [
                        569,
                        253
                    ],
                    "is_working": true,
                    "name": "Sudbury Town",
                    "rect": [
                        543,
                        215,
                        58,
                        28
                    ],
                    "text_id": 57,
                    "uid": 57
                },
                {
                    "coord": [
                        507,
                        253
                    ],
                    "is_working": true,
                    "name": "Sudbury Hill",
                    "rect": [
                        480,
                        262,
                        58,
                        28
                    ],
                    "text_id": 58,
                    "uid": 58
                },
                {
                    "coord": [
                        433,
                        253
                    ],
                    "is_working": true,
                    "name": "South Harrow",
                    "rect": [
                        410,
                        215,
                        52,
                        28
                    ],
                    "text_id": 59,
                    "uid": 59
                },
                {
                    "coord": [
                        368,
                        253
                    ],
                    "is_working": true,
                    "name": "Rayners Lane",
                    "rect": [
                        341,
                        215,
                        57,
                        28
                    ],
                    "text_id": 60,
                    "uid": 60
                },
                {
                    "coord": [
                        297,
                        253
                    ],
                    "is_working": true,
                    "name": "Eastcote",
                    "rect": [
                        271,
                        230,
                        59,
                        15
                    ],
                    "text_id": 61,
                    "uid": 61
                },
                {
                    "coord": [
                        235,
                        253
                    ],
                    "is_working": true,
                    "name": "Ruislip Manor",
                    "rect": [
                        211,
                        216,
                        46,
                        28
                    ],
                    "text_id": 62,
                    "uid": 62
                },
                {
                    "coord": [
                        188,
                        253
                    ],
                    "is_working": true,
                    "name": "Ruislip",
                    "rect": [
                        165,
                        262,
                        44,
                        15
                    ],
                    "text_id": 63,
                    "uid": 63
                },
                {
                    "coord": [
                        139,
                        253
                    ],
                    "is_working": true,
                    "name": "Ickenham",
                    "rect": [
                        108,
                        229,
                        61,
                        15
                    ],
                    "text_id": 64,
                    "uid": 64
                },
                {
                    "coord": [
                        94,
                        253
                    ],
                    "is_working": true,
                    "name": "Hillingdon",
                    "rect": [
                        61,
                        262,
                        68,
                        15
                    ],
                    "text_id": 65,
                    "uid": 65
                },
                {
                    "coord": [
                        48,
                        253
                    ],
                    "is_working": true,
                    "name": "Uxbridge",
                    "rect": [
                        18,
                        229,
                        59,
                        15
                    ],
                    "text_id": 66,
                    "uid": 66
                },
                {
                    "coord": [
                        792,
                        391
                    ],
                    "is_working": true,
                    "name": "South Ealing",
                    "rect": [
                        770,
                        401,
                        42,
                        28
                    ],
                    "text_id": 67,
                    "uid": 67
                },
                {
                    "coord": [
                        714,
                        391
                    ],
                    "is_working": true,
                    "name": "Northfields",
                    "rect": [
                        676,
                        367,
                        77,
                        15
                    ],
                    "text_id": 68,
                    "uid": 68
                },
                {
                    "coord": [
                        636,
                        391
                    ],
                    "is_working": true,
                    "name": "Boston Manor",
                    "rect": [
                        613,
                        401,
                        49,
                        28
                    ],
                    "text_id": 69,
                    "uid": 69
                },
                {
                    "coord": [
                        593,
                        391
                    ],
                    "is_working": true,
                    "name": "Osterley",
                    "rect": [
                        566,
                        367,
                        58,
                        15
                    ],
                    "text_id": 70,
                    "uid": 70
                },
                {
                    "coord": [
                        549,
                        391
                    ],
                    "is_working": true,
                    "name": "Hounslow East",
                    "rect": [
                        518,
                        401,
                        67,
                        28
                    ],
                    "text_id": 71,
                    "uid": 71
                },
                {
                    "coord": [
                        506,
                        391
                    ],
                    "is_working": true,
                    "name": "Hounslow Central",
                    "rect": [
                        473,
                        352,
                        67,
                        28
                    ],
                    "text_id": 72,
                    "uid": 72
                },
                {
                    "coord": [
                        369,
                        391
                    ],
                    "is_working": true,
                    "name": "Hounslow West",
                    "rect": [
                        335,
                        400,
                        67,
                        28
                    ],
                    "text_id": 73,
                    "uid": 73
                },
                {
                    "coord": [
                        267,
                        391
                    ],
                    "is_working": true,
                    "name": "Hatton Cross",
                    "rect": [
                        242,
                        401,
                        48,
                        28
                    ],
                    "text_id": 74,
                    "uid": 74
                },
                {
                    "coord": [
                        146,
                        391
                    ],
                    "is_working": true,
                    "name": "Heathrow Terminal 4",
                    "rect": [
                        104,
                        403,
                        67,
                        28
                    ],
                    "text_id": 75,
                    "uid": 75
                },
                {
                    "coord": [
                        164,
                        350
                    ],
                    "is_working": true,
                    "name": "\"Heathrow Terminals 1,2,3\"",
                    "rect": [
                        168,
                        315,
                        91,
                        28
                    ],
                    "text_id": 76,
                    "uid": 76
                },
                {
                    "coord": [
                        56,
                        336
                    ],
                    "is_working": true,
                    "name": "Heathrow Terminal 5",
                    "rect": [
                        18,
                        297,
                        67,
                        28
                    ],
                    "text_id": 77,
                    "uid": 77
                }
            ],
            "text_id": 78
        }
    ],
    "lines_width": 9,
    "name": "piccadilli",
    "name_text_id": 78,
    "stations_diameter": 15.0,
    "transfers": [],
    "transports": [
        "metro"
    ],
    "type_name": "Метро",
    "type_text_id": 321,
    "upper_case": true,
    "width": 2795,
    "word_wrap": true
}