{
    "0": "Shiloh-Scott",
    "1": "College",
    "2": "Belleville",
    "3": "Swansea",
    "4": "Memorial Hospital",
    "5": "Fairview Heights",
    "6": "Washington Park",
    "7": "Jackie Joyner-Kersee Center",
    "8": "Emerson Park",
    "9": "5th & Missouri",
    "10": "East Riverfront",
    "11": "Arch-Laclede’s Landing",
    "12": "Convention Center",
    "13": "8th & Pine",
    "14": "Stadium",
    "15": "Civic Center",
    "16": "Union Station",
    "17": "Grand",
    "18": "Central West End",
    "19": "Forest Park-DeBaliviere",
    "20": "Delmar Loop",
    "21": "Wellston",
    "22": "Rock Road",
    "23": "UM-St. Louis South",
    "24": "UM-St. Louis North",
    "25": "North Hanley",
    "26": "Lambert Airport East",
    "27": "Lambert Airport Main",
    "28": "1",
    "29": "Skinker",
    "30": "University City-Big Bend",
    "31": "Forsyth",
    "32": "Clayton",
    "33": "Richmond Heights",
    "34": "Brentwood I-64",
    "35": "Maplewood-Manchester",
    "36": "Sunnen",
    "37": "Shrewsbury",
    "38": "2",
    "39": "Train",
    "40": "ROOT",
    "41": "Shema ot 08.12.2006g.\nAvtor: Varlamov Dmitrij (www.chpeks.com)",
    "42": "Imported from http://pmetro.su"
}