{
    "city_id": 5913490,
    "comments_text_id": 51,
    "default_locale": "ru",
    "delays": [
        {
            "ranges": [
                "08:00-20:00"
            ],
            "type": "day",
            "weekdays": null
        },
        {
            "ranges": [
                "20:00-24:00",
                "00:00-05:00"
            ],
            "type": "night",
            "weekdays": null
        }
    ],
    "description_text_id": 50,
    "file": "Calgary.zip",
    "latitude": 51.05011,
    "locales": [
        "ru",
        "en"
    ],
    "longitude": -114.08529,
    "map_id": "Calgary.zip",
    "schemes": [
        {
            "default_transports": [
                "metro"
            ],
            "file": "schemes/metro.json",
            "name": "metro",
            "name_text_id": 48,
            "root": true,
            "transports": [
                "metro"
            ],
            "type_name": "ROOT",
            "type_text_id": 49
        }
    ],
    "timestamp": 1754434800.0,
    "transport_types": [
        "Электричка"
    ],
    "transports": [
        {
            "file": "transports/metro.json",
            "name": "metro",
            "type": "Электричка"
        }
    ]
}