{
    "0": "Fermi",
    "1": "Paradiso",
    "2": "Marche",
    "3": "Massaua",
    "4": "Pozzo Strada",
    "5": "Monte Grappa",
    "6": "Rivoli",
    "7": "Racconigi",
    "8": "Bernini",
    "9": "Principi d'Acaja",
    "10": "XVIII dicembre",
    "11": "Porta Susa",
    "12": "Vinzaglio",
    "13": "Re Umberto",
    "14": "Porta Nuova",
    "15": "1",
    "16": "Метро",
    "17": "ROOT",
    "18": "Схема от 20.07.2008г.\nКарта - с сайта http://www.metrotorino.it.\nСсылку на информацию прислал Ильин Роман (ТуристРомка)",
    "19": "Imported from http://pmetro.su"
}