{
    "0": "Periferico Norte",
    "1": "Dermatologico",
    "2": "Atemajac",
    "3": "Division del Norte",
    "4": "Avila Camacho",
    "5": "Mezquitan",
    "6": "Refugio",
    "7": "Juarez",
    "8": "Mexicaltzingo",
    "9": "Washington",
    "10": "Santa Filomena",
    "11": "Unidad Deportiva",
    "12": "Urdaneta",
    "13": "18 de Marzo",
    "14": "Isla Raza",
    "15": "Patria Sur",
    "16": "Espana",
    "17": "Tesoro",
    "18": "Periferico Sur",
    "19": "L1",
    "20": "Plaza Universidad",
    "21": "San Juan de Dios",
    "22": "Belisario Dominguez",
    "23": "Oblatos",
    "24": "Cristobal de Onate",
    "25": "San Andres",
    "26": "San Jacinto",
    "27": "La Aurora",
    "28": "Tetian",
    "29": "L2",
    "30": "Metro",
    "31": "ROOT",
    "32": "Metro",
    "33": "Avtor: Varlamov Dmitrij (www.chpeks.com)\nInformatsija vzjata s sajta www.urbanrail.net\nV tekuschej versii:\n- vse intervaly dvizhenija poezdov ravny 2 minutam\n- shemy linij\n- daty otkrytija stantsij\n- otkrytye uchastki puti\nVozmozhny netochnosti.",
    "34": "Imported from http://pmetro.su"
}