{
    "0": "Periferico Norte",
    "1": "Dermatologico",
    "2": "Atemajac",
    "3": "Division del Norte",
    "4": "Avila Camacho",
    "5": "Mezquitan",
    "6": "Refugio",
    "7": "Juarez",
    "8": "Mexicaltzingo",
    "9": "Washington",
    "10": "Santa Filomena",
    "11": "Unidad Deportiva",
    "12": "Urdaneta",
    "13": "18 de Marzo",
    "14": "Isla Raza",
    "15": "Patria Sur",
    "16": "Espana",
    "17": "Tesoro",
    "18": "Periferico Sur",
    "19": "L1",
    "20": "Plaza Universidad",
    "21": "San Juan de Dios",
    "22": "Belisario Dominguez",
    "23": "Oblatos",
    "24": "Cristobal de Onate",
    "25": "San Andres",
    "26": "San Jacinto",
    "27": "La Aurora",
    "28": "Tetian",
    "29": "L2",
    "30": "Метро",
    "31": "ROOT",
    "32": "Метро",
    "33": "Автор: Варламов Дмитрий (www.chpeks.com)\nИнформация взята с сайта www.urbanrail.net\nВ текущей версии:\n- все интервалы движения поездов равны 2 минутам\n- схемы линий\n- даты открытия станций\n- открытые участки пути\nВозможны неточности.",
    "34": "Imported from http://pmetro.su"
}