{
    "lines": [
        {
            "delays": [],
            "name": "1",
            "scheme": null,
            "segments": [
                [
                    0,
                    1,
                    120
                ],
                [
                    1,
                    0,
                    120
                ],
                [
                    1,
                    2,
                    120
                ],
                [
                    2,
                    1,
                    120
                ],
                [
                    2,
                    3,
                    120
                ],
                [
                    3,
                    2,
                    120
                ],
                [
                    3,
                    4,
                    120
                ],
                [
                    4,
                    3,
                    120
                ],
                [
                    4,
                    5,
                    120
                ],
                [
                    5,
                    4,
                    120
                ],
                [
                    5,
                    6,
                    120
                ],
                [
                    6,
                    5,
                    120
                ],
                [
                    6,
                    7,
                    120
                ],
                [
                    7,
                    6,
                    120
                ],
                [
                    7,
                    8,
                    120
                ],
                [
                    8,
                    7,
                    120
                ],
                [
                    8,
                    9,
                    120
                ],
                [
                    9,
                    8,
                    120
                ],
                [
                    9,
                    10,
                    120
                ],
                [
                    10,
                    9,
                    120
                ],
                [
                    10,
                    11,
                    120
                ],
                [
                    11,
                    10,
                    120
                ],
                [
                    11,
                    12,
                    120
                ],
                [
                    12,
                    11,
                    120
                ],
                [
                    12,
                    13,
                    120
                ],
                [
                    13,
                    12,
                    120
                ],
                [
                    13,
                    14,
                    120
                ],
                [
                    14,
                    13,
                    120
                ],
                [
                    14,
                    15,
                    120
                ],
                [
                    15,
                    14,
                    120
                ],
                [
                    15,
                    16,
                    120
                ],
                [
                    16,
                    15,
                    120
                ],
                [
                    16,
                    17,
                    120
                ],
                [
                    17,
                    16,
                    120
                ],
                [
                    17,
                    18,
                    120
                ],
                [
                    18,
                    17,
                    120
                ],
                [
                    18,
                    19,
                    120
                ],
                [
                    19,
                    18,
                    120
                ],
                [
                    19,
                    20,
                    120
                ],
                [
                    20,
                    19,
                    120
                ],
                [
                    20,
                    21,
                    120
                ],
                [
                    21,
                    20,
                    120
                ]
            ],
            "stations": [
                [
                    0,
                    "Shenxian Lake",
                    0
                ],
                [
                    1,
                    "North Train Station",
                    1
                ],
                [
                    2,
                    "Renmin Bei Lu",
                    2
                ],
                [
                    3,
                    "Wenshu Monastery",
                    3
                ],
                [
                    4,
                    "Luomashi",
                    4
                ],
                [
                    5,
                    "Tianfu Square",
                    5
                ],
                [
                    6,
                    "Jinjiang Hotel",
                    6
                ],
                [
                    7,
                    "Huaxiba",
                    7
                ],
                [
                    8,
                    "Sichuan Gymnasium",
                    8
                ],
                [
                    9,
                    "Nijiaqiao",
                    9
                ],
                [
                    10,
                    "Tongzilin",
                    10
                ],
                [
                    11,
                    "South Train Station",
                    11
                ],
                [
                    12,
                    "High-Tech Zone",
                    12
                ],
                [
                    13,
                    "Financial City",
                    13
                ],
                [
                    14,
                    "Incubation Center",
                    14
                ],
                [
                    15,
                    "Haiyang Ocean Park",
                    15
                ],
                [
                    16,
                    "Century City",
                    16
                ],
                [
                    17,
                    "3 Tianfu Street",
                    17
                ],
                [
                    18,
                    "5 Tianfu Street",
                    18
                ],
                [
                    19,
                    "Huafu av",
                    19
                ],
                [
                    20,
                    "Sihe",
                    20
                ],
                [
                    21,
                    "Guandu",
                    21
                ]
            ],
            "text_id": 22
        },
        {
            "delays": [],
            "name": "2",
            "scheme": null,
            "segments": [
                [
                    22,
                    23,
                    120
                ],
                [
                    23,
                    22,
                    120
                ],
                [
                    23,
                    24,
                    120
                ],
                [
                    24,
                    23,
                    120
                ],
                [
                    24,
                    25,
                    120
                ],
                [
                    25,
                    24,
                    120
                ],
                [
                    25,
                    26,
                    120
                ],
                [
                    26,
                    25,
                    120
                ],
                [
                    26,
                    27,
                    120
                ],
                [
                    27,
                    26,
                    120
                ],
                [
                    27,
                    28,
                    120
                ],
                [
                    28,
                    27,
                    120
                ],
                [
                    28,
                    29,
                    120
                ],
                [
                    29,
                    28,
                    120
                ],
                [
                    29,
                    30,
                    120
                ],
                [
                    30,
                    29,
                    120
                ],
                [
                    30,
                    31,
                    120
                ],
                [
                    31,
                    30,
                    120
                ],
                [
                    31,
                    32,
                    120
                ],
                [
                    32,
                    31,
                    120
                ],
                [
                    32,
                    33,
                    120
                ],
                [
                    33,
                    32,
                    120
                ],
                [
                    33,
                    34,
                    120
                ],
                [
                    34,
                    33,
                    120
                ],
                [
                    34,
                    35,
                    120
                ],
                [
                    35,
                    34,
                    120
                ],
                [
                    35,
                    36,
                    120
                ],
                [
                    36,
                    35,
                    120
                ],
                [
                    36,
                    37,
                    120
                ],
                [
                    37,
                    36,
                    120
                ],
                [
                    37,
                    38,
                    120
                ],
                [
                    38,
                    37,
                    120
                ],
                [
                    38,
                    39,
                    120
                ],
                [
                    39,
                    38,
                    120
                ],
                [
                    39,
                    40,
                    120
                ],
                [
                    40,
                    39,
                    120
                ],
                [
                    40,
                    41,
                    120
                ],
                [
                    41,
                    40,
                    120
                ],
                [
                    41,
                    42,
                    120
                ],
                [
                    42,
                    41,
                    120
                ],
                [
                    42,
                    43,
                    120
                ],
                [
                    43,
                    42,
                    120
                ],
                [
                    43,
                    44,
                    120
                ],
                [
                    44,
                    43,
                    120
                ],
                [
                    44,
                    45,
                    120
                ],
                [
                    45,
                    44,
                    120
                ],
                [
                    45,
                    46,
                    120
                ],
                [
                    46,
                    45,
                    120
                ],
                [
                    46,
                    47,
                    120
                ],
                [
                    47,
                    46,
                    120
                ],
                [
                    47,
                    48,
                    120
                ],
                [
                    48,
                    47,
                    120
                ],
                [
                    48,
                    49,
                    120
                ],
                [
                    49,
                    48,
                    120
                ],
                [
                    49,
                    50,
                    120
                ],
                [
                    50,
                    49,
                    120
                ],
                [
                    50,
                    51,
                    120
                ],
                [
                    51,
                    50,
                    120
                ],
                [
                    51,
                    52,
                    120
                ],
                [
                    52,
                    51,
                    120
                ],
                [
                    52,
                    53,
                    120
                ],
                [
                    53,
                    52,
                    120
                ]
            ],
            "stations": [
                [
                    22,
                    "Xipu",
                    23
                ],
                [
                    23,
                    "Tianhe Road",
                    24
                ],
                [
                    24,
                    "Baicao Road",
                    25
                ],
                [
                    25,
                    "Jinzhou Road",
                    26
                ],
                [
                    26,
                    "Jinke Road North",
                    27
                ],
                [
                    27,
                    "Yingbing Avenue",
                    28
                ],
                [
                    28,
                    "Chadianzi Bus Terminal",
                    29
                ],
                [
                    29,
                    "Yangxi Flyover",
                    30
                ],
                [
                    30,
                    "Yipintianxia",
                    31
                ],
                [
                    31,
                    "Shuhan Road East",
                    32
                ],
                [
                    32,
                    "Baiguolin",
                    33
                ],
                [
                    33,
                    "CUTCM & Sichuan People's Hospital",
                    34
                ],
                [
                    34,
                    "Tonghuimen",
                    35
                ],
                [
                    35,
                    "People's Park",
                    36
                ],
                [
                    36,
                    "Tianfu Square",
                    5
                ],
                [
                    37,
                    "Chunxi Road",
                    37
                ],
                [
                    38,
                    "Dongmen Bridge",
                    38
                ],
                [
                    39,
                    "Niuwangmiao",
                    39
                ],
                [
                    40,
                    "Niushikou",
                    40
                ],
                [
                    41,
                    "Dongda Road",
                    41
                ],
                [
                    42,
                    "Tazishan Park",
                    42
                ],
                [
                    43,
                    "East Railway Station",
                    43
                ],
                [
                    44,
                    "Chengyu Flyover",
                    44
                ],
                [
                    45,
                    "Huiwangling",
                    45
                ],
                [
                    46,
                    "Honghe",
                    46
                ],
                [
                    47,
                    "Chengdu Institute of Public Administration",
                    47
                ],
                [
                    48,
                    "Damianpu",
                    48
                ],
                [
                    49,
                    "Lianshanpo",
                    49
                ],
                [
                    50,
                    "Jiepai",
                    50
                ],
                [
                    51,
                    "Shufang",
                    51
                ],
                [
                    52,
                    "Longping Rd",
                    52
                ],
                [
                    53,
                    "Longquanyi",
                    53
                ]
            ],
            "text_id": 54
        },
        {
            "delays": [],
            "name": "4",
            "scheme": null,
            "segments": [
                [
                    54,
                    55,
                    120
                ],
                [
                    55,
                    54,
                    120
                ],
                [
                    55,
                    56,
                    120
                ],
                [
                    56,
                    55,
                    120
                ],
                [
                    56,
                    57,
                    120
                ],
                [
                    57,
                    56,
                    120
                ],
                [
                    57,
                    58,
                    120
                ],
                [
                    58,
                    57,
                    120
                ],
                [
                    58,
                    59,
                    120
                ],
                [
                    59,
                    58,
                    120
                ],
                [
                    59,
                    60,
                    120
                ],
                [
                    60,
                    59,
                    120
                ],
                [
                    60,
                    61,
                    120
                ],
                [
                    61,
                    60,
                    120
                ],
                [
                    61,
                    62,
                    120
                ],
                [
                    62,
                    61,
                    120
                ],
                [
                    62,
                    63,
                    120
                ],
                [
                    63,
                    62,
                    120
                ],
                [
                    63,
                    64,
                    120
                ],
                [
                    64,
                    63,
                    120
                ],
                [
                    64,
                    65,
                    120
                ],
                [
                    65,
                    64,
                    120
                ],
                [
                    65,
                    66,
                    120
                ],
                [
                    66,
                    65,
                    120
                ],
                [
                    66,
                    67,
                    120
                ],
                [
                    67,
                    66,
                    120
                ],
                [
                    67,
                    68,
                    120
                ],
                [
                    68,
                    67,
                    120
                ],
                [
                    68,
                    69,
                    120
                ],
                [
                    69,
                    68,
                    120
                ]
            ],
            "stations": [
                [
                    54,
                    "Intangible Cultural Heritage Park",
                    55
                ],
                [
                    55,
                    "Caiqiao",
                    56
                ],
                [
                    56,
                    "Zhongba",
                    57
                ],
                [
                    57,
                    "West Railway Station",
                    58
                ],
                [
                    58,
                    "Qingjiang Road West",
                    59
                ],
                [
                    59,
                    "Cultural Palace",
                    60
                ],
                [
                    60,
                    "Southwestern University of Finance and Economics",
                    61
                ],
                [
                    61,
                    "Caotang Road North",
                    62
                ],
                [
                    62,
                    "CUTCM & Sichuan People's Hospital",
                    34
                ],
                [
                    63,
                    "Kuanzhaixiangzi Alleys",
                    63
                ],
                [
                    64,
                    "Luomashi",
                    4
                ],
                [
                    65,
                    "Taisheng Road South",
                    64
                ],
                [
                    66,
                    "2nd Chengdu People's Hospital",
                    65
                ],
                [
                    67,
                    "Yushuang Road",
                    66
                ],
                [
                    68,
                    "Shuangqiao Road",
                    67
                ],
                [
                    69,
                    "Wannianchang",
                    68
                ]
            ],
            "text_id": 69
        }
    ],
    "name": "metro",
    "transfers": [
        [
            36,
            5,
            120,
            true
        ],
        [
            62,
            33,
            120,
            true
        ],
        [
            64,
            4,
            120,
            true
        ]
    ],
    "type_name": "Метро"
}