{
    "0": "Pingguoyuan",
    "1": "Gucheng",
    "2": "Bajiao Amusement Park",
    "3": "Babaoshan",
    "4": "Yuquanlu",
    "5": "Wukesong",
    "6": "Wanshoulu",
    "7": "Gongzhufen",
    "8": "Military Museum",
    "9": "Muxidi",
    "10": "Nanlishilu",
    "11": "Fuxingmen",
    "12": "Xidan",
    "13": "Tian'anmen West",
    "14": "Tian'anmen East",
    "15": "Wangfujing",
    "16": "Dongdan",
    "17": "Jianguomen",
    "18": "Yong'anli",
    "19": "Guomao",
    "20": "Dawanglu",
    "21": "Sihui",
    "22": "Sihui East",
    "23": "1",
    "24": "Xizhimen",
    "25": "Dazhongsi",
    "26": "Zhichunlu",
    "27": "Wudaokou",
    "28": "Shangdi",
    "29": "Xi'erqi",
    "30": "Longze",
    "31": "Huilongguan",
    "32": "Huoying",
    "33": "Lishuiqiao",
    "34": "Beiyuan",
    "35": "Wangjing West",
    "36": "Shaoyaoju",
    "37": "Guangximen",
    "38": "Liufang",
    "39": "Dongzhimen",
    "40": "13",
    "41": "Zhangguozhuang",
    "42": "Garden Expo",
    "43": "Dawayao",
    "44": "Guozhuangzi",
    "45": "Dajing",
    "46": "Qilizhuang",
    "47": "Xiju",
    "48": "14",
    "49": "Beijing South Railway Station",
    "50": "Taoranqiao",
    "51": "Yongdingmenwai",
    "52": "Jingtai",
    "53": "Puhuangyu",
    "54": "Fangzhuang",
    "55": "Shilihe",
    "56": "Beigongda Ximen",
    "57": "Pingleyuan",
    "58": "Jiulongshan",
    "59": "Jintailu",
    "60": "Chaoyang Park",
    "61": "Zaoying",
    "62": "Dongfeng Beiqiao",
    "63": "Jiangtai",
    "64": "GaoJiayuan",
    "65": "Wanging South",
    "66": "Futong",
    "67": "Wanging",
    "68": "Donghuqu",
    "69": "Laiguanying",
    "70": "Shangezhuang",
    "71": "14a",
    "72": "Oinghuadongluxikou",
    "73": "Liodaokou",
    "74": "Beishatan",
    "75": "Olympic Green",
    "76": "Anlilu",
    "77": "Datunlu East",
    "78": "Guanzhuang",
    "79": "Wangjing",
    "80": "Wangjing East",
    "81": "Cuigezhuang",
    "82": "Maquanying",
    "83": "Sunhe",
    "84": "China International Exhibition Center",
    "85": "Hualikan",
    "86": "Houshayu",
    "87": "Nanfaxin",
    "88": "Shimen",
    "89": "Shunyi",
    "90": "Fengbo",
    "91": "15",
    "92": "Gaobeidian",
    "93": "Communication University of China",
    "94": "Shuangqiao",
    "95": "Baliqiao",
    "96": "Tongzhou Beiyuan",
    "97": "Guoyuan",
    "98": "Jiukeshu",
    "99": "Liyuan",
    "100": "Linheli",
    "101": "Tuqiao",
    "102": "Batong",
    "103": "Life Science Park",
    "104": "Zhuxinzhuang",
    "105": "Gonghuacheng",
    "106": "Shahe",
    "107": "Shahe University Park",
    "108": "Nanashao",
    "109": "Beishaowa",
    "110": "Changping Dongguan",
    "111": "Changping",
    "112": "Ming Tombs",
    "113": "Chanping Xishankou",
    "114": "Gongyixiqiao",
    "115": "Xingong",
    "116": "Xihongmen",
    "117": "Gaomidian North",
    "118": "Gaomidian South",
    "119": "Zaoyuan",
    "120": "Qingyuanlu",
    "121": "Huangcun Xidajie",
    "122": "Huangcun Railway Station",
    "123": "Yihezhuang",
    "124": "Hanyuanzi",
    "125": "Tiangongyuan",
    "126": "Daxing",
    "127": "Guogongzhuang",
    "128": "Dabaotai",
    "129": "Daotian",
    "130": "Changyang",
    "131": "Libafang",
    "132": "Guangyangcheng",
    "133": "Liangxiang University Town North",
    "134": "Liangxiang University Town",
    "135": "Liangxiang University Town West",
    "136": "Liangxiang Nanguan",
    "137": "Suzhuang",
    "138": "Fangshan",
    "139": "Songjiazhuang",
    "140": "Xiaocun",
    "141": "Xiaohongmen",
    "142": "Jiugong",
    "143": "Yizhuangqiao",
    "144": "Yizhuang Culture Park",
    "145": "Longqingjie",
    "146": "Rongjingdongjie",
    "147": "Rongchangdongjie",
    "148": "Tongjinanlu",
    "149": "Jinghailu",
    "150": "Ciqu South",
    "151": "Ciqu",
    "152": "Yizhuang Railway Station",
    "153": "Yizhuang",
    "154": "Sanyuanqiao",
    "155": "Terminal 3",
    "156": "Terminal 2",
    "157": "Airport Express",
    "158": "Chegongzhuang",
    "159": "Fuchengmen",
    "160": "Changchunjie",
    "161": "Xuanwumen",
    "162": "Hepingmen",
    "163": "Qianmen",
    "164": "Chongwenmen",
    "165": "Beijing Railway Station",
    "166": "Chaoyangmen",
    "167": "Dongsi Shitiao",
    "168": "Yonghegong Lama Temple",
    "169": "Andingmen",
    "170": "Guloudajie",
    "171": "Jishuitan",
    "172": "2",
    "173": "Anheqiao North",
    "174": "Beigongmen",
    "175": "Xiyuan",
    "176": "Yuanmingyuan",
    "177": "East Gate of Peking University",
    "178": "Zhongguancun",
    "179": "Haidian Huangzhuang",
    "180": "Renmin University",
    "181": "Weigongcun",
    "182": "National Library",
    "183": "Beijing Zoo",
    "184": "Xinjiekou",
    "185": "Ping'anli",
    "186": "Xisi",
    "187": "Lingjing Hutong",
    "188": "Caishikou",
    "189": "Taoranting",
    "190": "Majiapu",
    "191": "Jiaomen West",
    "192": "4",
    "193": "Liujiayao",
    "194": "Tiantandongmen",
    "195": "Ciqikou",
    "196": "Dengshikou",
    "197": "Dongsi",
    "198": "Zhangzizhonglu",
    "199": "Beixinqiao",
    "200": "Hepingli Beijie",
    "201": "Hepingxiqiao",
    "202": "Huixinxijie Nankou",
    "203": "Huixinxijie Beikou",
    "204": "Beiyuanlu North",
    "205": "Lishuiqiao South",
    "206": "Tiantongyuan South",
    "207": "Tiantongyuan",
    "208": "Tiantongyuan North",
    "209": "5",
    "210": "Haidian Wuluju",
    "211": "Cishousi",
    "212": "Huayuanqiao",
    "213": "Baishiqiao South",
    "214": "Erligou",
    "215": "Chegongzhuang West",
    "216": "Beihai North",
    "217": "Nanluoguxiang",
    "218": "Dongdaqiao",
    "219": "Hujialou",
    "220": "Shilipu",
    "221": "Qingnianlu",
    "222": "Dalianpo",
    "223": "Huangqu",
    "224": "Changying",
    "225": "Caofang",
    "226": "Wuzixueyuanlu",
    "227": "Tongzhou Beiguan",
    "228": "Tongyunmen",
    "229": "Beiyunhe West",
    "230": "Beiyunhe East",
    "231": "Haojiafu",
    "232": "Dongxiayuan",
    "233": "Lucheng",
    "234": "6",
    "235": "Beijing West Railway Station",
    "236": "Wanzi",
    "237": "Daguanying",
    "238": "Guang'anmennei",
    "239": "Hufangqiao",
    "240": "Zhushikou",
    "241": "Qiaowan",
    "242": "Guangqumennei",
    "243": "Guangqumenwai",
    "244": "Shuangjing",
    "245": "Dajiaoting",
    "246": "Baiziwan",
    "247": "Huagong",
    "248": "Nanlouzizhuang",
    "249": "Happy Valley Scenic Area",
    "250": "Fatou",
    "251": "Shuanghe",
    "252": "Jiaohuachang",
    "253": "7",
    "254": "Yuzhilu",
    "255": "Pingxifu",
    "256": "Huilongguan Dongdajie",
    "257": "Yuxin",
    "258": "Xixiaokou",
    "259": "Yongtaizhuang",
    "260": "Lincuiqiao",
    "261": "South Gate of Forest Park",
    "262": "Olympic Sports Center",
    "263": "Beitucheng",
    "264": "Anhuaqiao",
    "265": "Andelibeijie",
    "266": "Shichahai",
    "267": "8",
    "268": "Baiduizi",
    "269": "Beijing West",
    "270": "Liuliqiao East",
    "271": "Liuliqiao",
    "272": "Fengtai Dongdajie",
    "273": "Fengtainanlu",
    "274": "Keyilu",
    "275": "Fengtai Science Park",
    "276": "9",
    "277": "Bagou",
    "278": "Suzhoujie",
    "279": "Zhichunli",
    "280": "Xitucheng",
    "281": "Mudanyuan",
    "282": "Jiandemen",
    "283": "Anzhenmen",
    "284": "Taiyanggong",
    "285": "Liangmaqiao",
    "286": "Agricultural Exhibition Center",
    "287": "Tuanjiehu",
    "288": "Jintaixizhao",
    "289": "Jinsong",
    "290": "Panjiayuan",
    "291": "Fenzhongsi",
    "292": "Chengshousi",
    "293": "Shiliuzhuang",
    "294": "Dahongmen",
    "295": "Jiaomen East",
    "296": "Caoqiao",
    "297": "Jijiamiao",
    "298": "Shoujingmao",
    "299": "Fengtai",
    "300": "Niwa",
    "301": "Lianhuaqiao",
    "302": "Xidiaoyutai",
    "303": "Chedaogou",
    "304": "Changchunqiao",
    "305": "Huoqiying",
    "306": "10",
    "307": "Метро",
    "308": "ROOT",
    "309": "Схема от 01.03.2016г.",
    "310": "Imported from http://pmetro.su"
}