{
    "default_transports": [
        "metro"
    ],
    "height": 795,
    "images": [
        "res/schemes/miami.svg"
    ],
    "is_vector": true,
    "lines": [
        {
            "labels_bg_color": "-1",
            "labels_color": "007BB5",
            "line_color": "007BB5",
            "line_width": 7,
            "name": "Omni Loop",
            "segments": [
                [
                    0,
                    1,
                    [
                        [
                            386,
                            154
                        ],
                        [
                            340,
                            154
                        ]
                    ],
                    true
                ],
                [
                    1,
                    2,
                    [
                        [
                            387,
                            196
                        ],
                        [
                            403.0,
                            187.0
                        ],
                        [
                            403.0,
                            154.0
                        ],
                        [
                            386,
                            154
                        ]
                    ],
                    true
                ],
                [
                    2,
                    3,
                    [
                        [
                            359,
                            211
                        ],
                        [
                            387,
                            196
                        ]
                    ],
                    true
                ],
                [
                    3,
                    4,
                    [
                        [
                            359,
                            247
                        ],
                        [
                            359,
                            211
                        ]
                    ],
                    true
                ],
                [
                    4,
                    5,
                    [
                        [
                            359,
                            281
                        ],
                        [
                            359,
                            247
                        ]
                    ],
                    true
                ],
                [
                    5,
                    6,
                    [
                        [
                            359,
                            281
                        ],
                        [
                            359.0,
                            304.0
                        ],
                        [
                            340,
                            304
                        ]
                    ],
                    true
                ],
                [
                    5,
                    13,
                    [
                        [
                            359,
                            281
                        ],
                        [
                            359.0,
                            304.0
                        ],
                        [
                            367.0,
                            304.0
                        ],
                        [
                            367,
                            322
                        ]
                    ],
                    true
                ],
                [
                    6,
                    7,
                    [
                        [
                            340,
                            304
                        ],
                        [
                            314,
                            304
                        ]
                    ],
                    true
                ],
                [
                    7,
                    8,
                    [
                        [
                            314,
                            304
                        ],
                        [
                            302.0,
                            304.0
                        ],
                        [
                            302.0,
                            325.0
                        ],
                        [
                            298,
                            330
                        ]
                    ],
                    true
                ],
                [
                    8,
                    9,
                    [
                        [
                            298,
                            330
                        ],
                        [
                            302.0,
                            336.0
                        ],
                        [
                            302.0,
                            379.0
                        ],
                        [
                            329,
                            393
                        ]
                    ],
                    true
                ],
                [
                    9,
                    10,
                    [
                        [
                            329,
                            393
                        ],
                        [
                            355,
                            393
                        ]
                    ],
                    true
                ],
                [
                    10,
                    11,
                    [
                        [
                            355,
                            393
                        ],
                        [
                            394.0,
                            393.0
                        ],
                        [
                            394,
                            369
                        ]
                    ],
                    true
                ],
                [
                    11,
                    12,
                    [
                        [
                            394,
                            369
                        ],
                        [
                            394.0,
                            345.0
                        ],
                        [
                            367,
                            345
                        ]
                    ],
                    true
                ],
                [
                    12,
                    13,
                    [
                        [
                            367,
                            345
                        ],
                        [
                            367,
                            322
                        ]
                    ],
                    true
                ]
            ],
            "stations": [
                {
                    "coord": [
                        340,
                        154
                    ],
                    "is_working": true,
                    "name": "School Board",
                    "rect": [
                        289,
                        132,
                        69,
                        15
                    ],
                    "text_id": 0,
                    "uid": 0
                },
                {
                    "coord": [
                        386,
                        154
                    ],
                    "is_working": true,
                    "name": "Omni",
                    "rect": [
                        382,
                        131,
                        28,
                        15
                    ],
                    "text_id": 1,
                    "uid": 1
                },
                {
                    "coord": [
                        387,
                        196
                    ],
                    "is_working": true,
                    "name": "Bicentennial Park",
                    "rect": [
                        304,
                        171,
                        90,
                        15
                    ],
                    "text_id": 2,
                    "uid": 2
                },
                {
                    "coord": [
                        359,
                        211
                    ],
                    "is_working": true,
                    "name": "Eleventh Street",
                    "rect": [
                        274,
                        193,
                        77,
                        15
                    ],
                    "text_id": 3,
                    "uid": 3
                },
                {
                    "coord": [
                        359,
                        247
                    ],
                    "is_working": true,
                    "name": "Park West",
                    "rect": [
                        372,
                        238,
                        53,
                        15
                    ],
                    "text_id": 4,
                    "uid": 4
                },
                {
                    "coord": [
                        359,
                        281
                    ],
                    "is_working": true,
                    "name": "Freedom Tower",
                    "rect": [
                        368,
                        266,
                        78,
                        15
                    ],
                    "text_id": 5,
                    "uid": 5
                },
                {
                    "coord": [
                        340,
                        304
                    ],
                    "is_working": true,
                    "name": "College North",
                    "rect": [
                        380,
                        287,
                        70,
                        15
                    ],
                    "text_id": 6,
                    "uid": 6
                },
                {
                    "coord": [
                        314,
                        304
                    ],
                    "is_working": true,
                    "name": "Arena/State Plaza",
                    "rect": [
                        200,
                        296,
                        90,
                        15
                    ],
                    "text_id": 7,
                    "uid": 7
                },
                {
                    "coord": [
                        298,
                        330
                    ],
                    "is_working": true,
                    "name": "Government Center",
                    "rect": [
                        184,
                        330,
                        98,
                        15
                    ],
                    "text_id": 8,
                    "uid": 8
                },
                {
                    "coord": [
                        329,
                        393
                    ],
                    "is_working": true,
                    "name": "Third Street",
                    "rect": [
                        247,
                        393,
                        59,
                        15
                    ],
                    "text_id": 9,
                    "uid": 9
                },
                {
                    "coord": [
                        355,
                        393
                    ],
                    "is_working": true,
                    "name": "Knight Center",
                    "rect": [
                        375,
                        404,
                        70,
                        15
                    ],
                    "text_id": 10,
                    "uid": 10
                },
                {
                    "coord": [
                        394,
                        369
                    ],
                    "is_working": true,
                    "name": "Bayfront Park",
                    "rect": [
                        407,
                        365,
                        70,
                        15
                    ],
                    "text_id": 11,
                    "uid": 11
                },
                {
                    "coord": [
                        367,
                        345
                    ],
                    "is_working": true,
                    "name": "First Street",
                    "rect": [
                        381,
                        341,
                        56,
                        15
                    ],
                    "text_id": 12,
                    "uid": 12
                },
                {
                    "coord": [
                        367,
                        322
                    ],
                    "is_working": true,
                    "name": "College/Bayside",
                    "rect": [
                        388,
                        318,
                        84,
                        15
                    ],
                    "text_id": 13,
                    "uid": 13
                }
            ],
            "text_id": 14
        },
        {
            "labels_bg_color": "-1",
            "labels_color": "CE4A73",
            "line_color": "CE4A73",
            "line_width": 7,
            "name": "Brickell Loop",
            "segments": [
                [
                    14,
                    15,
                    [
                        [
                            299,
                            517
                        ],
                        [
                            299.0,
                            546.0
                        ],
                        [
                            328,
                            546
                        ]
                    ],
                    true
                ],
                [
                    15,
                    16,
                    [
                        [
                            331,
                            493
                        ],
                        [
                            325.0,
                            503.0
                        ],
                        [
                            299.0,
                            503.0
                        ],
                        [
                            299,
                            517
                        ]
                    ],
                    true
                ],
                [
                    16,
                    17,
                    [
                        [
                            345,
                            468
                        ],
                        [
                            331,
                            493
                        ]
                    ],
                    true
                ],
                [
                    17,
                    18,
                    [
                        [
                            345,
                            440
                        ],
                        [
                            345,
                            468
                        ]
                    ],
                    true
                ],
                [
                    18,
                    19,
                    [
                        [
                            345,
                            408
                        ],
                        [
                            345,
                            440
                        ]
                    ],
                    true
                ],
                [
                    19,
                    20,
                    [
                        [
                            345,
                            408
                        ],
                        [
                            353.0,
                            408.0
                        ],
                        [
                            353.0,
                            398.0
                        ],
                        [
                            366,
                            398
                        ]
                    ],
                    true
                ],
                [
                    19,
                    27,
                    [
                        [
                            345,
                            408
                        ],
                        [
                            345.0,
                            398.0
                        ],
                        [
                            318,
                            398
                        ]
                    ],
                    true
                ],
                [
                    20,
                    21,
                    [
                        [
                            366,
                            398
                        ],
                        [
                            401.0,
                            398.0
                        ],
                        [
                            401,
                            380
                        ]
                    ],
                    true
                ],
                [
                    21,
                    22,
                    [
                        [
                            401,
                            380
                        ],
                        [
                            401.0,
                            337.0
                        ],
                        [
                            377,
                            337
                        ]
                    ],
                    true
                ],
                [
                    22,
                    23,
                    [
                        [
                            377,
                            337
                        ],
                        [
                            377,
                            322
                        ]
                    ],
                    true
                ],
                [
                    23,
                    24,
                    [
                        [
                            377,
                            322
                        ],
                        [
                            377.0,
                            295.0
                        ],
                        [
                            340,
                            295
                        ]
                    ],
                    true
                ],
                [
                    24,
                    25,
                    [
                        [
                            340,
                            295
                        ],
                        [
                            314,
                            295
                        ]
                    ],
                    true
                ],
                [
                    25,
                    26,
                    [
                        [
                            314,
                            295
                        ],
                        [
                            298.0,
                            295.0
                        ],
                        [
                            298,
                            346
                        ]
                    ],
                    true
                ],
                [
                    26,
                    27,
                    [
                        [
                            298,
                            346
                        ],
                        [
                            298.0,
                            387.0
                        ],
                        [
                            318,
                            398
                        ]
                    ],
                    true
                ]
            ],
            "stations": [
                {
                    "coord": [
                        328,
                        546
                    ],
                    "is_working": true,
                    "name": "Financial District",
                    "rect": [
                        303,
                        555,
                        86,
                        15
                    ],
                    "text_id": 15,
                    "uid": 14
                },
                {
                    "coord": [
                        299,
                        517
                    ],
                    "is_working": true,
                    "name": "Brickell",
                    "rect": [
                        239,
                        505,
                        41,
                        15
                    ],
                    "text_id": 16,
                    "uid": 15
                },
                {
                    "coord": [
                        331,
                        493
                    ],
                    "is_working": true,
                    "name": "Tenth Street",
                    "rect": [
                        345,
                        498,
                        61,
                        15
                    ],
                    "text_id": 17,
                    "uid": 16
                },
                {
                    "coord": [
                        345,
                        468
                    ],
                    "is_working": true,
                    "name": "Eighth Street",
                    "rect": [
                        355,
                        458,
                        65,
                        15
                    ],
                    "text_id": 18,
                    "uid": 17
                },
                {
                    "coord": [
                        345,
                        440
                    ],
                    "is_working": true,
                    "name": "Fifth Street",
                    "rect": [
                        353,
                        437,
                        55,
                        15
                    ],
                    "text_id": 19,
                    "uid": 18
                },
                {
                    "coord": [
                        345,
                        408
                    ],
                    "is_working": true,
                    "name": "Riverwalk",
                    "rect": [
                        287,
                        412,
                        52,
                        15
                    ],
                    "text_id": 20,
                    "uid": 19
                },
                {
                    "coord": [
                        366,
                        398
                    ],
                    "is_working": true,
                    "name": "Knight Center",
                    "rect": [
                        375,
                        404,
                        70,
                        15
                    ],
                    "text_id": 10,
                    "uid": 20
                },
                {
                    "coord": [
                        401,
                        380
                    ],
                    "is_working": true,
                    "name": "Bayfront Park",
                    "rect": [
                        407,
                        365,
                        70,
                        15
                    ],
                    "text_id": 11,
                    "uid": 21
                },
                {
                    "coord": [
                        377,
                        337
                    ],
                    "is_working": true,
                    "name": "First Street",
                    "rect": [
                        381,
                        341,
                        56,
                        15
                    ],
                    "text_id": 12,
                    "uid": 22
                },
                {
                    "coord": [
                        377,
                        322
                    ],
                    "is_working": true,
                    "name": "College/Bayside",
                    "rect": [
                        388,
                        318,
                        84,
                        15
                    ],
                    "text_id": 13,
                    "uid": 23
                },
                {
                    "coord": [
                        340,
                        295
                    ],
                    "is_working": true,
                    "name": "College North",
                    "rect": [
                        380,
                        287,
                        70,
                        15
                    ],
                    "text_id": 6,
                    "uid": 24
                },
                {
                    "coord": [
                        314,
                        295
                    ],
                    "is_working": true,
                    "name": "Arena/State Plaza",
                    "rect": [
                        200,
                        296,
                        90,
                        15
                    ],
                    "text_id": 7,
                    "uid": 25
                },
                {
                    "coord": [
                        298,
                        346
                    ],
                    "is_working": true,
                    "name": "Government Center",
                    "rect": [
                        184,
                        330,
                        98,
                        15
                    ],
                    "text_id": 8,
                    "uid": 26
                },
                {
                    "coord": [
                        318,
                        398
                    ],
                    "is_working": true,
                    "name": "Third Street",
                    "rect": [
                        247,
                        393,
                        59,
                        15
                    ],
                    "text_id": 9,
                    "uid": 27
                }
            ],
            "text_id": 21
        },
        {
            "labels_bg_color": "-1",
            "labels_color": "DE8C42",
            "line_color": "DE8C42",
            "line_width": 7,
            "name": "Downtown Loop",
            "segments": [
                [
                    28,
                    29,
                    [
                        [
                            322,
                            369
                        ],
                        [
                            306.0,
                            369.0
                        ],
                        [
                            306,
                            338
                        ]
                    ],
                    true
                ],
                [
                    28,
                    35,
                    [
                        [
                            364,
                            384
                        ],
                        [
                            343.0,
                            384.0
                        ],
                        [
                            343.0,
                            369.0
                        ],
                        [
                            322,
                            369
                        ]
                    ],
                    true
                ],
                [
                    29,
                    30,
                    [
                        [
                            306,
                            338
                        ],
                        [
                            306.0,
                            314.0
                        ],
                        [
                            314,
                            314
                        ]
                    ],
                    true
                ],
                [
                    30,
                    31,
                    [
                        [
                            314,
                            314
                        ],
                        [
                            340,
                            314
                        ]
                    ],
                    true
                ],
                [
                    31,
                    32,
                    [
                        [
                            340,
                            314
                        ],
                        [
                            357.0,
                            314.0
                        ],
                        [
                            357,
                            323
                        ]
                    ],
                    true
                ],
                [
                    32,
                    33,
                    [
                        [
                            357,
                            323
                        ],
                        [
                            357,
                            352
                        ]
                    ],
                    true
                ],
                [
                    33,
                    34,
                    [
                        [
                            357,
                            352
                        ],
                        [
                            388.0,
                            352.0
                        ],
                        [
                            388,
                            380
                        ]
                    ],
                    true
                ],
                [
                    34,
                    35,
                    [
                        [
                            388,
                            380
                        ],
                        [
                            388.0,
                            384.0
                        ],
                        [
                            364,
                            384
                        ]
                    ],
                    true
                ]
            ],
            "stations": [
                {
                    "coord": [
                        322,
                        369
                    ],
                    "is_working": true,
                    "name": "Miami Avenue",
                    "rect": [
                        217,
                        361,
                        73,
                        15
                    ],
                    "text_id": 22,
                    "uid": 28
                },
                {
                    "coord": [
                        306,
                        338
                    ],
                    "is_working": true,
                    "name": "Government Center",
                    "rect": [
                        184,
                        330,
                        98,
                        15
                    ],
                    "text_id": 8,
                    "uid": 29
                },
                {
                    "coord": [
                        314,
                        314
                    ],
                    "is_working": true,
                    "name": "Arena/State Plaza",
                    "rect": [
                        200,
                        296,
                        90,
                        15
                    ],
                    "text_id": 7,
                    "uid": 30
                },
                {
                    "coord": [
                        340,
                        314
                    ],
                    "is_working": true,
                    "name": "College North",
                    "rect": [
                        380,
                        287,
                        70,
                        15
                    ],
                    "text_id": 6,
                    "uid": 31
                },
                {
                    "coord": [
                        357,
                        323
                    ],
                    "is_working": true,
                    "name": "College/Bayside",
                    "rect": [
                        388,
                        318,
                        84,
                        15
                    ],
                    "text_id": 13,
                    "uid": 32
                },
                {
                    "coord": [
                        357,
                        352
                    ],
                    "is_working": true,
                    "name": "First Street",
                    "rect": [
                        381,
                        341,
                        56,
                        15
                    ],
                    "text_id": 12,
                    "uid": 33
                },
                {
                    "coord": [
                        388,
                        380
                    ],
                    "is_working": true,
                    "name": "Bayfront Park",
                    "rect": [
                        407,
                        365,
                        70,
                        15
                    ],
                    "text_id": 11,
                    "uid": 34
                },
                {
                    "coord": [
                        364,
                        384
                    ],
                    "is_working": true,
                    "name": "Knight Center",
                    "rect": [
                        375,
                        404,
                        70,
                        15
                    ],
                    "text_id": 10,
                    "uid": 35
                }
            ],
            "text_id": 23
        },
        {
            "labels_bg_color": "-1",
            "labels_color": "6BB510",
            "line_color": "6BB510",
            "line_width": 7,
            "name": "Metrorail",
            "segments": [
                [
                    36,
                    44,
                    [
                        [
                            220,
                            114
                        ],
                        [
                            129.0,
                            114.0
                        ],
                        [
                            118.0,
                            125.0
                        ],
                        [
                            118,
                            156
                        ]
                    ],
                    true
                ],
                [
                    37,
                    38,
                    [
                        [
                            58,
                            35
                        ],
                        [
                            30.0,
                            35.0
                        ],
                        [
                            9,
                            14
                        ]
                    ],
                    true
                ],
                [
                    38,
                    39,
                    [
                        [
                            99,
                            35
                        ],
                        [
                            58,
                            35
                        ]
                    ],
                    true
                ],
                [
                    39,
                    40,
                    [
                        [
                            140,
                            30
                        ],
                        [
                            119.0,
                            30.0
                        ],
                        [
                            99,
                            35
                        ]
                    ],
                    true
                ],
                [
                    40,
                    41,
                    [
                        [
                            169,
                            30
                        ],
                        [
                            140,
                            30
                        ]
                    ],
                    true
                ],
                [
                    41,
                    42,
                    [
                        [
                            192,
                            69
                        ],
                        [
                            192.0,
                            39.0
                        ],
                        [
                            184.0,
                            30.0
                        ],
                        [
                            169,
                            30
                        ]
                    ],
                    true
                ],
                [
                    42,
                    43,
                    [
                        [
                            192,
                            96
                        ],
                        [
                            192,
                            69
                        ]
                    ],
                    true
                ],
                [
                    43,
                    44,
                    [
                        [
                            220,
                            114
                        ],
                        [
                            192.0,
                            114.0
                        ],
                        [
                            192,
                            96
                        ]
                    ],
                    true
                ],
                [
                    44,
                    45,
                    [
                        [
                            251,
                            141
                        ],
                        [
                            251.0,
                            119.0
                        ],
                        [
                            242.0,
                            114.0
                        ],
                        [
                            220,
                            114
                        ]
                    ],
                    true
                ],
                [
                    45,
                    46,
                    [
                        [
                            251,
                            171
                        ],
                        [
                            251,
                            141
                        ]
                    ],
                    true
                ],
                [
                    46,
                    47,
                    [
                        [
                            251,
                            205
                        ],
                        [
                            251,
                            171
                        ]
                    ],
                    true
                ],
                [
                    47,
                    48,
                    [
                        [
                            269,
                            225
                        ],
                        [
                            251.0,
                            225.0
                        ],
                        [
                            251,
                            205
                        ]
                    ],
                    true
                ],
                [
                    48,
                    49,
                    [
                        [
                            290,
                            269
                        ],
                        [
                            290.0,
                            244.0
                        ],
                        [
                            281.0,
                            229.0
                        ],
                        [
                            269,
                            225
                        ]
                    ],
                    true
                ],
                [
                    49,
                    50,
                    [
                        [
                            290,
                            338
                        ],
                        [
                            290,
                            269
                        ]
                    ],
                    true
                ],
                [
                    50,
                    51,
                    [
                        [
                            290,
                            517
                        ],
                        [
                            290,
                            338
                        ]
                    ],
                    true
                ],
                [
                    51,
                    52,
                    [
                        [
                            269,
                            549
                        ],
                        [
                            290.0,
                            528.0
                        ],
                        [
                            290,
                            517
                        ]
                    ],
                    true
                ],
                [
                    52,
                    53,
                    [
                        [
                            233,
                            572
                        ],
                        [
                            253.0,
                            565.0
                        ],
                        [
                            269,
                            549
                        ]
                    ],
                    true
                ],
                [
                    53,
                    54,
                    [
                        [
                            201,
                            584
                        ],
                        [
                            233,
                            572
                        ]
                    ],
                    true
                ],
                [
                    54,
                    55,
                    [
                        [
                            159,
                            599
                        ],
                        [
                            201,
                            584
                        ]
                    ],
                    true
                ],
                [
                    55,
                    56,
                    [
                        [
                            113,
                            615
                        ],
                        [
                            159,
                            599
                        ]
                    ],
                    true
                ],
                [
                    56,
                    57,
                    [
                        [
                            68,
                            630
                        ],
                        [
                            113,
                            615
                        ]
                    ],
                    true
                ],
                [
                    57,
                    58,
                    [
                        [
                            27,
                            645
                        ],
                        [
                            68,
                            630
                        ]
                    ],
                    true
                ]
            ],
            "stations": [
                {
                    "coord": [
                        118,
                        156
                    ],
                    "is_working": true,
                    "name": "Miami International Airport",
                    "rect": [
                        28,
                        166,
                        133,
                        15
                    ],
                    "text_id": 24,
                    "uid": 36
                },
                {
                    "coord": [
                        9,
                        14
                    ],
                    "is_working": true,
                    "name": "Palmetto",
                    "rect": [
                        18,
                        3,
                        45,
                        15
                    ],
                    "text_id": 25,
                    "uid": 37
                },
                {
                    "coord": [
                        58,
                        35
                    ],
                    "is_working": true,
                    "name": "Okeechobee",
                    "rect": [
                        28,
                        44,
                        64,
                        15
                    ],
                    "text_id": 26,
                    "uid": 38
                },
                {
                    "coord": [
                        99,
                        35
                    ],
                    "is_working": true,
                    "name": "Hialeah",
                    "rect": [
                        80,
                        10,
                        40,
                        15
                    ],
                    "text_id": 27,
                    "uid": 39
                },
                {
                    "coord": [
                        140,
                        30
                    ],
                    "is_working": true,
                    "name": "Tri-Rail",
                    "rect": [
                        119,
                        39,
                        38,
                        15
                    ],
                    "text_id": 28,
                    "uid": 40
                },
                {
                    "coord": [
                        169,
                        30
                    ],
                    "is_working": true,
                    "name": "Northside",
                    "rect": [
                        195,
                        22,
                        50,
                        15
                    ],
                    "text_id": 29,
                    "uid": 41
                },
                {
                    "coord": [
                        192,
                        69
                    ],
                    "is_working": true,
                    "name": "Dr Martin Luther King Jr.",
                    "rect": [
                        204,
                        61,
                        124,
                        15
                    ],
                    "text_id": 30,
                    "uid": 42
                },
                {
                    "coord": [
                        192,
                        96
                    ],
                    "is_working": true,
                    "name": "Brownsville",
                    "rect": [
                        123,
                        90,
                        61,
                        15
                    ],
                    "text_id": 31,
                    "uid": 43
                },
                {
                    "coord": [
                        220,
                        114
                    ],
                    "is_working": true,
                    "name": "Earlington Heights",
                    "rect": [
                        224,
                        93,
                        93,
                        15
                    ],
                    "text_id": 32,
                    "uid": 44
                },
                {
                    "coord": [
                        251,
                        141
                    ],
                    "is_working": true,
                    "name": "Allapattah",
                    "rect": [
                        190,
                        133,
                        52,
                        15
                    ],
                    "text_id": 33,
                    "uid": 45
                },
                {
                    "coord": [
                        251,
                        171
                    ],
                    "is_working": true,
                    "name": "Santa Clara",
                    "rect": [
                        182,
                        163,
                        60,
                        15
                    ],
                    "text_id": 34,
                    "uid": 46
                },
                {
                    "coord": [
                        251,
                        205
                    ],
                    "is_working": true,
                    "name": "Civic Center",
                    "rect": [
                        178,
                        198,
                        64,
                        15
                    ],
                    "text_id": 35,
                    "uid": 47
                },
                {
                    "coord": [
                        269,
                        225
                    ],
                    "is_working": true,
                    "name": "Culmer",
                    "rect": [
                        231,
                        232,
                        38,
                        15
                    ],
                    "text_id": 36,
                    "uid": 48
                },
                {
                    "coord": [
                        290,
                        269
                    ],
                    "is_working": true,
                    "name": "Overtown/Arena",
                    "rect": [
                        199,
                        263,
                        82,
                        15
                    ],
                    "text_id": 37,
                    "uid": 49
                },
                {
                    "coord": [
                        290,
                        338
                    ],
                    "is_working": true,
                    "name": "Government Center",
                    "rect": [
                        184,
                        330,
                        98,
                        15
                    ],
                    "text_id": 8,
                    "uid": 50
                },
                {
                    "coord": [
                        290,
                        517
                    ],
                    "is_working": true,
                    "name": "Brickell",
                    "rect": [
                        239,
                        505,
                        41,
                        15
                    ],
                    "text_id": 16,
                    "uid": 51
                },
                {
                    "coord": [
                        269,
                        549
                    ],
                    "is_working": true,
                    "name": "Vizcaya",
                    "rect": [
                        220,
                        533,
                        41,
                        15
                    ],
                    "text_id": 38,
                    "uid": 52
                },
                {
                    "coord": [
                        233,
                        572
                    ],
                    "is_working": true,
                    "name": "Coconut Grove",
                    "rect": [
                        236,
                        580,
                        76,
                        15
                    ],
                    "text_id": 39,
                    "uid": 53
                },
                {
                    "coord": [
                        201,
                        584
                    ],
                    "is_working": true,
                    "name": "Douglas Road",
                    "rect": [
                        125,
                        562,
                        72,
                        15
                    ],
                    "text_id": 40,
                    "uid": 54
                },
                {
                    "coord": [
                        159,
                        599
                    ],
                    "is_working": true,
                    "name": "University",
                    "rect": [
                        168,
                        603,
                        53,
                        15
                    ],
                    "text_id": 41,
                    "uid": 55
                },
                {
                    "coord": [
                        113,
                        615
                    ],
                    "is_working": true,
                    "name": "South Miami",
                    "rect": [
                        117,
                        621,
                        63,
                        15
                    ],
                    "text_id": 42,
                    "uid": 56
                },
                {
                    "coord": [
                        68,
                        630
                    ],
                    "is_working": true,
                    "name": "Dadeland North",
                    "rect": [
                        74,
                        639,
                        79,
                        15
                    ],
                    "text_id": 43,
                    "uid": 57
                },
                {
                    "coord": [
                        27,
                        645
                    ],
                    "is_working": true,
                    "name": "Dadeland South",
                    "rect": [
                        15,
                        658,
                        80,
                        15
                    ],
                    "text_id": 44,
                    "uid": 58
                }
            ],
            "text_id": 45
        }
    ],
    "lines_width": 7,
    "name": "metro",
    "name_text_id": 46,
    "stations_diameter": 13.0,
    "transfers": [
        [
            6,
            24,
            [
                340,
                304
            ],
            [
                340,
                295
            ]
        ],
        [
            6,
            31,
            [
                340,
                304
            ],
            [
                340,
                314
            ]
        ],
        [
            7,
            25,
            [
                314,
                304
            ],
            [
                314,
                295
            ]
        ],
        [
            7,
            30,
            [
                314,
                304
            ],
            [
                314,
                314
            ]
        ],
        [
            8,
            26,
            [
                298,
                330
            ],
            [
                298,
                346
            ]
        ],
        [
            8,
            29,
            [
                298,
                330
            ],
            [
                306,
                338
            ]
        ],
        [
            8,
            50,
            [
                298,
                330
            ],
            [
                290,
                338
            ]
        ],
        [
            9,
            27,
            [
                329,
                393
            ],
            [
                318,
                398
            ]
        ],
        [
            10,
            20,
            [
                355,
                393
            ],
            [
                366,
                398
            ]
        ],
        [
            10,
            35,
            [
                355,
                393
            ],
            [
                364,
                384
            ]
        ],
        [
            11,
            21,
            [
                394,
                369
            ],
            [
                401,
                380
            ]
        ],
        [
            11,
            34,
            [
                394,
                369
            ],
            [
                388,
                380
            ]
        ],
        [
            12,
            22,
            [
                367,
                345
            ],
            [
                377,
                337
            ]
        ],
        [
            12,
            33,
            [
                367,
                345
            ],
            [
                357,
                352
            ]
        ],
        [
            13,
            23,
            [
                367,
                322
            ],
            [
                377,
                322
            ]
        ],
        [
            13,
            32,
            [
                367,
                322
            ],
            [
                357,
                323
            ]
        ],
        [
            15,
            51,
            [
                299,
                517
            ],
            [
                290,
                517
            ]
        ],
        [
            20,
            35,
            [
                366,
                398
            ],
            [
                364,
                384
            ]
        ],
        [
            21,
            34,
            [
                401,
                380
            ],
            [
                388,
                380
            ]
        ],
        [
            22,
            33,
            [
                377,
                337
            ],
            [
                357,
                352
            ]
        ],
        [
            23,
            32,
            [
                377,
                322
            ],
            [
                357,
                323
            ]
        ],
        [
            24,
            31,
            [
                340,
                295
            ],
            [
                340,
                314
            ]
        ],
        [
            25,
            30,
            [
                314,
                295
            ],
            [
                314,
                314
            ]
        ],
        [
            26,
            29,
            [
                298,
                346
            ],
            [
                306,
                338
            ]
        ],
        [
            26,
            50,
            [
                298,
                346
            ],
            [
                290,
                338
            ]
        ],
        [
            29,
            50,
            [
                306,
                338
            ],
            [
                290,
                338
            ]
        ]
    ],
    "transports": [
        "metro"
    ],
    "type_name": "ROOT",
    "type_text_id": 47,
    "upper_case": false,
    "width": 553,
    "word_wrap": false
}