{
    "lines": [
        {
            "delays": [],
            "name": "Linha 1",
            "scheme": null,
            "segments": [
                [
                    0,
                    1,
                    240
                ],
                [
                    1,
                    0,
                    240
                ],
                [
                    1,
                    2,
                    240
                ],
                [
                    2,
                    1,
                    240
                ],
                [
                    2,
                    3,
                    240
                ],
                [
                    3,
                    2,
                    240
                ],
                [
                    3,
                    4,
                    240
                ],
                [
                    4,
                    3,
                    240
                ],
                [
                    4,
                    5,
                    240
                ],
                [
                    5,
                    4,
                    240
                ],
                [
                    5,
                    6,
                    240
                ],
                [
                    6,
                    5,
                    240
                ],
                [
                    6,
                    7,
                    240
                ],
                [
                    7,
                    6,
                    240
                ],
                [
                    7,
                    8,
                    240
                ],
                [
                    8,
                    7,
                    240
                ]
            ],
            "stations": [
                [
                    0,
                    "Mercado",
                    0
                ],
                [
                    1,
                    "Itarare",
                    1
                ],
                [
                    2,
                    "Novo Horizonte",
                    2
                ],
                [
                    3,
                    "Renascenca",
                    3
                ],
                [
                    4,
                    "Esperanca",
                    4
                ],
                [
                    5,
                    "Ilhotas",
                    5
                ],
                [
                    6,
                    "Frei Serafim",
                    6
                ],
                [
                    7,
                    "Matinha",
                    7
                ],
                [
                    8,
                    "Bandeira",
                    8
                ]
            ],
            "text_id": 9
        }
    ],
    "name": "metro",
    "transfers": [],
    "type_name": "Метро"
}