[
    {
        "caption": "Схема",
        "image": "res/stations/gorkovskaya.svg",
        "line": "Автозаводская",
        "station": "Горьковская"
    },
    {
        "caption": "Схема",
        "image": "res/stations/moskovskaya.svg",
        "line": "Автозаводская",
        "station": "Московская"
    },
    {
        "caption": "Схема",
        "image": "res/stations/chkalovskaya.svg",
        "line": "Автозаводская",
        "station": "Чкаловская"
    },
    {
        "caption": "Схема",
        "image": "res/stations/leninskaya.svg",
        "line": "Автозаводская",
        "station": "Ленинская"
    },
    {
        "caption": "Схема",
        "image": "res/stations/zarechnaya.svg",
        "line": "Автозаводская",
        "station": "Заречная"
    },
    {
        "caption": "Схема",
        "image": "res/stations/dvigatelrevolucii.svg",
        "line": "Автозаводская",
        "station": "Двигатель Революции"
    },
    {
        "caption": "Схема",
        "image": "res/stations/proletarskaya.svg",
        "line": "Автозаводская",
        "station": "Пролетарская"
    },
    {
        "caption": "Схема",
        "image": "res/stations/avtozavodskaya.svg",
        "line": "Автозаводская",
        "station": "Автозаводская"
    },
    {
        "caption": "Схема",
        "image": "res/stations/komsomolskaya.svg",
        "line": "Автозаводская",
        "station": "Комсомольская"
    },
    {
        "caption": "Схема",
        "image": "res/stations/kirovskaya.svg",
        "line": "Автозаводская",
        "station": "Кировская"
    },
    {
        "caption": "Схема",
        "image": "res/stations/parkkultury.svg",
        "line": "Автозаводская",
        "station": "Парк Культуры"
    },
    {
        "caption": "Схема",
        "image": "res/stations/burevestnik.svg",
        "line": "Сормовская",
        "station": "Буревестник"
    },
    {
        "caption": "Схема",
        "image": "res/stations/burnakovskaya.svg",
        "line": "Сормовская",
        "station": "Бурнаковская"
    },
    {
        "caption": "Схема",
        "image": "res/stations/kanavinskaya.svg",
        "line": "Сормовская",
        "station": "Канавинская"
    },
    {
        "caption": "Схема",
        "image": "res/stations/moskovskaya.svg",
        "line": "Сормовская",
        "station": "Московская"
    },
    {
        "caption": "Схема",
        "image": "res/stations/strelka.svg",
        "line": "Сормовская",
        "station": "Стрелка"
    }
]