{
    "0": "Estadio do Dragao",
    "1": "Campanha",
    "2": "Heroismo",
    "3": "Campo 24 Agosto",
    "4": "Bolhao",
    "5": "Trindade",
    "6": "Lapa",
    "7": "Carolina Michaelis",
    "8": "Casa da Musica",
    "9": "Francos",
    "10": "Ramalde",
    "11": "Viso",
    "12": "Sete Bicas",
    "13": "Senhora da Hora",
    "14": "Vasco da Gama",
    "15": "Estadio do Mar",
    "16": "Pedro Hispano",
    "17": "Parque Real",
    "18": "Camara Matosinhos",
    "19": "Matosinhos Sul",
    "20": "Brito Capelo",
    "21": "Mercado",
    "22": "Senhor de Matosinhos",
    "23": "A",
    "24": "Fonte do Cuco",
    "25": "Custoias",
    "26": "Esposade",
    "27": "Crestins",
    "28": "Verdes",
    "29": "Pedras Rubras",
    "30": "Lidador",
    "31": "Vilar do Pinheiro",
    "32": "Modivas Sul",
    "33": "Modivas Centro",
    "34": "Mindelo",
    "35": "Espaco Natureza",
    "36": "Varziela",
    "37": "Arvore",
    "38": "Azurara",
    "39": "Santa Clara",
    "40": "Vila do Conde",
    "41": "Alto de Pega",
    "42": "Portas Fronhas",
    "43": "Sao Bras",
    "44": "Povoa de Varzim",
    "45": "B",
    "46": "Candido dos Reis",
    "47": "Pias",
    "48": "Araujo",
    "49": "Custio",
    "50": "Parque Maia",
    "51": "Forum Maia",
    "52": "Zona Industrial",
    "53": "Mandim",
    "54": "Castelo da Maia",
    "55": "ISMAI",
    "56": "C",
    "57": "Santo Ovidio",
    "58": "D.Joao II",
    "59": "Joao de Deus",
    "60": "Camara Gaia",
    "61": "General Torres",
    "62": "Jardim do Morro",
    "63": "Sao Bento",
    "64": "Aliados",
    "65": "Faria Guimaraes",
    "66": "Marques",
    "67": "Combatentes",
    "68": "Salgueiros",
    "69": "Polo Universitario",
    "70": "IPO",
    "71": "Hospital Sao Joao",
    "72": "D",
    "73": "Botica",
    "74": "Aeroporto",
    "75": "E",
    "76": "Fanzeres",
    "77": "Venda Nova",
    "78": "Carreira",
    "79": "Baguim",
    "80": "Campainha",
    "81": "Rio Tinto",
    "82": "Levada",
    "83": "Nau Vitoria",
    "84": "Nasoni",
    "85": "Contumil",
    "86": "F",
    "87": "Метро",
    "88": "ROOT",
    "89": "Схема от 29.08.2011г.\nАвтор: Варламов Дмитрий (www.chpeks.com)",
    "90": "Imported from http://pmetro.su"
}