{
    "0": "J. F. Kennedy",
    "1": "Villejean Universite",
    "2": "Pontchaillou",
    "3": "Anatole France",
    "4": "Sainte Anne",
    "5": "Republique",
    "6": "Charles de Gaulle",
    "7": "Gares",
    "8": "Jacques Cartier",
    "9": "Clemenceau",
    "10": "Henri Freville",
    "11": "Italie",
    "12": "Triangle",
    "13": "Le Blosne",
    "14": "La Poterie",
    "15": "1",
    "16": "Metro",
    "17": "ROOT",
    "18": "Shema ot 15.11.2006g.\nAvtor: Varlamov Dmitrij (www.chpeks.com)",
    "19": "Imported from http://pmetro.su"
}