{
    "0": "Yaojia",
    "1": "Dalianbeizhan",
    "2": "Huabeilu",
    "3": "Huananbei",
    "4": "Huananguangchang",
    "5": "Qianshanlu",
    "6": "Songjianglu",
    "7": "Dongweilu",
    "8": "Chunliu",
    "9": "Xianggongjie",
    "10": "Zhongchangjie",
    "11": "Xinggonglu",
    "12": "Xi'anlu",
    "13": "Fuguojie",
    "14": "Huizhanzhongxin",
    "15": "1",
    "16": "Haizhiyun",
    "17": "Donggang",
    "18": "Huiyizhongxin",
    "19": "Gangwan guangchang",
    "20": "Zhongshan guangchang",
    "21": "Youhao guangchang",
    "22": "Qingniwaqiao",
    "23": "Yierjiujie",
    "24": "Renmin guangchang",
    "25": "Lianhelu",
    "26": "Jiaotongdaxue",
    "27": "Liaoshi",
    "28": "Malanguangchang",
    "29": "Wanjia",
    "30": "Hongqixilu",
    "31": "Hongjinlu",
    "32": "Hongganglu",
    "33": "Jichang Airport",
    "34": "2",
    "35": "Dalian Railway Station",
    "36": "Xiangulijao",
    "37": "Jinjiajie",
    "38": "Quanshui",
    "39": "Houyan",
    "40": "Dalianwan",
    "41": "Jinmalu",
    "42": "Kaifaqu",
    "43": "Baoshuiqu",
    "44": "Gaochengshan",
    "45": "DD Port",
    "46": "Xiaoyaowan",
    "47": "Huanghaidadao",
    "48": "Jinshitan",
    "49": "3",
    "50": "Tostem",
    "51": "Phoenix Peak",
    "52": "Dongshanlu",
    "53": "Hepinglu",
    "54": "Shijiuju",
    "55": "Jiuli",
    "56": "7",
    "57": "Hekou",
    "58": "Caidaling",
    "59": "Huangnichuan",
    "60": "Longwangtang",
    "61": "Tahewan",
    "62": "Lushun",
    "63": "Tieshanzhen",
    "64": "Lushunxingang",
    "65": "8",
    "66": "Метро",
    "67": "ROOT",
    "68": "Схема от 23.11.2015г.",
    "69": "Imported from http://pmetro.su"
}