{
    "default_transports": [
        "metro"
    ],
    "height": 801,
    "images": [
        "res/schemes/dnepr.svg"
    ],
    "is_vector": true,
    "lines": [
        {
            "labels_bg_color": "-1",
            "labels_color": "000000",
            "line_color": "5D87C3",
            "line_width": 9,
            "name": "Центрально-заводская",
            "segments": [
                [
                    0,
                    1,
                    [
                        [
                            960.0,
                            525.0
                        ],
                        [
                            967.73,
                            529.83
                        ],
                        [
                            974.53,
                            534.81
                        ],
                        [
                            980.4,
                            539.96
                        ],
                        [
                            985.38,
                            545.25
                        ],
                        [
                            989.57,
                            550.63
                        ],
                        [
                            992.81,
                            556.18
                        ],
                        [
                            995.04,
                            561.93
                        ],
                        [
                            996.0,
                            568.0
                        ],
                        [
                            995.21,
                            574.61
                        ],
                        [
                            993.29,
                            581.47
                        ],
                        [
                            990.65,
                            588.4
                        ],
                        [
                            987.44,
                            595.31
                        ],
                        [
                            983.86,
                            602.13
                        ],
                        [
                            980.12,
                            608.75
                        ],
                        [
                            976.36,
                            615.1
                        ],
                        [
                            973.0,
                            621.0
                        ],
                        [
                            970.66,
                            626.15
                        ],
                        [
                            968.85,
                            630.79
                        ],
                        [
                            967.31,
                            635.02
                        ],
                        [
                            966.0,
                            638.88
                        ],
                        [
                            964.74,
                            642.44
                        ],
                        [
                            963.62,
                            645.66
                        ],
                        [
                            962.72,
                            648.51
                        ],
                        [
                            962.0,
                            651.0
                        ]
                    ],
                    false
                ],
                [
                    1,
                    2,
                    [
                        [
                            857,
                            441
                        ],
                        [
                            960,
                            525
                        ]
                    ],
                    false
                ],
                [
                    2,
                    3,
                    [
                        [
                            787,
                            386
                        ],
                        [
                            857,
                            441
                        ]
                    ],
                    false
                ],
                [
                    3,
                    4,
                    [
                        [
                            683.0,
                            352.0
                        ],
                        [
                            692.78,
                            353.19
                        ],
                        [
                            702.12,
                            354.5
                        ],
                        [
                            711.03,
                            355.94
                        ],
                        [
                            719.5,
                            357.5
                        ],
                        [
                            727.53,
                            359.19
                        ],
                        [
                            735.12,
                            361.0
                        ],
                        [
                            742.28,
                            362.94
                        ],
                        [
                            749.0,
                            365.0
                        ],
                        [
                            755.28,
                            367.19
                        ],
                        [
                            761.12,
                            369.5
                        ],
                        [
                            766.53,
                            371.94
                        ],
                        [
                            771.5,
                            374.5
                        ],
                        [
                            776.03,
                            377.19
                        ],
                        [
                            780.12,
                            380.0
                        ],
                        [
                            783.78,
                            382.94
                        ],
                        [
                            787.0,
                            386.0
                        ]
                    ],
                    false
                ],
                [
                    4,
                    5,
                    [
                        [
                            565.0,
                            354.0
                        ],
                        [
                            570.07,
                            356.45
                        ],
                        [
                            575.16,
                            358.56
                        ],
                        [
                            580.26,
                            360.32
                        ],
                        [
                            585.38,
                            361.75
                        ],
                        [
                            590.49,
                            362.9
                        ],
                        [
                            595.62,
                            363.7
                        ],
                        [
                            600.79,
                            364.1
                        ],
                        [
                            606.0,
                            364.0
                        ],
                        [
                            611.32,
                            363.16
                        ],
                        [
                            616.69,
                            361.87
                        ],
                        [
                            622.04,
                            360.33
                        ],
                        [
                            627.38,
                            358.62
                        ],
                        [
                            632.66,
                            356.84
                        ],
                        [
                            637.88,
                            355.07
                        ],
                        [
                            643.0,
                            353.39
                        ],
                        [
                            648.0,
                            352.0
                        ],
                        [
                            652.79,
                            351.19
                        ],
                        [
                            657.44,
                            350.74
                        ],
                        [
                            661.96,
                            350.52
                        ],
                        [
                            666.38,
                            350.5
                        ],
                        [
                            670.69,
                            350.6
                        ],
                        [
                            674.91,
                            350.88
                        ],
                        [
                            679.01,
                            351.34
                        ],
                        [
                            683.0,
                            352.0
                        ]
                    ],
                    true
                ],
                [
                    5,
                    6,
                    [
                        [
                            475.0,
                            347.0
                        ],
                        [
                            482.27,
                            346.38
                        ],
                        [
                            489.31,
                            345.91
                        ],
                        [
                            496.14,
                            345.57
                        ],
                        [
                            502.75,
                            345.38
                        ],
                        [
                            509.14,
                            345.32
                        ],
                        [
                            515.31,
                            345.41
                        ],
                        [
                            521.27,
                            345.63
                        ],
                        [
                            527.0,
                            346.0
                        ],
                        [
                            532.52,
                            346.51
                        ],
                        [
                            537.81,
                            347.16
                        ],
                        [
                            542.89,
                            347.95
                        ],
                        [
                            547.75,
                            348.88
                        ],
                        [
                            552.39,
                            349.95
                        ],
                        [
                            556.81,
                            351.16
                        ],
                        [
                            561.02,
                            352.51
                        ],
                        [
                            565.0,
                            354.0
                        ]
                    ],
                    true
                ],
                [
                    6,
                    7,
                    [
                        [
                            357,
                            354
                        ],
                        [
                            475,
                            347
                        ]
                    ],
                    true
                ],
                [
                    7,
                    8,
                    [
                        [
                            259.0,
                            312.0
                        ],
                        [
                            261.88,
                            312.43
                        ],
                        [
                            264.91,
                            313.09
                        ],
                        [
                            268.07,
                            314.0
                        ],
                        [
                            271.38,
                            315.12
                        ],
                        [
                            274.8,
                            316.42
                        ],
                        [
                            278.37,
                            317.96
                        ],
                        [
                            282.09,
                            319.78
                        ],
                        [
                            286.0,
                            322.0
                        ],
                        [
                            290.17,
                            324.84
                        ],
                        [
                            294.51,
                            328.0
                        ],
                        [
                            298.96,
                            331.31
                        ],
                        [
                            303.5,
                            334.69
                        ],
                        [
                            308.1,
                            338.04
                        ],
                        [
                            312.74,
                            341.28
                        ],
                        [
                            317.39,
                            344.33
                        ],
                        [
                            322.0,
                            347.0
                        ],
                        [
                            326.47,
                            349.0
                        ],
                        [
                            330.88,
                            350.57
                        ],
                        [
                            335.26,
                            351.81
                        ],
                        [
                            339.62,
                            352.75
                        ],
                        [
                            343.99,
                            353.48
                        ],
                        [
                            348.34,
                            353.94
                        ],
                        [
                            352.68,
                            354.11
                        ],
                        [
                            357.0,
                            354.0
                        ]
                    ],
                    true
                ],
                [
                    8,
                    9,
                    [
                        [
                            170.0,
                            316.0
                        ],
                        [
                            174.51,
                            315.28
                        ],
                        [
                            179.16,
                            314.62
                        ],
                        [
                            183.95,
                            314.03
                        ],
                        [
                            188.88,
                            313.5
                        ],
                        [
                            193.95,
                            313.03
                        ],
                        [
                            199.16,
                            312.62
                        ],
                        [
                            204.51,
                            312.28
                        ],
                        [
                            210.0,
                            312.0
                        ],
                        [
                            215.63,
                            311.78
                        ],
                        [
                            221.41,
                            311.62
                        ],
                        [
                            227.32,
                            311.53
                        ],
                        [
                            233.38,
                            311.5
                        ],
                        [
                            239.57,
                            311.53
                        ],
                        [
                            245.91,
                            311.62
                        ],
                        [
                            252.38,
                            311.78
                        ],
                        [
                            259.0,
                            312.0
                        ]
                    ],
                    true
                ],
                [
                    9,
                    10,
                    [
                        [
                            92.0,
                            340.0
                        ],
                        [
                            96.88,
                            337.33
                        ],
                        [
                            101.75,
                            334.81
                        ],
                        [
                            106.62,
                            332.45
                        ],
                        [
                            111.5,
                            330.25
                        ],
                        [
                            116.38,
                            328.2
                        ],
                        [
                            121.25,
                            326.31
                        ],
                        [
                            126.12,
                            324.58
                        ],
                        [
                            131.0,
                            323.0
                        ],
                        [
                            135.88,
                            321.58
                        ],
                        [
                            140.75,
                            320.31
                        ],
                        [
                            145.62,
                            319.2
                        ],
                        [
                            150.5,
                            318.25
                        ],
                        [
                            155.38,
                            317.45
                        ],
                        [
                            160.25,
                            316.81
                        ],
                        [
                            165.12,
                            316.33
                        ],
                        [
                            170.0,
                            316.0
                        ]
                    ],
                    false
                ],
                [
                    10,
                    11,
                    [
                        [
                            41,
                            362
                        ],
                        [
                            92,
                            340
                        ]
                    ],
                    false
                ]
            ],
            "stations": [
                {
                    "coord": [
                        962,
                        651
                    ],
                    "is_working": false,
                    "name": "Днепр",
                    "rect": [
                        914,
                        645,
                        39,
                        15
                    ],
                    "text_id": 0,
                    "uid": 0
                },
                {
                    "coord": [
                        960,
                        525
                    ],
                    "is_working": false,
                    "name": "Исторический Музей",
                    "rect": [
                        818,
                        522,
                        131,
                        15
                    ],
                    "text_id": 1,
                    "uid": 1
                },
                {
                    "coord": [
                        857,
                        441
                    ],
                    "is_working": false,
                    "name": "Центральная",
                    "rect": [
                        762,
                        439,
                        85,
                        15
                    ],
                    "text_id": 2,
                    "uid": 2
                },
                {
                    "coord": [
                        787,
                        386
                    ],
                    "is_working": false,
                    "name": "Театральная",
                    "rect": [
                        694,
                        383,
                        83,
                        15
                    ],
                    "text_id": 3,
                    "uid": 3
                },
                {
                    "coord": [
                        683,
                        352
                    ],
                    "is_working": true,
                    "name": "Вокзальная",
                    "rect": [
                        647,
                        363,
                        78,
                        15
                    ],
                    "text_id": 4,
                    "uid": 4
                },
                {
                    "coord": [
                        565,
                        354
                    ],
                    "is_working": true,
                    "name": "Метростроителей",
                    "rect": [
                        515,
                        370,
                        111,
                        15
                    ],
                    "text_id": 5,
                    "uid": 5
                },
                {
                    "coord": [
                        475,
                        347
                    ],
                    "is_working": true,
                    "name": "Металлургов",
                    "rect": [
                        439,
                        357,
                        81,
                        15
                    ],
                    "text_id": 6,
                    "uid": 6
                },
                {
                    "coord": [
                        357,
                        354
                    ],
                    "is_working": true,
                    "name": "Заводская",
                    "rect": [
                        331,
                        364,
                        70,
                        15
                    ],
                    "text_id": 7,
                    "uid": 7
                },
                {
                    "coord": [
                        259,
                        312
                    ],
                    "is_working": true,
                    "name": "Проспект Свободы",
                    "rect": [
                        242,
                        287,
                        120,
                        15
                    ],
                    "text_id": 8,
                    "uid": 8
                },
                {
                    "coord": [
                        170,
                        316
                    ],
                    "is_working": true,
                    "name": "Покровская",
                    "rect": [
                        104,
                        291,
                        109,
                        15
                    ],
                    "text_id": 9,
                    "uid": 9
                },
                {
                    "coord": [
                        92,
                        340
                    ],
                    "is_working": false,
                    "name": "Парус",
                    "rect": [
                        82,
                        350,
                        39,
                        15
                    ],
                    "text_id": 10,
                    "uid": 10
                },
                {
                    "coord": [
                        41,
                        362
                    ],
                    "is_working": false,
                    "name": "Парус-2",
                    "rect": [
                        18,
                        372,
                        48,
                        15
                    ],
                    "text_id": 11,
                    "uid": 11
                }
            ],
            "text_id": 12
        }
    ],
    "lines_width": 9,
    "name": "metro",
    "name_text_id": 13,
    "stations_diameter": 15.0,
    "transfers": [],
    "transports": [
        "metro"
    ],
    "type_name": "ROOT",
    "type_text_id": 14,
    "upper_case": true,
    "width": 1146,
    "word_wrap": false
}