{
    "lines": [
        {
            "delays": [],
            "name": "1",
            "scheme": null,
            "segments": [
                [
                    0,
                    1,
                    120
                ],
                [
                    1,
                    0,
                    120
                ],
                [
                    1,
                    2,
                    120
                ],
                [
                    2,
                    1,
                    120
                ],
                [
                    2,
                    3,
                    120
                ],
                [
                    3,
                    2,
                    120
                ],
                [
                    3,
                    4,
                    120
                ],
                [
                    4,
                    3,
                    120
                ],
                [
                    4,
                    5,
                    120
                ],
                [
                    5,
                    4,
                    120
                ],
                [
                    5,
                    6,
                    120
                ],
                [
                    6,
                    5,
                    120
                ],
                [
                    6,
                    7,
                    120
                ],
                [
                    7,
                    6,
                    120
                ],
                [
                    7,
                    8,
                    120
                ],
                [
                    8,
                    7,
                    120
                ],
                [
                    8,
                    9,
                    120
                ],
                [
                    9,
                    8,
                    120
                ],
                [
                    9,
                    10,
                    120
                ],
                [
                    10,
                    9,
                    120
                ],
                [
                    10,
                    11,
                    120
                ],
                [
                    11,
                    10,
                    120
                ],
                [
                    11,
                    12,
                    120
                ],
                [
                    12,
                    11,
                    120
                ],
                [
                    12,
                    13,
                    120
                ],
                [
                    13,
                    12,
                    120
                ],
                [
                    13,
                    14,
                    120
                ],
                [
                    14,
                    13,
                    120
                ],
                [
                    14,
                    15,
                    120
                ],
                [
                    15,
                    14,
                    120
                ],
                [
                    15,
                    16,
                    120
                ],
                [
                    16,
                    15,
                    120
                ],
                [
                    16,
                    17,
                    120
                ],
                [
                    17,
                    16,
                    120
                ]
            ],
            "stations": [
                [
                    0,
                    "4 Cantons",
                    0
                ],
                [
                    1,
                    "Cite Scientifique",
                    1
                ],
                [
                    2,
                    "Triolo",
                    2
                ],
                [
                    3,
                    "Villeneuve d'Ascq-Hotel de Ville",
                    3
                ],
                [
                    4,
                    "Pont de Bois",
                    4
                ],
                [
                    5,
                    "Lezennes",
                    5
                ],
                [
                    6,
                    "Hellemmes",
                    6
                ],
                [
                    7,
                    "Marbrerie",
                    7
                ],
                [
                    8,
                    "Fives",
                    8
                ],
                [
                    9,
                    "Caulier",
                    9
                ],
                [
                    10,
                    "Gare Lille Flandres",
                    10
                ],
                [
                    11,
                    "Rihour",
                    11
                ],
                [
                    12,
                    "Republique-Beaux Arts",
                    12
                ],
                [
                    13,
                    "Gambetta",
                    13
                ],
                [
                    14,
                    "Wazemmes",
                    14
                ],
                [
                    15,
                    "Porte de Postes",
                    15
                ],
                [
                    16,
                    "C.H.R. Oscar Lambret",
                    16
                ],
                [
                    17,
                    "C.H.R. B-Calmette",
                    17
                ]
            ],
            "text_id": 18
        },
        {
            "delays": [],
            "name": "2",
            "scheme": null,
            "segments": [
                [
                    18,
                    19,
                    120
                ],
                [
                    19,
                    18,
                    120
                ],
                [
                    19,
                    20,
                    120
                ],
                [
                    20,
                    19,
                    120
                ],
                [
                    20,
                    21,
                    120
                ],
                [
                    21,
                    20,
                    120
                ],
                [
                    21,
                    22,
                    120
                ],
                [
                    22,
                    21,
                    120
                ],
                [
                    22,
                    23,
                    120
                ],
                [
                    23,
                    22,
                    120
                ],
                [
                    23,
                    24,
                    120
                ],
                [
                    24,
                    23,
                    120
                ],
                [
                    24,
                    25,
                    120
                ],
                [
                    25,
                    24,
                    120
                ],
                [
                    25,
                    26,
                    120
                ],
                [
                    26,
                    25,
                    120
                ],
                [
                    26,
                    27,
                    120
                ],
                [
                    27,
                    26,
                    120
                ],
                [
                    27,
                    28,
                    120
                ],
                [
                    28,
                    27,
                    120
                ],
                [
                    28,
                    29,
                    120
                ],
                [
                    29,
                    28,
                    120
                ],
                [
                    29,
                    30,
                    120
                ],
                [
                    30,
                    29,
                    120
                ],
                [
                    30,
                    31,
                    120
                ],
                [
                    31,
                    30,
                    120
                ],
                [
                    31,
                    32,
                    120
                ],
                [
                    32,
                    31,
                    120
                ],
                [
                    32,
                    33,
                    120
                ],
                [
                    33,
                    32,
                    120
                ],
                [
                    33,
                    34,
                    120
                ],
                [
                    34,
                    33,
                    120
                ],
                [
                    34,
                    35,
                    120
                ],
                [
                    35,
                    34,
                    120
                ],
                [
                    35,
                    36,
                    120
                ],
                [
                    36,
                    35,
                    120
                ],
                [
                    36,
                    37,
                    120
                ],
                [
                    37,
                    36,
                    120
                ],
                [
                    37,
                    38,
                    120
                ],
                [
                    38,
                    37,
                    120
                ],
                [
                    38,
                    39,
                    120
                ],
                [
                    39,
                    38,
                    120
                ],
                [
                    39,
                    40,
                    120
                ],
                [
                    40,
                    39,
                    120
                ],
                [
                    40,
                    41,
                    120
                ],
                [
                    41,
                    40,
                    120
                ],
                [
                    41,
                    42,
                    120
                ],
                [
                    42,
                    41,
                    120
                ],
                [
                    42,
                    43,
                    120
                ],
                [
                    43,
                    42,
                    120
                ],
                [
                    43,
                    44,
                    120
                ],
                [
                    44,
                    43,
                    120
                ],
                [
                    44,
                    45,
                    120
                ],
                [
                    45,
                    44,
                    120
                ],
                [
                    45,
                    46,
                    120
                ],
                [
                    46,
                    45,
                    120
                ],
                [
                    46,
                    47,
                    120
                ],
                [
                    47,
                    46,
                    120
                ],
                [
                    47,
                    48,
                    120
                ],
                [
                    48,
                    47,
                    120
                ],
                [
                    48,
                    49,
                    120
                ],
                [
                    49,
                    48,
                    120
                ],
                [
                    49,
                    50,
                    120
                ],
                [
                    50,
                    49,
                    120
                ],
                [
                    50,
                    51,
                    120
                ],
                [
                    51,
                    50,
                    120
                ],
                [
                    51,
                    52,
                    120
                ],
                [
                    52,
                    51,
                    120
                ],
                [
                    52,
                    53,
                    120
                ],
                [
                    53,
                    52,
                    120
                ],
                [
                    53,
                    54,
                    120
                ],
                [
                    54,
                    53,
                    120
                ],
                [
                    54,
                    55,
                    120
                ],
                [
                    55,
                    54,
                    120
                ],
                [
                    55,
                    56,
                    120
                ],
                [
                    56,
                    55,
                    120
                ],
                [
                    56,
                    57,
                    120
                ],
                [
                    57,
                    56,
                    120
                ],
                [
                    57,
                    58,
                    120
                ],
                [
                    58,
                    57,
                    120
                ],
                [
                    58,
                    59,
                    120
                ],
                [
                    59,
                    58,
                    120
                ],
                [
                    59,
                    60,
                    120
                ],
                [
                    60,
                    59,
                    120
                ],
                [
                    60,
                    61,
                    120
                ],
                [
                    61,
                    60,
                    120
                ]
            ],
            "stations": [
                [
                    18,
                    "St.Philibert",
                    19
                ],
                [
                    19,
                    "Bourg",
                    20
                ],
                [
                    20,
                    "Maison des Enfants",
                    21
                ],
                [
                    21,
                    "Mitterie",
                    22
                ],
                [
                    22,
                    "Pont Superieur",
                    23
                ],
                [
                    23,
                    "Lomme Lambersart",
                    24
                ],
                [
                    24,
                    "Canteleu",
                    25
                ],
                [
                    25,
                    "Bois Blancs",
                    26
                ],
                [
                    26,
                    "Port de Lille",
                    27
                ],
                [
                    27,
                    "Cormontaigne",
                    28
                ],
                [
                    28,
                    "Montebello",
                    29
                ],
                [
                    29,
                    "Porte de Postes",
                    15
                ],
                [
                    30,
                    "Porte d'Arras",
                    30
                ],
                [
                    31,
                    "Porte de Douai",
                    31
                ],
                [
                    32,
                    "Porte de Valenciennes",
                    32
                ],
                [
                    33,
                    "Lille Grand Palais",
                    33
                ],
                [
                    34,
                    "Mairie de Lille",
                    34
                ],
                [
                    35,
                    "Gare Lille Flandres",
                    10
                ],
                [
                    36,
                    "Gare Lille Europe",
                    35
                ],
                [
                    37,
                    "St.Maurice Pellevoisin",
                    36
                ],
                [
                    38,
                    "Mons Sarts",
                    37
                ],
                [
                    39,
                    "Mairie de Mons",
                    38
                ],
                [
                    40,
                    "Fort de Mons",
                    39
                ],
                [
                    41,
                    "Les Pres",
                    40
                ],
                [
                    42,
                    "Jean-Jaures",
                    41
                ],
                [
                    43,
                    "Wasquehal-Pave de Lille",
                    42
                ],
                [
                    44,
                    "Wasquehal-Hotel de Ville",
                    43
                ],
                [
                    45,
                    "Croix-Centre",
                    44
                ],
                [
                    46,
                    "Croix-Mairie",
                    45
                ],
                [
                    47,
                    "Epeule-Montesquieu",
                    46
                ],
                [
                    48,
                    "Roubaix-Charles de Gaulle",
                    47
                ],
                [
                    49,
                    "Euroteleport",
                    48
                ],
                [
                    50,
                    "Roubaix-Grand Place",
                    49
                ],
                [
                    51,
                    "Gare-Jean Lebas",
                    50
                ],
                [
                    52,
                    "Alsace",
                    51
                ],
                [
                    53,
                    "Mercure",
                    52
                ],
                [
                    54,
                    "Carliers",
                    53
                ],
                [
                    55,
                    "Tourcoing-Sebastopol",
                    54
                ],
                [
                    56,
                    "Tourcoing-Centre",
                    55
                ],
                [
                    57,
                    "Colbert",
                    56
                ],
                [
                    58,
                    "Phalempins",
                    57
                ],
                [
                    59,
                    "Pont de Neuville",
                    58
                ],
                [
                    60,
                    "Bourgogne",
                    59
                ],
                [
                    61,
                    "C.H.Dron",
                    60
                ]
            ],
            "text_id": 61
        }
    ],
    "name": "metro",
    "transfers": [
        [
            10,
            35,
            120,
            true
        ],
        [
            15,
            29,
            120,
            true
        ]
    ],
    "type_name": "Метро"
}