{
    "lines": [
        {
            "delays": [],
            "name": "1",
            "scheme": null,
            "segments": [
                [
                    0,
                    1,
                    120
                ],
                [
                    1,
                    0,
                    120
                ],
                [
                    1,
                    2,
                    120
                ],
                [
                    2,
                    1,
                    120
                ],
                [
                    2,
                    3,
                    120
                ],
                [
                    3,
                    2,
                    120
                ],
                [
                    3,
                    4,
                    120
                ],
                [
                    4,
                    3,
                    120
                ],
                [
                    4,
                    5,
                    120
                ],
                [
                    5,
                    4,
                    120
                ],
                [
                    5,
                    6,
                    120
                ],
                [
                    6,
                    5,
                    120
                ],
                [
                    6,
                    7,
                    120
                ],
                [
                    7,
                    6,
                    120
                ],
                [
                    7,
                    8,
                    120
                ],
                [
                    8,
                    7,
                    120
                ],
                [
                    8,
                    9,
                    120
                ],
                [
                    9,
                    8,
                    120
                ],
                [
                    9,
                    10,
                    120
                ],
                [
                    10,
                    9,
                    120
                ],
                [
                    10,
                    11,
                    120
                ],
                [
                    11,
                    10,
                    120
                ],
                [
                    11,
                    12,
                    120
                ],
                [
                    12,
                    11,
                    120
                ]
            ],
            "stations": [
                [
                    0,
                    "Tunis Marine",
                    0
                ],
                [
                    1,
                    "Farhat Hached",
                    1
                ],
                [
                    2,
                    "Place de Barcelone",
                    2
                ],
                [
                    3,
                    "Bab Aleoua",
                    3
                ],
                [
                    4,
                    "Mohamed Manachou",
                    4
                ],
                [
                    5,
                    "13 Aout",
                    5
                ],
                [
                    6,
                    "Mohamed Ali",
                    6
                ],
                [
                    7,
                    "Kabaria",
                    7
                ],
                [
                    8,
                    "Ibn Sina",
                    8
                ],
                [
                    9,
                    "Oueridia",
                    9
                ],
                [
                    10,
                    "Cite Ennour",
                    10
                ],
                [
                    11,
                    "A.Chabbi",
                    11
                ],
                [
                    12,
                    "Ben Arous",
                    12
                ]
            ],
            "text_id": 13
        },
        {
            "delays": [],
            "name": "2",
            "scheme": null,
            "segments": [
                [
                    13,
                    14,
                    120
                ],
                [
                    14,
                    16,
                    120
                ],
                [
                    15,
                    13,
                    120
                ],
                [
                    16,
                    15,
                    120
                ],
                [
                    16,
                    17,
                    120
                ],
                [
                    17,
                    16,
                    120
                ],
                [
                    17,
                    18,
                    120
                ],
                [
                    18,
                    17,
                    120
                ],
                [
                    18,
                    19,
                    120
                ],
                [
                    19,
                    18,
                    120
                ],
                [
                    19,
                    20,
                    120
                ],
                [
                    20,
                    19,
                    120
                ],
                [
                    20,
                    21,
                    120
                ],
                [
                    21,
                    20,
                    120
                ],
                [
                    21,
                    22,
                    120
                ],
                [
                    22,
                    21,
                    120
                ],
                [
                    22,
                    23,
                    120
                ],
                [
                    23,
                    22,
                    120
                ],
                [
                    23,
                    24,
                    120
                ],
                [
                    24,
                    23,
                    120
                ],
                [
                    24,
                    25,
                    120
                ],
                [
                    25,
                    24,
                    120
                ],
                [
                    25,
                    26,
                    120
                ],
                [
                    26,
                    25,
                    120
                ],
                [
                    26,
                    27,
                    120
                ],
                [
                    27,
                    26,
                    120
                ]
            ],
            "stations": [
                [
                    13,
                    "Place de Barcelone",
                    2
                ],
                [
                    14,
                    "Habib Thameur",
                    14
                ],
                [
                    15,
                    "Ibn Rachiq",
                    15
                ],
                [
                    16,
                    "Place de la Republique",
                    16
                ],
                [
                    17,
                    "Nelson Mandela",
                    17
                ],
                [
                    18,
                    "Mohamed V",
                    18
                ],
                [
                    19,
                    "Palestine",
                    19
                ],
                [
                    20,
                    "Cite Jardins",
                    20
                ],
                [
                    21,
                    "El Khadra",
                    21
                ],
                [
                    22,
                    "La Jeunesse",
                    22
                ],
                [
                    23,
                    "Cite Sportive",
                    23
                ],
                [
                    24,
                    "10 Decembre 1948",
                    24
                ],
                [
                    25,
                    "Fell",
                    25
                ],
                [
                    26,
                    "L'Independance",
                    26
                ],
                [
                    27,
                    "Ariana",
                    27
                ]
            ],
            "text_id": 28
        },
        {
            "delays": [],
            "name": "3",
            "scheme": null,
            "segments": [
                [
                    28,
                    29,
                    120
                ],
                [
                    29,
                    31,
                    120
                ],
                [
                    30,
                    28,
                    120
                ],
                [
                    31,
                    30,
                    120
                ],
                [
                    31,
                    32,
                    120
                ],
                [
                    32,
                    31,
                    120
                ],
                [
                    32,
                    33,
                    120
                ],
                [
                    33,
                    32,
                    120
                ],
                [
                    33,
                    34,
                    120
                ],
                [
                    34,
                    33,
                    120
                ],
                [
                    34,
                    35,
                    120
                ],
                [
                    35,
                    34,
                    120
                ],
                [
                    35,
                    36,
                    120
                ],
                [
                    36,
                    35,
                    120
                ],
                [
                    36,
                    37,
                    120
                ],
                [
                    37,
                    36,
                    120
                ],
                [
                    37,
                    38,
                    120
                ],
                [
                    38,
                    37,
                    120
                ],
                [
                    38,
                    39,
                    120
                ],
                [
                    39,
                    38,
                    120
                ],
                [
                    39,
                    40,
                    120
                ],
                [
                    40,
                    39,
                    120
                ]
            ],
            "stations": [
                [
                    28,
                    "Place de Barcelone",
                    2
                ],
                [
                    29,
                    "Habib Thameur",
                    14
                ],
                [
                    30,
                    "Ibn Rachiq",
                    15
                ],
                [
                    31,
                    "Place de la Republique",
                    16
                ],
                [
                    32,
                    "Bab el Khadra",
                    29
                ],
                [
                    33,
                    "Bab el Assel",
                    30
                ],
                [
                    34,
                    "Bab Saadoune",
                    31
                ],
                [
                    35,
                    "Meftah Saadallah",
                    32
                ],
                [
                    36,
                    "Jebel Lahmar",
                    33
                ],
                [
                    37,
                    "Campus",
                    34
                ],
                [
                    38,
                    "Cite Ettahrir",
                    35
                ],
                [
                    39,
                    "Ettadhamen",
                    36
                ],
                [
                    40,
                    "El Intilaka",
                    37
                ]
            ],
            "text_id": 38
        },
        {
            "delays": [],
            "name": "4",
            "scheme": null,
            "segments": [
                [
                    41,
                    42,
                    120
                ],
                [
                    42,
                    41,
                    120
                ],
                [
                    42,
                    43,
                    120
                ],
                [
                    43,
                    42,
                    120
                ],
                [
                    43,
                    44,
                    120
                ],
                [
                    44,
                    46,
                    120
                ],
                [
                    45,
                    43,
                    120
                ],
                [
                    46,
                    45,
                    120
                ],
                [
                    46,
                    47,
                    120
                ],
                [
                    47,
                    46,
                    120
                ],
                [
                    47,
                    48,
                    120
                ],
                [
                    48,
                    47,
                    120
                ],
                [
                    48,
                    49,
                    120
                ],
                [
                    49,
                    48,
                    120
                ],
                [
                    49,
                    50,
                    120
                ],
                [
                    50,
                    49,
                    120
                ],
                [
                    50,
                    51,
                    120
                ],
                [
                    51,
                    50,
                    120
                ],
                [
                    51,
                    52,
                    120
                ],
                [
                    52,
                    51,
                    120
                ],
                [
                    52,
                    53,
                    120
                ],
                [
                    53,
                    52,
                    120
                ],
                [
                    53,
                    54,
                    120
                ],
                [
                    54,
                    53,
                    120
                ],
                [
                    54,
                    55,
                    120
                ],
                [
                    55,
                    54,
                    120
                ]
            ],
            "stations": [
                [
                    41,
                    "Tunis Marine",
                    0
                ],
                [
                    42,
                    "Farhat Hached",
                    1
                ],
                [
                    43,
                    "Place de Barcelone",
                    2
                ],
                [
                    44,
                    "Habib Thameur",
                    14
                ],
                [
                    45,
                    "Ibn Rachiq",
                    15
                ],
                [
                    46,
                    "Place de la Republique",
                    16
                ],
                [
                    47,
                    "Bab el Khadra",
                    29
                ],
                [
                    48,
                    "Bab el Assel",
                    30
                ],
                [
                    49,
                    "Bab Saadoune",
                    31
                ],
                [
                    50,
                    "Bouchoucha",
                    39
                ],
                [
                    51,
                    "Blvd. 20 Mars",
                    40
                ],
                [
                    52,
                    "Bardo",
                    41
                ],
                [
                    53,
                    "Khasnadar",
                    42
                ],
                [
                    54,
                    "L'Artisanat",
                    43
                ],
                [
                    55,
                    "Den Den",
                    44
                ]
            ],
            "text_id": 45
        }
    ],
    "name": "metro",
    "transfers": [
        [
            34,
            49,
            0,
            true
        ],
        [
            33,
            48,
            0,
            true
        ],
        [
            32,
            47,
            0,
            true
        ],
        [
            1,
            42,
            0,
            true
        ],
        [
            14,
            29,
            0,
            true
        ],
        [
            14,
            44,
            0,
            true
        ],
        [
            29,
            44,
            0,
            true
        ],
        [
            15,
            30,
            0,
            true
        ],
        [
            15,
            45,
            0,
            true
        ],
        [
            30,
            45,
            0,
            true
        ],
        [
            2,
            13,
            0,
            true
        ],
        [
            2,
            28,
            0,
            true
        ],
        [
            2,
            43,
            0,
            true
        ],
        [
            13,
            28,
            0,
            true
        ],
        [
            13,
            43,
            0,
            true
        ],
        [
            28,
            43,
            0,
            true
        ],
        [
            16,
            31,
            0,
            true
        ],
        [
            16,
            46,
            0,
            true
        ],
        [
            31,
            46,
            0,
            true
        ],
        [
            0,
            41,
            0,
            true
        ]
    ],
    "type_name": "Трамвай"
}