{
    "default_transports": [
        "metro"
    ],
    "height": 1180,
    "images": [
        "res/schemes/omsk.svg"
    ],
    "is_vector": true,
    "lines": [
        {
            "labels_bg_color": "-1",
            "labels_color": "FF0000",
            "line_color": "FF0000",
            "line_width": 9,
            "name": "Первая",
            "segments": [
                [
                    0,
                    1,
                    [
                        [
                            140,
                            370
                        ],
                        [
                            65,
                            370
                        ]
                    ],
                    true
                ],
                [
                    1,
                    2,
                    [
                        [
                            230,
                            370
                        ],
                        [
                            140,
                            370
                        ]
                    ],
                    true
                ],
                [
                    2,
                    3,
                    [
                        [
                            310,
                            370
                        ],
                        [
                            230,
                            370
                        ]
                    ],
                    true
                ],
                [
                    3,
                    4,
                    [
                        [
                            385,
                            370
                        ],
                        [
                            310,
                            370
                        ]
                    ],
                    true
                ],
                [
                    4,
                    5,
                    [
                        [
                            445,
                            430
                        ],
                        [
                            385,
                            370
                        ]
                    ],
                    true
                ],
                [
                    5,
                    6,
                    [
                        [
                            500,
                            485
                        ],
                        [
                            445,
                            430
                        ]
                    ],
                    true
                ],
                [
                    6,
                    7,
                    [
                        [
                            653,
                            485
                        ],
                        [
                            500,
                            485
                        ]
                    ],
                    true
                ],
                [
                    7,
                    8,
                    [
                        [
                            681,
                            511
                        ],
                        [
                            653,
                            485
                        ]
                    ],
                    true
                ],
                [
                    8,
                    9,
                    [
                        [
                            730,
                            560
                        ],
                        [
                            681,
                            511
                        ]
                    ],
                    true
                ],
                [
                    9,
                    10,
                    [
                        [
                            792,
                            622
                        ],
                        [
                            730,
                            560
                        ]
                    ],
                    true
                ],
                [
                    10,
                    11,
                    [
                        [
                            792,
                            669
                        ],
                        [
                            792,
                            622
                        ]
                    ],
                    true
                ],
                [
                    11,
                    12,
                    [
                        [
                            792,
                            727
                        ],
                        [
                            792,
                            669
                        ]
                    ],
                    true
                ],
                [
                    12,
                    13,
                    [
                        [
                            845,
                            780
                        ],
                        [
                            792,
                            727
                        ]
                    ],
                    true
                ],
                [
                    13,
                    14,
                    [
                        [
                            900,
                            835
                        ],
                        [
                            845,
                            780
                        ]
                    ],
                    true
                ],
                [
                    14,
                    15,
                    [
                        [
                            962,
                            897
                        ],
                        [
                            900,
                            835
                        ]
                    ],
                    true
                ]
            ],
            "stations": [
                {
                    "coord": [
                        65,
                        370
                    ],
                    "is_working": true,
                    "name": "Западная",
                    "rect": [
                        36,
                        345,
                        52,
                        15
                    ],
                    "text_id": 0,
                    "uid": 0
                },
                {
                    "coord": [
                        140,
                        370
                    ],
                    "is_working": true,
                    "name": "Солнечная",
                    "rect": [
                        113,
                        380,
                        59,
                        15
                    ],
                    "text_id": 1,
                    "uid": 1
                },
                {
                    "coord": [
                        230,
                        370
                    ],
                    "is_working": true,
                    "name": "Молодёжная",
                    "rect": [
                        198,
                        345,
                        68,
                        15
                    ],
                    "text_id": 2,
                    "uid": 2
                },
                {
                    "coord": [
                        310,
                        370
                    ],
                    "is_working": true,
                    "name": "Рокоссовского",
                    "rect": [
                        278,
                        380,
                        77,
                        15
                    ],
                    "text_id": 3,
                    "uid": 3
                },
                {
                    "coord": [
                        385,
                        370
                    ],
                    "is_working": true,
                    "name": "Соборная",
                    "rect": [
                        359,
                        344,
                        52,
                        15
                    ],
                    "text_id": 4,
                    "uid": 4
                },
                {
                    "coord": [
                        445,
                        430
                    ],
                    "is_working": true,
                    "name": "Кристалл",
                    "rect": [
                        379,
                        427,
                        51,
                        15
                    ],
                    "text_id": 5,
                    "uid": 5
                },
                {
                    "coord": [
                        500,
                        485
                    ],
                    "is_working": true,
                    "name": "Заречная",
                    "rect": [
                        520,
                        493,
                        51,
                        15
                    ],
                    "text_id": 6,
                    "uid": 6
                },
                {
                    "coord": [
                        653,
                        485
                    ],
                    "is_working": true,
                    "name": "Библиотека им. Пушкина",
                    "rect": [
                        675,
                        451,
                        68,
                        28
                    ],
                    "text_id": 7,
                    "uid": 7
                },
                {
                    "coord": [
                        681,
                        511
                    ],
                    "is_working": true,
                    "name": "Торговый центр",
                    "rect": [
                        695,
                        490,
                        53,
                        28
                    ],
                    "text_id": 8,
                    "uid": 8
                },
                {
                    "coord": [
                        730,
                        560
                    ],
                    "is_working": true,
                    "name": "Маршала Жукова",
                    "rect": [
                        679,
                        569,
                        53,
                        28
                    ],
                    "text_id": 9,
                    "uid": 9
                },
                {
                    "coord": [
                        792,
                        622
                    ],
                    "is_working": true,
                    "name": "Лермонтовская",
                    "rect": [
                        806,
                        614,
                        81,
                        15
                    ],
                    "text_id": 10,
                    "uid": 10
                },
                {
                    "coord": [
                        792,
                        669
                    ],
                    "is_working": true,
                    "name": "Парковая",
                    "rect": [
                        802,
                        662,
                        51,
                        15
                    ],
                    "text_id": 11,
                    "uid": 11
                },
                {
                    "coord": [
                        792,
                        727
                    ],
                    "is_working": true,
                    "name": "Туполевская",
                    "rect": [
                        802,
                        716,
                        68,
                        15
                    ],
                    "text_id": 12,
                    "uid": 12
                },
                {
                    "coord": [
                        845,
                        780
                    ],
                    "is_working": true,
                    "name": "Рабочая",
                    "rect": [
                        855,
                        769,
                        45,
                        15
                    ],
                    "text_id": 13,
                    "uid": 13
                },
                {
                    "coord": [
                        900,
                        835
                    ],
                    "is_working": true,
                    "name": "Московская",
                    "rect": [
                        911,
                        823,
                        63,
                        15
                    ],
                    "text_id": 14,
                    "uid": 14
                },
                {
                    "coord": [
                        962,
                        897
                    ],
                    "is_working": true,
                    "name": "Сибирский проспект",
                    "rect": [
                        972,
                        884,
                        59,
                        28
                    ],
                    "text_id": 15,
                    "uid": 15
                }
            ],
            "text_id": 16
        },
        {
            "labels_bg_color": "-1",
            "labels_color": "009900",
            "line_color": "009900",
            "line_width": 9,
            "name": "Вторая",
            "segments": [
                [
                    16,
                    17,
                    [
                        [
                            358,
                            500
                        ],
                        [
                            302,
                            500
                        ]
                    ],
                    true
                ],
                [
                    17,
                    18,
                    [
                        [
                            419,
                            500
                        ],
                        [
                            358,
                            500
                        ]
                    ],
                    true
                ],
                [
                    18,
                    19,
                    [
                        [
                            500,
                            500
                        ],
                        [
                            419,
                            500
                        ]
                    ],
                    true
                ],
                [
                    19,
                    20,
                    [
                        [
                            548,
                            548
                        ],
                        [
                            500,
                            500
                        ]
                    ],
                    true
                ],
                [
                    20,
                    21,
                    [
                        [
                            595,
                            595
                        ],
                        [
                            548,
                            548
                        ]
                    ],
                    true
                ],
                [
                    21,
                    22,
                    [
                        [
                            595,
                            663
                        ],
                        [
                            595,
                            595
                        ]
                    ],
                    true
                ],
                [
                    22,
                    23,
                    [
                        [
                            651,
                            663
                        ],
                        [
                            595,
                            663
                        ]
                    ],
                    true
                ],
                [
                    23,
                    24,
                    [
                        [
                            736,
                            663
                        ],
                        [
                            651,
                            663
                        ]
                    ],
                    true
                ],
                [
                    24,
                    25,
                    [
                        [
                            777,
                            622
                        ],
                        [
                            736,
                            663
                        ]
                    ],
                    true
                ],
                [
                    25,
                    26,
                    [
                        [
                            777,
                            503
                        ],
                        [
                            777,
                            622
                        ]
                    ],
                    true
                ],
                [
                    26,
                    27,
                    [
                        [
                            777,
                            416
                        ],
                        [
                            777,
                            503
                        ]
                    ],
                    true
                ],
                [
                    27,
                    28,
                    [
                        [
                            828,
                            365
                        ],
                        [
                            777,
                            416
                        ]
                    ],
                    true
                ],
                [
                    28,
                    29,
                    [
                        [
                            874,
                            319
                        ],
                        [
                            828,
                            365
                        ]
                    ],
                    true
                ]
            ],
            "stations": [
                {
                    "coord": [
                        302,
                        500
                    ],
                    "is_working": true,
                    "name": "Чукреевская",
                    "rect": [
                        269,
                        510,
                        67,
                        15
                    ],
                    "text_id": 17,
                    "uid": 16
                },
                {
                    "coord": [
                        358,
                        500
                    ],
                    "is_working": true,
                    "name": "Университет",
                    "rect": [
                        329,
                        476,
                        66,
                        15
                    ],
                    "text_id": 18,
                    "uid": 17
                },
                {
                    "coord": [
                        419,
                        500
                    ],
                    "is_working": true,
                    "name": "Проспект Конева",
                    "rect": [
                        395,
                        509,
                        52,
                        28
                    ],
                    "text_id": 19,
                    "uid": 18
                },
                {
                    "coord": [
                        500,
                        500
                    ],
                    "is_working": true,
                    "name": "Заречная",
                    "rect": [
                        520,
                        493,
                        51,
                        15
                    ],
                    "text_id": 6,
                    "uid": 19
                },
                {
                    "coord": [
                        548,
                        548
                    ],
                    "is_working": true,
                    "name": "Московский проспект",
                    "rect": [
                        484,
                        558,
                        65,
                        28
                    ],
                    "text_id": 20,
                    "uid": 20
                },
                {
                    "coord": [
                        595,
                        595
                    ],
                    "is_working": true,
                    "name": "Суворовская",
                    "rect": [
                        516,
                        596,
                        69,
                        15
                    ],
                    "text_id": 21,
                    "uid": 21
                },
                {
                    "coord": [
                        595,
                        663
                    ],
                    "is_working": true,
                    "name": "Парк Победы",
                    "rect": [
                        541,
                        649,
                        44,
                        28
                    ],
                    "text_id": 22,
                    "uid": 22
                },
                {
                    "coord": [
                        651,
                        663
                    ],
                    "is_working": true,
                    "name": "Транспортный институт",
                    "rect": [
                        673,
                        625,
                        78,
                        28
                    ],
                    "text_id": 23,
                    "uid": 23
                },
                {
                    "coord": [
                        736,
                        663
                    ],
                    "is_working": true,
                    "name": "Дворец спорта",
                    "rect": [
                        719,
                        672,
                        41,
                        28
                    ],
                    "text_id": 24,
                    "uid": 24
                },
                {
                    "coord": [
                        777,
                        622
                    ],
                    "is_working": true,
                    "name": "Лермонтовская",
                    "rect": [
                        806,
                        614,
                        81,
                        15
                    ],
                    "text_id": 10,
                    "uid": 25
                },
                {
                    "coord": [
                        777,
                        503
                    ],
                    "is_working": true,
                    "name": "Горбатый мост",
                    "rect": [
                        787,
                        489,
                        54,
                        28
                    ],
                    "text_id": 25,
                    "uid": 26
                },
                {
                    "coord": [
                        777,
                        416
                    ],
                    "is_working": true,
                    "name": "Челюскинская",
                    "rect": [
                        788,
                        414,
                        77,
                        15
                    ],
                    "text_id": 26,
                    "uid": 27
                },
                {
                    "coord": [
                        828,
                        365
                    ],
                    "is_working": true,
                    "name": "Северная",
                    "rect": [
                        839,
                        360,
                        52,
                        15
                    ],
                    "text_id": 27,
                    "uid": 28
                },
                {
                    "coord": [
                        874,
                        319
                    ],
                    "is_working": true,
                    "name": "Амурская",
                    "rect": [
                        884,
                        312,
                        53,
                        15
                    ],
                    "text_id": 28,
                    "uid": 29
                }
            ],
            "text_id": 29
        },
        {
            "labels_bg_color": "-1",
            "labels_color": "7799FF",
            "line_color": "7799FF",
            "line_width": 9,
            "name": "Третья",
            "segments": [
                [
                    30,
                    31,
                    [
                        [
                            590,
                            960
                        ],
                        [
                            590,
                            1030
                        ]
                    ],
                    true
                ],
                [
                    31,
                    32,
                    [
                        [
                            630,
                            920
                        ],
                        [
                            590,
                            960
                        ]
                    ],
                    true
                ],
                [
                    32,
                    33,
                    [
                        [
                            666,
                            884
                        ],
                        [
                            630,
                            920
                        ]
                    ],
                    true
                ],
                [
                    33,
                    34,
                    [
                        [
                            666,
                            806
                        ],
                        [
                            666,
                            884
                        ]
                    ],
                    true
                ],
                [
                    34,
                    35,
                    [
                        [
                            666,
                            751
                        ],
                        [
                            666,
                            806
                        ]
                    ],
                    true
                ],
                [
                    35,
                    36,
                    [
                        [
                            666,
                            715
                        ],
                        [
                            666,
                            751
                        ]
                    ],
                    true
                ],
                [
                    36,
                    37,
                    [
                        [
                            666,
                            663
                        ],
                        [
                            666,
                            715
                        ]
                    ],
                    true
                ],
                [
                    37,
                    38,
                    [
                        [
                            666,
                            608
                        ],
                        [
                            666,
                            663
                        ]
                    ],
                    true
                ],
                [
                    38,
                    39,
                    [
                        [
                            666,
                            563
                        ],
                        [
                            666,
                            608
                        ]
                    ],
                    true
                ],
                [
                    39,
                    40,
                    [
                        [
                            666,
                            511
                        ],
                        [
                            666,
                            563
                        ]
                    ],
                    true
                ],
                [
                    40,
                    41,
                    [
                        [
                            613,
                            408
                        ],
                        [
                            666.0,
                            461.0
                        ],
                        [
                            666,
                            511
                        ]
                    ],
                    true
                ],
                [
                    41,
                    42,
                    [
                        [
                            560,
                            360
                        ],
                        [
                            613,
                            408
                        ]
                    ],
                    true
                ],
                [
                    42,
                    43,
                    [
                        [
                            515,
                            315
                        ],
                        [
                            560,
                            360
                        ]
                    ],
                    true
                ],
                [
                    43,
                    44,
                    [
                        [
                            470,
                            270
                        ],
                        [
                            515,
                            315
                        ]
                    ],
                    true
                ],
                [
                    44,
                    45,
                    [
                        [
                            435,
                            235
                        ],
                        [
                            470,
                            270
                        ]
                    ],
                    true
                ],
                [
                    45,
                    46,
                    [
                        [
                            435,
                            175
                        ],
                        [
                            435,
                            235
                        ]
                    ],
                    true
                ],
                [
                    46,
                    47,
                    [
                        [
                            435,
                            110
                        ],
                        [
                            435,
                            175
                        ]
                    ],
                    true
                ],
                [
                    47,
                    48,
                    [
                        [
                            435,
                            30
                        ],
                        [
                            435,
                            110
                        ]
                    ],
                    true
                ]
            ],
            "stations": [
                {
                    "coord": [
                        590,
                        1030
                    ],
                    "is_working": true,
                    "name": "Марьяново",
                    "rect": [
                        600,
                        1023,
                        59,
                        15
                    ],
                    "text_id": 30,
                    "uid": 30
                },
                {
                    "coord": [
                        590,
                        960
                    ],
                    "is_working": true,
                    "name": "Мир",
                    "rect": [
                        600,
                        957,
                        23,
                        15
                    ],
                    "text_id": 31,
                    "uid": 31
                },
                {
                    "coord": [
                        630,
                        920
                    ],
                    "is_working": true,
                    "name": "Труд",
                    "rect": [
                        640,
                        916,
                        27,
                        15
                    ],
                    "text_id": 32,
                    "uid": 32
                },
                {
                    "coord": [
                        666,
                        884
                    ],
                    "is_working": true,
                    "name": "Вокзальная",
                    "rect": [
                        676,
                        876,
                        63,
                        15
                    ],
                    "text_id": 33,
                    "uid": 33
                },
                {
                    "coord": [
                        666,
                        806
                    ],
                    "is_working": true,
                    "name": "Площадь Серова",
                    "rect": [
                        676,
                        793,
                        53,
                        28
                    ],
                    "text_id": 34,
                    "uid": 34
                },
                {
                    "coord": [
                        666,
                        751
                    ],
                    "is_working": true,
                    "name": "Цирк",
                    "rect": [
                        676,
                        745,
                        27,
                        15
                    ],
                    "text_id": 35,
                    "uid": 35
                },
                {
                    "coord": [
                        666,
                        715
                    ],
                    "is_working": true,
                    "name": "Дом Печати",
                    "rect": [
                        676,
                        702,
                        39,
                        28
                    ],
                    "text_id": 36,
                    "uid": 36
                },
                {
                    "coord": [
                        666,
                        663
                    ],
                    "is_working": true,
                    "name": "Транспортный институт",
                    "rect": [
                        673,
                        625,
                        78,
                        28
                    ],
                    "text_id": 23,
                    "uid": 37
                },
                {
                    "coord": [
                        666,
                        608
                    ],
                    "is_working": true,
                    "name": "Ильинская",
                    "rect": [
                        676,
                        601,
                        58,
                        15
                    ],
                    "text_id": 37,
                    "uid": 38
                },
                {
                    "coord": [
                        666,
                        563
                    ],
                    "is_working": true,
                    "name": "Любинский проспект",
                    "rect": [
                        596,
                        547,
                        61,
                        28
                    ],
                    "text_id": 38,
                    "uid": 39
                },
                {
                    "coord": [
                        666,
                        511
                    ],
                    "is_working": true,
                    "name": "Торговый центр",
                    "rect": [
                        695,
                        490,
                        53,
                        28
                    ],
                    "text_id": 8,
                    "uid": 40
                },
                {
                    "coord": [
                        613,
                        408
                    ],
                    "is_working": true,
                    "name": "Кемеровская",
                    "rect": [
                        635,
                        393,
                        69,
                        15
                    ],
                    "text_id": 39,
                    "uid": 41
                },
                {
                    "coord": [
                        560,
                        360
                    ],
                    "is_working": true,
                    "name": "Зеленый Остров",
                    "rect": [
                        579,
                        334,
                        51,
                        28
                    ],
                    "text_id": 40,
                    "uid": 42
                },
                {
                    "coord": [
                        515,
                        315
                    ],
                    "is_working": true,
                    "name": "Заозерная",
                    "rect": [
                        534,
                        299,
                        56,
                        15
                    ],
                    "text_id": 41,
                    "uid": 43
                },
                {
                    "coord": [
                        470,
                        270
                    ],
                    "is_working": true,
                    "name": "Политехническая",
                    "rect": [
                        488,
                        261,
                        93,
                        15
                    ],
                    "text_id": 42,
                    "uid": 44
                },
                {
                    "coord": [
                        435,
                        235
                    ],
                    "is_working": true,
                    "name": "Проспект Мира",
                    "rect": [
                        445,
                        210,
                        52,
                        28
                    ],
                    "text_id": 43,
                    "uid": 45
                },
                {
                    "coord": [
                        435,
                        175
                    ],
                    "is_working": true,
                    "name": "Энтузиастов",
                    "rect": [
                        445,
                        168,
                        66,
                        15
                    ],
                    "text_id": 44,
                    "uid": 46
                },
                {
                    "coord": [
                        435,
                        110
                    ],
                    "is_working": true,
                    "name": "Нефтезаводская",
                    "rect": [
                        450,
                        99,
                        89,
                        15
                    ],
                    "text_id": 45,
                    "uid": 47
                },
                {
                    "coord": [
                        435,
                        30
                    ],
                    "is_working": true,
                    "name": "Проспект Губкина",
                    "rect": [
                        447,
                        19,
                        52,
                        28
                    ],
                    "text_id": 46,
                    "uid": 48
                }
            ],
            "text_id": 47
        },
        {
            "labels_bg_color": "-1",
            "labels_color": "FF9900",
            "line_color": "FF9900",
            "line_width": 9,
            "name": "Четвёртая",
            "segments": [
                [
                    49,
                    50,
                    [
                        [
                            438,
                            577
                        ],
                        [
                            500,
                            515
                        ]
                    ],
                    true
                ],
                [
                    50,
                    51,
                    [
                        [
                            438,
                            634
                        ],
                        [
                            438,
                            577
                        ]
                    ],
                    true
                ],
                [
                    51,
                    52,
                    [
                        [
                            438,
                            690
                        ],
                        [
                            438,
                            634
                        ]
                    ],
                    true
                ],
                [
                    52,
                    53,
                    [
                        [
                            438,
                            739
                        ],
                        [
                            438,
                            690
                        ]
                    ],
                    true
                ]
            ],
            "stations": [
                {
                    "coord": [
                        500,
                        515
                    ],
                    "is_working": true,
                    "name": "Заречная",
                    "rect": [
                        520,
                        493,
                        51,
                        15
                    ],
                    "text_id": 6,
                    "uid": 49
                },
                {
                    "coord": [
                        438,
                        577
                    ],
                    "is_working": true,
                    "name": "Аэровокзал",
                    "rect": [
                        365,
                        569,
                        63,
                        15
                    ],
                    "text_id": 48,
                    "uid": 50
                },
                {
                    "coord": [
                        438,
                        634
                    ],
                    "is_working": true,
                    "name": "Авиагородок",
                    "rect": [
                        359,
                        626,
                        68,
                        15
                    ],
                    "text_id": 49,
                    "uid": 51
                },
                {
                    "coord": [
                        438,
                        690
                    ],
                    "is_working": true,
                    "name": "Куломзино",
                    "rect": [
                        369,
                        683,
                        58,
                        15
                    ],
                    "text_id": 50,
                    "uid": 52
                },
                {
                    "coord": [
                        438,
                        739
                    ],
                    "is_working": true,
                    "name": "Кировская",
                    "rect": [
                        372,
                        732,
                        55,
                        15
                    ],
                    "text_id": 51,
                    "uid": 53
                }
            ],
            "text_id": 52
        }
    ],
    "lines_width": 9,
    "name": "metro",
    "name_text_id": 53,
    "stations_diameter": 16.0,
    "transfers": [
        [
            25,
            10,
            [
                777,
                622
            ],
            [
                792,
                622
            ]
        ],
        [
            40,
            8,
            [
                666,
                511
            ],
            [
                681,
                511
            ]
        ],
        [
            49,
            19,
            [
                500,
                515
            ],
            [
                500,
                500
            ]
        ],
        [
            19,
            6,
            [
                500,
                500
            ],
            [
                500,
                485
            ]
        ],
        [
            49,
            6,
            [
                500,
                515
            ],
            [
                500,
                485
            ]
        ],
        [
            37,
            23,
            [
                666,
                663
            ],
            [
                651,
                663
            ]
        ]
    ],
    "transports": [
        "metro"
    ],
    "type_name": "ROOT",
    "type_text_id": 54,
    "upper_case": false,
    "width": 1112,
    "word_wrap": true
}