{
    "default_transports": [
        "metro"
    ],
    "height": 700,
    "images": [
        "res/schemes/montreal.svg"
    ],
    "is_vector": true,
    "lines": [
        {
            "labels_bg_color": "-1",
            "labels_color": "02802C",
            "line_color": "02aa5a",
            "line_width": 15,
            "name": "1 GREEN ANGRIGNON - HONORЙ-BEAUGRAND",
            "segments": [
                [
                    0,
                    1,
                    [
                        [
                            183,
                            535
                        ],
                        [
                            162,
                            550
                        ]
                    ],
                    true
                ],
                [
                    1,
                    2,
                    [
                        [
                            207,
                            519
                        ],
                        [
                            183,
                            535
                        ]
                    ],
                    true
                ],
                [
                    2,
                    3,
                    [
                        [
                            231.0,
                            529.0
                        ],
                        [
                            230.34,
                            529.6
                        ],
                        [
                            229.62,
                            530.03
                        ],
                        [
                            228.84,
                            530.28
                        ],
                        [
                            228.0,
                            530.38
                        ],
                        [
                            227.11,
                            530.34
                        ],
                        [
                            226.16,
                            530.12
                        ],
                        [
                            225.13,
                            529.7
                        ],
                        [
                            224.0,
                            529.0
                        ],
                        [
                            222.7,
                            527.86
                        ],
                        [
                            221.31,
                            526.47
                        ],
                        [
                            219.88,
                            524.98
                        ],
                        [
                            218.44,
                            523.44
                        ],
                        [
                            217.0,
                            521.9
                        ],
                        [
                            215.6,
                            520.43
                        ],
                        [
                            214.25,
                            519.09
                        ],
                        [
                            213.0,
                            518.0
                        ],
                        [
                            211.94,
                            517.37
                        ],
                        [
                            211.0,
                            517.04
                        ],
                        [
                            210.14,
                            516.92
                        ],
                        [
                            209.38,
                            517.0
                        ],
                        [
                            208.67,
                            517.22
                        ],
                        [
                            208.03,
                            517.62
                        ],
                        [
                            207.48,
                            518.22
                        ],
                        [
                            207.0,
                            519.0
                        ]
                    ],
                    true
                ],
                [
                    3,
                    4,
                    [
                        [
                            254,
                            514
                        ],
                        [
                            231,
                            529
                        ]
                    ],
                    true
                ],
                [
                    4,
                    5,
                    [
                        [
                            273,
                            499
                        ],
                        [
                            254,
                            514
                        ]
                    ],
                    true
                ],
                [
                    5,
                    6,
                    [
                        [
                            270.0,
                            469.0
                        ],
                        [
                            272.41,
                            471.81
                        ],
                        [
                            274.53,
                            474.5
                        ],
                        [
                            276.35,
                            477.06
                        ],
                        [
                            277.88,
                            479.5
                        ],
                        [
                            279.1,
                            481.81
                        ],
                        [
                            280.03,
                            484.0
                        ],
                        [
                            280.66,
                            486.06
                        ],
                        [
                            281.0,
                            488.0
                        ],
                        [
                            281.04,
                            489.81
                        ],
                        [
                            280.78,
                            491.5
                        ],
                        [
                            280.23,
                            493.06
                        ],
                        [
                            279.38,
                            494.5
                        ],
                        [
                            278.23,
                            495.81
                        ],
                        [
                            276.78,
                            497.0
                        ],
                        [
                            275.04,
                            498.06
                        ],
                        [
                            273.0,
                            499.0
                        ]
                    ],
                    true
                ],
                [
                    6,
                    7,
                    [
                        [
                            257,
                            450
                        ],
                        [
                            270,
                            469
                        ]
                    ],
                    true
                ],
                [
                    7,
                    8,
                    [
                        [
                            247.0,
                            395.0
                        ],
                        [
                            243.64,
                            396.91
                        ],
                        [
                            240.81,
                            399.03
                        ],
                        [
                            238.52,
                            401.35
                        ],
                        [
                            236.75,
                            403.88
                        ],
                        [
                            235.52,
                            406.6
                        ],
                        [
                            234.81,
                            409.53
                        ],
                        [
                            234.64,
                            412.66
                        ],
                        [
                            235.0,
                            416.0
                        ],
                        [
                            235.89,
                            419.54
                        ],
                        [
                            237.31,
                            423.28
                        ],
                        [
                            239.27,
                            427.23
                        ],
                        [
                            241.75,
                            431.38
                        ],
                        [
                            244.77,
                            435.73
                        ],
                        [
                            248.31,
                            440.28
                        ],
                        [
                            252.39,
                            445.04
                        ],
                        [
                            257.0,
                            450.0
                        ]
                    ],
                    true
                ],
                [
                    8,
                    9,
                    [
                        [
                            273,
                            375
                        ],
                        [
                            247,
                            395
                        ]
                    ],
                    true
                ],
                [
                    9,
                    10,
                    [
                        [
                            298,
                            356
                        ],
                        [
                            273,
                            375
                        ]
                    ],
                    true
                ],
                [
                    10,
                    11,
                    [
                        [
                            324,
                            337
                        ],
                        [
                            298,
                            356
                        ]
                    ],
                    true
                ],
                [
                    11,
                    12,
                    [
                        [
                            350,
                            317
                        ],
                        [
                            324,
                            337
                        ]
                    ],
                    true
                ],
                [
                    12,
                    13,
                    [
                        [
                            375,
                            298
                        ],
                        [
                            350,
                            317
                        ]
                    ],
                    true
                ],
                [
                    13,
                    14,
                    [
                        [
                            405,
                            276
                        ],
                        [
                            375,
                            298
                        ]
                    ],
                    true
                ],
                [
                    14,
                    15,
                    [
                        [
                            424,
                            260
                        ],
                        [
                            405,
                            276
                        ]
                    ],
                    true
                ],
                [
                    15,
                    16,
                    [
                        [
                            443,
                            246
                        ],
                        [
                            424,
                            260
                        ]
                    ],
                    true
                ],
                [
                    16,
                    17,
                    [
                        [
                            438.0,
                            224.0
                        ],
                        [
                            439.37,
                            225.14
                        ],
                        [
                            440.59,
                            226.31
                        ],
                        [
                            441.68,
                            227.52
                        ],
                        [
                            442.62,
                            228.75
                        ],
                        [
                            443.43,
                            230.02
                        ],
                        [
                            444.09,
                            231.31
                        ],
                        [
                            444.62,
                            232.64
                        ],
                        [
                            445.0,
                            234.0
                        ],
                        [
                            445.24,
                            235.39
                        ],
                        [
                            445.34,
                            236.81
                        ],
                        [
                            445.3,
                            238.27
                        ],
                        [
                            445.12,
                            239.75
                        ],
                        [
                            444.8,
                            241.27
                        ],
                        [
                            444.34,
                            242.81
                        ],
                        [
                            443.74,
                            244.39
                        ],
                        [
                            443.0,
                            246.0
                        ]
                    ],
                    true
                ],
                [
                    17,
                    18,
                    [
                        [
                            448.0,
                            203.0
                        ],
                        [
                            445.97,
                            203.96
                        ],
                        [
                            444.12,
                            204.97
                        ],
                        [
                            442.47,
                            206.02
                        ],
                        [
                            441.0,
                            207.12
                        ],
                        [
                            439.72,
                            208.27
                        ],
                        [
                            438.62,
                            209.47
                        ],
                        [
                            437.72,
                            210.71
                        ],
                        [
                            437.0,
                            212.0
                        ],
                        [
                            436.47,
                            213.34
                        ],
                        [
                            436.12,
                            214.72
                        ],
                        [
                            435.97,
                            216.15
                        ],
                        [
                            436.0,
                            217.62
                        ],
                        [
                            436.22,
                            219.15
                        ],
                        [
                            436.62,
                            220.72
                        ],
                        [
                            437.22,
                            222.34
                        ],
                        [
                            438.0,
                            224.0
                        ]
                    ],
                    true
                ],
                [
                    18,
                    19,
                    [
                        [
                            466,
                            190
                        ],
                        [
                            448,
                            203
                        ]
                    ],
                    true
                ],
                [
                    19,
                    20,
                    [
                        [
                            485,
                            176
                        ],
                        [
                            466,
                            190
                        ]
                    ],
                    true
                ],
                [
                    20,
                    21,
                    [
                        [
                            503,
                            162
                        ],
                        [
                            485,
                            176
                        ]
                    ],
                    true
                ],
                [
                    21,
                    22,
                    [
                        [
                            500.0,
                            138.0
                        ],
                        [
                            501.48,
                            139.27
                        ],
                        [
                            502.78,
                            140.56
                        ],
                        [
                            503.91,
                            141.89
                        ],
                        [
                            504.88,
                            143.25
                        ],
                        [
                            505.66,
                            144.64
                        ],
                        [
                            506.28,
                            146.06
                        ],
                        [
                            506.73,
                            147.52
                        ],
                        [
                            507.0,
                            149.0
                        ],
                        [
                            507.1,
                            150.52
                        ],
                        [
                            507.03,
                            152.06
                        ],
                        [
                            506.79,
                            153.64
                        ],
                        [
                            506.38,
                            155.25
                        ],
                        [
                            505.79,
                            156.89
                        ],
                        [
                            505.03,
                            158.56
                        ],
                        [
                            504.1,
                            160.27
                        ],
                        [
                            503.0,
                            162.0
                        ]
                    ],
                    true
                ],
                [
                    22,
                    23,
                    [
                        [
                            507.0,
                            115.0
                        ],
                        [
                            505.04,
                            115.85
                        ],
                        [
                            503.28,
                            116.78
                        ],
                        [
                            501.73,
                            117.79
                        ],
                        [
                            500.38,
                            118.88
                        ],
                        [
                            499.23,
                            120.04
                        ],
                        [
                            498.28,
                            121.28
                        ],
                        [
                            497.54,
                            122.6
                        ],
                        [
                            497.0,
                            124.0
                        ],
                        [
                            496.66,
                            125.48
                        ],
                        [
                            496.53,
                            127.03
                        ],
                        [
                            496.6,
                            128.66
                        ],
                        [
                            496.88,
                            130.38
                        ],
                        [
                            497.35,
                            132.16
                        ],
                        [
                            498.03,
                            134.03
                        ],
                        [
                            498.91,
                            135.98
                        ],
                        [
                            500.0,
                            138.0
                        ]
                    ],
                    true
                ],
                [
                    23,
                    24,
                    [
                        [
                            525,
                            101
                        ],
                        [
                            507,
                            115
                        ]
                    ],
                    true
                ],
                [
                    24,
                    25,
                    [
                        [
                            543,
                            87
                        ],
                        [
                            525,
                            101
                        ]
                    ],
                    true
                ],
                [
                    25,
                    26,
                    [
                        [
                            562,
                            72
                        ],
                        [
                            543,
                            87
                        ]
                    ],
                    true
                ]
            ],
            "stations": [
                {
                    "coord": [
                        162,
                        550
                    ],
                    "is_working": true,
                    "name": "Angrignon",
                    "rect": [
                        78,
                        545,
                        75,
                        14
                    ],
                    "text_id": 0,
                    "uid": 0
                },
                {
                    "coord": [
                        183,
                        535
                    ],
                    "is_working": true,
                    "name": "Monk",
                    "rect": [
                        145,
                        522,
                        27,
                        10
                    ],
                    "text_id": 1,
                    "uid": 1
                },
                {
                    "coord": [
                        207,
                        519
                    ],
                    "is_working": true,
                    "name": "Jolicoeur",
                    "rect": [
                        155,
                        505,
                        43,
                        12
                    ],
                    "text_id": 2,
                    "uid": 2
                },
                {
                    "coord": [
                        231,
                        529
                    ],
                    "is_working": true,
                    "name": "Verdun",
                    "rect": [
                        216,
                        541,
                        34,
                        11
                    ],
                    "text_id": 3,
                    "uid": 3
                },
                {
                    "coord": [
                        254,
                        514
                    ],
                    "is_working": true,
                    "name": "De L'Йglise",
                    "rect": [
                        199,
                        495,
                        49,
                        11
                    ],
                    "text_id": 4,
                    "uid": 4
                },
                {
                    "coord": [
                        273,
                        499
                    ],
                    "is_working": true,
                    "name": "LaSalle",
                    "rect": [
                        229,
                        483,
                        36,
                        11
                    ],
                    "text_id": 5,
                    "uid": 5
                },
                {
                    "coord": [
                        270,
                        469
                    ],
                    "is_working": true,
                    "name": "Charlevoix",
                    "rect": [
                        281,
                        461,
                        48,
                        10
                    ],
                    "text_id": 6,
                    "uid": 6
                },
                {
                    "coord": [
                        257,
                        450
                    ],
                    "is_working": true,
                    "name": "Lionel-Groulx",
                    "rect": [
                        268,
                        445,
                        96,
                        12
                    ],
                    "text_id": 7,
                    "uid": 7
                },
                {
                    "coord": [
                        247,
                        395
                    ],
                    "is_working": true,
                    "name": "Atwater",
                    "rect": [
                        201,
                        380,
                        39,
                        10
                    ],
                    "text_id": 8,
                    "uid": 8
                },
                {
                    "coord": [
                        273,
                        375
                    ],
                    "is_working": true,
                    "name": "Guy-Concordia",
                    "rect": [
                        200,
                        360,
                        66,
                        10
                    ],
                    "text_id": 9,
                    "uid": 9
                },
                {
                    "coord": [
                        298,
                        356
                    ],
                    "is_working": true,
                    "name": "Peel",
                    "rect": [
                        267,
                        344,
                        22,
                        10
                    ],
                    "text_id": 10,
                    "uid": 10
                },
                {
                    "coord": [
                        324,
                        337
                    ],
                    "is_working": true,
                    "name": "McGill",
                    "rect": [
                        278,
                        328,
                        32,
                        10
                    ],
                    "text_id": 11,
                    "uid": 11
                },
                {
                    "coord": [
                        350,
                        317
                    ],
                    "is_working": true,
                    "name": "Place des Arts",
                    "rect": [
                        276,
                        303,
                        67,
                        10
                    ],
                    "text_id": 12,
                    "uid": 12
                },
                {
                    "coord": [
                        375,
                        298
                    ],
                    "is_working": true,
                    "name": "Saint-Laurent",
                    "rect": [
                        298,
                        290,
                        63,
                        10
                    ],
                    "text_id": 13,
                    "uid": 13
                },
                {
                    "coord": [
                        405,
                        276
                    ],
                    "is_working": true,
                    "name": "Berri-UQAM",
                    "rect": [
                        314,
                        273,
                        69,
                        9
                    ],
                    "text_id": 14,
                    "uid": 14
                },
                {
                    "coord": [
                        424,
                        260
                    ],
                    "is_working": true,
                    "name": "Beaudry",
                    "rect": [
                        435,
                        263,
                        39,
                        11
                    ],
                    "text_id": 15,
                    "uid": 15
                },
                {
                    "coord": [
                        443,
                        246
                    ],
                    "is_working": true,
                    "name": "Papineau",
                    "rect": [
                        455,
                        244,
                        42,
                        9
                    ],
                    "text_id": 16,
                    "uid": 16
                },
                {
                    "coord": [
                        438,
                        224
                    ],
                    "is_working": true,
                    "name": "Frontenac",
                    "rect": [
                        454,
                        221,
                        48,
                        10
                    ],
                    "text_id": 17,
                    "uid": 17
                },
                {
                    "coord": [
                        448,
                        203
                    ],
                    "is_working": true,
                    "name": "Prйfontaine",
                    "rect": [
                        457,
                        207,
                        54,
                        9
                    ],
                    "text_id": 18,
                    "uid": 18
                },
                {
                    "coord": [
                        466,
                        190
                    ],
                    "is_working": true,
                    "name": "Joliette",
                    "rect": [
                        474,
                        195,
                        38,
                        10
                    ],
                    "text_id": 19,
                    "uid": 19
                },
                {
                    "coord": [
                        485,
                        176
                    ],
                    "is_working": true,
                    "name": "Pie-IX",
                    "rect": [
                        494,
                        180,
                        28,
                        10
                    ],
                    "text_id": 20,
                    "uid": 20
                },
                {
                    "coord": [
                        503,
                        162
                    ],
                    "is_working": true,
                    "name": "Viau",
                    "rect": [
                        513,
                        162,
                        24,
                        10
                    ],
                    "text_id": 21,
                    "uid": 21
                },
                {
                    "coord": [
                        500,
                        138
                    ],
                    "is_working": true,
                    "name": "Assomption",
                    "rect": [
                        516,
                        136,
                        54,
                        10
                    ],
                    "text_id": 22,
                    "uid": 22
                },
                {
                    "coord": [
                        507,
                        115
                    ],
                    "is_working": true,
                    "name": "Cadillac",
                    "rect": [
                        514,
                        119,
                        40,
                        11
                    ],
                    "text_id": 23,
                    "uid": 23
                },
                {
                    "coord": [
                        525,
                        101
                    ],
                    "is_working": true,
                    "name": "Langelier",
                    "rect": [
                        532,
                        106,
                        44,
                        9
                    ],
                    "text_id": 24,
                    "uid": 24
                },
                {
                    "coord": [
                        543,
                        87
                    ],
                    "is_working": true,
                    "name": "Radisson",
                    "rect": [
                        551,
                        91,
                        43,
                        12
                    ],
                    "text_id": 25,
                    "uid": 25
                },
                {
                    "coord": [
                        562,
                        72
                    ],
                    "is_working": true,
                    "name": "Honorй-Beaugrand",
                    "rect": [
                        449,
                        56,
                        103,
                        13
                    ],
                    "text_id": 26,
                    "uid": 26
                }
            ],
            "text_id": 27
        },
        {
            "labels_bg_color": "-1",
            "labels_color": "e94b0f",
            "line_color": "f68736",
            "line_width": 15,
            "name": "2 ORANGE CФTE-VERTU - MONTMORENCY",
            "segments": [
                [
                    27,
                    28,
                    [
                        [
                            86,
                            256
                        ],
                        [
                            73,
                            237
                        ]
                    ],
                    true
                ],
                [
                    28,
                    29,
                    [
                        [
                            100,
                            274
                        ],
                        [
                            86,
                            256
                        ]
                    ],
                    true
                ],
                [
                    29,
                    30,
                    [
                        [
                            114,
                            292
                        ],
                        [
                            100,
                            274
                        ]
                    ],
                    true
                ],
                [
                    30,
                    31,
                    [
                        [
                            127,
                            311
                        ],
                        [
                            114,
                            292
                        ]
                    ],
                    true
                ],
                [
                    31,
                    32,
                    [
                        [
                            141,
                            330
                        ],
                        [
                            127,
                            311
                        ]
                    ],
                    true
                ],
                [
                    32,
                    33,
                    [
                        [
                            166,
                            360
                        ],
                        [
                            141,
                            330
                        ]
                    ],
                    true
                ],
                [
                    33,
                    34,
                    [
                        [
                            181,
                            381
                        ],
                        [
                            166,
                            360
                        ]
                    ],
                    true
                ],
                [
                    34,
                    35,
                    [
                        [
                            196,
                            401
                        ],
                        [
                            181,
                            381
                        ]
                    ],
                    true
                ],
                [
                    35,
                    36,
                    [
                        [
                            216,
                            428
                        ],
                        [
                            196,
                            401
                        ]
                    ],
                    true
                ],
                [
                    36,
                    37,
                    [
                        [
                            239.0,
                            450.0
                        ],
                        [
                            238.38,
                            450.27
                        ],
                        [
                            237.66,
                            450.31
                        ],
                        [
                            236.82,
                            450.14
                        ],
                        [
                            235.88,
                            449.75
                        ],
                        [
                            234.82,
                            449.14
                        ],
                        [
                            233.66,
                            448.31
                        ],
                        [
                            232.38,
                            447.27
                        ],
                        [
                            231.0,
                            446.0
                        ],
                        [
                            229.51,
                            444.52
                        ],
                        [
                            227.91,
                            442.81
                        ],
                        [
                            226.2,
                            440.89
                        ],
                        [
                            224.38,
                            438.75
                        ],
                        [
                            222.45,
                            436.39
                        ],
                        [
                            220.41,
                            433.81
                        ],
                        [
                            218.26,
                            431.02
                        ],
                        [
                            216.0,
                            428.0
                        ]
                    ],
                    true
                ],
                [
                    37,
                    38,
                    [
                        [
                            274,
                            424
                        ],
                        [
                            239,
                            450
                        ]
                    ],
                    true
                ],
                [
                    38,
                    39,
                    [
                        [
                            299,
                            405
                        ],
                        [
                            274,
                            424
                        ]
                    ],
                    true
                ],
                [
                    39,
                    40,
                    [
                        [
                            326,
                            385
                        ],
                        [
                            299,
                            405
                        ]
                    ],
                    true
                ],
                [
                    40,
                    41,
                    [
                        [
                            353,
                            365
                        ],
                        [
                            326,
                            385
                        ]
                    ],
                    true
                ],
                [
                    41,
                    42,
                    [
                        [
                            379,
                            345
                        ],
                        [
                            353,
                            365
                        ]
                    ],
                    true
                ],
                [
                    42,
                    43,
                    [
                        [
                            405,
                            325
                        ],
                        [
                            379,
                            345
                        ]
                    ],
                    true
                ],
                [
                    43,
                    44,
                    [
                        [
                            402.0,
                            290.0
                        ],
                        [
                            404.88,
                            293.01
                        ],
                        [
                            407.41,
                            295.91
                        ],
                        [
                            409.57,
                            298.7
                        ],
                        [
                            411.38,
                            301.38
                        ],
                        [
                            412.82,
                            303.95
                        ],
                        [
                            413.91,
                            306.41
                        ],
                        [
                            414.63,
                            308.76
                        ],
                        [
                            415.0,
                            311.0
                        ],
                        [
                            415.01,
                            313.13
                        ],
                        [
                            414.66,
                            315.16
                        ],
                        [
                            413.95,
                            317.07
                        ],
                        [
                            412.88,
                            318.88
                        ],
                        [
                            411.45,
                            320.57
                        ],
                        [
                            409.66,
                            322.16
                        ],
                        [
                            407.51,
                            323.63
                        ],
                        [
                            405.0,
                            325.0
                        ]
                    ],
                    true
                ],
                [
                    44,
                    45,
                    [
                        [
                            370,
                            250
                        ],
                        [
                            402,
                            290
                        ]
                    ],
                    true
                ],
                [
                    45,
                    46,
                    [
                        [
                            354,
                            229
                        ],
                        [
                            370,
                            250
                        ]
                    ],
                    true
                ],
                [
                    46,
                    47,
                    [
                        [
                            338,
                            208
                        ],
                        [
                            354,
                            229
                        ]
                    ],
                    true
                ],
                [
                    47,
                    48,
                    [
                        [
                            322,
                            187
                        ],
                        [
                            338,
                            208
                        ]
                    ],
                    true
                ],
                [
                    48,
                    49,
                    [
                        [
                            306,
                            166
                        ],
                        [
                            322,
                            187
                        ]
                    ],
                    true
                ],
                [
                    49,
                    50,
                    [
                        [
                            284,
                            136
                        ],
                        [
                            306,
                            166
                        ]
                    ],
                    true
                ],
                [
                    50,
                    51,
                    [
                        [
                            271,
                            119
                        ],
                        [
                            284,
                            136
                        ]
                    ],
                    true
                ],
                [
                    51,
                    52,
                    [
                        [
                            255,
                            97
                        ],
                        [
                            271,
                            119
                        ]
                    ],
                    true
                ],
                [
                    52,
                    53,
                    [
                        [
                            239,
                            77
                        ],
                        [
                            255,
                            97
                        ]
                    ],
                    true
                ],
                [
                    53,
                    54,
                    [
                        [
                            223,
                            56
                        ],
                        [
                            239,
                            77
                        ]
                    ],
                    true
                ],
                [
                    54,
                    55,
                    [
                        [
                            211,
                            40
                        ],
                        [
                            223,
                            56
                        ]
                    ],
                    true
                ],
                [
                    55,
                    56,
                    [
                        [
                            199,
                            23
                        ],
                        [
                            211,
                            40
                        ]
                    ],
                    true
                ],
                [
                    56,
                    57,
                    [
                        [
                            187,
                            7
                        ],
                        [
                            199,
                            23
                        ]
                    ],
                    true
                ]
            ],
            "stations": [
                {
                    "coord": [
                        73,
                        237
                    ],
                    "is_working": true,
                    "name": "Cфte-Vertu",
                    "rect": [
                        37,
                        216,
                        74,
                        13
                    ],
                    "text_id": 28,
                    "uid": 27
                },
                {
                    "coord": [
                        86,
                        256
                    ],
                    "is_working": true,
                    "name": "Du Collиge",
                    "rect": [
                        26,
                        255,
                        50,
                        10
                    ],
                    "text_id": 29,
                    "uid": 28
                },
                {
                    "coord": [
                        100,
                        274
                    ],
                    "is_working": true,
                    "name": "De La Savane",
                    "rect": [
                        33,
                        271,
                        56,
                        11
                    ],
                    "text_id": 30,
                    "uid": 29
                },
                {
                    "coord": [
                        114,
                        292
                    ],
                    "is_working": true,
                    "name": "Namur",
                    "rect": [
                        77,
                        298,
                        33,
                        10
                    ],
                    "text_id": 31,
                    "uid": 30
                },
                {
                    "coord": [
                        127,
                        311
                    ],
                    "is_working": true,
                    "name": "Plamondon",
                    "rect": [
                        64,
                        311,
                        53,
                        11
                    ],
                    "text_id": 32,
                    "uid": 31
                },
                {
                    "coord": [
                        141,
                        330
                    ],
                    "is_working": true,
                    "name": "Cфte-Sainte-Catherine",
                    "rect": [
                        34,
                        328,
                        97,
                        11
                    ],
                    "text_id": 33,
                    "uid": 32
                },
                {
                    "coord": [
                        166,
                        360
                    ],
                    "is_working": true,
                    "name": "Snowdon",
                    "rect": [
                        87,
                        359,
                        67,
                        17
                    ],
                    "text_id": 34,
                    "uid": 33
                },
                {
                    "coord": [
                        181,
                        381
                    ],
                    "is_working": true,
                    "name": "Villa-Maria",
                    "rect": [
                        118,
                        382,
                        53,
                        11
                    ],
                    "text_id": 35,
                    "uid": 34
                },
                {
                    "coord": [
                        196,
                        401
                    ],
                    "is_working": true,
                    "name": "Vendфme",
                    "rect": [
                        148,
                        405,
                        40,
                        10
                    ],
                    "text_id": 36,
                    "uid": 35
                },
                {
                    "coord": [
                        216,
                        428
                    ],
                    "is_working": true,
                    "name": "Place-St-Henri",
                    "rect": [
                        130,
                        430,
                        80,
                        11
                    ],
                    "text_id": 37,
                    "uid": 36
                },
                {
                    "coord": [
                        239,
                        450
                    ],
                    "is_working": true,
                    "name": "Lionel-Groulx",
                    "rect": [
                        142,
                        457,
                        91,
                        13
                    ],
                    "text_id": 7,
                    "uid": 37
                },
                {
                    "coord": [
                        274,
                        424
                    ],
                    "is_working": true,
                    "name": "Georges-Vanier",
                    "rect": [
                        279,
                        430,
                        69,
                        13
                    ],
                    "text_id": 38,
                    "uid": 38
                },
                {
                    "coord": [
                        299,
                        405
                    ],
                    "is_working": true,
                    "name": "Lucien-l'Allier",
                    "rect": [
                        306,
                        411,
                        65,
                        10
                    ],
                    "text_id": 39,
                    "uid": 39
                },
                {
                    "coord": [
                        326,
                        385
                    ],
                    "is_working": true,
                    "name": "Bonaventure",
                    "rect": [
                        337,
                        386,
                        59,
                        11
                    ],
                    "text_id": 40,
                    "uid": 40
                },
                {
                    "coord": [
                        353,
                        365
                    ],
                    "is_working": true,
                    "name": "Square-Victoria",
                    "rect": [
                        361,
                        369,
                        71,
                        10
                    ],
                    "text_id": 41,
                    "uid": 41
                },
                {
                    "coord": [
                        379,
                        345
                    ],
                    "is_working": true,
                    "name": "Place-d'Armes",
                    "rect": [
                        388,
                        349,
                        63,
                        11
                    ],
                    "text_id": 42,
                    "uid": 42
                },
                {
                    "coord": [
                        405,
                        325
                    ],
                    "is_working": true,
                    "name": "Champ-de-Mars",
                    "rect": [
                        412,
                        332,
                        69,
                        10
                    ],
                    "text_id": 43,
                    "uid": 43
                },
                {
                    "coord": [
                        402,
                        290
                    ],
                    "is_working": true,
                    "name": "Berri-UQAM",
                    "rect": [
                        314,
                        273,
                        69,
                        9
                    ],
                    "text_id": 14,
                    "uid": 44
                },
                {
                    "coord": [
                        370,
                        250
                    ],
                    "is_working": true,
                    "name": "Sherbrooke",
                    "rect": [
                        377,
                        235,
                        52,
                        11
                    ],
                    "text_id": 44,
                    "uid": 45
                },
                {
                    "coord": [
                        354,
                        229
                    ],
                    "is_working": true,
                    "name": "Mont-Royal",
                    "rect": [
                        364,
                        218,
                        52,
                        10
                    ],
                    "text_id": 45,
                    "uid": 46
                },
                {
                    "coord": [
                        338,
                        208
                    ],
                    "is_working": true,
                    "name": "Laurier",
                    "rect": [
                        347,
                        197,
                        35,
                        10
                    ],
                    "text_id": 46,
                    "uid": 47
                },
                {
                    "coord": [
                        322,
                        187
                    ],
                    "is_working": true,
                    "name": "Rosemont",
                    "rect": [
                        331,
                        176,
                        45,
                        10
                    ],
                    "text_id": 47,
                    "uid": 48
                },
                {
                    "coord": [
                        306,
                        166
                    ],
                    "is_working": true,
                    "name": "Beaubien",
                    "rect": [
                        316,
                        156,
                        43,
                        11
                    ],
                    "text_id": 48,
                    "uid": 49
                },
                {
                    "coord": [
                        284,
                        136
                    ],
                    "is_working": true,
                    "name": "Jean-Talon",
                    "rect": [
                        193,
                        132,
                        77,
                        15
                    ],
                    "text_id": 49,
                    "uid": 50
                },
                {
                    "coord": [
                        271,
                        119
                    ],
                    "is_working": true,
                    "name": "Jarry",
                    "rect": [
                        282,
                        108,
                        26,
                        10
                    ],
                    "text_id": 50,
                    "uid": 51
                },
                {
                    "coord": [
                        255,
                        97
                    ],
                    "is_working": true,
                    "name": "Crйmazie",
                    "rect": [
                        266,
                        89,
                        42,
                        11
                    ],
                    "text_id": 51,
                    "uid": 52
                },
                {
                    "coord": [
                        239,
                        77
                    ],
                    "is_working": true,
                    "name": "Sauvй",
                    "rect": [
                        250,
                        68,
                        29,
                        11
                    ],
                    "text_id": 52,
                    "uid": 53
                },
                {
                    "coord": [
                        223,
                        56
                    ],
                    "is_working": true,
                    "name": "Henri-Bourassa",
                    "rect": [
                        235,
                        46,
                        103,
                        13
                    ],
                    "text_id": 53,
                    "uid": 54
                },
                {
                    "coord": [
                        211,
                        40
                    ],
                    "is_working": true,
                    "name": "Cartier",
                    "rect": [
                        224,
                        30,
                        103,
                        13
                    ],
                    "text_id": 54,
                    "uid": 55
                },
                {
                    "coord": [
                        199,
                        23
                    ],
                    "is_working": true,
                    "name": "Concorde",
                    "rect": [
                        211,
                        16,
                        103,
                        13
                    ],
                    "text_id": 55,
                    "uid": 56
                },
                {
                    "coord": [
                        187,
                        7
                    ],
                    "is_working": true,
                    "name": "Montmorency",
                    "rect": [
                        199,
                        2,
                        103,
                        13
                    ],
                    "text_id": 56,
                    "uid": 57
                }
            ],
            "text_id": 57
        },
        {
            "labels_bg_color": "-1",
            "labels_color": "0258b1",
            "line_color": "038ace",
            "line_width": 15,
            "name": "3 BLUE SNOWDON - SAINT-MICHEL",
            "segments": [
                [
                    58,
                    59,
                    [
                        [
                            189,
                            321
                        ],
                        [
                            166,
                            340
                        ]
                    ],
                    true
                ],
                [
                    59,
                    60,
                    [
                        [
                            221,
                            297
                        ],
                        [
                            189,
                            321
                        ]
                    ],
                    true
                ],
                [
                    60,
                    61,
                    [
                        [
                            252,
                            274
                        ],
                        [
                            221,
                            297
                        ]
                    ],
                    true
                ],
                [
                    61,
                    62,
                    [
                        [
                            263.0,
                            241.0
                        ],
                        [
                            264.77,
                            242.95
                        ],
                        [
                            266.22,
                            244.91
                        ],
                        [
                            267.34,
                            246.88
                        ],
                        [
                            268.12,
                            248.88
                        ],
                        [
                            268.59,
                            250.88
                        ],
                        [
                            268.72,
                            252.91
                        ],
                        [
                            268.52,
                            254.95
                        ],
                        [
                            268.0,
                            257.0
                        ],
                        [
                            267.15,
                            259.07
                        ],
                        [
                            265.97,
                            261.16
                        ],
                        [
                            264.46,
                            263.26
                        ],
                        [
                            262.62,
                            265.38
                        ],
                        [
                            260.46,
                            267.51
                        ],
                        [
                            257.97,
                            269.66
                        ],
                        [
                            255.15,
                            271.82
                        ],
                        [
                            252.0,
                            274.0
                        ]
                    ],
                    true
                ],
                [
                    62,
                    63,
                    [
                        [
                            237,
                            207
                        ],
                        [
                            263,
                            241
                        ]
                    ],
                    true
                ],
                [
                    63,
                    64,
                    [
                        [
                            241.0,
                            180.0
                        ],
                        [
                            238.41,
                            181.34
                        ],
                        [
                            236.12,
                            182.72
                        ],
                        [
                            234.16,
                            184.15
                        ],
                        [
                            232.5,
                            185.62
                        ],
                        [
                            231.16,
                            187.15
                        ],
                        [
                            230.12,
                            188.72
                        ],
                        [
                            229.41,
                            190.34
                        ],
                        [
                            229.0,
                            192.0
                        ],
                        [
                            228.91,
                            193.71
                        ],
                        [
                            229.12,
                            195.47
                        ],
                        [
                            229.66,
                            197.27
                        ],
                        [
                            230.5,
                            199.12
                        ],
                        [
                            231.66,
                            201.02
                        ],
                        [
                            233.12,
                            202.97
                        ],
                        [
                            234.91,
                            204.96
                        ],
                        [
                            237.0,
                            207.0
                        ]
                    ],
                    true
                ],
                [
                    64,
                    65,
                    [
                        [
                            266,
                            162
                        ],
                        [
                            241,
                            180
                        ]
                    ],
                    true
                ],
                [
                    65,
                    66,
                    [
                        [
                            300,
                            136
                        ],
                        [
                            266,
                            162
                        ]
                    ],
                    true
                ],
                [
                    66,
                    67,
                    [
                        [
                            317,
                            124
                        ],
                        [
                            300,
                            136
                        ]
                    ],
                    true
                ],
                [
                    67,
                    68,
                    [
                        [
                            337,
                            108
                        ],
                        [
                            317,
                            124
                        ]
                    ],
                    true
                ],
                [
                    68,
                    69,
                    [
                        [
                            358,
                            92
                        ],
                        [
                            337,
                            108
                        ]
                    ],
                    true
                ]
            ],
            "stations": [
                {
                    "coord": [
                        166,
                        340
                    ],
                    "is_working": true,
                    "name": "Snowdon",
                    "rect": [
                        175,
                        341,
                        78,
                        12
                    ],
                    "text_id": 34,
                    "uid": 58
                },
                {
                    "coord": [
                        189,
                        321
                    ],
                    "is_working": true,
                    "name": "Cфte-des-Neiges",
                    "rect": [
                        201,
                        315,
                        84,
                        14
                    ],
                    "text_id": 58,
                    "uid": 59
                },
                {
                    "coord": [
                        221,
                        297
                    ],
                    "is_working": true,
                    "name": "Universitй-de-Montrйal",
                    "rect": [
                        127,
                        284,
                        86,
                        12
                    ],
                    "text_id": 59,
                    "uid": 60
                },
                {
                    "coord": [
                        252,
                        274
                    ],
                    "is_working": true,
                    "name": "Йdouard-Montpetit",
                    "rect": [
                        117,
                        257,
                        131,
                        12
                    ],
                    "text_id": 60,
                    "uid": 61
                },
                {
                    "coord": [
                        263,
                        241
                    ],
                    "is_working": true,
                    "name": "Outremont",
                    "rect": [
                        279,
                        235,
                        49,
                        10
                    ],
                    "text_id": 61,
                    "uid": 62
                },
                {
                    "coord": [
                        237,
                        207
                    ],
                    "is_working": true,
                    "name": "Acadie",
                    "rect": [
                        199,
                        207,
                        28,
                        11
                    ],
                    "text_id": 62,
                    "uid": 63
                },
                {
                    "coord": [
                        241,
                        180
                    ],
                    "is_working": true,
                    "name": "Parc",
                    "rect": [
                        205,
                        171,
                        23,
                        10
                    ],
                    "text_id": 63,
                    "uid": 64
                },
                {
                    "coord": [
                        266,
                        162
                    ],
                    "is_working": true,
                    "name": "De Castelnau",
                    "rect": [
                        190,
                        154,
                        60,
                        10
                    ],
                    "text_id": 64,
                    "uid": 65
                },
                {
                    "coord": [
                        300,
                        136
                    ],
                    "is_working": true,
                    "name": "Jean-Talon",
                    "rect": [
                        309,
                        140,
                        84,
                        13
                    ],
                    "text_id": 49,
                    "uid": 66
                },
                {
                    "coord": [
                        317,
                        124
                    ],
                    "is_working": true,
                    "name": "Fabre",
                    "rect": [
                        326,
                        127,
                        28,
                        10
                    ],
                    "text_id": 65,
                    "uid": 67
                },
                {
                    "coord": [
                        337,
                        108
                    ],
                    "is_working": true,
                    "name": "D'Iberville",
                    "rect": [
                        345,
                        113,
                        49,
                        10
                    ],
                    "text_id": 66,
                    "uid": 68
                },
                {
                    "coord": [
                        358,
                        92
                    ],
                    "is_working": true,
                    "name": "Saint-Michel",
                    "rect": [
                        368,
                        87,
                        88,
                        15
                    ],
                    "text_id": 67,
                    "uid": 69
                }
            ],
            "text_id": 68
        },
        {
            "labels_bg_color": "-1",
            "labels_color": "fd9e02",
            "line_color": "fdd925",
            "line_width": 15,
            "name": "4 YELLOW BERRI-UQAM - LONGUEUIL",
            "segments": [
                [
                    70,
                    71,
                    [
                        [
                            463.0,
                            310.0
                        ],
                        [
                            459.72,
                            310.79
                        ],
                        [
                            456.62,
                            311.28
                        ],
                        [
                            453.72,
                            311.47
                        ],
                        [
                            451.0,
                            311.38
                        ],
                        [
                            448.43,
                            311.06
                        ],
                        [
                            446.05,
                            310.43
                        ],
                        [
                            443.89,
                            309.46
                        ],
                        [
                            442.0,
                            308.0
                        ],
                        [
                            440.52,
                            305.8
                        ],
                        [
                            439.29,
                            303.2
                        ],
                        [
                            438.19,
                            300.4
                        ],
                        [
                            437.19,
                            297.5
                        ],
                        [
                            436.22,
                            294.6
                        ],
                        [
                            435.24,
                            291.8
                        ],
                        [
                            434.2,
                            289.2
                        ],
                        [
                            433.0,
                            287.0
                        ],
                        [
                            431.47,
                            285.54
                        ],
                        [
                            429.73,
                            284.57
                        ],
                        [
                            427.86,
                            283.94
                        ],
                        [
                            425.88,
                            283.62
                        ],
                        [
                            423.82,
                            283.53
                        ],
                        [
                            421.66,
                            283.72
                        ],
                        [
                            419.38,
                            284.21
                        ],
                        [
                            417.0,
                            285.0
                        ]
                    ],
                    true
                ],
                [
                    71,
                    72,
                    [
                        [
                            511.0,
                            290.0
                        ],
                        [
                            507.3,
                            292.66
                        ],
                        [
                            503.69,
                            295.12
                        ],
                        [
                            500.17,
                            297.41
                        ],
                        [
                            496.75,
                            299.5
                        ],
                        [
                            493.42,
                            301.41
                        ],
                        [
                            490.19,
                            303.12
                        ],
                        [
                            487.05,
                            304.66
                        ],
                        [
                            484.0,
                            306.0
                        ],
                        [
                            481.05,
                            307.16
                        ],
                        [
                            478.19,
                            308.12
                        ],
                        [
                            475.42,
                            308.91
                        ],
                        [
                            472.75,
                            309.5
                        ],
                        [
                            470.17,
                            309.91
                        ],
                        [
                            467.69,
                            310.12
                        ],
                        [
                            465.3,
                            310.16
                        ],
                        [
                            463.0,
                            310.0
                        ]
                    ],
                    true
                ]
            ],
            "stations": [
                {
                    "coord": [
                        417,
                        285
                    ],
                    "is_working": true,
                    "name": "Berri-UQAM",
                    "rect": [
                        427,
                        274,
                        83,
                        13
                    ],
                    "text_id": 14,
                    "uid": 70
                },
                {
                    "coord": [
                        463,
                        310
                    ],
                    "is_working": true,
                    "name": "Jean-Drapeau",
                    "rect": [
                        455,
                        320,
                        61,
                        10
                    ],
                    "text_id": 69,
                    "uid": 71
                },
                {
                    "coord": [
                        511,
                        290
                    ],
                    "is_working": true,
                    "name": "Longueuil",
                    "rect": [
                        520,
                        284,
                        53,
                        16
                    ],
                    "text_id": 70,
                    "uid": 72
                }
            ],
            "text_id": 71
        }
    ],
    "lines_width": 15,
    "name": "metro",
    "name_text_id": 72,
    "stations_diameter": 14.0,
    "transfers": [
        [
            7,
            37,
            [
                257,
                450
            ],
            [
                239,
                450
            ]
        ],
        [
            14,
            44,
            [
                405,
                276
            ],
            [
                402,
                290
            ]
        ],
        [
            14,
            70,
            [
                405,
                276
            ],
            [
                417,
                285
            ]
        ],
        [
            44,
            70,
            [
                402,
                290
            ],
            [
                417,
                285
            ]
        ],
        [
            33,
            58,
            [
                166,
                360
            ],
            [
                166,
                340
            ]
        ],
        [
            50,
            66,
            [
                284,
                136
            ],
            [
                300,
                136
            ]
        ]
    ],
    "transports": [
        "metro"
    ],
    "type_name": "ROOT",
    "type_text_id": 73,
    "upper_case": false,
    "width": 712,
    "word_wrap": false
}