{
    "0": "Clareview",
    "1": "Belvedere",
    "2": "Coliseum",
    "3": "Stadium",
    "4": "Churchill",
    "5": "Central",
    "6": "Bay",
    "7": "Corona",
    "8": "Grandin",
    "9": "University",
    "10": "Healt Sciences",
    "11": "McKernan",
    "12": "South Campus",
    "13": "Southgate",
    "14": "Century Park",
    "15": "Capital Line",
    "16": "NAIT",
    "17": "Kingsway",
    "18": "MacEwan",
    "19": "Metro Line",
    "20": "Трамвай",
    "21": "ROOT",
    "22": "Схема от 17.11.2015г.\nАвтор: Варламов Дмитрий (www.chpeks.com)",
    "23": "Imported from http://pmetro.su"
}