{
    "default_transports": [
        "metro"
    ],
    "height": 956,
    "images": [
        "res/schemes/santiago.svg"
    ],
    "is_vector": true,
    "lines": [
        {
            "labels_bg_color": "-1",
            "labels_color": "000000",
            "line_color": "DD0000",
            "line_width": 10,
            "name": "L1",
            "segments": [
                [
                    0,
                    1,
                    [
                        [
                            163,
                            308
                        ],
                        [
                            163,
                            287
                        ]
                    ],
                    true
                ],
                [
                    1,
                    2,
                    [
                        [
                            192,
                            337
                        ],
                        [
                            163,
                            308
                        ]
                    ],
                    true
                ],
                [
                    2,
                    3,
                    [
                        [
                            213,
                            337
                        ],
                        [
                            192,
                            337
                        ]
                    ],
                    true
                ],
                [
                    3,
                    4,
                    [
                        [
                            233,
                            337
                        ],
                        [
                            213,
                            337
                        ]
                    ],
                    true
                ],
                [
                    4,
                    5,
                    [
                        [
                            254,
                            337
                        ],
                        [
                            233,
                            337
                        ]
                    ],
                    true
                ],
                [
                    5,
                    6,
                    [
                        [
                            275,
                            337
                        ],
                        [
                            254,
                            337
                        ]
                    ],
                    true
                ],
                [
                    6,
                    7,
                    [
                        [
                            296,
                            337
                        ],
                        [
                            275,
                            337
                        ]
                    ],
                    true
                ],
                [
                    7,
                    8,
                    [
                        [
                            316,
                            337
                        ],
                        [
                            296,
                            337
                        ]
                    ],
                    true
                ],
                [
                    8,
                    9,
                    [
                        [
                            335,
                            337
                        ],
                        [
                            316,
                            337
                        ]
                    ],
                    true
                ],
                [
                    9,
                    10,
                    [
                        [
                            354,
                            337
                        ],
                        [
                            335,
                            337
                        ]
                    ],
                    true
                ],
                [
                    10,
                    11,
                    [
                        [
                            424,
                            337
                        ],
                        [
                            354,
                            337
                        ]
                    ],
                    true
                ],
                [
                    11,
                    12,
                    [
                        [
                            447,
                            337
                        ],
                        [
                            424,
                            337
                        ]
                    ],
                    true
                ],
                [
                    12,
                    13,
                    [
                        [
                            470,
                            337
                        ],
                        [
                            447,
                            337
                        ]
                    ],
                    true
                ],
                [
                    13,
                    14,
                    [
                        [
                            492,
                            337
                        ],
                        [
                            470,
                            337
                        ]
                    ],
                    true
                ],
                [
                    14,
                    15,
                    [
                        [
                            527,
                            337
                        ],
                        [
                            492,
                            337
                        ]
                    ],
                    true
                ],
                [
                    15,
                    16,
                    [
                        [
                            569,
                            296
                        ],
                        [
                            527,
                            337
                        ]
                    ],
                    true
                ],
                [
                    16,
                    17,
                    [
                        [
                            591,
                            296
                        ],
                        [
                            569,
                            296
                        ]
                    ],
                    true
                ],
                [
                    17,
                    18,
                    [
                        [
                            612,
                            296
                        ],
                        [
                            591,
                            296
                        ]
                    ],
                    true
                ],
                [
                    18,
                    19,
                    [
                        [
                            634,
                            296
                        ],
                        [
                            612,
                            296
                        ]
                    ],
                    true
                ],
                [
                    19,
                    20,
                    [
                        [
                            657,
                            296
                        ],
                        [
                            634,
                            296
                        ]
                    ],
                    true
                ],
                [
                    20,
                    21,
                    [
                        [
                            692,
                            296
                        ],
                        [
                            657,
                            296
                        ]
                    ],
                    true
                ],
                [
                    21,
                    22,
                    [
                        [
                            714,
                            296
                        ],
                        [
                            692,
                            296
                        ]
                    ],
                    true
                ],
                [
                    22,
                    23,
                    [
                        [
                            740,
                            296
                        ],
                        [
                            714,
                            296
                        ]
                    ],
                    true
                ],
                [
                    23,
                    24,
                    [
                        [
                            767,
                            296
                        ],
                        [
                            740,
                            296
                        ]
                    ],
                    true
                ],
                [
                    24,
                    25,
                    [
                        [
                            791,
                            296
                        ],
                        [
                            767,
                            296
                        ]
                    ],
                    true
                ],
                [
                    25,
                    26,
                    [
                        [
                            817,
                            296
                        ],
                        [
                            791,
                            296
                        ]
                    ],
                    true
                ]
            ],
            "stations": [
                {
                    "coord": [
                        163,
                        287
                    ],
                    "is_working": true,
                    "name": "San Pablo",
                    "rect": [
                        155,
                        195,
                        15,
                        65
                    ],
                    "text_id": 0,
                    "uid": 0
                },
                {
                    "coord": [
                        163,
                        308
                    ],
                    "is_working": true,
                    "name": "Neptuno",
                    "rect": [
                        156,
                        321,
                        15,
                        54
                    ],
                    "text_id": 1,
                    "uid": 1
                },
                {
                    "coord": [
                        192,
                        337
                    ],
                    "is_working": true,
                    "name": "Pajaritos",
                    "rect": [
                        184,
                        349,
                        15,
                        63
                    ],
                    "text_id": 2,
                    "uid": 2
                },
                {
                    "coord": [
                        213,
                        337
                    ],
                    "is_working": true,
                    "name": "Las Rejas",
                    "rect": [
                        206,
                        349,
                        15,
                        62
                    ],
                    "text_id": 3,
                    "uid": 3
                },
                {
                    "coord": [
                        233,
                        337
                    ],
                    "is_working": true,
                    "name": "Ecuador",
                    "rect": [
                        226,
                        349,
                        15,
                        57
                    ],
                    "text_id": 4,
                    "uid": 4
                },
                {
                    "coord": [
                        254,
                        337
                    ],
                    "is_working": true,
                    "name": "San Alberto Hurtado",
                    "rect": [
                        247,
                        349,
                        15,
                        136
                    ],
                    "text_id": 5,
                    "uid": 5
                },
                {
                    "coord": [
                        275,
                        337
                    ],
                    "is_working": true,
                    "name": "U. de Santiago",
                    "rect": [
                        268,
                        349,
                        15,
                        90
                    ],
                    "text_id": 6,
                    "uid": 6
                },
                {
                    "coord": [
                        296,
                        337
                    ],
                    "is_working": true,
                    "name": "Estacion Central",
                    "rect": [
                        289,
                        349,
                        15,
                        111
                    ],
                    "text_id": 7,
                    "uid": 7
                },
                {
                    "coord": [
                        316,
                        337
                    ],
                    "is_working": true,
                    "name": "Union Latino - Americana",
                    "rect": [
                        309,
                        349,
                        15,
                        155
                    ],
                    "text_id": 8,
                    "uid": 8
                },
                {
                    "coord": [
                        335,
                        337
                    ],
                    "is_working": true,
                    "name": "Republica",
                    "rect": [
                        328,
                        349,
                        15,
                        65
                    ],
                    "text_id": 9,
                    "uid": 9
                },
                {
                    "coord": [
                        354,
                        337
                    ],
                    "is_working": true,
                    "name": "Los Heroes",
                    "rect": [
                        376,
                        311,
                        71,
                        15
                    ],
                    "text_id": 10,
                    "uid": 10
                },
                {
                    "coord": [
                        424,
                        337
                    ],
                    "is_working": true,
                    "name": "La Moneda",
                    "rect": [
                        417,
                        348,
                        15,
                        67
                    ],
                    "text_id": 11,
                    "uid": 11
                },
                {
                    "coord": [
                        447,
                        337
                    ],
                    "is_working": true,
                    "name": "U. de Chile",
                    "rect": [
                        440,
                        348,
                        15,
                        66
                    ],
                    "text_id": 12,
                    "uid": 12
                },
                {
                    "coord": [
                        470,
                        337
                    ],
                    "is_working": true,
                    "name": "Santa Lucia",
                    "rect": [
                        463,
                        348,
                        15,
                        75
                    ],
                    "text_id": 13,
                    "uid": 13
                },
                {
                    "coord": [
                        492,
                        337
                    ],
                    "is_working": true,
                    "name": "U. Catolica",
                    "rect": [
                        485,
                        348,
                        15,
                        71
                    ],
                    "text_id": 14,
                    "uid": 14
                },
                {
                    "coord": [
                        527,
                        337
                    ],
                    "is_working": true,
                    "name": "Baquedano",
                    "rect": [
                        541,
                        334,
                        73,
                        15
                    ],
                    "text_id": 15,
                    "uid": 15
                },
                {
                    "coord": [
                        569,
                        296
                    ],
                    "is_working": true,
                    "name": "Salvador",
                    "rect": [
                        561,
                        224,
                        15,
                        62
                    ],
                    "text_id": 16,
                    "uid": 16
                },
                {
                    "coord": [
                        591,
                        296
                    ],
                    "is_working": true,
                    "name": "Manuel Montt",
                    "rect": [
                        583,
                        198,
                        15,
                        88
                    ],
                    "text_id": 17,
                    "uid": 17
                },
                {
                    "coord": [
                        612,
                        296
                    ],
                    "is_working": true,
                    "name": "Pedro de Valdivia",
                    "rect": [
                        604,
                        175,
                        15,
                        111
                    ],
                    "text_id": 18,
                    "uid": 18
                },
                {
                    "coord": [
                        634,
                        296
                    ],
                    "is_working": true,
                    "name": "Los Leones",
                    "rect": [
                        626,
                        217,
                        15,
                        69
                    ],
                    "text_id": 19,
                    "uid": 19
                },
                {
                    "coord": [
                        657,
                        296
                    ],
                    "is_working": true,
                    "name": "Tobalaba",
                    "rect": [
                        656,
                        221,
                        15,
                        62
                    ],
                    "text_id": 20,
                    "uid": 20
                },
                {
                    "coord": [
                        692,
                        296
                    ],
                    "is_working": true,
                    "name": "El Golf",
                    "rect": [
                        685,
                        240,
                        15,
                        46
                    ],
                    "text_id": 21,
                    "uid": 21
                },
                {
                    "coord": [
                        714,
                        296
                    ],
                    "is_working": true,
                    "name": "Alcantara",
                    "rect": [
                        706,
                        216,
                        15,
                        70
                    ],
                    "text_id": 22,
                    "uid": 22
                },
                {
                    "coord": [
                        740,
                        296
                    ],
                    "is_working": true,
                    "name": "Escuela Militar",
                    "rect": [
                        733,
                        187,
                        15,
                        99
                    ],
                    "text_id": 23,
                    "uid": 23
                },
                {
                    "coord": [
                        767,
                        296
                    ],
                    "is_working": true,
                    "name": "Manquehue",
                    "rect": [
                        759,
                        213,
                        15,
                        73
                    ],
                    "text_id": 24,
                    "uid": 24
                },
                {
                    "coord": [
                        791,
                        296
                    ],
                    "is_working": true,
                    "name": "Hernando de Magallanes",
                    "rect": [
                        783,
                        125,
                        15,
                        161
                    ],
                    "text_id": 25,
                    "uid": 25
                },
                {
                    "coord": [
                        817,
                        296
                    ],
                    "is_working": true,
                    "name": "Los Dominicos",
                    "rect": [
                        809,
                        198,
                        15,
                        88
                    ],
                    "text_id": 26,
                    "uid": 26
                }
            ],
            "text_id": 27
        },
        {
            "labels_bg_color": "-1",
            "labels_color": "000000",
            "line_color": "FFCC00",
            "line_width": 10,
            "name": "L2",
            "segments": [
                [
                    27,
                    28,
                    [
                        [
                            402,
                            677
                        ],
                        [
                            402,
                            704
                        ]
                    ],
                    true
                ],
                [
                    28,
                    29,
                    [
                        [
                            402,
                            655
                        ],
                        [
                            402,
                            677
                        ]
                    ],
                    true
                ],
                [
                    29,
                    30,
                    [
                        [
                            402,
                            631
                        ],
                        [
                            402,
                            655
                        ]
                    ],
                    true
                ],
                [
                    30,
                    31,
                    [
                        [
                            402,
                            609
                        ],
                        [
                            402,
                            631
                        ]
                    ],
                    true
                ],
                [
                    31,
                    32,
                    [
                        [
                            402,
                            588
                        ],
                        [
                            402,
                            609
                        ]
                    ],
                    true
                ],
                [
                    32,
                    33,
                    [
                        [
                            402,
                            566
                        ],
                        [
                            402,
                            588
                        ]
                    ],
                    true
                ],
                [
                    33,
                    34,
                    [
                        [
                            402,
                            544
                        ],
                        [
                            402,
                            566
                        ]
                    ],
                    true
                ],
                [
                    34,
                    35,
                    [
                        [
                            402,
                            523
                        ],
                        [
                            402,
                            544
                        ]
                    ],
                    true
                ],
                [
                    35,
                    36,
                    [
                        [
                            367,
                            488
                        ],
                        [
                            402,
                            523
                        ]
                    ],
                    true
                ],
                [
                    36,
                    37,
                    [
                        [
                            367,
                            462
                        ],
                        [
                            367,
                            488
                        ]
                    ],
                    true
                ],
                [
                    37,
                    38,
                    [
                        [
                            367,
                            436
                        ],
                        [
                            367,
                            462
                        ]
                    ],
                    true
                ],
                [
                    38,
                    39,
                    [
                        [
                            367,
                            337
                        ],
                        [
                            367,
                            436
                        ]
                    ],
                    true
                ],
                [
                    39,
                    40,
                    [
                        [
                            367,
                            274
                        ],
                        [
                            367,
                            337
                        ]
                    ],
                    true
                ],
                [
                    40,
                    41,
                    [
                        [
                            419,
                            201
                        ],
                        [
                            387.0,
                            201.0
                        ],
                        [
                            367.0,
                            221.0
                        ],
                        [
                            367,
                            274
                        ]
                    ],
                    true
                ],
                [
                    41,
                    42,
                    [
                        [
                            452,
                            168
                        ],
                        [
                            419,
                            201
                        ]
                    ],
                    true
                ],
                [
                    42,
                    43,
                    [
                        [
                            452,
                            145
                        ],
                        [
                            452,
                            168
                        ]
                    ],
                    true
                ],
                [
                    43,
                    44,
                    [
                        [
                            452,
                            124
                        ],
                        [
                            452,
                            145
                        ]
                    ],
                    true
                ],
                [
                    44,
                    45,
                    [
                        [
                            452,
                            102
                        ],
                        [
                            452,
                            124
                        ]
                    ],
                    true
                ],
                [
                    45,
                    46,
                    [
                        [
                            452,
                            81
                        ],
                        [
                            452,
                            102
                        ]
                    ],
                    true
                ],
                [
                    46,
                    47,
                    [
                        [
                            452,
                            60
                        ],
                        [
                            452,
                            81
                        ]
                    ],
                    true
                ],
                [
                    47,
                    48,
                    [
                        [
                            452,
                            39
                        ],
                        [
                            452,
                            60
                        ]
                    ],
                    true
                ]
            ],
            "stations": [
                {
                    "coord": [
                        402,
                        704
                    ],
                    "is_working": true,
                    "name": "La Cisterna",
                    "rect": [
                        317,
                        696,
                        74,
                        15
                    ],
                    "text_id": 28,
                    "uid": 27
                },
                {
                    "coord": [
                        402,
                        677
                    ],
                    "is_working": true,
                    "name": "El Parron",
                    "rect": [
                        326,
                        670,
                        65,
                        15
                    ],
                    "text_id": 29,
                    "uid": 28
                },
                {
                    "coord": [
                        402,
                        655
                    ],
                    "is_working": true,
                    "name": "Lo Ovalle",
                    "rect": [
                        330,
                        647,
                        61,
                        15
                    ],
                    "text_id": 30,
                    "uid": 29
                },
                {
                    "coord": [
                        402,
                        631
                    ],
                    "is_working": true,
                    "name": "Cuidad del Nino",
                    "rect": [
                        292,
                        624,
                        99,
                        15
                    ],
                    "text_id": 31,
                    "uid": 30
                },
                {
                    "coord": [
                        402,
                        609
                    ],
                    "is_working": true,
                    "name": "Departamental",
                    "rect": [
                        293,
                        602,
                        98,
                        15
                    ],
                    "text_id": 32,
                    "uid": 31
                },
                {
                    "coord": [
                        402,
                        588
                    ],
                    "is_working": true,
                    "name": "Lo Vial",
                    "rect": [
                        413,
                        582,
                        43,
                        15
                    ],
                    "text_id": 33,
                    "uid": 32
                },
                {
                    "coord": [
                        402,
                        566
                    ],
                    "is_working": true,
                    "name": "San Miguel",
                    "rect": [
                        413,
                        560,
                        69,
                        15
                    ],
                    "text_id": 34,
                    "uid": 33
                },
                {
                    "coord": [
                        402,
                        544
                    ],
                    "is_working": true,
                    "name": "El Llano",
                    "rect": [
                        413,
                        537,
                        54,
                        15
                    ],
                    "text_id": 35,
                    "uid": 34
                },
                {
                    "coord": [
                        402,
                        523
                    ],
                    "is_working": true,
                    "name": "Franklin",
                    "rect": [
                        413,
                        515,
                        57,
                        15
                    ],
                    "text_id": 36,
                    "uid": 35
                },
                {
                    "coord": [
                        367,
                        488
                    ],
                    "is_working": true,
                    "name": "Rondizzoni Famae",
                    "rect": [
                        379,
                        478,
                        109,
                        15
                    ],
                    "text_id": 37,
                    "uid": 36
                },
                {
                    "coord": [
                        367,
                        462
                    ],
                    "is_working": true,
                    "name": "Parque O'Higgins",
                    "rect": [
                        379,
                        455,
                        106,
                        15
                    ],
                    "text_id": 38,
                    "uid": 37
                },
                {
                    "coord": [
                        367,
                        436
                    ],
                    "is_working": true,
                    "name": "Toesca",
                    "rect": [
                        379,
                        429,
                        46,
                        15
                    ],
                    "text_id": 39,
                    "uid": 38
                },
                {
                    "coord": [
                        367,
                        337
                    ],
                    "is_working": true,
                    "name": "Los Heroes",
                    "rect": [
                        376,
                        311,
                        71,
                        15
                    ],
                    "text_id": 10,
                    "uid": 39
                },
                {
                    "coord": [
                        367,
                        274
                    ],
                    "is_working": true,
                    "name": "Santa Ana",
                    "rect": [
                        344,
                        194,
                        15,
                        66
                    ],
                    "text_id": 40,
                    "uid": 40
                },
                {
                    "coord": [
                        419,
                        201
                    ],
                    "is_working": true,
                    "name": "Cal y Canto",
                    "rect": [
                        391,
                        211,
                        75,
                        15
                    ],
                    "text_id": 41,
                    "uid": 41
                },
                {
                    "coord": [
                        452,
                        168
                    ],
                    "is_working": true,
                    "name": "Patronato",
                    "rect": [
                        373,
                        157,
                        69,
                        15
                    ],
                    "text_id": 42,
                    "uid": 42
                },
                {
                    "coord": [
                        452,
                        145
                    ],
                    "is_working": true,
                    "name": "Cerro Blanco",
                    "rect": [
                        352,
                        137,
                        90,
                        15
                    ],
                    "text_id": 43,
                    "uid": 43
                },
                {
                    "coord": [
                        452,
                        124
                    ],
                    "is_working": true,
                    "name": "Cementerios",
                    "rect": [
                        362,
                        117,
                        80,
                        15
                    ],
                    "text_id": 44,
                    "uid": 44
                },
                {
                    "coord": [
                        452,
                        102
                    ],
                    "is_working": true,
                    "name": "Einstein",
                    "rect": [
                        391,
                        96,
                        51,
                        15
                    ],
                    "text_id": 45,
                    "uid": 45
                },
                {
                    "coord": [
                        452,
                        81
                    ],
                    "is_working": true,
                    "name": "Dorsal",
                    "rect": [
                        395,
                        75,
                        47,
                        15
                    ],
                    "text_id": 46,
                    "uid": 46
                },
                {
                    "coord": [
                        452,
                        60
                    ],
                    "is_working": true,
                    "name": "Zapadores",
                    "rect": [
                        373,
                        53,
                        69,
                        15
                    ],
                    "text_id": 47,
                    "uid": 47
                },
                {
                    "coord": [
                        452,
                        39
                    ],
                    "is_working": true,
                    "name": "Vespucio Norte",
                    "rect": [
                        345,
                        32,
                        97,
                        15
                    ],
                    "text_id": 48,
                    "uid": 48
                }
            ],
            "text_id": 49
        },
        {
            "labels_bg_color": "-1",
            "labels_color": "000000",
            "line_color": "019160",
            "line_width": 10,
            "name": "L5",
            "segments": [
                [
                    49,
                    50,
                    [
                        [
                            135,
                            593
                        ],
                        [
                            135,
                            653
                        ]
                    ],
                    true
                ],
                [
                    50,
                    51,
                    [
                        [
                            135,
                            538
                        ],
                        [
                            135,
                            593
                        ]
                    ],
                    true
                ],
                [
                    51,
                    52,
                    [
                        [
                            135,
                            482
                        ],
                        [
                            135,
                            538
                        ]
                    ],
                    true
                ],
                [
                    52,
                    53,
                    [
                        [
                            135,
                            422
                        ],
                        [
                            135,
                            482
                        ]
                    ],
                    true
                ],
                [
                    53,
                    54,
                    [
                        [
                            135,
                            370
                        ],
                        [
                            135,
                            422
                        ]
                    ],
                    true
                ],
                [
                    54,
                    55,
                    [
                        [
                            135,
                            316
                        ],
                        [
                            135,
                            370
                        ]
                    ],
                    true
                ],
                [
                    55,
                    56,
                    [
                        [
                            135,
                            274
                        ],
                        [
                            135,
                            316
                        ]
                    ],
                    true
                ],
                [
                    56,
                    57,
                    [
                        [
                            163,
                            274
                        ],
                        [
                            135,
                            274
                        ]
                    ],
                    true
                ],
                [
                    57,
                    58,
                    [
                        [
                            196,
                            274
                        ],
                        [
                            163,
                            274
                        ]
                    ],
                    true
                ],
                [
                    58,
                    59,
                    [
                        [
                            231,
                            274
                        ],
                        [
                            196,
                            274
                        ]
                    ],
                    true
                ],
                [
                    59,
                    60,
                    [
                        [
                            264,
                            274
                        ],
                        [
                            231,
                            274
                        ]
                    ],
                    true
                ],
                [
                    60,
                    61,
                    [
                        [
                            296,
                            274
                        ],
                        [
                            264,
                            274
                        ]
                    ],
                    true
                ],
                [
                    61,
                    62,
                    [
                        [
                            331,
                            274
                        ],
                        [
                            296,
                            274
                        ]
                    ],
                    true
                ],
                [
                    62,
                    63,
                    [
                        [
                            354,
                            274
                        ],
                        [
                            331,
                            274
                        ]
                    ],
                    true
                ],
                [
                    63,
                    64,
                    [
                        [
                            412,
                            274
                        ],
                        [
                            354,
                            274
                        ]
                    ],
                    true
                ],
                [
                    64,
                    65,
                    [
                        [
                            456,
                            274
                        ],
                        [
                            412,
                            274
                        ]
                    ],
                    true
                ],
                [
                    65,
                    66,
                    [
                        [
                            514,
                            337
                        ],
                        [
                            506.0,
                            324.0
                        ],
                        [
                            456,
                            274
                        ]
                    ],
                    true
                ],
                [
                    66,
                    67,
                    [
                        [
                            520,
                            371
                        ],
                        [
                            520.0,
                            348.0
                        ],
                        [
                            514,
                            337
                        ]
                    ],
                    true
                ],
                [
                    67,
                    68,
                    [
                        [
                            535,
                            405
                        ],
                        [
                            520.0,
                            390.0
                        ],
                        [
                            520,
                            371
                        ]
                    ],
                    true
                ],
                [
                    68,
                    69,
                    [
                        [
                            552,
                            422
                        ],
                        [
                            535,
                            405
                        ]
                    ],
                    true
                ],
                [
                    69,
                    70,
                    [
                        [
                            569,
                            439
                        ],
                        [
                            552,
                            422
                        ]
                    ],
                    true
                ],
                [
                    70,
                    71,
                    [
                        [
                            585,
                            455
                        ],
                        [
                            569,
                            439
                        ]
                    ],
                    true
                ],
                [
                    71,
                    72,
                    [
                        [
                            602,
                            472
                        ],
                        [
                            585,
                            455
                        ]
                    ],
                    true
                ],
                [
                    72,
                    73,
                    [
                        [
                            619,
                            489
                        ],
                        [
                            602,
                            472
                        ]
                    ],
                    true
                ],
                [
                    73,
                    74,
                    [
                        [
                            636,
                            506
                        ],
                        [
                            619,
                            489
                        ]
                    ],
                    true
                ],
                [
                    74,
                    75,
                    [
                        [
                            651,
                            521
                        ],
                        [
                            636,
                            506
                        ]
                    ],
                    true
                ],
                [
                    75,
                    76,
                    [
                        [
                            667,
                            537
                        ],
                        [
                            651,
                            521
                        ]
                    ],
                    true
                ],
                [
                    76,
                    77,
                    [
                        [
                            682,
                            552
                        ],
                        [
                            667,
                            537
                        ]
                    ],
                    true
                ],
                [
                    77,
                    78,
                    [
                        [
                            727,
                            613
                        ],
                        [
                            727.0,
                            597.0
                        ],
                        [
                            682,
                            552
                        ]
                    ],
                    true
                ]
            ],
            "stations": [
                {
                    "coord": [
                        135,
                        653
                    ],
                    "is_working": true,
                    "name": "Plaza de Maipu",
                    "rect": [
                        31,
                        645,
                        93,
                        15
                    ],
                    "text_id": 50,
                    "uid": 49
                },
                {
                    "coord": [
                        135,
                        593
                    ],
                    "is_working": true,
                    "name": "Santiago Bueras",
                    "rect": [
                        17,
                        587,
                        107,
                        15
                    ],
                    "text_id": 51,
                    "uid": 50
                },
                {
                    "coord": [
                        135,
                        538
                    ],
                    "is_working": true,
                    "name": "Del Sol",
                    "rect": [
                        77,
                        531,
                        47,
                        15
                    ],
                    "text_id": 52,
                    "uid": 51
                },
                {
                    "coord": [
                        135,
                        482
                    ],
                    "is_working": true,
                    "name": "Monte Tabor",
                    "rect": [
                        43,
                        476,
                        81,
                        15
                    ],
                    "text_id": 53,
                    "uid": 52
                },
                {
                    "coord": [
                        135,
                        422
                    ],
                    "is_working": true,
                    "name": "Las Parcelas",
                    "rect": [
                        39,
                        416,
                        85,
                        15
                    ],
                    "text_id": 54,
                    "uid": 53
                },
                {
                    "coord": [
                        135,
                        370
                    ],
                    "is_working": true,
                    "name": "Laguna Sur",
                    "rect": [
                        50,
                        364,
                        74,
                        15
                    ],
                    "text_id": 55,
                    "uid": 54
                },
                {
                    "coord": [
                        135,
                        316
                    ],
                    "is_working": true,
                    "name": "Barrancas",
                    "rect": [
                        51,
                        310,
                        73,
                        15
                    ],
                    "text_id": 56,
                    "uid": 55
                },
                {
                    "coord": [
                        135,
                        274
                    ],
                    "is_working": true,
                    "name": "Pudahuel",
                    "rect": [
                        62,
                        266,
                        62,
                        15
                    ],
                    "text_id": 57,
                    "uid": 56
                },
                {
                    "coord": [
                        163,
                        274
                    ],
                    "is_working": true,
                    "name": "San Pablo",
                    "rect": [
                        155,
                        195,
                        15,
                        65
                    ],
                    "text_id": 0,
                    "uid": 57
                },
                {
                    "coord": [
                        196,
                        274
                    ],
                    "is_working": true,
                    "name": "Lo Prado",
                    "rect": [
                        189,
                        205,
                        15,
                        58
                    ],
                    "text_id": 58,
                    "uid": 58
                },
                {
                    "coord": [
                        231,
                        274
                    ],
                    "is_working": true,
                    "name": "Blanqueado",
                    "rect": [
                        223,
                        184,
                        15,
                        79
                    ],
                    "text_id": 59,
                    "uid": 59
                },
                {
                    "coord": [
                        264,
                        274
                    ],
                    "is_working": true,
                    "name": "Gruta de Lourdes",
                    "rect": [
                        256,
                        150,
                        15,
                        113
                    ],
                    "text_id": 60,
                    "uid": 60
                },
                {
                    "coord": [
                        296,
                        274
                    ],
                    "is_working": true,
                    "name": "Quinta Normal",
                    "rect": [
                        288,
                        170,
                        15,
                        93
                    ],
                    "text_id": 61,
                    "uid": 61
                },
                {
                    "coord": [
                        331,
                        274
                    ],
                    "is_working": true,
                    "name": "Cumming",
                    "rect": [
                        323,
                        208,
                        15,
                        55
                    ],
                    "text_id": 62,
                    "uid": 62
                },
                {
                    "coord": [
                        354,
                        274
                    ],
                    "is_working": true,
                    "name": "Santa Ana",
                    "rect": [
                        344,
                        194,
                        15,
                        66
                    ],
                    "text_id": 40,
                    "uid": 63
                },
                {
                    "coord": [
                        412,
                        274
                    ],
                    "is_working": true,
                    "name": "Plaza de Armas",
                    "rect": [
                        393,
                        245,
                        98,
                        15
                    ],
                    "text_id": 63,
                    "uid": 64
                },
                {
                    "coord": [
                        456,
                        274
                    ],
                    "is_working": true,
                    "name": "Bellas Artes",
                    "rect": [
                        467,
                        266,
                        83,
                        15
                    ],
                    "text_id": 64,
                    "uid": 65
                },
                {
                    "coord": [
                        514,
                        337
                    ],
                    "is_working": true,
                    "name": "Baquedano",
                    "rect": [
                        541,
                        334,
                        73,
                        15
                    ],
                    "text_id": 15,
                    "uid": 66
                },
                {
                    "coord": [
                        520,
                        371
                    ],
                    "is_working": true,
                    "name": "P. Bustamante",
                    "rect": [
                        532,
                        363,
                        90,
                        15
                    ],
                    "text_id": 65,
                    "uid": 67
                },
                {
                    "coord": [
                        535,
                        405
                    ],
                    "is_working": true,
                    "name": "Sta Isabel",
                    "rect": [
                        547,
                        394,
                        65,
                        15
                    ],
                    "text_id": 66,
                    "uid": 68
                },
                {
                    "coord": [
                        552,
                        422
                    ],
                    "is_working": true,
                    "name": "Irarrazaval",
                    "rect": [
                        565,
                        410,
                        80,
                        15
                    ],
                    "text_id": 67,
                    "uid": 69
                },
                {
                    "coord": [
                        569,
                        439
                    ],
                    "is_working": true,
                    "name": "Nuble",
                    "rect": [
                        584,
                        428,
                        39,
                        15
                    ],
                    "text_id": 68,
                    "uid": 70
                },
                {
                    "coord": [
                        585,
                        455
                    ],
                    "is_working": true,
                    "name": "R. de Araya",
                    "rect": [
                        597,
                        444,
                        73,
                        15
                    ],
                    "text_id": 69,
                    "uid": 71
                },
                {
                    "coord": [
                        602,
                        472
                    ],
                    "is_working": true,
                    "name": "C. Valdovinos",
                    "rect": [
                        615,
                        460,
                        86,
                        15
                    ],
                    "text_id": 70,
                    "uid": 72
                },
                {
                    "coord": [
                        619,
                        489
                    ],
                    "is_working": true,
                    "name": "C. Agricola",
                    "rect": [
                        633,
                        478,
                        73,
                        15
                    ],
                    "text_id": 71,
                    "uid": 73
                },
                {
                    "coord": [
                        636,
                        506
                    ],
                    "is_working": true,
                    "name": "San Joaquin",
                    "rect": [
                        648,
                        496,
                        77,
                        15
                    ],
                    "text_id": 72,
                    "uid": 74
                },
                {
                    "coord": [
                        651,
                        521
                    ],
                    "is_working": true,
                    "name": "Pedrero",
                    "rect": [
                        583,
                        517,
                        55,
                        15
                    ],
                    "text_id": 73,
                    "uid": 75
                },
                {
                    "coord": [
                        667,
                        537
                    ],
                    "is_working": true,
                    "name": "Mirador",
                    "rect": [
                        601,
                        533,
                        54,
                        15
                    ],
                    "text_id": 74,
                    "uid": 76
                },
                {
                    "coord": [
                        682,
                        552
                    ],
                    "is_working": true,
                    "name": "Bellavista de la Florida",
                    "rect": [
                        518,
                        549,
                        153,
                        15
                    ],
                    "text_id": 75,
                    "uid": 77
                },
                {
                    "coord": [
                        727,
                        613
                    ],
                    "is_working": true,
                    "name": "Vicente Valdes",
                    "rect": [
                        755,
                        605,
                        94,
                        15
                    ],
                    "text_id": 76,
                    "uid": 78
                }
            ],
            "text_id": 77
        },
        {
            "labels_bg_color": "-1",
            "labels_color": "000000",
            "line_color": "34349C",
            "line_width": 10,
            "name": "L4",
            "segments": [
                [
                    79,
                    80,
                    [
                        [
                            686,
                            320
                        ],
                        [
                            671.0,
                            305.0
                        ],
                        [
                            670,
                            296
                        ]
                    ],
                    true
                ],
                [
                    80,
                    81,
                    [
                        [
                            701,
                            335
                        ],
                        [
                            686,
                            320
                        ]
                    ],
                    true
                ],
                [
                    81,
                    82,
                    [
                        [
                            716,
                            350
                        ],
                        [
                            701,
                            335
                        ]
                    ],
                    true
                ],
                [
                    82,
                    83,
                    [
                        [
                            732,
                            366
                        ],
                        [
                            716,
                            350
                        ]
                    ],
                    true
                ],
                [
                    83,
                    84,
                    [
                        [
                            740,
                            388
                        ],
                        [
                            740.0,
                            373.0
                        ],
                        [
                            732,
                            366
                        ]
                    ],
                    true
                ],
                [
                    84,
                    85,
                    [
                        [
                            740,
                            410
                        ],
                        [
                            740,
                            388
                        ]
                    ],
                    true
                ],
                [
                    85,
                    86,
                    [
                        [
                            740,
                            435
                        ],
                        [
                            740,
                            410
                        ]
                    ],
                    true
                ],
                [
                    86,
                    87,
                    [
                        [
                            740,
                            458
                        ],
                        [
                            740,
                            435
                        ]
                    ],
                    true
                ],
                [
                    87,
                    88,
                    [
                        [
                            740,
                            481
                        ],
                        [
                            740,
                            458
                        ]
                    ],
                    true
                ],
                [
                    88,
                    89,
                    [
                        [
                            740,
                            504
                        ],
                        [
                            740,
                            481
                        ]
                    ],
                    true
                ],
                [
                    89,
                    90,
                    [
                        [
                            740,
                            528
                        ],
                        [
                            740,
                            504
                        ]
                    ],
                    true
                ],
                [
                    90,
                    91,
                    [
                        [
                            740,
                            556
                        ],
                        [
                            740,
                            528
                        ]
                    ],
                    true
                ],
                [
                    91,
                    92,
                    [
                        [
                            740,
                            613
                        ],
                        [
                            740,
                            556
                        ]
                    ],
                    true
                ],
                [
                    92,
                    93,
                    [
                        [
                            740,
                            636
                        ],
                        [
                            740,
                            613
                        ]
                    ],
                    true
                ],
                [
                    93,
                    94,
                    [
                        [
                            740,
                            658
                        ],
                        [
                            740,
                            636
                        ]
                    ],
                    true
                ],
                [
                    94,
                    95,
                    [
                        [
                            740,
                            683
                        ],
                        [
                            740,
                            658
                        ]
                    ],
                    true
                ],
                [
                    95,
                    96,
                    [
                        [
                            740,
                            706
                        ],
                        [
                            740,
                            683
                        ]
                    ],
                    true
                ],
                [
                    96,
                    97,
                    [
                        [
                            740,
                            729
                        ],
                        [
                            740,
                            706
                        ]
                    ],
                    true
                ],
                [
                    97,
                    98,
                    [
                        [
                            740,
                            753
                        ],
                        [
                            740,
                            729
                        ]
                    ],
                    true
                ],
                [
                    98,
                    99,
                    [
                        [
                            740,
                            776
                        ],
                        [
                            740,
                            753
                        ]
                    ],
                    true
                ],
                [
                    99,
                    100,
                    [
                        [
                            740,
                            806
                        ],
                        [
                            740,
                            776
                        ]
                    ],
                    true
                ]
            ],
            "stations": [
                {
                    "coord": [
                        670,
                        296
                    ],
                    "is_working": true,
                    "name": "Tobalaba",
                    "rect": [
                        656,
                        221,
                        15,
                        62
                    ],
                    "text_id": 20,
                    "uid": 79
                },
                {
                    "coord": [
                        686,
                        320
                    ],
                    "is_working": true,
                    "name": "Cristobal Colon",
                    "rect": [
                        700,
                        312,
                        105,
                        15
                    ],
                    "text_id": 78,
                    "uid": 80
                },
                {
                    "coord": [
                        701,
                        335
                    ],
                    "is_working": true,
                    "name": "Francisco Bilbao",
                    "rect": [
                        714,
                        326,
                        110,
                        15
                    ],
                    "text_id": 79,
                    "uid": 81
                },
                {
                    "coord": [
                        716,
                        350
                    ],
                    "is_working": true,
                    "name": "Principe de Gales",
                    "rect": [
                        729,
                        340,
                        110,
                        15
                    ],
                    "text_id": 80,
                    "uid": 82
                },
                {
                    "coord": [
                        732,
                        366
                    ],
                    "is_working": true,
                    "name": "Simon Bolivar",
                    "rect": [
                        744,
                        359,
                        88,
                        15
                    ],
                    "text_id": 81,
                    "uid": 83
                },
                {
                    "coord": [
                        740,
                        388
                    ],
                    "is_working": true,
                    "name": "Plaza Egana",
                    "rect": [
                        753,
                        383,
                        79,
                        15
                    ],
                    "text_id": 82,
                    "uid": 84
                },
                {
                    "coord": [
                        740,
                        410
                    ],
                    "is_working": true,
                    "name": "Los Orientales",
                    "rect": [
                        753,
                        405,
                        94,
                        15
                    ],
                    "text_id": 83,
                    "uid": 85
                },
                {
                    "coord": [
                        740,
                        435
                    ],
                    "is_working": true,
                    "name": "Grecia",
                    "rect": [
                        753,
                        430,
                        44,
                        15
                    ],
                    "text_id": 84,
                    "uid": 86
                },
                {
                    "coord": [
                        740,
                        458
                    ],
                    "is_working": true,
                    "name": "Los Presidentes",
                    "rect": [
                        753,
                        453,
                        101,
                        15
                    ],
                    "text_id": 85,
                    "uid": 87
                },
                {
                    "coord": [
                        740,
                        481
                    ],
                    "is_working": true,
                    "name": "Quilin",
                    "rect": [
                        753,
                        477,
                        38,
                        15
                    ],
                    "text_id": 86,
                    "uid": 88
                },
                {
                    "coord": [
                        740,
                        504
                    ],
                    "is_working": true,
                    "name": "Las Torres",
                    "rect": [
                        753,
                        500,
                        70,
                        15
                    ],
                    "text_id": 87,
                    "uid": 89
                },
                {
                    "coord": [
                        740,
                        528
                    ],
                    "is_working": true,
                    "name": "Macul",
                    "rect": [
                        753,
                        523,
                        41,
                        15
                    ],
                    "text_id": 88,
                    "uid": 90
                },
                {
                    "coord": [
                        740,
                        556
                    ],
                    "is_working": true,
                    "name": "Vicuna Mackenna",
                    "rect": [
                        753,
                        549,
                        111,
                        15
                    ],
                    "text_id": 89,
                    "uid": 91
                },
                {
                    "coord": [
                        740,
                        613
                    ],
                    "is_working": true,
                    "name": "Vicente Valdes",
                    "rect": [
                        755,
                        605,
                        94,
                        15
                    ],
                    "text_id": 76,
                    "uid": 92
                },
                {
                    "coord": [
                        740,
                        636
                    ],
                    "is_working": true,
                    "name": "Rojas Magallanes",
                    "rect": [
                        753,
                        629,
                        117,
                        15
                    ],
                    "text_id": 90,
                    "uid": 93
                },
                {
                    "coord": [
                        740,
                        658
                    ],
                    "is_working": true,
                    "name": "Trinidad",
                    "rect": [
                        753,
                        651,
                        54,
                        15
                    ],
                    "text_id": 91,
                    "uid": 94
                },
                {
                    "coord": [
                        740,
                        683
                    ],
                    "is_working": true,
                    "name": "Los Quillayes",
                    "rect": [
                        753,
                        676,
                        86,
                        15
                    ],
                    "text_id": 92,
                    "uid": 95
                },
                {
                    "coord": [
                        740,
                        706
                    ],
                    "is_working": true,
                    "name": "Elisa Correa",
                    "rect": [
                        753,
                        699,
                        83,
                        15
                    ],
                    "text_id": 93,
                    "uid": 96
                },
                {
                    "coord": [
                        740,
                        729
                    ],
                    "is_working": true,
                    "name": "Hospital Sotero del Rio",
                    "rect": [
                        753,
                        722,
                        148,
                        15
                    ],
                    "text_id": 94,
                    "uid": 97
                },
                {
                    "coord": [
                        740,
                        753
                    ],
                    "is_working": true,
                    "name": "Protectora de la Infancia",
                    "rect": [
                        753,
                        746,
                        166,
                        15
                    ],
                    "text_id": 95,
                    "uid": 98
                },
                {
                    "coord": [
                        740,
                        776
                    ],
                    "is_working": true,
                    "name": "Las Mercedes",
                    "rect": [
                        753,
                        770,
                        87,
                        15
                    ],
                    "text_id": 96,
                    "uid": 99
                },
                {
                    "coord": [
                        740,
                        806
                    ],
                    "is_working": true,
                    "name": "Plaza de Puente Alto",
                    "rect": [
                        753,
                        799,
                        132,
                        15
                    ],
                    "text_id": 97,
                    "uid": 100
                }
            ],
            "text_id": 98
        },
        {
            "labels_bg_color": "-1",
            "labels_color": "000000",
            "line_color": "1884BD",
            "line_width": 10,
            "name": "L4A",
            "segments": [
                [
                    101,
                    102,
                    [
                        [
                            645,
                            637
                        ],
                        [
                            726,
                            556
                        ]
                    ],
                    true
                ],
                [
                    102,
                    103,
                    [
                        [
                            600,
                            682
                        ],
                        [
                            645,
                            637
                        ]
                    ],
                    true
                ],
                [
                    103,
                    104,
                    [
                        [
                            556,
                            704
                        ],
                        [
                            579.0,
                            704.0
                        ],
                        [
                            600,
                            682
                        ]
                    ],
                    true
                ],
                [
                    104,
                    105,
                    [
                        [
                            502,
                            704
                        ],
                        [
                            556,
                            704
                        ]
                    ],
                    true
                ],
                [
                    105,
                    106,
                    [
                        [
                            416,
                            704
                        ],
                        [
                            502,
                            704
                        ]
                    ],
                    true
                ]
            ],
            "stations": [
                {
                    "coord": [
                        726,
                        556
                    ],
                    "is_working": true,
                    "name": "Vicuna Mackenna",
                    "rect": [
                        753,
                        549,
                        111,
                        15
                    ],
                    "text_id": 89,
                    "uid": 101
                },
                {
                    "coord": [
                        645,
                        637
                    ],
                    "is_working": true,
                    "name": "Santa Julia",
                    "rect": [
                        561,
                        624,
                        73,
                        15
                    ],
                    "text_id": 99,
                    "uid": 102
                },
                {
                    "coord": [
                        600,
                        682
                    ],
                    "is_working": true,
                    "name": "La Granja",
                    "rect": [
                        525,
                        668,
                        65,
                        15
                    ],
                    "text_id": 100,
                    "uid": 103
                },
                {
                    "coord": [
                        556,
                        704
                    ],
                    "is_working": true,
                    "name": "Santa Rosa",
                    "rect": [
                        551,
                        715,
                        73,
                        15
                    ],
                    "text_id": 101,
                    "uid": 104
                },
                {
                    "coord": [
                        502,
                        704
                    ],
                    "is_working": true,
                    "name": "San Ramon",
                    "rect": [
                        468,
                        715,
                        69,
                        15
                    ],
                    "text_id": 102,
                    "uid": 105
                },
                {
                    "coord": [
                        416,
                        704
                    ],
                    "is_working": true,
                    "name": "La Cisterna",
                    "rect": [
                        375,
                        715,
                        74,
                        15
                    ],
                    "text_id": 28,
                    "uid": 106
                }
            ],
            "text_id": 103
        }
    ],
    "lines_width": 10,
    "name": "metro",
    "name_text_id": 104,
    "stations_diameter": 15.0,
    "transfers": [
        [
            10,
            39,
            [
                354,
                337
            ],
            [
                367,
                337
            ]
        ],
        [
            15,
            66,
            [
                527,
                337
            ],
            [
                514,
                337
            ]
        ],
        [
            40,
            63,
            [
                367,
                274
            ],
            [
                354,
                274
            ]
        ],
        [
            20,
            79,
            [
                657,
                296
            ],
            [
                670,
                296
            ]
        ],
        [
            78,
            92,
            [
                727,
                613
            ],
            [
                740,
                613
            ]
        ],
        [
            57,
            0,
            [
                163,
                274
            ],
            [
                163,
                287
            ]
        ],
        [
            27,
            106,
            [
                402,
                704
            ],
            [
                416,
                704
            ]
        ],
        [
            101,
            91,
            [
                726,
                556
            ],
            [
                740,
                556
            ]
        ]
    ],
    "transports": [
        "metro"
    ],
    "type_name": "ROOT",
    "type_text_id": 105,
    "upper_case": true,
    "width": 967,
    "word_wrap": false
}