{
    "0": "Gaoqiao West",
    "1": "Gaoqiao",
    "2": "Liangzhu",
    "3": "Lugang",
    "4": "Xujiacao Changle",
    "5": "Wangchun Bridge",
    "6": "Zemin",
    "7": "Daqing Bridge",
    "8": "Ximenkou",
    "9": "Gulou",
    "10": "Dongmenkou",
    "11": "Jiangxia Bridge East",
    "12": "Zhoumeng North Road",
    "13": "Sakura Park",
    "14": "Fuming Road",
    "15": "Shiji Avenue",
    "16": "Haiyan North Road",
    "17": "Fuqing North Road",
    "18": "Shengmo Road",
    "19": "Donghuan South Road",
    "20": "1",
    "21": "Lishe International Airport",
    "22": "Lishe",
    "23": "Yinzhou Avenue",
    "24": "Shiqi",
    "25": "Qingfangcheng",
    "26": "Ouchi",
    "27": "Coach Terminal",
    "28": "Liyuan South Road",
    "29": "Yunxia Road",
    "30": "Ningbo Railway Station",
    "31": "Chenghuangmiao",
    "32": "Waitan Bridge",
    "33": "Zhengda Road",
    "34": "Nijiayan",
    "35": "Yasaiyan",
    "36": "Datong Bridge",
    "37": "Kongpu",
    "38": "Lulin",
    "39": "Sanguantang",
    "40": "Ningbo University",
    "41": "Qingshuipu",
    "42": "2",
    "43": "Metro",
    "44": "ROOT",
    "45": "Shema ot 23.11.2015g.",
    "46": "Imported from http://pmetro.su"
}