{
    "default_transports": [
        "metro"
    ],
    "height": 525,
    "images": [
        "res/schemes/baku.svg"
    ],
    "is_vector": true,
    "lines": [
        {
            "labels_bg_color": "-1",
            "labels_color": "C34547",
            "line_color": "C34547",
            "line_width": 9,
            "name": "Красная",
            "segments": [
                [
                    0,
                    1,
                    [
                        [
                            217,
                            78
                        ],
                        [
                            275,
                            78
                        ]
                    ],
                    true
                ],
                [
                    1,
                    2,
                    [
                        [
                            169,
                            78
                        ],
                        [
                            217,
                            78
                        ]
                    ],
                    true
                ],
                [
                    2,
                    3,
                    [
                        [
                            112,
                            135
                        ],
                        [
                            169,
                            78
                        ]
                    ],
                    true
                ],
                [
                    3,
                    4,
                    [
                        [
                            112,
                            192
                        ],
                        [
                            112,
                            135
                        ]
                    ],
                    true
                ],
                [
                    4,
                    5,
                    [
                        [
                            112,
                            241
                        ],
                        [
                            112,
                            192
                        ]
                    ],
                    true
                ],
                [
                    5,
                    6,
                    [
                        [
                            112,
                            299
                        ],
                        [
                            112,
                            241
                        ]
                    ],
                    true
                ],
                [
                    6,
                    7,
                    [
                        [
                            168,
                            299
                        ],
                        [
                            112,
                            299
                        ]
                    ],
                    true
                ],
                [
                    7,
                    10,
                    [
                        [
                            226,
                            299
                        ],
                        [
                            168,
                            299
                        ]
                    ],
                    true
                ],
                [
                    8,
                    9,
                    [
                        [
                            184,
                            341
                        ],
                        [
                            150,
                            375
                        ]
                    ],
                    true
                ],
                [
                    9,
                    10,
                    [
                        [
                            226,
                            299
                        ],
                        [
                            184,
                            341
                        ]
                    ],
                    true
                ],
                [
                    10,
                    11,
                    [
                        [
                            272,
                            253
                        ],
                        [
                            226,
                            299
                        ]
                    ],
                    true
                ],
                [
                    11,
                    12,
                    [
                        [
                            317,
                            208
                        ],
                        [
                            272,
                            253
                        ]
                    ],
                    true
                ],
                [
                    12,
                    13,
                    [
                        [
                            371,
                            183
                        ],
                        [
                            342.0,
                            183.0
                        ],
                        [
                            317,
                            208
                        ]
                    ],
                    true
                ],
                [
                    12,
                    20,
                    [
                        [
                            317,
                            174
                        ],
                        [
                            317,
                            208
                        ]
                    ],
                    true
                ],
                [
                    13,
                    14,
                    [
                        [
                            421,
                            183
                        ],
                        [
                            371,
                            183
                        ]
                    ],
                    true
                ],
                [
                    14,
                    15,
                    [
                        [
                            449,
                            211
                        ],
                        [
                            421,
                            183
                        ]
                    ],
                    true
                ],
                [
                    15,
                    16,
                    [
                        [
                            480,
                            242
                        ],
                        [
                            449,
                            211
                        ]
                    ],
                    true
                ],
                [
                    16,
                    17,
                    [
                        [
                            510,
                            272
                        ],
                        [
                            480,
                            242
                        ]
                    ],
                    true
                ],
                [
                    17,
                    18,
                    [
                        [
                            535,
                            297
                        ],
                        [
                            510,
                            272
                        ]
                    ],
                    true
                ],
                [
                    18,
                    19,
                    [
                        [
                            563,
                            325
                        ],
                        [
                            535,
                            297
                        ]
                    ],
                    true
                ]
            ],
            "stations": [
                {
                    "coord": [
                        275,
                        78
                    ],
                    "is_working": true,
                    "name": "Дарнагюль",
                    "rect": [
                        257,
                        87,
                        59,
                        15
                    ],
                    "text_id": 0,
                    "uid": 0
                },
                {
                    "coord": [
                        217,
                        78
                    ],
                    "is_working": true,
                    "name": "Азадлыг проспекти",
                    "rect": [
                        168,
                        53,
                        103,
                        15
                    ],
                    "text_id": 1,
                    "uid": 1
                },
                {
                    "coord": [
                        169,
                        78
                    ],
                    "is_working": true,
                    "name": "Насими",
                    "rect": [
                        117,
                        66,
                        42,
                        15
                    ],
                    "text_id": 2,
                    "uid": 2
                },
                {
                    "coord": [
                        112,
                        135
                    ],
                    "is_working": true,
                    "name": "Мемар Аджеми",
                    "rect": [
                        126,
                        130,
                        82,
                        15
                    ],
                    "text_id": 3,
                    "uid": 3
                },
                {
                    "coord": [
                        112,
                        192
                    ],
                    "is_working": true,
                    "name": "20 январ",
                    "rect": [
                        56,
                        185,
                        47,
                        15
                    ],
                    "text_id": 4,
                    "uid": 4
                },
                {
                    "coord": [
                        112,
                        241
                    ],
                    "is_working": true,
                    "name": "Иншаатчылар",
                    "rect": [
                        27,
                        233,
                        76,
                        15
                    ],
                    "text_id": 5,
                    "uid": 5
                },
                {
                    "coord": [
                        112,
                        299
                    ],
                    "is_working": true,
                    "name": "Элмляр Академиясы",
                    "rect": [
                        23,
                        309,
                        113,
                        15
                    ],
                    "text_id": 6,
                    "uid": 6
                },
                {
                    "coord": [
                        168,
                        299
                    ],
                    "is_working": true,
                    "name": "Низами",
                    "rect": [
                        149,
                        309,
                        41,
                        15
                    ],
                    "text_id": 7,
                    "uid": 7
                },
                {
                    "coord": [
                        150,
                        375
                    ],
                    "is_working": true,
                    "name": "Ичери Шехер",
                    "rect": [
                        69,
                        369,
                        71,
                        15
                    ],
                    "text_id": 8,
                    "uid": 8
                },
                {
                    "coord": [
                        184,
                        341
                    ],
                    "is_working": true,
                    "name": "Сахил",
                    "rect": [
                        195,
                        339,
                        35,
                        15
                    ],
                    "text_id": 9,
                    "uid": 9
                },
                {
                    "coord": [
                        226,
                        299
                    ],
                    "is_working": true,
                    "name": "28 Май",
                    "rect": [
                        192,
                        272,
                        38,
                        15
                    ],
                    "text_id": 10,
                    "uid": 10
                },
                {
                    "coord": [
                        272,
                        253
                    ],
                    "is_working": true,
                    "name": "Гянджлик",
                    "rect": [
                        210,
                        240,
                        52,
                        15
                    ],
                    "text_id": 11,
                    "uid": 11
                },
                {
                    "coord": [
                        317,
                        208
                    ],
                    "is_working": true,
                    "name": "Нариман Нариманов",
                    "rect": [
                        198,
                        195,
                        109,
                        15
                    ],
                    "text_id": 12,
                    "uid": 12
                },
                {
                    "coord": [
                        371,
                        183
                    ],
                    "is_working": true,
                    "name": "Улдуз",
                    "rect": [
                        358,
                        192,
                        33,
                        15
                    ],
                    "text_id": 13,
                    "uid": 13
                },
                {
                    "coord": [
                        421,
                        183
                    ],
                    "is_working": true,
                    "name": "Кероглу",
                    "rect": [
                        431,
                        170,
                        43,
                        15
                    ],
                    "text_id": 14,
                    "uid": 14
                },
                {
                    "coord": [
                        449,
                        211
                    ],
                    "is_working": true,
                    "name": "Гара Гараев",
                    "rect": [
                        459,
                        198,
                        65,
                        15
                    ],
                    "text_id": 15,
                    "uid": 15
                },
                {
                    "coord": [
                        480,
                        242
                    ],
                    "is_working": true,
                    "name": "Нефтчиляр",
                    "rect": [
                        490,
                        229,
                        61,
                        15
                    ],
                    "text_id": 16,
                    "uid": 16
                },
                {
                    "coord": [
                        510,
                        272
                    ],
                    "is_working": true,
                    "name": "Халглар Достлугу",
                    "rect": [
                        405,
                        269,
                        95,
                        15
                    ],
                    "text_id": 17,
                    "uid": 17
                },
                {
                    "coord": [
                        535,
                        297
                    ],
                    "is_working": true,
                    "name": "Ахмедлы",
                    "rect": [
                        472,
                        294,
                        53,
                        15
                    ],
                    "text_id": 18,
                    "uid": 18
                },
                {
                    "coord": [
                        563,
                        325
                    ],
                    "is_working": true,
                    "name": "Ази Асланов",
                    "rect": [
                        484,
                        322,
                        69,
                        15
                    ],
                    "text_id": 19,
                    "uid": 19
                },
                {
                    "coord": [
                        317,
                        174
                    ],
                    "is_working": true,
                    "name": "Бакмил",
                    "rect": [
                        294,
                        150,
                        42,
                        15
                    ],
                    "text_id": 20,
                    "uid": 20
                }
            ],
            "text_id": 21
        },
        {
            "labels_bg_color": "-1",
            "labels_color": "3D9545",
            "line_color": "3D9545",
            "line_width": 9,
            "name": "Зеленая",
            "segments": [
                [
                    21,
                    22,
                    [
                        [
                            308,
                            299
                        ],
                        [
                            246,
                            299
                        ]
                    ],
                    true
                ]
            ],
            "stations": [
                {
                    "coord": [
                        246,
                        299
                    ],
                    "is_working": true,
                    "name": "Джафар Джаббарлы",
                    "rect": [
                        234,
                        312,
                        106,
                        15
                    ],
                    "text_id": 22,
                    "uid": 21
                },
                {
                    "coord": [
                        308,
                        299
                    ],
                    "is_working": true,
                    "name": "Шах Исмаил Хатаи",
                    "rect": [
                        317,
                        292,
                        101,
                        15
                    ],
                    "text_id": 23,
                    "uid": 22
                }
            ],
            "text_id": 24
        },
        {
            "labels_bg_color": "-1",
            "labels_color": "800080",
            "line_color": "800080",
            "line_width": 9,
            "name": "Фиолетовая",
            "segments": [
                [
                    23,
                    24,
                    [
                        [
                            92,
                            135
                        ],
                        [
                            131,
                            174
                        ]
                    ],
                    true
                ],
                [
                    24,
                    25,
                    [
                        [
                            58,
                            101
                        ],
                        [
                            92,
                            135
                        ]
                    ],
                    true
                ]
            ],
            "stations": [
                {
                    "coord": [
                        131,
                        174
                    ],
                    "is_working": true,
                    "name": "8 ноября",
                    "rect": [
                        141,
                        166,
                        47,
                        15
                    ],
                    "text_id": 25,
                    "uid": 23
                },
                {
                    "coord": [
                        92,
                        135
                    ],
                    "is_working": true,
                    "name": "Мемар Аджеми-2",
                    "rect": [
                        7,
                        147,
                        91,
                        15
                    ],
                    "text_id": 26,
                    "uid": 24
                },
                {
                    "coord": [
                        58,
                        101
                    ],
                    "is_working": true,
                    "name": "Автовокзал",
                    "rect": [
                        25,
                        77,
                        62,
                        15
                    ],
                    "text_id": 27,
                    "uid": 25
                }
            ],
            "text_id": 28
        }
    ],
    "lines_width": 9,
    "name": "metro",
    "name_text_id": 29,
    "stations_diameter": 15.0,
    "transfers": [
        [
            21,
            10,
            [
                246,
                299
            ],
            [
                226,
                299
            ]
        ],
        [
            24,
            3,
            [
                92,
                135
            ],
            [
                112,
                135
            ]
        ]
    ],
    "transports": [
        "metro"
    ],
    "type_name": "ROOT",
    "type_text_id": 30,
    "upper_case": false,
    "width": 713,
    "word_wrap": false
}