{
    "default_transports": [
        "metro"
    ],
    "height": 941,
    "images": [
        "res/schemes/los-angeles.svg"
    ],
    "is_vector": true,
    "lines": [
        {
            "labels_bg_color": "-1",
            "labels_color": "ff0000",
            "line_color": "ff0000",
            "line_width": 7,
            "name": "Red Line",
            "segments": [
                [
                    0,
                    1,
                    [
                        [
                            397,
                            287
                        ],
                        [
                            427.0,
                            287.0
                        ],
                        [
                            440,
                            273
                        ]
                    ],
                    true
                ],
                [
                    1,
                    2,
                    [
                        [
                            357,
                            287
                        ],
                        [
                            397,
                            287
                        ]
                    ],
                    true
                ],
                [
                    2,
                    3,
                    [
                        [
                            313,
                            287
                        ],
                        [
                            357,
                            287
                        ]
                    ],
                    true
                ],
                [
                    3,
                    4,
                    [
                        [
                            273,
                            287
                        ],
                        [
                            313,
                            287
                        ]
                    ],
                    true
                ],
                [
                    4,
                    5,
                    [
                        [
                            233,
                            287
                        ],
                        [
                            273,
                            287
                        ]
                    ],
                    true
                ],
                [
                    5,
                    6,
                    [
                        [
                            183,
                            287
                        ],
                        [
                            233,
                            287
                        ]
                    ],
                    true
                ],
                [
                    5,
                    8,
                    [
                        [
                            203,
                            243
                        ],
                        [
                            203.0,
                            257.0
                        ],
                        [
                            233,
                            287
                        ]
                    ],
                    true
                ],
                [
                    6,
                    7,
                    [
                        [
                            117,
                            287
                        ],
                        [
                            183,
                            287
                        ]
                    ],
                    true
                ],
                [
                    8,
                    9,
                    [
                        [
                            203,
                            213
                        ],
                        [
                            203,
                            243
                        ]
                    ],
                    true
                ],
                [
                    9,
                    10,
                    [
                        [
                            203,
                            183
                        ],
                        [
                            203,
                            213
                        ]
                    ],
                    true
                ],
                [
                    10,
                    11,
                    [
                        [
                            193,
                            157
                        ],
                        [
                            203.0,
                            167.0
                        ],
                        [
                            203,
                            183
                        ]
                    ],
                    true
                ],
                [
                    11,
                    12,
                    [
                        [
                            173,
                            137
                        ],
                        [
                            193,
                            157
                        ]
                    ],
                    true
                ],
                [
                    12,
                    13,
                    [
                        [
                            157,
                            120
                        ],
                        [
                            173,
                            137
                        ]
                    ],
                    true
                ],
                [
                    13,
                    14,
                    [
                        [
                            137,
                            100
                        ],
                        [
                            157,
                            120
                        ]
                    ],
                    true
                ],
                [
                    14,
                    15,
                    [
                        [
                            117,
                            80
                        ],
                        [
                            137,
                            100
                        ]
                    ],
                    true
                ]
            ],
            "stations": [
                {
                    "coord": [
                        440,
                        273
                    ],
                    "is_working": true,
                    "name": "Union Station",
                    "rect": [
                        450,
                        263,
                        68,
                        15
                    ],
                    "text_id": 0,
                    "uid": 0
                },
                {
                    "coord": [
                        397,
                        287
                    ],
                    "is_working": true,
                    "name": "Civic Center",
                    "rect": [
                        390,
                        213,
                        15,
                        64
                    ],
                    "text_id": 1,
                    "uid": 1
                },
                {
                    "coord": [
                        357,
                        287
                    ],
                    "is_working": true,
                    "name": "Pershing Square",
                    "rect": [
                        350,
                        193,
                        15,
                        84
                    ],
                    "text_id": 2,
                    "uid": 2
                },
                {
                    "coord": [
                        313,
                        287
                    ],
                    "is_working": true,
                    "name": "7th Street/Metro Center",
                    "rect": [
                        305,
                        158,
                        15,
                        116
                    ],
                    "text_id": 3,
                    "uid": 3
                },
                {
                    "coord": [
                        273,
                        287
                    ],
                    "is_working": true,
                    "name": "Westlake/MacArthur Park",
                    "rect": [
                        265,
                        149,
                        15,
                        129
                    ],
                    "text_id": 4,
                    "uid": 4
                },
                {
                    "coord": [
                        233,
                        287
                    ],
                    "is_working": true,
                    "name": "Wilshire/Vermont",
                    "rect": [
                        230,
                        191,
                        15,
                        87
                    ],
                    "text_id": 5,
                    "uid": 5
                },
                {
                    "coord": [
                        183,
                        287
                    ],
                    "is_working": true,
                    "name": "Wilshire/Normandie",
                    "rect": [
                        133,
                        297,
                        100,
                        15
                    ],
                    "text_id": 6,
                    "uid": 6
                },
                {
                    "coord": [
                        117,
                        287
                    ],
                    "is_working": true,
                    "name": "Wilshire/Western",
                    "rect": [
                        21,
                        280,
                        87,
                        15
                    ],
                    "text_id": 7,
                    "uid": 7
                },
                {
                    "coord": [
                        203,
                        243
                    ],
                    "is_working": true,
                    "name": "Vermont/Beverly",
                    "rect": [
                        108,
                        235,
                        85,
                        15
                    ],
                    "text_id": 8,
                    "uid": 8
                },
                {
                    "coord": [
                        203,
                        213
                    ],
                    "is_working": true,
                    "name": "Vermont/Santa Monica",
                    "rect": [
                        81,
                        206,
                        113,
                        15
                    ],
                    "text_id": 9,
                    "uid": 9
                },
                {
                    "coord": [
                        203,
                        183
                    ],
                    "is_working": true,
                    "name": "Vermont/Sunset",
                    "rect": [
                        114,
                        176,
                        80,
                        15
                    ],
                    "text_id": 10,
                    "uid": 10
                },
                {
                    "coord": [
                        193,
                        157
                    ],
                    "is_working": true,
                    "name": "Hollywood/Western",
                    "rect": [
                        86,
                        154,
                        98,
                        15
                    ],
                    "text_id": 11,
                    "uid": 11
                },
                {
                    "coord": [
                        173,
                        137
                    ],
                    "is_working": true,
                    "name": "Hollywood/Vine",
                    "rect": [
                        85,
                        134,
                        79,
                        15
                    ],
                    "text_id": 12,
                    "uid": 12
                },
                {
                    "coord": [
                        157,
                        120
                    ],
                    "is_working": true,
                    "name": "Hollywood/Highland",
                    "rect": [
                        47,
                        117,
                        101,
                        15
                    ],
                    "text_id": 13,
                    "uid": 13
                },
                {
                    "coord": [
                        137,
                        100
                    ],
                    "is_working": true,
                    "name": "Universal City",
                    "rect": [
                        55,
                        97,
                        73,
                        15
                    ],
                    "text_id": 14,
                    "uid": 14
                },
                {
                    "coord": [
                        117,
                        80
                    ],
                    "is_working": true,
                    "name": "North Hollywood",
                    "rect": [
                        24,
                        74,
                        84,
                        15
                    ],
                    "text_id": 15,
                    "uid": 15
                }
            ],
            "text_id": 16
        },
        {
            "labels_bg_color": "-1",
            "labels_color": "0000ff",
            "line_color": "0000ff",
            "line_width": 7,
            "name": "Blue Line",
            "segments": [
                [
                    16,
                    17,
                    [
                        [
                            313,
                            323
                        ],
                        [
                            313,
                            299
                        ]
                    ],
                    true
                ],
                [
                    17,
                    18,
                    [
                        [
                            313,
                            350
                        ],
                        [
                            313,
                            323
                        ]
                    ],
                    true
                ],
                [
                    18,
                    19,
                    [
                        [
                            313,
                            373
                        ],
                        [
                            313,
                            350
                        ]
                    ],
                    true
                ],
                [
                    19,
                    20,
                    [
                        [
                            313,
                            397
                        ],
                        [
                            313,
                            373
                        ]
                    ],
                    true
                ],
                [
                    20,
                    21,
                    [
                        [
                            313,
                            420
                        ],
                        [
                            313,
                            397
                        ]
                    ],
                    true
                ],
                [
                    21,
                    22,
                    [
                        [
                            313,
                            440
                        ],
                        [
                            313,
                            420
                        ]
                    ],
                    true
                ],
                [
                    22,
                    23,
                    [
                        [
                            313,
                            463
                        ],
                        [
                            313,
                            440
                        ]
                    ],
                    true
                ],
                [
                    23,
                    24,
                    [
                        [
                            313,
                            487
                        ],
                        [
                            313,
                            463
                        ]
                    ],
                    true
                ],
                [
                    24,
                    25,
                    [
                        [
                            313,
                            513
                        ],
                        [
                            313,
                            487
                        ]
                    ],
                    true
                ],
                [
                    25,
                    26,
                    [
                        [
                            313,
                            557
                        ],
                        [
                            313,
                            513
                        ]
                    ],
                    true
                ],
                [
                    26,
                    27,
                    [
                        [
                            313,
                            583
                        ],
                        [
                            313,
                            557
                        ]
                    ],
                    true
                ],
                [
                    27,
                    28,
                    [
                        [
                            313,
                            603
                        ],
                        [
                            313,
                            583
                        ]
                    ],
                    true
                ],
                [
                    28,
                    29,
                    [
                        [
                            313,
                            630
                        ],
                        [
                            313,
                            603
                        ]
                    ],
                    true
                ],
                [
                    29,
                    30,
                    [
                        [
                            313,
                            653
                        ],
                        [
                            313,
                            630
                        ]
                    ],
                    true
                ],
                [
                    30,
                    31,
                    [
                        [
                            313,
                            673
                        ],
                        [
                            313,
                            653
                        ]
                    ],
                    true
                ],
                [
                    31,
                    32,
                    [
                        [
                            313,
                            700
                        ],
                        [
                            313,
                            673
                        ]
                    ],
                    true
                ],
                [
                    32,
                    33,
                    [
                        [
                            313,
                            720
                        ],
                        [
                            313,
                            700
                        ]
                    ],
                    true
                ],
                [
                    33,
                    34,
                    [
                        [
                            313,
                            720
                        ],
                        [
                            313,
                            747
                        ]
                    ],
                    true
                ],
                [
                    33,
                    37,
                    [
                        [
                            313.0,
                            720.0
                        ],
                        [
                            313.55,
                            721.79
                        ],
                        [
                            313.94,
                            723.53
                        ],
                        [
                            314.17,
                            725.23
                        ],
                        [
                            314.25,
                            726.88
                        ],
                        [
                            314.19,
                            728.46
                        ],
                        [
                            313.96,
                            730.0
                        ],
                        [
                            313.58,
                            731.51
                        ],
                        [
                            313.0,
                            733.0
                        ],
                        [
                            312.18,
                            734.53
                        ],
                        [
                            311.19,
                            736.03
                        ],
                        [
                            310.06,
                            737.46
                        ],
                        [
                            308.81,
                            738.81
                        ],
                        [
                            307.46,
                            740.06
                        ],
                        [
                            306.03,
                            741.19
                        ],
                        [
                            304.53,
                            742.18
                        ],
                        [
                            303.0,
                            743.0
                        ],
                        [
                            301.51,
                            743.58
                        ],
                        [
                            300.0,
                            743.96
                        ],
                        [
                            298.46,
                            744.19
                        ],
                        [
                            296.88,
                            744.25
                        ],
                        [
                            295.23,
                            744.17
                        ],
                        [
                            293.53,
                            743.94
                        ],
                        [
                            291.79,
                            743.55
                        ],
                        [
                            290.0,
                            743.0
                        ]
                    ],
                    true
                ],
                [
                    34,
                    35,
                    [
                        [
                            313,
                            770
                        ],
                        [
                            313,
                            747
                        ]
                    ],
                    true
                ],
                [
                    35,
                    36,
                    [
                        [
                            290.0,
                            790.0
                        ],
                        [
                            291.79,
                            790.55
                        ],
                        [
                            293.53,
                            790.94
                        ],
                        [
                            295.23,
                            791.17
                        ],
                        [
                            296.88,
                            791.25
                        ],
                        [
                            298.46,
                            791.19
                        ],
                        [
                            300.0,
                            790.98
                        ],
                        [
                            301.51,
                            790.59
                        ],
                        [
                            303.0,
                            790.0
                        ],
                        [
                            304.53,
                            789.14
                        ],
                        [
                            306.03,
                            788.09
                        ],
                        [
                            307.46,
                            786.91
                        ],
                        [
                            308.81,
                            785.62
                        ],
                        [
                            310.06,
                            784.26
                        ],
                        [
                            311.19,
                            782.85
                        ],
                        [
                            312.18,
                            781.41
                        ],
                        [
                            313.0,
                            780.0
                        ],
                        [
                            313.58,
                            778.71
                        ],
                        [
                            313.96,
                            777.46
                        ],
                        [
                            314.19,
                            776.23
                        ],
                        [
                            314.25,
                            775.0
                        ],
                        [
                            314.17,
                            773.75
                        ],
                        [
                            313.94,
                            772.5
                        ],
                        [
                            313.55,
                            771.25
                        ],
                        [
                            313.0,
                            770.0
                        ]
                    ],
                    true
                ],
                [
                    36,
                    37,
                    [
                        [
                            290.0,
                            743.0
                        ],
                        [
                            288.21,
                            742.62
                        ],
                        [
                            286.47,
                            742.34
                        ],
                        [
                            284.77,
                            742.18
                        ],
                        [
                            283.12,
                            742.12
                        ],
                        [
                            281.54,
                            742.22
                        ],
                        [
                            280.0,
                            742.41
                        ],
                        [
                            278.49,
                            742.69
                        ],
                        [
                            277.0,
                            743.0
                        ],
                        [
                            275.47,
                            743.22
                        ],
                        [
                            273.97,
                            743.5
                        ],
                        [
                            272.54,
                            743.94
                        ],
                        [
                            271.19,
                            744.56
                        ],
                        [
                            269.94,
                            745.33
                        ],
                        [
                            268.81,
                            746.42
                        ],
                        [
                            267.82,
                            747.88
                        ],
                        [
                            267.0,
                            750.0
                        ],
                        [
                            266.42,
                            753.23
                        ],
                        [
                            266.04,
                            757.05
                        ],
                        [
                            265.81,
                            761.13
                        ],
                        [
                            265.75,
                            765.38
                        ],
                        [
                            265.81,
                            769.63
                        ],
                        [
                            266.04,
                            773.75
                        ],
                        [
                            266.42,
                            777.64
                        ],
                        [
                            267.0,
                            781.0
                        ],
                        [
                            267.82,
                            783.32
                        ],
                        [
                            268.81,
                            785.04
                        ],
                        [
                            269.94,
                            786.39
                        ],
                        [
                            271.19,
                            787.44
                        ],
                        [
                            272.54,
                            788.33
                        ],
                        [
                            273.97,
                            789.05
                        ],
                        [
                            275.47,
                            789.58
                        ],
                        [
                            277.0,
                            790.0
                        ],
                        [
                            278.49,
                            790.44
                        ],
                        [
                            280.0,
                            790.79
                        ],
                        [
                            281.54,
                            791.03
                        ],
                        [
                            283.12,
                            791.12
                        ],
                        [
                            284.77,
                            791.06
                        ],
                        [
                            286.47,
                            790.84
                        ],
                        [
                            288.21,
                            790.49
                        ],
                        [
                            290.0,
                            790.0
                        ]
                    ],
                    true
                ]
            ],
            "stations": [
                {
                    "coord": [
                        313,
                        299
                    ],
                    "is_working": true,
                    "name": "7th Street/Metro Center",
                    "rect": null,
                    "text_id": 3,
                    "uid": 16
                },
                {
                    "coord": [
                        313,
                        323
                    ],
                    "is_working": true,
                    "name": "Pico",
                    "rect": [
                        323,
                        317,
                        24,
                        15
                    ],
                    "text_id": 17,
                    "uid": 17
                },
                {
                    "coord": [
                        313,
                        350
                    ],
                    "is_working": true,
                    "name": "Grand",
                    "rect": [
                        323,
                        343,
                        32,
                        15
                    ],
                    "text_id": 18,
                    "uid": 18
                },
                {
                    "coord": [
                        313,
                        373
                    ],
                    "is_working": true,
                    "name": "San Pedro",
                    "rect": [
                        323,
                        366,
                        53,
                        15
                    ],
                    "text_id": 19,
                    "uid": 19
                },
                {
                    "coord": [
                        313,
                        397
                    ],
                    "is_working": true,
                    "name": "Washington",
                    "rect": [
                        323,
                        390,
                        60,
                        15
                    ],
                    "text_id": 20,
                    "uid": 20
                },
                {
                    "coord": [
                        313,
                        420
                    ],
                    "is_working": true,
                    "name": "Vernon",
                    "rect": [
                        323,
                        413,
                        37,
                        15
                    ],
                    "text_id": 21,
                    "uid": 21
                },
                {
                    "coord": [
                        313,
                        440
                    ],
                    "is_working": true,
                    "name": "Slauson",
                    "rect": [
                        323,
                        433,
                        42,
                        15
                    ],
                    "text_id": 22,
                    "uid": 22
                },
                {
                    "coord": [
                        313,
                        463
                    ],
                    "is_working": true,
                    "name": "Florence",
                    "rect": [
                        323,
                        456,
                        45,
                        15
                    ],
                    "text_id": 23,
                    "uid": 23
                },
                {
                    "coord": [
                        313,
                        487
                    ],
                    "is_working": true,
                    "name": "Firestone",
                    "rect": [
                        323,
                        480,
                        48,
                        15
                    ],
                    "text_id": 24,
                    "uid": 24
                },
                {
                    "coord": [
                        313,
                        513
                    ],
                    "is_working": true,
                    "name": "103rd Street",
                    "rect": [
                        323,
                        506,
                        62,
                        15
                    ],
                    "text_id": 25,
                    "uid": 25
                },
                {
                    "coord": [
                        313,
                        557
                    ],
                    "is_working": true,
                    "name": "Imperial/Wilmington",
                    "rect": [
                        324,
                        565,
                        100,
                        15
                    ],
                    "text_id": 26,
                    "uid": 26
                },
                {
                    "coord": [
                        313,
                        583
                    ],
                    "is_working": true,
                    "name": "Compton",
                    "rect": [
                        322,
                        579,
                        46,
                        15
                    ],
                    "text_id": 27,
                    "uid": 27
                },
                {
                    "coord": [
                        313,
                        603
                    ],
                    "is_working": true,
                    "name": "Artesia",
                    "rect": [
                        322,
                        598,
                        38,
                        15
                    ],
                    "text_id": 28,
                    "uid": 28
                },
                {
                    "coord": [
                        313,
                        630
                    ],
                    "is_working": true,
                    "name": "Del Amo",
                    "rect": [
                        323,
                        623,
                        45,
                        15
                    ],
                    "text_id": 29,
                    "uid": 29
                },
                {
                    "coord": [
                        313,
                        653
                    ],
                    "is_working": true,
                    "name": "Wardlow",
                    "rect": [
                        323,
                        646,
                        45,
                        15
                    ],
                    "text_id": 30,
                    "uid": 30
                },
                {
                    "coord": [
                        313,
                        673
                    ],
                    "is_working": true,
                    "name": "Willow",
                    "rect": [
                        323,
                        667,
                        35,
                        15
                    ],
                    "text_id": 31,
                    "uid": 31
                },
                {
                    "coord": [
                        313,
                        700
                    ],
                    "is_working": true,
                    "name": "Pacific Coast Highway",
                    "rect": [
                        323,
                        693,
                        114,
                        15
                    ],
                    "text_id": 32,
                    "uid": 32
                },
                {
                    "coord": [
                        313,
                        720
                    ],
                    "is_working": true,
                    "name": "Anaheim",
                    "rect": [
                        323,
                        713,
                        46,
                        15
                    ],
                    "text_id": 33,
                    "uid": 33
                },
                {
                    "coord": [
                        313,
                        747
                    ],
                    "is_working": true,
                    "name": "5th Street",
                    "rect": [
                        323,
                        740,
                        49,
                        15
                    ],
                    "text_id": 34,
                    "uid": 34
                },
                {
                    "coord": [
                        313,
                        770
                    ],
                    "is_working": true,
                    "name": "1st Street",
                    "rect": [
                        323,
                        763,
                        49,
                        15
                    ],
                    "text_id": 35,
                    "uid": 35
                },
                {
                    "coord": [
                        290,
                        790
                    ],
                    "is_working": true,
                    "name": "Transit Mall",
                    "rect": [
                        269,
                        798,
                        60,
                        15
                    ],
                    "text_id": 36,
                    "uid": 36
                },
                {
                    "coord": [
                        290,
                        743
                    ],
                    "is_working": true,
                    "name": "Pacific",
                    "rect": [
                        261,
                        721,
                        36,
                        15
                    ],
                    "text_id": 37,
                    "uid": 37
                }
            ],
            "text_id": 38
        },
        {
            "labels_bg_color": "-1",
            "labels_color": "008000",
            "line_color": "008000",
            "line_width": 7,
            "name": "Green Line",
            "segments": [
                [
                    38,
                    39,
                    [
                        [
                            407,
                            547
                        ],
                        [
                            453,
                            547
                        ]
                    ],
                    true
                ],
                [
                    39,
                    40,
                    [
                        [
                            357,
                            547
                        ],
                        [
                            407,
                            547
                        ]
                    ],
                    true
                ],
                [
                    40,
                    41,
                    [
                        [
                            313,
                            547
                        ],
                        [
                            357,
                            547
                        ]
                    ],
                    true
                ],
                [
                    41,
                    42,
                    [
                        [
                            290,
                            547
                        ],
                        [
                            313,
                            547
                        ]
                    ],
                    true
                ],
                [
                    42,
                    43,
                    [
                        [
                            267,
                            547
                        ],
                        [
                            290,
                            547
                        ]
                    ],
                    true
                ],
                [
                    43,
                    44,
                    [
                        [
                            240,
                            547
                        ],
                        [
                            267,
                            547
                        ]
                    ],
                    true
                ],
                [
                    44,
                    45,
                    [
                        [
                            217,
                            547
                        ],
                        [
                            240,
                            547
                        ]
                    ],
                    true
                ],
                [
                    45,
                    46,
                    [
                        [
                            193,
                            547
                        ],
                        [
                            217,
                            547
                        ]
                    ],
                    true
                ],
                [
                    46,
                    47,
                    [
                        [
                            160,
                            557
                        ],
                        [
                            170.0,
                            547.0
                        ],
                        [
                            193,
                            547
                        ]
                    ],
                    true
                ],
                [
                    47,
                    48,
                    [
                        [
                            140,
                            577
                        ],
                        [
                            160,
                            557
                        ]
                    ],
                    true
                ],
                [
                    48,
                    49,
                    [
                        [
                            140,
                            600
                        ],
                        [
                            140,
                            577
                        ]
                    ],
                    true
                ],
                [
                    49,
                    50,
                    [
                        [
                            140,
                            620
                        ],
                        [
                            140,
                            600
                        ]
                    ],
                    true
                ],
                [
                    50,
                    51,
                    [
                        [
                            140,
                            647
                        ],
                        [
                            140,
                            620
                        ]
                    ],
                    true
                ]
            ],
            "stations": [
                {
                    "coord": [
                        453,
                        547
                    ],
                    "is_working": true,
                    "name": "Norwalk",
                    "rect": [
                        443,
                        525,
                        43,
                        15
                    ],
                    "text_id": 39,
                    "uid": 38
                },
                {
                    "coord": [
                        407,
                        547
                    ],
                    "is_working": true,
                    "name": "Lakewood",
                    "rect": [
                        389,
                        553,
                        52,
                        15
                    ],
                    "text_id": 40,
                    "uid": 39
                },
                {
                    "coord": [
                        357,
                        547
                    ],
                    "is_working": true,
                    "name": "Long Beach",
                    "rect": [
                        337,
                        523,
                        61,
                        15
                    ],
                    "text_id": 41,
                    "uid": 40
                },
                {
                    "coord": [
                        313,
                        547
                    ],
                    "is_working": true,
                    "name": "Imperial/Wilmington",
                    "rect": null,
                    "text_id": 26,
                    "uid": 41
                },
                {
                    "coord": [
                        290,
                        547
                    ],
                    "is_working": true,
                    "name": "Avalon",
                    "rect": [
                        284,
                        556,
                        15,
                        37
                    ],
                    "text_id": 42,
                    "uid": 42
                },
                {
                    "coord": [
                        267,
                        547
                    ],
                    "is_working": true,
                    "name": "Harbor Freeway",
                    "rect": [
                        261,
                        556,
                        15,
                        81
                    ],
                    "text_id": 43,
                    "uid": 43
                },
                {
                    "coord": [
                        240,
                        547
                    ],
                    "is_working": true,
                    "name": "Vermont",
                    "rect": [
                        234,
                        556,
                        15,
                        43
                    ],
                    "text_id": 44,
                    "uid": 44
                },
                {
                    "coord": [
                        217,
                        547
                    ],
                    "is_working": true,
                    "name": "Crenshaw",
                    "rect": [
                        210,
                        556,
                        15,
                        52
                    ],
                    "text_id": 45,
                    "uid": 45
                },
                {
                    "coord": [
                        193,
                        547
                    ],
                    "is_working": true,
                    "name": "Hawthorne",
                    "rect": [
                        186,
                        556,
                        15,
                        55
                    ],
                    "text_id": 46,
                    "uid": 46
                },
                {
                    "coord": [
                        160,
                        557
                    ],
                    "is_working": true,
                    "name": "Aviation/LAX",
                    "rect": [
                        83,
                        546,
                        67,
                        15
                    ],
                    "text_id": 47,
                    "uid": 47
                },
                {
                    "coord": [
                        140,
                        577
                    ],
                    "is_working": true,
                    "name": "Mariposa",
                    "rect": [
                        83,
                        570,
                        48,
                        15
                    ],
                    "text_id": 48,
                    "uid": 48
                },
                {
                    "coord": [
                        140,
                        600
                    ],
                    "is_working": true,
                    "name": "El Segundo",
                    "rect": [
                        73,
                        592,
                        58,
                        15
                    ],
                    "text_id": 49,
                    "uid": 49
                },
                {
                    "coord": [
                        140,
                        620
                    ],
                    "is_working": true,
                    "name": "Douglas",
                    "rect": [
                        88,
                        613,
                        43,
                        15
                    ],
                    "text_id": 50,
                    "uid": 50
                },
                {
                    "coord": [
                        140,
                        647
                    ],
                    "is_working": true,
                    "name": "Redondo Beach",
                    "rect": [
                        50,
                        640,
                        81,
                        15
                    ],
                    "text_id": 51,
                    "uid": 51
                }
            ],
            "text_id": 52
        },
        {
            "labels_bg_color": "-1",
            "labels_color": "cfb700",
            "line_color": "efd000",
            "line_width": 7,
            "name": "Gold Line",
            "segments": [
                [
                    52,
                    53,
                    [
                        [
                            565,
                            346
                        ],
                        [
                            593,
                            346
                        ]
                    ],
                    true
                ],
                [
                    53,
                    54,
                    [
                        [
                            545,
                            346
                        ],
                        [
                            565,
                            346
                        ]
                    ],
                    true
                ],
                [
                    54,
                    55,
                    [
                        [
                            526,
                            346
                        ],
                        [
                            545,
                            346
                        ]
                    ],
                    true
                ],
                [
                    55,
                    56,
                    [
                        [
                            504,
                            324
                        ],
                        [
                            526,
                            346
                        ]
                    ],
                    true
                ],
                [
                    56,
                    57,
                    [
                        [
                            488,
                            308
                        ],
                        [
                            504,
                            324
                        ]
                    ],
                    true
                ],
                [
                    57,
                    58,
                    [
                        [
                            469,
                            308
                        ],
                        [
                            488,
                            308
                        ]
                    ],
                    true
                ],
                [
                    58,
                    59,
                    [
                        [
                            440,
                            297
                        ],
                        [
                            451.0,
                            308.0
                        ],
                        [
                            469,
                            308
                        ]
                    ],
                    true
                ],
                [
                    59,
                    60,
                    [
                        [
                            440,
                            263
                        ],
                        [
                            440,
                            297
                        ]
                    ],
                    true
                ],
                [
                    60,
                    61,
                    [
                        [
                            440,
                            240
                        ],
                        [
                            440,
                            263
                        ]
                    ],
                    true
                ],
                [
                    61,
                    62,
                    [
                        [
                            440,
                            213
                        ],
                        [
                            440,
                            240
                        ]
                    ],
                    true
                ],
                [
                    62,
                    63,
                    [
                        [
                            440,
                            193
                        ],
                        [
                            440,
                            213
                        ]
                    ],
                    true
                ],
                [
                    63,
                    64,
                    [
                        [
                            440,
                            170
                        ],
                        [
                            440,
                            193
                        ]
                    ],
                    true
                ],
                [
                    64,
                    65,
                    [
                        [
                            450,
                            150
                        ],
                        [
                            440.0,
                            160.0
                        ],
                        [
                            440,
                            170
                        ]
                    ],
                    true
                ],
                [
                    65,
                    66,
                    [
                        [
                            463,
                            137
                        ],
                        [
                            450,
                            150
                        ]
                    ],
                    true
                ],
                [
                    66,
                    67,
                    [
                        [
                            503,
                            127
                        ],
                        [
                            473.0,
                            127.0
                        ],
                        [
                            463,
                            137
                        ]
                    ],
                    true
                ],
                [
                    67,
                    68,
                    [
                        [
                            527,
                            127
                        ],
                        [
                            503,
                            127
                        ]
                    ],
                    true
                ],
                [
                    68,
                    69,
                    [
                        [
                            550,
                            127
                        ],
                        [
                            527,
                            127
                        ]
                    ],
                    true
                ],
                [
                    69,
                    70,
                    [
                        [
                            573,
                            127
                        ],
                        [
                            550,
                            127
                        ]
                    ],
                    true
                ],
                [
                    70,
                    71,
                    [
                        [
                            597,
                            127
                        ],
                        [
                            573,
                            127
                        ]
                    ],
                    true
                ],
                [
                    71,
                    72,
                    [
                        [
                            620,
                            127
                        ],
                        [
                            597,
                            127
                        ]
                    ],
                    true
                ]
            ],
            "stations": [
                {
                    "coord": [
                        593,
                        346
                    ],
                    "is_working": true,
                    "name": "Atlantic",
                    "rect": [
                        586,
                        356,
                        15,
                        40
                    ],
                    "text_id": 53,
                    "uid": 52
                },
                {
                    "coord": [
                        565,
                        346
                    ],
                    "is_working": true,
                    "name": "East L.A. Civic Center",
                    "rect": [
                        559,
                        356,
                        15,
                        112
                    ],
                    "text_id": 54,
                    "uid": 53
                },
                {
                    "coord": [
                        545,
                        346
                    ],
                    "is_working": true,
                    "name": "Maravilla",
                    "rect": [
                        538,
                        356,
                        15,
                        48
                    ],
                    "text_id": 55,
                    "uid": 54
                },
                {
                    "coord": [
                        526,
                        346
                    ],
                    "is_working": true,
                    "name": "Indiana",
                    "rect": [
                        518,
                        356,
                        15,
                        38
                    ],
                    "text_id": 56,
                    "uid": 55
                },
                {
                    "coord": [
                        504,
                        324
                    ],
                    "is_working": true,
                    "name": "Soto",
                    "rect": [
                        493,
                        334,
                        15,
                        24
                    ],
                    "text_id": 57,
                    "uid": 56
                },
                {
                    "coord": [
                        488,
                        308
                    ],
                    "is_working": true,
                    "name": "Mariachi Plaza",
                    "rect": [
                        476,
                        319,
                        15,
                        75
                    ],
                    "text_id": 58,
                    "uid": 57
                },
                {
                    "coord": [
                        469,
                        308
                    ],
                    "is_working": true,
                    "name": "Pico/Aliso",
                    "rect": [
                        458,
                        316,
                        15,
                        53
                    ],
                    "text_id": 59,
                    "uid": 58
                },
                {
                    "coord": [
                        440,
                        297
                    ],
                    "is_working": true,
                    "name": "Little Tokyo/Arts District",
                    "rect": [
                        430,
                        307,
                        15,
                        122
                    ],
                    "text_id": 60,
                    "uid": 59
                },
                {
                    "coord": [
                        440,
                        263
                    ],
                    "is_working": true,
                    "name": "Union Station",
                    "rect": null,
                    "text_id": 0,
                    "uid": 60
                },
                {
                    "coord": [
                        440,
                        240
                    ],
                    "is_working": true,
                    "name": "Chinatown",
                    "rect": [
                        450,
                        233,
                        54,
                        15
                    ],
                    "text_id": 61,
                    "uid": 61
                },
                {
                    "coord": [
                        440,
                        213
                    ],
                    "is_working": true,
                    "name": "Lincoln/Cypress",
                    "rect": [
                        450,
                        205,
                        83,
                        15
                    ],
                    "text_id": 62,
                    "uid": 62
                },
                {
                    "coord": [
                        440,
                        193
                    ],
                    "is_working": true,
                    "name": "Heritage Square",
                    "rect": [
                        450,
                        186,
                        82,
                        15
                    ],
                    "text_id": 63,
                    "uid": 63
                },
                {
                    "coord": [
                        440,
                        170
                    ],
                    "is_working": true,
                    "name": "Southwest Museum",
                    "rect": [
                        450,
                        163,
                        98,
                        15
                    ],
                    "text_id": 64,
                    "uid": 64
                },
                {
                    "coord": [
                        450,
                        150
                    ],
                    "is_working": true,
                    "name": "Highland Park",
                    "rect": [
                        460,
                        146,
                        72,
                        15
                    ],
                    "text_id": 65,
                    "uid": 65
                },
                {
                    "coord": [
                        463,
                        137
                    ],
                    "is_working": true,
                    "name": "Mission",
                    "rect": [
                        448,
                        87,
                        15,
                        41
                    ],
                    "text_id": 66,
                    "uid": 66
                },
                {
                    "coord": [
                        503,
                        127
                    ],
                    "is_working": true,
                    "name": "Fillmore",
                    "rect": [
                        496,
                        75,
                        15,
                        42
                    ],
                    "text_id": 67,
                    "uid": 67
                },
                {
                    "coord": [
                        527,
                        127
                    ],
                    "is_working": true,
                    "name": "Del Mar",
                    "rect": [
                        519,
                        76,
                        15,
                        41
                    ],
                    "text_id": 68,
                    "uid": 68
                },
                {
                    "coord": [
                        550,
                        127
                    ],
                    "is_working": true,
                    "name": "Memorial Park",
                    "rect": [
                        543,
                        43,
                        15,
                        74
                    ],
                    "text_id": 69,
                    "uid": 69
                },
                {
                    "coord": [
                        573,
                        127
                    ],
                    "is_working": true,
                    "name": "Lake",
                    "rect": [
                        566,
                        91,
                        15,
                        26
                    ],
                    "text_id": 70,
                    "uid": 70
                },
                {
                    "coord": [
                        597,
                        127
                    ],
                    "is_working": true,
                    "name": "Allen",
                    "rect": [
                        590,
                        89,
                        15,
                        28
                    ],
                    "text_id": 71,
                    "uid": 71
                },
                {
                    "coord": [
                        620,
                        127
                    ],
                    "is_working": true,
                    "name": "Sierra Madre Villa",
                    "rect": [
                        613,
                        26,
                        15,
                        91
                    ],
                    "text_id": 72,
                    "uid": 72
                }
            ],
            "text_id": 73
        },
        {
            "labels_bg_color": "-1",
            "labels_color": "00A5DB",
            "line_color": "00A5DB",
            "line_width": 7,
            "name": "Expo Line",
            "segments": [
                [
                    73,
                    74,
                    [
                        [
                            303,
                            323
                        ],
                        [
                            303,
                            293
                        ]
                    ],
                    true
                ],
                [
                    74,
                    75,
                    [
                        [
                            276,
                            350
                        ],
                        [
                            303,
                            323
                        ]
                    ],
                    true
                ],
                [
                    75,
                    76,
                    [
                        [
                            253,
                            373
                        ],
                        [
                            276,
                            350
                        ]
                    ],
                    true
                ],
                [
                    76,
                    77,
                    [
                        [
                            226,
                            373
                        ],
                        [
                            253,
                            373
                        ]
                    ],
                    true
                ],
                [
                    77,
                    78,
                    [
                        [
                            199,
                            373
                        ],
                        [
                            226,
                            373
                        ]
                    ],
                    true
                ],
                [
                    78,
                    79,
                    [
                        [
                            172,
                            373
                        ],
                        [
                            199,
                            373
                        ]
                    ],
                    true
                ],
                [
                    79,
                    80,
                    [
                        [
                            146,
                            373
                        ],
                        [
                            172,
                            373
                        ]
                    ],
                    true
                ],
                [
                    80,
                    81,
                    [
                        [
                            120,
                            373
                        ],
                        [
                            146,
                            373
                        ]
                    ],
                    true
                ],
                [
                    81,
                    82,
                    [
                        [
                            93,
                            373
                        ],
                        [
                            120,
                            373
                        ]
                    ],
                    true
                ],
                [
                    82,
                    83,
                    [
                        [
                            68,
                            373
                        ],
                        [
                            93,
                            373
                        ]
                    ],
                    true
                ],
                [
                    83,
                    84,
                    [
                        [
                            43,
                            373
                        ],
                        [
                            68,
                            373
                        ]
                    ],
                    true
                ]
            ],
            "stations": [
                {
                    "coord": [
                        303,
                        293
                    ],
                    "is_working": true,
                    "name": "7th Street/Metro Center",
                    "rect": [
                        305,
                        158,
                        15,
                        116
                    ],
                    "text_id": 3,
                    "uid": 73
                },
                {
                    "coord": [
                        303,
                        323
                    ],
                    "is_working": true,
                    "name": "Pico",
                    "rect": [
                        323,
                        317,
                        24,
                        15
                    ],
                    "text_id": 17,
                    "uid": 74
                },
                {
                    "coord": [
                        276,
                        350
                    ],
                    "is_working": true,
                    "name": "23rd Street",
                    "rect": [
                        274,
                        359,
                        15,
                        56
                    ],
                    "text_id": 74,
                    "uid": 75
                },
                {
                    "coord": [
                        253,
                        373
                    ],
                    "is_working": true,
                    "name": "Jefferson/USC",
                    "rect": [
                        247,
                        382,
                        15,
                        74
                    ],
                    "text_id": 75,
                    "uid": 76
                },
                {
                    "coord": [
                        226,
                        373
                    ],
                    "is_working": true,
                    "name": "Expo Park/USC",
                    "rect": [
                        219,
                        382,
                        15,
                        79
                    ],
                    "text_id": 76,
                    "uid": 77
                },
                {
                    "coord": [
                        199,
                        373
                    ],
                    "is_working": true,
                    "name": "Expo/Vermont",
                    "rect": [
                        192,
                        382,
                        15,
                        71
                    ],
                    "text_id": 77,
                    "uid": 78
                },
                {
                    "coord": [
                        172,
                        373
                    ],
                    "is_working": true,
                    "name": "Expo/Western",
                    "rect": [
                        165,
                        382,
                        15,
                        71
                    ],
                    "text_id": 78,
                    "uid": 79
                },
                {
                    "coord": [
                        146,
                        373
                    ],
                    "is_working": true,
                    "name": "Expo/Crenshaw",
                    "rect": [
                        139,
                        382,
                        15,
                        80
                    ],
                    "text_id": 79,
                    "uid": 80
                },
                {
                    "coord": [
                        120,
                        373
                    ],
                    "is_working": true,
                    "name": "Farmdale",
                    "rect": [
                        113,
                        382,
                        15,
                        48
                    ],
                    "text_id": 80,
                    "uid": 81
                },
                {
                    "coord": [
                        93,
                        373
                    ],
                    "is_working": true,
                    "name": "Expo/La Brea",
                    "rect": [
                        86,
                        382,
                        15,
                        69
                    ],
                    "text_id": 81,
                    "uid": 82
                },
                {
                    "coord": [
                        68,
                        373
                    ],
                    "is_working": true,
                    "name": "La Cienega / Jefferson",
                    "rect": [
                        61,
                        382,
                        15,
                        113
                    ],
                    "text_id": 82,
                    "uid": 83
                },
                {
                    "coord": [
                        43,
                        373
                    ],
                    "is_working": true,
                    "name": "Culver City",
                    "rect": [
                        36,
                        382,
                        15,
                        58
                    ],
                    "text_id": 83,
                    "uid": 84
                }
            ],
            "text_id": 84
        }
    ],
    "lines_width": 7,
    "name": "metro",
    "name_text_id": 85,
    "stations_diameter": 13.0,
    "transfers": [
        [
            0,
            60,
            [
                440,
                273
            ],
            [
                440,
                263
            ]
        ],
        [
            3,
            16,
            [
                313,
                287
            ],
            [
                313,
                299
            ]
        ],
        [
            26,
            41,
            [
                313,
                557
            ],
            [
                313,
                547
            ]
        ],
        [
            73,
            16,
            [
                303,
                293
            ],
            [
                313,
                299
            ]
        ],
        [
            73,
            3,
            [
                303,
                293
            ],
            [
                313,
                287
            ]
        ],
        [
            74,
            17,
            [
                303,
                323
            ],
            [
                313,
                323
            ]
        ]
    ],
    "transports": [
        "metro"
    ],
    "type_name": "ROOT",
    "type_text_id": 86,
    "upper_case": false,
    "width": 770,
    "word_wrap": false
}