{
    "0": "Harrow & Wealdstone",
    "1": "Kenton",
    "2": "South Kenton",
    "3": "North Wembley",
    "4": "Wembley Central",
    "5": "Stonebridge Park",
    "6": "Harlesden",
    "7": "Willesden Junction",
    "8": "Kensal Green",
    "9": "Queen's Park",
    "10": "Kilburn Park",
    "11": "Maida Vale",
    "12": "Warwick Avenue",
    "13": "Paddington",
    "14": "Edgware Road",
    "15": "Marylebone",
    "16": "Baker Street",
    "17": "Regent's Park",
    "18": "Oxford Circus",
    "19": "Piccadilly Circus",
    "20": "Charing Cross",
    "21": "Embankment",
    "22": "Waterloo",
    "23": "Lambeth North",
    "24": "Elephant & Castle",
    "25": "Bakerloo",
    "26": "Cockfosters",
    "27": "Oakwood",
    "28": "Southgate",
    "29": "Arnos Grove",
    "30": "Bounds Green",
    "31": "Wood Green",
    "32": "Turnpike Lane",
    "33": "Manor House",
    "34": "Finsbury Park",
    "35": "Arsenal",
    "36": "Holloway Road",
    "37": "Caledonian Road",
    "38": "King's Cross St.Pancras",
    "39": "Russell Square",
    "40": "Holborn",
    "41": "Covent Garden",
    "42": "Leicester Square",
    "43": "Green Park",
    "44": "Hyde Park Corner",
    "45": "Knightsbridge",
    "46": "South Kensington",
    "47": "Gloucester Road",
    "48": "Earl's Court",
    "49": "Barons Court",
    "50": "Hammersmith",
    "51": "Turnham Green",
    "52": "Acton Town",
    "53": "Ealing Common",
    "54": "North Ealing",
    "55": "Park Royal",
    "56": "Alperton",
    "57": "Sudbury Town",
    "58": "Sudbury Hill",
    "59": "South Harrow",
    "60": "Rayners Lane",
    "61": "Eastcote",
    "62": "Ruislip Manor",
    "63": "Ruislip",
    "64": "Ickenham",
    "65": "Hillingdon",
    "66": "Uxbridge",
    "67": "South Ealing",
    "68": "Northfields",
    "69": "Boston Manor",
    "70": "Osterley",
    "71": "Hounslow East",
    "72": "Hounslow Central",
    "73": "Hounslow West",
    "74": "Hatton Cross",
    "75": "Heathrow Terminal 4",
    "76": "\"Heathrow Terminals 1,2,3\"",
    "77": "Heathrow Terminal 5",
    "78": "Piccadilly",
    "79": "Walthamstow Central",
    "80": "Blackhorse Road",
    "81": "Tottenham Hale",
    "82": "Seven Sisters",
    "83": "Highbury & Islington",
    "84": "Euston",
    "85": "Warren Street",
    "86": "Victoria",
    "87": "Pimlico",
    "88": "Vauxhall",
    "89": "Stockwell",
    "90": "Brixton",
    "91": "Bank",
    "92": "Waterloo & City",
    "93": "Tower Gateway",
    "94": "Shadwell",
    "95": "Limehouse",
    "96": "Westferry",
    "97": "West India Quay",
    "98": "Canary Wharf",
    "99": "Heron Quays",
    "100": "South Quay",
    "101": "Crossharbor&London Arena",
    "102": "Mudchute",
    "103": "Island Gardens",
    "104": "Cutty Sark",
    "105": "Greenwich",
    "106": "Deptford Bridge",
    "107": "Elverson Road",
    "108": "Lewisham",
    "109": "Poplar",
    "110": "All Saints",
    "111": "Devons Road",
    "112": "Bow Church",
    "113": "Pudding Mill Lane",
    "114": "Stratford",
    "115": "Blackwall",
    "116": "East India",
    "117": "Canning Town",
    "118": "West Silverstown",
    "119": "Pontoon Dock",
    "120": "London City Airport",
    "121": "King George V",
    "122": "Woolwich Arsenal",
    "123": "Royal Victoria",
    "124": "Custom House",
    "125": "Prince Regent",
    "126": "Royal Albert",
    "127": "Beckton Park",
    "128": "Cyprus",
    "129": "Gallions Reach",
    "130": "Beckton",
    "131": "Docklands Light Railway",
    "132": "West Ruislip",
    "133": "Ruislip Gardens",
    "134": "South Ruislip",
    "135": "Nortolt",
    "136": "Greenford",
    "137": "Perivale",
    "138": "Hanger Lane",
    "139": "Ealing Broadway",
    "140": "West Acton",
    "141": "North Acton",
    "142": "East Acton",
    "143": "White City",
    "144": "Shepherd's Bush",
    "145": "Holland Park",
    "146": "Notting Hill Gate",
    "147": "Queensway",
    "148": "Lancaster Gate",
    "149": "Marble Arch",
    "150": "Bond Street",
    "151": "Tottenham Court Road",
    "152": "Chancery Lane",
    "153": "St.Paul's",
    "154": "Liverpool Street",
    "155": "Bethnal Green",
    "156": "Mile End",
    "157": "Leyton",
    "158": "Leytonstone",
    "159": "Snaresbrook",
    "160": "South Woodford",
    "161": "Woodford",
    "162": "Buckhurst Hill",
    "163": "Loughton",
    "164": "Debden",
    "165": "Theydon Bois",
    "166": "Epping",
    "167": "Wanstead",
    "168": "Redbridge",
    "169": "Gants Hill",
    "170": "Newbury Park",
    "171": "Barkingside",
    "172": "Fairlop",
    "173": "Hainault",
    "174": "Grange Hill",
    "175": "Chigwell",
    "176": "Roding Valley",
    "177": "Central",
    "178": "Great Portland Street",
    "179": "Euston Square",
    "180": "Farringdon",
    "181": "Barbican",
    "182": "Moorgate",
    "183": "Aldgate",
    "184": "Tower Hill",
    "185": "Monument",
    "186": "Cannon Street",
    "187": "Mansion House",
    "188": "Blackfriars",
    "189": "Temple",
    "190": "Westminster",
    "191": "St.James's Park",
    "192": "Sloane Square",
    "193": "High Street Kensington",
    "194": "Bayswater",
    "195": "Circle",
    "196": "Upminster",
    "197": "Upminster Bridge",
    "198": "Hornchurch",
    "199": "Elm Park",
    "200": "Dagenham East",
    "201": "Dagenham Heathway",
    "202": "Becontree",
    "203": "Upney",
    "204": "Barking",
    "205": "East Ham",
    "206": "Upton Park",
    "207": "Plaistow",
    "208": "West Ham",
    "209": "Bromley-by-Bow",
    "210": "Bow Road",
    "211": "Stepney Green",
    "212": "Whitechapel",
    "213": "Aldgate East",
    "214": "West Kensington",
    "215": "Ravenscourt Park",
    "216": "Stamford Brook",
    "217": "Chiswich Park",
    "218": "Gunnersbury",
    "219": "Kew Gardens",
    "220": "Richmond",
    "221": "West Brompton",
    "222": "Fulham Broadway",
    "223": "Parsons Green",
    "224": "Putney Bridge",
    "225": "East Putney",
    "226": "Southfields",
    "227": "Wimbledon Park",
    "228": "Wimbledon",
    "229": "Kensington Olympia",
    "230": "District",
    "231": "Shoreditch",
    "232": "Wapping",
    "233": "Rotherhithe",
    "234": "Canada Water",
    "235": "Surrey Quays",
    "236": "New Cross",
    "237": "New Cross Gate",
    "238": "East London",
    "239": "Goldhawk Road",
    "240": "Wood Lane",
    "241": "Latimer Road",
    "242": "Ladbroke Grove",
    "243": "Westbourne Park",
    "244": "Royal Oak",
    "245": "Hammersmith & City",
    "246": "Stanmore",
    "247": "Canons Park",
    "248": "Queensbury",
    "249": "Kingsbury",
    "250": "Wembley Park",
    "251": "Neasden",
    "252": "Dollis Hill",
    "253": "Willesden Green",
    "254": "Kilburn",
    "255": "West Hampstead",
    "256": "Finchley Road",
    "257": "Swiss Cottage",
    "258": "St. John's Wood",
    "259": "Southwark",
    "260": "London Bridge",
    "261": "Bermondsey",
    "262": "North Greenwich",
    "263": "Jubilee",
    "264": "Preston Road",
    "265": "Northwick Park",
    "266": "Harrow-on-the-Hill",
    "267": "North Harrow",
    "268": "Pinner",
    "269": "Northwood Hills",
    "270": "Northwood",
    "271": "Moor Park",
    "272": "Rickmansworth",
    "273": "Chorleywood",
    "274": "Chalfont & Latimer",
    "275": "Amersham",
    "276": "Croxley",
    "277": "Watford",
    "278": "Chesham",
    "279": "West Harrow",
    "280": "Metropolitan",
    "281": "High Barnet",
    "282": "Totteridge & Whetstone",
    "283": "Woodside Park",
    "284": "West Finchley",
    "285": "Finchley Central",
    "286": "East Finchley",
    "287": "Highgate",
    "288": "Archway",
    "289": "Tufnell Park",
    "290": "Kentish Town",
    "291": "Mill Hill East",
    "292": "Edgware",
    "293": "Burnt Oak",
    "294": "Colindale",
    "295": "Hendon Central",
    "296": "Brent Cross",
    "297": "Golders Green",
    "298": "Hampstead",
    "299": "Belsize Park",
    "300": "Chalk Farm",
    "301": "Camden Town",
    "302": "Mornington Crescent",
    "303": "Goodge Street",
    "304": "Angel",
    "305": "Old Street",
    "306": "Borough",
    "307": "Kennington",
    "308": "Oval",
    "309": "Clapham North",
    "310": "Clapham Common",
    "311": "Clapham South",
    "312": "Balham",
    "313": "Tooting Bec",
    "314": "Tooting Broadway",
    "315": "Colliers Wood",
    "316": "South Wimbledon",
    "317": "Morden",
    "318": "Northern",
    "319": "Metro",
    "320": "ROOT",
    "321": "Metro",
    "322": "Shema ot 12.02.2009g.\nAll information from http://tube.tfl.gov.uk.\nInformatsiju o muzejah i galerejah prislal Igor' Stepanov\nInformatsija po liftam dlja invalidov, aeroportam i rabote stantsij - Zhuk Jurij.",
    "323": "Imported from http://pmetro.su"
}