{
    "0": "Meinohama",
    "1": "Muromi",
    "2": "Fujisaki",
    "3": "Nishijin",
    "4": "Tojinmachi",
    "5": "Ohorikoen",
    "6": "Akasaka",
    "7": "Tenjin",
    "8": "Nakasu-Kawabata",
    "9": "Gion",
    "10": "Hakata",
    "11": "Higashi-Hie",
    "12": "Fukuokakuko",
    "13": "Kuko",
    "14": "Gofukumachi",
    "15": "Chiyo-Kenchoguchi",
    "16": "Maidashi-Kyudai-byoin-mae",
    "17": "Hakozaki-Miyamae",
    "18": "Hakozaki-Kyudai-mae",
    "19": "Kaizuka",
    "20": "Hakozaki",
    "21": "Hashimoto",
    "22": "Jiromaru",
    "23": "Kamo",
    "24": "Noke",
    "25": "Umebayashi",
    "26": "Fukudaimae",
    "27": "Nanakuma",
    "28": "Kanayama",
    "29": "Chayama",
    "30": "Befu",
    "31": "Ropponmatsu",
    "32": "Sakurazaka",
    "33": "Yakuin-odori",
    "34": "Yakuin",
    "35": "Watanabe-dori",
    "36": "Tenjin-Minami",
    "37": "Метро",
    "38": "ROOT",
    "39": "Схема от 13.03.2011г.\nАвтор: Варламов Дмитрий (www.chpeks.com)",
    "40": "Imported from http://pmetro.su"
}