{
    "city_id": 5008414,
    "comments_text_id": 42,
    "default_locale": "ru",
    "delays": [
        {
            "ranges": [
                "08:00-20:00"
            ],
            "type": "day",
            "weekdays": null
        },
        {
            "ranges": [
                "20:00-24:00",
                "00:00-05:00"
            ],
            "type": "night",
            "weekdays": null
        }
    ],
    "description_text_id": 41,
    "file": "Saint-Louis.zip",
    "latitude": 43.40836,
    "locales": [
        "ru",
        "en"
    ],
    "longitude": -84.60667,
    "map_id": "Saint-Louis.zip",
    "schemes": [
        {
            "default_transports": [
                "metro"
            ],
            "file": "schemes/metro.json",
            "name": "metro",
            "name_text_id": 39,
            "root": true,
            "transports": [
                "metro"
            ],
            "type_name": "ROOT",
            "type_text_id": 40
        }
    ],
    "timestamp": 1754434800.0,
    "transport_types": [
        "Электричка"
    ],
    "transports": [
        {
            "file": "transports/metro.json",
            "name": "metro",
            "type": "Электричка"
        }
    ]
}