{
    "0": "La Rose",
    "1": "Frais Vallon",
    "2": "Malpasse",
    "3": "Saint Just",
    "4": "Chartreux",
    "5": "Cinq Avenues/Longchamp",
    "6": "Rjformjs/Canebiire",
    "7": "Gare Saint Charles",
    "8": "Colbert/Hftel de la Rjgion",
    "9": "Vieux Port/Hftel de Ville",
    "10": "Estrangin/Prjfecture",
    "11": "Castellane",
    "12": "Baille",
    "13": "La Timone",
    "14": "1",
    "15": "Bougainville",
    "16": "National",
    "17": "Djsirje Clary",
    "18": "Joliette",
    "19": "Jules Guesde",
    "20": "Noailles",
    "21": "Notre Dame du Mont/Cours Julien",
    "22": "Pjrier",
    "23": "Rond-Point du Prado",
    "24": "Sainte Marguerite/Dromel",
    "25": "2",
    "26": "Metro",
    "27": "ROOT",
    "28": "Shema ot 18.07.2005g.",
    "29": "Imported from http://pmetro.su"
}