{
    "default_transports": [
        "metro"
    ],
    "height": 824,
    "images": [
        "res/schemes/yokohama.svg"
    ],
    "is_vector": true,
    "lines": [
        {
            "labels_bg_color": "FEFAEC",
            "labels_color": "3269AE",
            "line_color": "3269AE",
            "line_width": 7,
            "name": "1",
            "segments": [
                [
                    0,
                    1,
                    [
                        [
                            259,
                            41
                        ],
                        [
                            224,
                            41
                        ]
                    ],
                    true
                ],
                [
                    1,
                    2,
                    [
                        [
                            280.0,
                            64.0
                        ],
                        [
                            280.2,
                            61.92
                        ],
                        [
                            280.31,
                            59.94
                        ],
                        [
                            280.33,
                            58.05
                        ],
                        [
                            280.25,
                            56.25
                        ],
                        [
                            280.08,
                            54.55
                        ],
                        [
                            279.81,
                            52.94
                        ],
                        [
                            279.45,
                            51.43
                        ],
                        [
                            279.0,
                            50.0
                        ],
                        [
                            278.45,
                            48.66
                        ],
                        [
                            277.81,
                            47.4
                        ],
                        [
                            277.08,
                            46.25
                        ],
                        [
                            276.25,
                            45.19
                        ],
                        [
                            275.33,
                            44.23
                        ],
                        [
                            274.31,
                            43.38
                        ],
                        [
                            273.2,
                            42.63
                        ],
                        [
                            272.0,
                            42.0
                        ],
                        [
                            270.7,
                            41.49
                        ],
                        [
                            269.31,
                            41.09
                        ],
                        [
                            267.83,
                            40.8
                        ],
                        [
                            266.25,
                            40.62
                        ],
                        [
                            264.58,
                            40.55
                        ],
                        [
                            262.81,
                            40.59
                        ],
                        [
                            260.95,
                            40.74
                        ],
                        [
                            259.0,
                            41.0
                        ]
                    ],
                    true
                ],
                [
                    2,
                    3,
                    [
                        [
                            280,
                            95
                        ],
                        [
                            280,
                            64
                        ]
                    ],
                    true
                ],
                [
                    3,
                    4,
                    [
                        [
                            305.0,
                            113.0
                        ],
                        [
                            301.91,
                            113.28
                        ],
                        [
                            299.03,
                            113.38
                        ],
                        [
                            296.35,
                            113.28
                        ],
                        [
                            293.88,
                            113.0
                        ],
                        [
                            291.6,
                            112.53
                        ],
                        [
                            289.53,
                            111.88
                        ],
                        [
                            287.66,
                            111.03
                        ],
                        [
                            286.0,
                            110.0
                        ],
                        [
                            284.54,
                            108.78
                        ],
                        [
                            283.28,
                            107.38
                        ],
                        [
                            282.23,
                            105.78
                        ],
                        [
                            281.38,
                            104.0
                        ],
                        [
                            280.73,
                            102.03
                        ],
                        [
                            280.28,
                            99.88
                        ],
                        [
                            280.04,
                            97.53
                        ],
                        [
                            280.0,
                            95.0
                        ]
                    ],
                    true
                ],
                [
                    4,
                    5,
                    [
                        [
                            343,
                            113
                        ],
                        [
                            305,
                            113
                        ]
                    ],
                    true
                ],
                [
                    5,
                    6,
                    [
                        [
                            375,
                            113
                        ],
                        [
                            343,
                            113
                        ]
                    ],
                    true
                ],
                [
                    6,
                    7,
                    [
                        [
                            392.0,
                            140.0
                        ],
                        [
                            392.09,
                            137.15
                        ],
                        [
                            392.12,
                            134.47
                        ],
                        [
                            392.09,
                            131.96
                        ],
                        [
                            392.0,
                            129.62
                        ],
                        [
                            391.84,
                            127.45
                        ],
                        [
                            391.62,
                            125.45
                        ],
                        [
                            391.33,
                            123.62
                        ],
                        [
                            391.0,
                            122.0
                        ],
                        [
                            390.63,
                            120.62
                        ],
                        [
                            390.2,
                            119.43
                        ],
                        [
                            389.7,
                            118.39
                        ],
                        [
                            389.12,
                            117.5
                        ],
                        [
                            388.48,
                            116.73
                        ],
                        [
                            387.74,
                            116.07
                        ],
                        [
                            386.92,
                            115.5
                        ],
                        [
                            386.0,
                            115.0
                        ],
                        [
                            384.96,
                            114.5
                        ],
                        [
                            383.82,
                            114.05
                        ],
                        [
                            382.58,
                            113.68
                        ],
                        [
                            381.25,
                            113.38
                        ],
                        [
                            379.83,
                            113.16
                        ],
                        [
                            378.31,
                            113.03
                        ],
                        [
                            376.7,
                            112.98
                        ],
                        [
                            375.0,
                            113.0
                        ]
                    ],
                    true
                ],
                [
                    7,
                    8,
                    [
                        [
                            392,
                            174
                        ],
                        [
                            392,
                            140
                        ]
                    ],
                    true
                ],
                [
                    8,
                    9,
                    [
                        [
                            392,
                            207
                        ],
                        [
                            392,
                            174
                        ]
                    ],
                    true
                ],
                [
                    9,
                    10,
                    [
                        [
                            392,
                            242
                        ],
                        [
                            392,
                            207
                        ]
                    ],
                    true
                ],
                [
                    10,
                    11,
                    [
                        [
                            392,
                            273
                        ],
                        [
                            392,
                            242
                        ]
                    ],
                    true
                ],
                [
                    11,
                    12,
                    [
                        [
                            392,
                            306
                        ],
                        [
                            392,
                            273
                        ]
                    ],
                    true
                ],
                [
                    12,
                    13,
                    [
                        [
                            400.0,
                            346.0
                        ],
                        [
                            399.03,
                            344.2
                        ],
                        [
                            398.12,
                            342.31
                        ],
                        [
                            397.28,
                            340.33
                        ],
                        [
                            396.5,
                            338.25
                        ],
                        [
                            395.78,
                            336.08
                        ],
                        [
                            395.12,
                            333.81
                        ],
                        [
                            394.53,
                            331.45
                        ],
                        [
                            394.0,
                            329.0
                        ],
                        [
                            393.53,
                            326.45
                        ],
                        [
                            393.12,
                            323.81
                        ],
                        [
                            392.78,
                            321.08
                        ],
                        [
                            392.5,
                            318.25
                        ],
                        [
                            392.28,
                            315.33
                        ],
                        [
                            392.12,
                            312.31
                        ],
                        [
                            392.03,
                            309.2
                        ],
                        [
                            392.0,
                            306.0
                        ]
                    ],
                    true
                ],
                [
                    13,
                    14,
                    [
                        [
                            425,
                            371
                        ],
                        [
                            400,
                            346
                        ]
                    ],
                    true
                ],
                [
                    14,
                    15,
                    [
                        [
                            449.0,
                            407.0
                        ],
                        [
                            448.91,
                            405.22
                        ],
                        [
                            448.62,
                            403.38
                        ],
                        [
                            448.16,
                            401.47
                        ],
                        [
                            447.5,
                            399.5
                        ],
                        [
                            446.66,
                            397.47
                        ],
                        [
                            445.62,
                            395.38
                        ],
                        [
                            444.41,
                            393.22
                        ],
                        [
                            443.0,
                            391.0
                        ],
                        [
                            441.41,
                            388.72
                        ],
                        [
                            439.62,
                            386.38
                        ],
                        [
                            437.66,
                            383.97
                        ],
                        [
                            435.5,
                            381.5
                        ],
                        [
                            433.16,
                            378.97
                        ],
                        [
                            430.62,
                            376.38
                        ],
                        [
                            427.91,
                            373.72
                        ],
                        [
                            425.0,
                            371.0
                        ]
                    ],
                    true
                ]
            ],
            "stations": [
                {
                    "coord": [
                        224,
                        41
                    ],
                    "is_working": true,
                    "name": "Azamino",
                    "rect": [
                        170,
                        34,
                        45,
                        15
                    ],
                    "text_id": 0,
                    "uid": 0
                },
                {
                    "coord": [
                        259,
                        41
                    ],
                    "is_working": true,
                    "name": "Nakagawa",
                    "rect": [
                        236,
                        19,
                        54,
                        15
                    ],
                    "text_id": 1,
                    "uid": 1
                },
                {
                    "coord": [
                        280,
                        64
                    ],
                    "is_working": true,
                    "name": "Center-Kita",
                    "rect": [
                        213,
                        58,
                        58,
                        15
                    ],
                    "text_id": 2,
                    "uid": 2
                },
                {
                    "coord": [
                        280,
                        95
                    ],
                    "is_working": true,
                    "name": "Center-Minami",
                    "rect": [
                        197,
                        88,
                        74,
                        15
                    ],
                    "text_id": 3,
                    "uid": 3
                },
                {
                    "coord": [
                        305,
                        113
                    ],
                    "is_working": true,
                    "name": "Nakamachidai",
                    "rect": [
                        290,
                        122,
                        73,
                        15
                    ],
                    "text_id": 4,
                    "uid": 4
                },
                {
                    "coord": [
                        343,
                        113
                    ],
                    "is_working": true,
                    "name": "Nippa",
                    "rect": [
                        329,
                        90,
                        31,
                        15
                    ],
                    "text_id": 5,
                    "uid": 5
                },
                {
                    "coord": [
                        375,
                        113
                    ],
                    "is_working": true,
                    "name": "Shin-Yokohama Kita",
                    "rect": [
                        376,
                        90,
                        102,
                        15
                    ],
                    "text_id": 6,
                    "uid": 6
                },
                {
                    "coord": [
                        392,
                        140
                    ],
                    "is_working": true,
                    "name": "Shin-Yokohama",
                    "rect": [
                        401,
                        133,
                        79,
                        15
                    ],
                    "text_id": 7,
                    "uid": 7
                },
                {
                    "coord": [
                        392,
                        174
                    ],
                    "is_working": true,
                    "name": "Kishine-Koen",
                    "rect": [
                        401,
                        167,
                        69,
                        15
                    ],
                    "text_id": 8,
                    "uid": 8
                },
                {
                    "coord": [
                        392,
                        207
                    ],
                    "is_working": true,
                    "name": "Katakuracho",
                    "rect": [
                        401,
                        200,
                        65,
                        15
                    ],
                    "text_id": 9,
                    "uid": 9
                },
                {
                    "coord": [
                        392,
                        242
                    ],
                    "is_working": true,
                    "name": "Mituzawa-Kamicho",
                    "rect": [
                        401,
                        235,
                        95,
                        15
                    ],
                    "text_id": 10,
                    "uid": 10
                },
                {
                    "coord": [
                        392,
                        273
                    ],
                    "is_working": true,
                    "name": "Mituzawa-Shimocho",
                    "rect": [
                        283,
                        265,
                        100,
                        15
                    ],
                    "text_id": 11,
                    "uid": 11
                },
                {
                    "coord": [
                        392,
                        306
                    ],
                    "is_working": true,
                    "name": "Yokohama",
                    "rect": [
                        329,
                        299,
                        54,
                        15
                    ],
                    "text_id": 12,
                    "uid": 12
                },
                {
                    "coord": [
                        400,
                        346
                    ],
                    "is_working": true,
                    "name": "Takashimacho",
                    "rect": [
                        317,
                        340,
                        74,
                        15
                    ],
                    "text_id": 13,
                    "uid": 13
                },
                {
                    "coord": [
                        425,
                        371
                    ],
                    "is_working": true,
                    "name": "Sakuragicho",
                    "rect": [
                        352,
                        370,
                        64,
                        15
                    ],
                    "text_id": 14,
                    "uid": 14
                },
                {
                    "coord": [
                        449,
                        407
                    ],
                    "is_working": true,
                    "name": "Kannai",
                    "rect": [
                        400,
                        399,
                        37,
                        15
                    ],
                    "text_id": 15,
                    "uid": 15
                }
            ],
            "text_id": 16
        },
        {
            "labels_bg_color": "FEFAEC",
            "labels_color": "4289BE",
            "line_color": "4289BE",
            "line_width": 7,
            "name": "3",
            "segments": [
                [
                    16,
                    17,
                    [
                        [
                            449,
                            438
                        ],
                        [
                            449,
                            407
                        ]
                    ],
                    true
                ],
                [
                    17,
                    18,
                    [
                        [
                            437.0,
                            462.0
                        ],
                        [
                            438.45,
                            460.97
                        ],
                        [
                            439.81,
                            459.88
                        ],
                        [
                            441.08,
                            458.72
                        ],
                        [
                            442.25,
                            457.5
                        ],
                        [
                            443.33,
                            456.22
                        ],
                        [
                            444.31,
                            454.88
                        ],
                        [
                            445.2,
                            453.47
                        ],
                        [
                            446.0,
                            452.0
                        ],
                        [
                            446.7,
                            450.47
                        ],
                        [
                            447.31,
                            448.88
                        ],
                        [
                            447.83,
                            447.22
                        ],
                        [
                            448.25,
                            445.5
                        ],
                        [
                            448.58,
                            443.72
                        ],
                        [
                            448.81,
                            441.88
                        ],
                        [
                            448.95,
                            439.97
                        ],
                        [
                            449.0,
                            438.0
                        ]
                    ],
                    true
                ],
                [
                    18,
                    19,
                    [
                        [
                            415,
                            484
                        ],
                        [
                            437,
                            462
                        ]
                    ],
                    true
                ],
                [
                    19,
                    20,
                    [
                        [
                            393,
                            506
                        ],
                        [
                            415,
                            484
                        ]
                    ],
                    true
                ],
                [
                    20,
                    21,
                    [
                        [
                            374,
                            525
                        ],
                        [
                            393,
                            506
                        ]
                    ],
                    true
                ],
                [
                    21,
                    22,
                    [
                        [
                            356,
                            543
                        ],
                        [
                            374,
                            525
                        ]
                    ],
                    true
                ],
                [
                    22,
                    23,
                    [
                        [
                            314.0,
                            550.0
                        ],
                        [
                            317.33,
                            550.15
                        ],
                        [
                            320.56,
                            550.22
                        ],
                        [
                            323.7,
                            550.21
                        ],
                        [
                            326.75,
                            550.12
                        ],
                        [
                            329.7,
                            549.96
                        ],
                        [
                            332.56,
                            549.72
                        ],
                        [
                            335.33,
                            549.4
                        ],
                        [
                            338.0,
                            549.0
                        ],
                        [
                            340.58,
                            548.52
                        ],
                        [
                            343.06,
                            547.97
                        ],
                        [
                            345.45,
                            547.34
                        ],
                        [
                            347.75,
                            546.62
                        ],
                        [
                            349.95,
                            545.84
                        ],
                        [
                            352.06,
                            544.97
                        ],
                        [
                            354.08,
                            544.02
                        ],
                        [
                            356.0,
                            543.0
                        ]
                    ],
                    true
                ],
                [
                    23,
                    24,
                    [
                        [
                            271,
                            550
                        ],
                        [
                            314,
                            550
                        ]
                    ],
                    true
                ],
                [
                    24,
                    25,
                    [
                        [
                            233,
                            550
                        ],
                        [
                            271,
                            550
                        ]
                    ],
                    true
                ],
                [
                    25,
                    26,
                    [
                        [
                            200,
                            550
                        ],
                        [
                            233,
                            550
                        ]
                    ],
                    true
                ],
                [
                    26,
                    27,
                    [
                        [
                            163.0,
                            567.0
                        ],
                        [
                            164.43,
                            565.3
                        ],
                        [
                            165.84,
                            563.69
                        ],
                        [
                            167.24,
                            562.17
                        ],
                        [
                            168.62,
                            560.75
                        ],
                        [
                            170.01,
                            559.42
                        ],
                        [
                            171.37,
                            558.18
                        ],
                        [
                            172.71,
                            557.04
                        ],
                        [
                            174.0,
                            556.0
                        ],
                        [
                            175.19,
                            555.08
                        ],
                        [
                            176.35,
                            554.26
                        ],
                        [
                            177.51,
                            553.52
                        ],
                        [
                            178.69,
                            552.88
                        ],
                        [
                            179.91,
                            552.3
                        ],
                        [
                            181.18,
                            551.8
                        ],
                        [
                            182.53,
                            551.37
                        ],
                        [
                            184.0,
                            551.0
                        ],
                        [
                            185.64,
                            550.67
                        ],
                        [
                            187.41,
                            550.38
                        ],
                        [
                            189.28,
                            550.16
                        ],
                        [
                            191.25,
                            550.0
                        ],
                        [
                            193.3,
                            549.91
                        ],
                        [
                            195.44,
                            549.88
                        ],
                        [
                            197.67,
                            549.91
                        ],
                        [
                            200.0,
                            550.0
                        ]
                    ],
                    true
                ],
                [
                    27,
                    28,
                    [
                        [
                            141,
                            589
                        ],
                        [
                            163,
                            567
                        ]
                    ],
                    true
                ],
                [
                    28,
                    29,
                    [
                        [
                            119,
                            611
                        ],
                        [
                            141,
                            589
                        ]
                    ],
                    true
                ],
                [
                    29,
                    30,
                    [
                        [
                            99,
                            631
                        ],
                        [
                            119,
                            611
                        ]
                    ],
                    true
                ],
                [
                    30,
                    31,
                    [
                        [
                            79,
                            651
                        ],
                        [
                            99,
                            631
                        ]
                    ],
                    true
                ],
                [
                    31,
                    32,
                    [
                        [
                            56,
                            674
                        ],
                        [
                            79,
                            651
                        ]
                    ],
                    true
                ]
            ],
            "stations": [
                {
                    "coord": [
                        449,
                        407
                    ],
                    "is_working": true,
                    "name": "Kannai",
                    "rect": [
                        461,
                        399,
                        37,
                        15
                    ],
                    "text_id": 15,
                    "uid": 16
                },
                {
                    "coord": [
                        449,
                        438
                    ],
                    "is_working": true,
                    "name": "Isezaki-Chojamachi",
                    "rect": [
                        342,
                        428,
                        99,
                        15
                    ],
                    "text_id": 17,
                    "uid": 17
                },
                {
                    "coord": [
                        437,
                        462
                    ],
                    "is_working": true,
                    "name": "Bandobashi",
                    "rect": [
                        368,
                        449,
                        61,
                        15
                    ],
                    "text_id": 18,
                    "uid": 18
                },
                {
                    "coord": [
                        415,
                        484
                    ],
                    "is_working": true,
                    "name": "Yoshinocho",
                    "rect": [
                        347,
                        472,
                        60,
                        15
                    ],
                    "text_id": 19,
                    "uid": 19
                },
                {
                    "coord": [
                        393,
                        506
                    ],
                    "is_working": true,
                    "name": "Maita",
                    "rect": [
                        355,
                        495,
                        29,
                        15
                    ],
                    "text_id": 20,
                    "uid": 20
                },
                {
                    "coord": [
                        374,
                        525
                    ],
                    "is_working": true,
                    "name": "Gumyoji",
                    "rect": [
                        323,
                        514,
                        43,
                        15
                    ],
                    "text_id": 21,
                    "uid": 21
                },
                {
                    "coord": [
                        356,
                        543
                    ],
                    "is_working": true,
                    "name": "Kamiooka",
                    "rect": [
                        365,
                        543,
                        52,
                        15
                    ],
                    "text_id": 22,
                    "uid": 22
                },
                {
                    "coord": [
                        314,
                        550
                    ],
                    "is_working": true,
                    "name": "Konanchuo",
                    "rect": [
                        303,
                        559,
                        58,
                        15
                    ],
                    "text_id": 23,
                    "uid": 23
                },
                {
                    "coord": [
                        271,
                        550
                    ],
                    "is_working": true,
                    "name": "Kaminagaya",
                    "rect": [
                        245,
                        527,
                        64,
                        15
                    ],
                    "text_id": 24,
                    "uid": 24
                },
                {
                    "coord": [
                        233,
                        550
                    ],
                    "is_working": true,
                    "name": "Shimonagaya",
                    "rect": [
                        214,
                        559,
                        69,
                        15
                    ],
                    "text_id": 25,
                    "uid": 25
                },
                {
                    "coord": [
                        200,
                        550
                    ],
                    "is_working": true,
                    "name": "Maioka",
                    "rect": [
                        166,
                        528,
                        38,
                        15
                    ],
                    "text_id": 26,
                    "uid": 26
                },
                {
                    "coord": [
                        163,
                        567
                    ],
                    "is_working": true,
                    "name": "Totuka",
                    "rect": [
                        119,
                        554,
                        35,
                        15
                    ],
                    "text_id": 27,
                    "uid": 27
                },
                {
                    "coord": [
                        141,
                        589
                    ],
                    "is_working": true,
                    "name": "Odoriba",
                    "rect": [
                        91,
                        578,
                        41,
                        15
                    ],
                    "text_id": 28,
                    "uid": 28
                },
                {
                    "coord": [
                        119,
                        611
                    ],
                    "is_working": true,
                    "name": "Nakada",
                    "rect": [
                        70,
                        598,
                        40,
                        15
                    ],
                    "text_id": 29,
                    "uid": 29
                },
                {
                    "coord": [
                        99,
                        631
                    ],
                    "is_working": true,
                    "name": "Tateba",
                    "rect": [
                        55,
                        618,
                        35,
                        15
                    ],
                    "text_id": 30,
                    "uid": 30
                },
                {
                    "coord": [
                        79,
                        651
                    ],
                    "is_working": true,
                    "name": "Shimoiida",
                    "rect": [
                        19,
                        639,
                        51,
                        15
                    ],
                    "text_id": 31,
                    "uid": 31
                },
                {
                    "coord": [
                        56,
                        674
                    ],
                    "is_working": true,
                    "name": "Shonandai",
                    "rect": [
                        66,
                        671,
                        54,
                        15
                    ],
                    "text_id": 32,
                    "uid": 32
                }
            ],
            "text_id": 33
        },
        {
            "labels_bg_color": "FEFAEC",
            "labels_color": "6BB095",
            "line_color": "6BB095",
            "line_width": 7,
            "name": "4",
            "segments": [
                [
                    33,
                    34,
                    [
                        [
                            396,
                            28
                        ],
                        [
                            428,
                            28
                        ]
                    ],
                    true
                ],
                [
                    34,
                    35,
                    [
                        [
                            367,
                            28
                        ],
                        [
                            396,
                            28
                        ]
                    ],
                    true
                ],
                [
                    35,
                    36,
                    [
                        [
                            340,
                            28
                        ],
                        [
                            367,
                            28
                        ]
                    ],
                    true
                ],
                [
                    36,
                    37,
                    [
                        [
                            306.0,
                            40.0
                        ],
                        [
                            307.42,
                            38.78
                        ],
                        [
                            308.94,
                            37.62
                        ],
                        [
                            310.55,
                            36.53
                        ],
                        [
                            312.25,
                            35.5
                        ],
                        [
                            314.05,
                            34.53
                        ],
                        [
                            315.94,
                            33.62
                        ],
                        [
                            317.92,
                            32.78
                        ],
                        [
                            320.0,
                            32.0
                        ],
                        [
                            322.17,
                            31.28
                        ],
                        [
                            324.44,
                            30.62
                        ],
                        [
                            326.8,
                            30.03
                        ],
                        [
                            329.25,
                            29.5
                        ],
                        [
                            331.8,
                            29.03
                        ],
                        [
                            334.44,
                            28.62
                        ],
                        [
                            337.17,
                            28.28
                        ],
                        [
                            340.0,
                            28.0
                        ]
                    ],
                    true
                ],
                [
                    37,
                    38,
                    [
                        [
                            293.0,
                            64.0
                        ],
                        [
                            292.99,
                            62.27
                        ],
                        [
                            293.09,
                            60.56
                        ],
                        [
                            293.3,
                            58.89
                        ],
                        [
                            293.62,
                            57.25
                        ],
                        [
                            294.05,
                            55.64
                        ],
                        [
                            294.59,
                            54.06
                        ],
                        [
                            295.24,
                            52.52
                        ],
                        [
                            296.0,
                            51.0
                        ],
                        [
                            296.87,
                            49.52
                        ],
                        [
                            297.84,
                            48.06
                        ],
                        [
                            298.93,
                            46.64
                        ],
                        [
                            300.12,
                            45.25
                        ],
                        [
                            301.43,
                            43.89
                        ],
                        [
                            302.84,
                            42.56
                        ],
                        [
                            304.37,
                            41.27
                        ],
                        [
                            306.0,
                            40.0
                        ]
                    ],
                    true
                ],
                [
                    38,
                    39,
                    [
                        [
                            293,
                            95
                        ],
                        [
                            293,
                            64
                        ]
                    ],
                    true
                ],
                [
                    39,
                    40,
                    [
                        [
                            272.0,
                            129.0
                        ],
                        [
                            273.77,
                            127.39
                        ],
                        [
                            275.47,
                            125.81
                        ],
                        [
                            277.09,
                            124.27
                        ],
                        [
                            278.62,
                            122.75
                        ],
                        [
                            280.09,
                            121.26
                        ],
                        [
                            281.47,
                            119.8
                        ],
                        [
                            282.77,
                            118.37
                        ],
                        [
                            284.0,
                            117.0
                        ],
                        [
                            285.15,
                            115.71
                        ],
                        [
                            286.22,
                            114.45
                        ],
                        [
                            287.21,
                            113.22
                        ],
                        [
                            288.12,
                            112.0
                        ],
                        [
                            288.96,
                            110.78
                        ],
                        [
                            289.72,
                            109.55
                        ],
                        [
                            290.4,
                            108.29
                        ],
                        [
                            291.0,
                            107.0
                        ],
                        [
                            291.52,
                            105.63
                        ],
                        [
                            291.97,
                            104.2
                        ],
                        [
                            292.34,
                            102.74
                        ],
                        [
                            292.62,
                            101.25
                        ],
                        [
                            292.84,
                            99.73
                        ],
                        [
                            292.97,
                            98.19
                        ],
                        [
                            293.02,
                            96.61
                        ],
                        [
                            293.0,
                            95.0
                        ]
                    ],
                    true
                ],
                [
                    40,
                    41,
                    [
                        [
                            251,
                            150
                        ],
                        [
                            272,
                            129
                        ]
                    ],
                    true
                ],
                [
                    41,
                    42,
                    [
                        [
                            227,
                            174
                        ],
                        [
                            251,
                            150
                        ]
                    ],
                    true
                ]
            ],
            "stations": [
                {
                    "coord": [
                        428,
                        28
                    ],
                    "is_working": true,
                    "name": "Hiyoshi",
                    "rect": [
                        413,
                        36,
                        40,
                        15
                    ],
                    "text_id": 34,
                    "uid": 33
                },
                {
                    "coord": [
                        396,
                        28
                    ],
                    "is_working": true,
                    "name": "Hiyoshi-Honcho",
                    "rect": [
                        358,
                        3,
                        81,
                        15
                    ],
                    "text_id": 35,
                    "uid": 34
                },
                {
                    "coord": [
                        367,
                        28
                    ],
                    "is_working": true,
                    "name": "Takata",
                    "rect": [
                        351,
                        35,
                        35,
                        15
                    ],
                    "text_id": 36,
                    "uid": 35
                },
                {
                    "coord": [
                        340,
                        28
                    ],
                    "is_working": true,
                    "name": "Higashiyamata",
                    "rect": [
                        264,
                        4,
                        76,
                        15
                    ],
                    "text_id": 37,
                    "uid": 36
                },
                {
                    "coord": [
                        306,
                        40
                    ],
                    "is_working": true,
                    "name": "Kitayamata",
                    "rect": [
                        308,
                        48,
                        58,
                        15
                    ],
                    "text_id": 38,
                    "uid": 37
                },
                {
                    "coord": [
                        293,
                        64
                    ],
                    "is_working": true,
                    "name": "Center-Kita",
                    "rect": [
                        213,
                        58,
                        58,
                        15
                    ],
                    "text_id": 2,
                    "uid": 38
                },
                {
                    "coord": [
                        293,
                        95
                    ],
                    "is_working": true,
                    "name": "Center-Minami",
                    "rect": [
                        197,
                        88,
                        74,
                        15
                    ],
                    "text_id": 3,
                    "uid": 39
                },
                {
                    "coord": [
                        272,
                        129
                    ],
                    "is_working": true,
                    "name": "Tsuzuki-fureainooka",
                    "rect": [
                        161,
                        117,
                        101,
                        15
                    ],
                    "text_id": 39,
                    "uid": 40
                },
                {
                    "coord": [
                        251,
                        150
                    ],
                    "is_working": true,
                    "name": "Kawawacho",
                    "rect": [
                        180,
                        137,
                        62,
                        15
                    ],
                    "text_id": 40,
                    "uid": 41
                },
                {
                    "coord": [
                        227,
                        174
                    ],
                    "is_working": true,
                    "name": "Nakayama",
                    "rect": [
                        163,
                        165,
                        55,
                        15
                    ],
                    "text_id": 41,
                    "uid": 42
                }
            ],
            "text_id": 42
        },
        {
            "labels_bg_color": "FEFAEC",
            "labels_color": "A5679E",
            "line_color": "A5679E",
            "line_width": 7,
            "name": "Minatomirai",
            "segments": [
                [
                    43,
                    44,
                    [
                        [
                            446.0,
                            317.0
                        ],
                        [
                            440.51,
                            317.13
                        ],
                        [
                            435.41,
                            317.16
                        ],
                        [
                            430.7,
                            317.07
                        ],
                        [
                            426.38,
                            316.88
                        ],
                        [
                            422.45,
                            316.57
                        ],
                        [
                            418.91,
                            316.16
                        ],
                        [
                            415.76,
                            315.63
                        ],
                        [
                            413.0,
                            315.0
                        ],
                        [
                            410.63,
                            314.26
                        ],
                        [
                            408.66,
                            313.41
                        ],
                        [
                            407.07,
                            312.45
                        ],
                        [
                            405.88,
                            311.38
                        ],
                        [
                            405.07,
                            310.2
                        ],
                        [
                            404.66,
                            308.91
                        ],
                        [
                            404.63,
                            307.51
                        ],
                        [
                            405.0,
                            306.0
                        ]
                    ],
                    true
                ],
                [
                    44,
                    45,
                    [
                        [
                            490.0,
                            340.0
                        ],
                        [
                            487.25,
                            337.04
                        ],
                        [
                            484.5,
                            334.28
                        ],
                        [
                            481.75,
                            331.73
                        ],
                        [
                            479.0,
                            329.38
                        ],
                        [
                            476.25,
                            327.23
                        ],
                        [
                            473.5,
                            325.28
                        ],
                        [
                            470.75,
                            323.54
                        ],
                        [
                            468.0,
                            322.0
                        ],
                        [
                            465.25,
                            320.66
                        ],
                        [
                            462.5,
                            319.53
                        ],
                        [
                            459.75,
                            318.6
                        ],
                        [
                            457.0,
                            317.88
                        ],
                        [
                            454.25,
                            317.35
                        ],
                        [
                            451.5,
                            317.03
                        ],
                        [
                            448.75,
                            316.91
                        ],
                        [
                            446.0,
                            317.0
                        ]
                    ],
                    true
                ],
                [
                    45,
                    46,
                    [
                        [
                            519,
                            369
                        ],
                        [
                            490,
                            340
                        ]
                    ],
                    true
                ],
                [
                    46,
                    47,
                    [
                        [
                            547,
                            397
                        ],
                        [
                            519,
                            369
                        ]
                    ],
                    true
                ],
                [
                    47,
                    48,
                    [
                        [
                            577,
                            427
                        ],
                        [
                            547,
                            397
                        ]
                    ],
                    true
                ]
            ],
            "stations": [
                {
                    "coord": [
                        405,
                        306
                    ],
                    "is_working": true,
                    "name": "Yokohama",
                    "rect": [
                        409,
                        283,
                        54,
                        15
                    ],
                    "text_id": 12,
                    "uid": 43
                },
                {
                    "coord": [
                        446,
                        317
                    ],
                    "is_working": true,
                    "name": "Shin-takashima",
                    "rect": [
                        456,
                        298,
                        78,
                        15
                    ],
                    "text_id": 43,
                    "uid": 44
                },
                {
                    "coord": [
                        490,
                        340
                    ],
                    "is_working": true,
                    "name": "Minatomirai",
                    "rect": [
                        499,
                        328,
                        60,
                        15
                    ],
                    "text_id": 44,
                    "uid": 45
                },
                {
                    "coord": [
                        519,
                        369
                    ],
                    "is_working": true,
                    "name": "Bashamichi",
                    "rect": [
                        528,
                        356,
                        61,
                        15
                    ],
                    "text_id": 45,
                    "uid": 46
                },
                {
                    "coord": [
                        547,
                        397
                    ],
                    "is_working": true,
                    "name": "Nihon-odori",
                    "rect": [
                        556,
                        383,
                        59,
                        15
                    ],
                    "text_id": 46,
                    "uid": 47
                },
                {
                    "coord": [
                        577,
                        427
                    ],
                    "is_working": true,
                    "name": "Motomachi-Chukagai",
                    "rect": [
                        586,
                        419,
                        106,
                        15
                    ],
                    "text_id": 47,
                    "uid": 48
                }
            ],
            "text_id": 44
        }
    ],
    "lines_width": 7,
    "name": "metro",
    "name_text_id": 48,
    "stations_diameter": 13.0,
    "transfers": [
        [
            15,
            16,
            [
                449,
                407
            ],
            [
                449,
                407
            ]
        ],
        [
            2,
            38,
            [
                280,
                64
            ],
            [
                293,
                64
            ]
        ],
        [
            3,
            39,
            [
                280,
                95
            ],
            [
                293,
                95
            ]
        ],
        [
            12,
            43,
            [
                392,
                306
            ],
            [
                405,
                306
            ]
        ]
    ],
    "transports": [
        "metro"
    ],
    "type_name": "ROOT",
    "type_text_id": 49,
    "upper_case": false,
    "width": 727,
    "word_wrap": false
}