{
    "0": "Дубравная",
    "1": "Проспект Победы",
    "2": "Горки",
    "3": "Аметьево",
    "4": "Суконная слобода",
    "5": "Площадь Тукая",
    "6": "Кремлевская",
    "7": "Козья слобода",
    "8": "Яшьлек",
    "9": "Северный вокзал",
    "10": "Авиастроительная",
    "11": "Первая",
    "12": "Метро",
    "13": "ROOT",
    "14": "Схема от 09.09.2018г.\nИнформация о времени проезда:\n- ждем Вашей помощи...\nКарта взята с сайта .\nИнформация по станциям - kazan1000.ru, http://kazantransport.by.ru/\nИнформация о наземном транспорте - http://kazantransport.by.ru/.",
    "15": "Imported from http://pmetro.su"
}