{
    "lines": [
        {
            "delays": [],
            "name": "Premetro",
            "scheme": null,
            "segments": [
                [
                    0,
                    1,
                    120
                ],
                [
                    1,
                    0,
                    120
                ],
                [
                    1,
                    2,
                    120
                ],
                [
                    2,
                    1,
                    120
                ],
                [
                    2,
                    3,
                    120
                ],
                [
                    3,
                    2,
                    120
                ],
                [
                    3,
                    4,
                    120
                ],
                [
                    3,
                    6,
                    120
                ],
                [
                    4,
                    3,
                    120
                ],
                [
                    4,
                    5,
                    120
                ],
                [
                    5,
                    4,
                    120
                ],
                [
                    6,
                    3,
                    120
                ],
                [
                    6,
                    7,
                    120
                ],
                [
                    7,
                    6,
                    120
                ],
                [
                    7,
                    8,
                    120
                ],
                [
                    8,
                    7,
                    120
                ],
                [
                    8,
                    9,
                    120
                ],
                [
                    9,
                    8,
                    120
                ],
                [
                    9,
                    10,
                    120
                ],
                [
                    10,
                    9,
                    120
                ]
            ],
            "stations": [
                [
                    0,
                    "Frederik van Eeden",
                    0
                ],
                [
                    1,
                    "Groenplaats",
                    1
                ],
                [
                    2,
                    "Meir",
                    2
                ],
                [
                    3,
                    "Opera",
                    3
                ],
                [
                    4,
                    "Diamant",
                    4
                ],
                [
                    5,
                    "Plantin",
                    5
                ],
                [
                    6,
                    "Astrid",
                    6
                ],
                [
                    7,
                    "Elisabeth",
                    7
                ],
                [
                    8,
                    "Handel",
                    8
                ],
                [
                    9,
                    "Schijnpoort",
                    9
                ],
                [
                    10,
                    "Sport",
                    10
                ]
            ],
            "text_id": 11
        }
    ],
    "name": "metro",
    "transfers": [],
    "type_name": "Трамвай"
}