{
    "lines": [
        {
            "delays": [],
            "name": "Karasuma",
            "scheme": null,
            "segments": [
                [
                    0,
                    1,
                    120
                ],
                [
                    1,
                    0,
                    120
                ],
                [
                    1,
                    2,
                    120
                ],
                [
                    2,
                    1,
                    120
                ],
                [
                    2,
                    3,
                    120
                ],
                [
                    3,
                    2,
                    120
                ],
                [
                    3,
                    4,
                    120
                ],
                [
                    4,
                    3,
                    120
                ],
                [
                    4,
                    5,
                    120
                ],
                [
                    5,
                    4,
                    120
                ],
                [
                    5,
                    6,
                    120
                ],
                [
                    6,
                    5,
                    120
                ],
                [
                    6,
                    7,
                    120
                ],
                [
                    7,
                    6,
                    120
                ],
                [
                    7,
                    8,
                    120
                ],
                [
                    8,
                    7,
                    120
                ],
                [
                    8,
                    9,
                    120
                ],
                [
                    9,
                    8,
                    120
                ],
                [
                    9,
                    10,
                    120
                ],
                [
                    10,
                    9,
                    120
                ],
                [
                    10,
                    11,
                    120
                ],
                [
                    11,
                    10,
                    120
                ],
                [
                    11,
                    12,
                    120
                ],
                [
                    12,
                    11,
                    120
                ],
                [
                    12,
                    13,
                    120
                ],
                [
                    13,
                    12,
                    120
                ],
                [
                    13,
                    14,
                    120
                ],
                [
                    14,
                    13,
                    120
                ]
            ],
            "stations": [
                [
                    0,
                    "Kokusaikaikan",
                    0
                ],
                [
                    1,
                    "Matsugasaki",
                    1
                ],
                [
                    2,
                    "Kitayama",
                    2
                ],
                [
                    3,
                    "Kitaoji",
                    3
                ],
                [
                    4,
                    "Kuramaguchi",
                    4
                ],
                [
                    5,
                    "Imadegawa",
                    5
                ],
                [
                    6,
                    "Marutamachi",
                    6
                ],
                [
                    7,
                    "Karasuma Oike",
                    7
                ],
                [
                    8,
                    "Shijo",
                    8
                ],
                [
                    9,
                    "Gojo",
                    9
                ],
                [
                    10,
                    "Kyoto",
                    10
                ],
                [
                    11,
                    "Kujo",
                    11
                ],
                [
                    12,
                    "Jujo",
                    12
                ],
                [
                    13,
                    "Kuinabashi",
                    13
                ],
                [
                    14,
                    "Takeda",
                    14
                ]
            ],
            "text_id": 15
        },
        {
            "delays": [],
            "name": "Tozai",
            "scheme": null,
            "segments": [
                [
                    15,
                    16,
                    120
                ],
                [
                    16,
                    15,
                    120
                ],
                [
                    16,
                    17,
                    120
                ],
                [
                    17,
                    16,
                    120
                ],
                [
                    17,
                    18,
                    120
                ],
                [
                    18,
                    17,
                    120
                ],
                [
                    18,
                    19,
                    120
                ],
                [
                    19,
                    18,
                    120
                ],
                [
                    19,
                    20,
                    120
                ],
                [
                    20,
                    19,
                    120
                ],
                [
                    20,
                    21,
                    120
                ],
                [
                    21,
                    20,
                    120
                ],
                [
                    21,
                    22,
                    120
                ],
                [
                    22,
                    21,
                    120
                ],
                [
                    22,
                    23,
                    120
                ],
                [
                    23,
                    22,
                    120
                ],
                [
                    23,
                    24,
                    120
                ],
                [
                    24,
                    23,
                    120
                ],
                [
                    24,
                    25,
                    120
                ],
                [
                    25,
                    24,
                    120
                ],
                [
                    25,
                    26,
                    120
                ],
                [
                    26,
                    25,
                    120
                ],
                [
                    26,
                    27,
                    120
                ],
                [
                    27,
                    26,
                    120
                ],
                [
                    27,
                    28,
                    120
                ],
                [
                    28,
                    27,
                    120
                ],
                [
                    28,
                    29,
                    120
                ],
                [
                    29,
                    28,
                    120
                ],
                [
                    29,
                    30,
                    120
                ],
                [
                    30,
                    29,
                    120
                ],
                [
                    30,
                    31,
                    120
                ],
                [
                    31,
                    30,
                    120
                ]
            ],
            "stations": [
                [
                    15,
                    "Uzumasa Tenjingawa",
                    16
                ],
                [
                    16,
                    "Nishioji-oike",
                    17
                ],
                [
                    17,
                    "Nijo",
                    18
                ],
                [
                    18,
                    "Nijojo-mae",
                    19
                ],
                [
                    19,
                    "Karasuma Oike",
                    7
                ],
                [
                    20,
                    "Kyoto Shiyakusho-mae",
                    20
                ],
                [
                    21,
                    "Sanjo Keihan",
                    21
                ],
                [
                    22,
                    "Higashiyama",
                    22
                ],
                [
                    23,
                    "Keage",
                    23
                ],
                [
                    24,
                    "Misasagi",
                    24
                ],
                [
                    25,
                    "Yamashina",
                    25
                ],
                [
                    26,
                    "Higashino",
                    26
                ],
                [
                    27,
                    "Nagitsuji",
                    27
                ],
                [
                    28,
                    "Ono",
                    28
                ],
                [
                    29,
                    "Daigo",
                    29
                ],
                [
                    30,
                    "Ishida",
                    30
                ],
                [
                    31,
                    "Rokujizo",
                    31
                ]
            ],
            "text_id": 32
        }
    ],
    "name": "metro",
    "transfers": [
        [
            7,
            19,
            120,
            true
        ]
    ],
    "type_name": "Метро"
}