{
    "default_transports": [
        "metro"
    ],
    "height": 683,
    "images": [
        "res/schemes/statenisland.svg"
    ],
    "is_vector": true,
    "lines": [
        {
            "labels_bg_color": "-1",
            "labels_color": "000000",
            "line_color": "101080",
            "line_width": 4,
            "name": "Staten Island Railway",
            "segments": [
                [
                    526,
                    527,
                    [
                        [
                            278,
                            22
                        ],
                        [
                            269,
                            22
                        ]
                    ],
                    true
                ],
                [
                    526,
                    528,
                    [
                        [
                            283.0,
                            41.0
                        ],
                        [
                            282.61,
                            39.84
                        ],
                        [
                            282.19,
                            38.72
                        ],
                        [
                            281.73,
                            37.65
                        ],
                        [
                            281.25,
                            36.62
                        ],
                        [
                            280.74,
                            35.64
                        ],
                        [
                            280.2,
                            34.71
                        ],
                        [
                            279.62,
                            33.83
                        ],
                        [
                            279.0,
                            33.0
                        ],
                        [
                            278.31,
                            32.24
                        ],
                        [
                            277.58,
                            31.54
                        ],
                        [
                            276.83,
                            30.88
                        ],
                        [
                            276.06,
                            30.25
                        ],
                        [
                            275.3,
                            29.66
                        ],
                        [
                            274.53,
                            29.09
                        ],
                        [
                            273.77,
                            28.54
                        ],
                        [
                            273.0,
                            28.0
                        ],
                        [
                            272.23,
                            27.44
                        ],
                        [
                            271.47,
                            26.88
                        ],
                        [
                            270.74,
                            26.34
                        ],
                        [
                            270.06,
                            25.81
                        ],
                        [
                            269.43,
                            25.32
                        ],
                        [
                            268.86,
                            24.85
                        ],
                        [
                            268.38,
                            24.41
                        ],
                        [
                            268.0,
                            24.0
                        ],
                        [
                            267.77,
                            23.64
                        ],
                        [
                            267.67,
                            23.31
                        ],
                        [
                            267.66,
                            23.01
                        ],
                        [
                            267.75,
                            22.75
                        ],
                        [
                            267.92,
                            22.52
                        ],
                        [
                            268.19,
                            22.31
                        ],
                        [
                            268.55,
                            22.14
                        ],
                        [
                            269.0,
                            22.0
                        ]
                    ],
                    true
                ],
                [
                    527,
                    528,
                    [
                        [
                            283.0,
                            41.0
                        ],
                        [
                            282.52,
                            40.23
                        ],
                        [
                            282.06,
                            39.44
                        ],
                        [
                            281.64,
                            38.61
                        ],
                        [
                            281.25,
                            37.75
                        ],
                        [
                            280.89,
                            36.88
                        ],
                        [
                            280.55,
                            35.97
                        ],
                        [
                            280.26,
                            35.02
                        ],
                        [
                            280.0,
                            34.0
                        ],
                        [
                            279.8,
                            32.86
                        ],
                        [
                            279.63,
                            31.66
                        ],
                        [
                            279.49,
                            30.45
                        ],
                        [
                            279.38,
                            29.25
                        ],
                        [
                            279.27,
                            28.08
                        ],
                        [
                            279.18,
                            26.97
                        ],
                        [
                            279.09,
                            25.93
                        ],
                        [
                            279.0,
                            25.0
                        ],
                        [
                            278.88,
                            24.26
                        ],
                        [
                            278.76,
                            23.66
                        ],
                        [
                            278.63,
                            23.15
                        ],
                        [
                            278.5,
                            22.75
                        ],
                        [
                            278.37,
                            22.42
                        ],
                        [
                            278.25,
                            22.19
                        ],
                        [
                            278.12,
                            22.05
                        ],
                        [
                            278.0,
                            22.0
                        ]
                    ],
                    true
                ],
                [
                    528,
                    529,
                    [
                        [
                            296.0,
                            60.0
                        ],
                        [
                            295.68,
                            59.55
                        ],
                        [
                            295.34,
                            59.09
                        ],
                        [
                            294.99,
                            58.62
                        ],
                        [
                            294.62,
                            58.12
                        ],
                        [
                            294.25,
                            57.62
                        ],
                        [
                            293.85,
                            57.1
                        ],
                        [
                            293.44,
                            56.56
                        ],
                        [
                            293.0,
                            56.0
                        ],
                        [
                            292.52,
                            55.41
                        ],
                        [
                            292.02,
                            54.81
                        ],
                        [
                            291.51,
                            54.19
                        ],
                        [
                            291.0,
                            53.56
                        ],
                        [
                            290.48,
                            52.93
                        ],
                        [
                            289.97,
                            52.29
                        ],
                        [
                            289.47,
                            51.64
                        ],
                        [
                            289.0,
                            51.0
                        ],
                        [
                            288.58,
                            50.37
                        ],
                        [
                            288.18,
                            49.75
                        ],
                        [
                            287.8,
                            49.12
                        ],
                        [
                            287.44,
                            48.5
                        ],
                        [
                            287.07,
                            47.88
                        ],
                        [
                            286.71,
                            47.25
                        ],
                        [
                            286.36,
                            46.62
                        ],
                        [
                            286.0,
                            46.0
                        ],
                        [
                            285.63,
                            45.38
                        ],
                        [
                            285.25,
                            44.75
                        ],
                        [
                            284.88,
                            44.12
                        ],
                        [
                            284.5,
                            43.5
                        ],
                        [
                            284.12,
                            42.88
                        ],
                        [
                            283.75,
                            42.25
                        ],
                        [
                            283.38,
                            41.62
                        ],
                        [
                            283.0,
                            41.0
                        ]
                    ],
                    true
                ],
                [
                    529,
                    530,
                    [
                        [
                            308.0,
                            79.0
                        ],
                        [
                            307.8,
                            78.38
                        ],
                        [
                            307.59,
                            77.75
                        ],
                        [
                            307.37,
                            77.12
                        ],
                        [
                            307.12,
                            76.5
                        ],
                        [
                            306.87,
                            75.88
                        ],
                        [
                            306.6,
                            75.25
                        ],
                        [
                            306.31,
                            74.63
                        ],
                        [
                            306.0,
                            74.0
                        ],
                        [
                            305.66,
                            73.36
                        ],
                        [
                            305.31,
                            72.71
                        ],
                        [
                            304.94,
                            72.07
                        ],
                        [
                            304.56,
                            71.44
                        ],
                        [
                            304.17,
                            70.8
                        ],
                        [
                            303.78,
                            70.18
                        ],
                        [
                            303.39,
                            69.58
                        ],
                        [
                            303.0,
                            69.0
                        ],
                        [
                            302.64,
                            68.47
                        ],
                        [
                            302.28,
                            67.97
                        ],
                        [
                            301.92,
                            67.48
                        ],
                        [
                            301.56,
                            67.0
                        ],
                        [
                            301.19,
                            66.51
                        ],
                        [
                            300.81,
                            66.02
                        ],
                        [
                            300.41,
                            65.52
                        ],
                        [
                            300.0,
                            65.0
                        ],
                        [
                            299.56,
                            64.44
                        ],
                        [
                            299.1,
                            63.85
                        ],
                        [
                            298.62,
                            63.25
                        ],
                        [
                            298.12,
                            62.62
                        ],
                        [
                            297.62,
                            61.99
                        ],
                        [
                            297.09,
                            61.34
                        ],
                        [
                            296.55,
                            60.68
                        ],
                        [
                            296.0,
                            60.0
                        ]
                    ],
                    true
                ],
                [
                    530,
                    531,
                    [
                        [
                            288.0,
                            147.0
                        ],
                        [
                            288.32,
                            146.12
                        ],
                        [
                            288.66,
                            145.25
                        ],
                        [
                            289.01,
                            144.38
                        ],
                        [
                            289.38,
                            143.5
                        ],
                        [
                            289.76,
                            142.62
                        ],
                        [
                            290.16,
                            141.73
                        ],
                        [
                            290.58,
                            140.86
                        ],
                        [
                            291.0,
                            140.0
                        ],
                        [
                            291.41,
                            139.19
                        ],
                        [
                            291.84,
                            138.39
                        ],
                        [
                            292.28,
                            137.58
                        ],
                        [
                            292.75,
                            136.75
                        ],
                        [
                            293.24,
                            135.9
                        ],
                        [
                            293.77,
                            135.0
                        ],
                        [
                            294.35,
                            134.05
                        ],
                        [
                            295.0,
                            133.0
                        ],
                        [
                            295.78,
                            131.8
                        ],
                        [
                            296.64,
                            130.5
                        ],
                        [
                            297.53,
                            129.15
                        ],
                        [
                            298.44,
                            127.75
                        ],
                        [
                            299.35,
                            126.33
                        ],
                        [
                            300.26,
                            124.89
                        ],
                        [
                            301.15,
                            123.44
                        ],
                        [
                            302.0,
                            122.0
                        ],
                        [
                            302.76,
                            120.59
                        ],
                        [
                            303.46,
                            119.2
                        ],
                        [
                            304.12,
                            117.82
                        ],
                        [
                            304.75,
                            116.44
                        ],
                        [
                            305.36,
                            115.05
                        ],
                        [
                            305.93,
                            113.68
                        ],
                        [
                            306.48,
                            112.32
                        ],
                        [
                            307.0,
                            111.0
                        ],
                        [
                            307.5,
                            109.74
                        ],
                        [
                            307.97,
                            108.51
                        ],
                        [
                            308.41,
                            107.28
                        ],
                        [
                            308.81,
                            106.06
                        ],
                        [
                            309.18,
                            104.84
                        ],
                        [
                            309.5,
                            103.6
                        ],
                        [
                            309.78,
                            102.33
                        ],
                        [
                            310.0,
                            101.0
                        ],
                        [
                            310.15,
                            99.56
                        ],
                        [
                            310.25,
                            98.06
                        ],
                        [
                            310.3,
                            96.54
                        ],
                        [
                            310.31,
                            95.0
                        ],
                        [
                            310.29,
                            93.47
                        ],
                        [
                            310.22,
                            91.95
                        ],
                        [
                            310.13,
                            90.46
                        ],
                        [
                            310.0,
                            89.0
                        ],
                        [
                            309.85,
                            87.62
                        ],
                        [
                            309.68,
                            86.3
                        ],
                        [
                            309.48,
                            85.01
                        ],
                        [
                            309.25,
                            83.75
                        ],
                        [
                            308.98,
                            82.52
                        ],
                        [
                            308.69,
                            81.31
                        ],
                        [
                            308.36,
                            80.14
                        ],
                        [
                            308.0,
                            79.0
                        ]
                    ],
                    true
                ],
                [
                    531,
                    532,
                    [
                        [
                            285.0,
                            172.0
                        ],
                        [
                            285.18,
                            171.43
                        ],
                        [
                            285.34,
                            170.84
                        ],
                        [
                            285.49,
                            170.24
                        ],
                        [
                            285.62,
                            169.62
                        ],
                        [
                            285.74,
                            168.99
                        ],
                        [
                            285.85,
                            168.35
                        ],
                        [
                            285.93,
                            167.68
                        ],
                        [
                            286.0,
                            167.0
                        ],
                        [
                            286.04,
                            166.29
                        ],
                        [
                            286.06,
                            165.56
                        ],
                        [
                            286.07,
                            164.82
                        ],
                        [
                            286.06,
                            164.06
                        ],
                        [
                            286.06,
                            163.3
                        ],
                        [
                            286.04,
                            162.53
                        ],
                        [
                            286.02,
                            161.76
                        ],
                        [
                            286.0,
                            161.0
                        ],
                        [
                            285.96,
                            160.28
                        ],
                        [
                            285.93,
                            159.57
                        ],
                        [
                            285.9,
                            158.85
                        ],
                        [
                            285.88,
                            158.12
                        ],
                        [
                            285.87,
                            157.38
                        ],
                        [
                            285.88,
                            156.62
                        ],
                        [
                            285.92,
                            155.83
                        ],
                        [
                            286.0,
                            155.0
                        ],
                        [
                            286.13,
                            154.12
                        ],
                        [
                            286.3,
                            153.2
                        ],
                        [
                            286.51,
                            152.24
                        ],
                        [
                            286.75,
                            151.25
                        ],
                        [
                            287.02,
                            150.23
                        ],
                        [
                            287.31,
                            149.19
                        ],
                        [
                            287.64,
                            148.11
                        ],
                        [
                            288.0,
                            147.0
                        ]
                    ],
                    true
                ],
                [
                    532,
                    533,
                    [
                        [
                            279.0,
                            196.0
                        ],
                        [
                            279.84,
                            193.8
                        ],
                        [
                            280.62,
                            191.69
                        ],
                        [
                            281.34,
                            189.67
                        ],
                        [
                            282.0,
                            187.75
                        ],
                        [
                            282.59,
                            185.92
                        ],
                        [
                            283.12,
                            184.19
                        ],
                        [
                            283.59,
                            182.55
                        ],
                        [
                            284.0,
                            181.0
                        ],
                        [
                            284.34,
                            179.55
                        ],
                        [
                            284.62,
                            178.19
                        ],
                        [
                            284.84,
                            176.92
                        ],
                        [
                            285.0,
                            175.75
                        ],
                        [
                            285.09,
                            174.67
                        ],
                        [
                            285.12,
                            173.69
                        ],
                        [
                            285.09,
                            172.8
                        ],
                        [
                            285.0,
                            172.0
                        ]
                    ],
                    true
                ],
                [
                    533,
                    534,
                    [
                        [
                            271.0,
                            216.0
                        ],
                        [
                            271.5,
                            214.75
                        ],
                        [
                            272.0,
                            213.5
                        ],
                        [
                            272.5,
                            212.25
                        ],
                        [
                            273.0,
                            211.0
                        ],
                        [
                            273.5,
                            209.75
                        ],
                        [
                            274.0,
                            208.5
                        ],
                        [
                            274.5,
                            207.25
                        ],
                        [
                            275.0,
                            206.0
                        ],
                        [
                            275.5,
                            204.75
                        ],
                        [
                            276.0,
                            203.5
                        ],
                        [
                            276.5,
                            202.25
                        ],
                        [
                            277.0,
                            201.0
                        ],
                        [
                            277.5,
                            199.75
                        ],
                        [
                            278.0,
                            198.5
                        ],
                        [
                            278.5,
                            197.25
                        ],
                        [
                            279.0,
                            196.0
                        ]
                    ],
                    true
                ],
                [
                    534,
                    535,
                    [
                        [
                            264.0,
                            232.0
                        ],
                        [
                            264.55,
                            230.77
                        ],
                        [
                            265.09,
                            229.56
                        ],
                        [
                            265.62,
                            228.39
                        ],
                        [
                            266.12,
                            227.25
                        ],
                        [
                            266.62,
                            226.14
                        ],
                        [
                            267.09,
                            225.06
                        ],
                        [
                            267.55,
                            224.02
                        ],
                        [
                            268.0,
                            223.0
                        ],
                        [
                            268.43,
                            222.02
                        ],
                        [
                            268.84,
                            221.06
                        ],
                        [
                            269.24,
                            220.14
                        ],
                        [
                            269.62,
                            219.25
                        ],
                        [
                            269.99,
                            218.39
                        ],
                        [
                            270.34,
                            217.56
                        ],
                        [
                            270.68,
                            216.77
                        ],
                        [
                            271.0,
                            216.0
                        ]
                    ],
                    true
                ],
                [
                    535,
                    536,
                    [
                        [
                            252,
                            253
                        ],
                        [
                            264,
                            232
                        ]
                    ],
                    true
                ],
                [
                    536,
                    537,
                    [
                        [
                            239.0,
                            280.0
                        ],
                        [
                            239.55,
                            279.12
                        ],
                        [
                            240.09,
                            278.25
                        ],
                        [
                            240.62,
                            277.37
                        ],
                        [
                            241.12,
                            276.5
                        ],
                        [
                            241.62,
                            275.63
                        ],
                        [
                            242.09,
                            274.75
                        ],
                        [
                            242.55,
                            273.88
                        ],
                        [
                            243.0,
                            273.0
                        ],
                        [
                            243.43,
                            272.11
                        ],
                        [
                            243.84,
                            271.21
                        ],
                        [
                            244.24,
                            270.32
                        ],
                        [
                            244.62,
                            269.44
                        ],
                        [
                            245.0,
                            268.55
                        ],
                        [
                            245.36,
                            267.68
                        ],
                        [
                            245.69,
                            266.83
                        ],
                        [
                            246.0,
                            266.0
                        ],
                        [
                            246.26,
                            265.22
                        ],
                        [
                            246.49,
                            264.47
                        ],
                        [
                            246.71,
                            263.73
                        ],
                        [
                            246.94,
                            263.0
                        ],
                        [
                            247.17,
                            262.26
                        ],
                        [
                            247.42,
                            261.52
                        ],
                        [
                            247.69,
                            260.77
                        ],
                        [
                            248.0,
                            260.0
                        ],
                        [
                            248.38,
                            259.19
                        ],
                        [
                            248.8,
                            258.35
                        ],
                        [
                            249.26,
                            257.5
                        ],
                        [
                            249.75,
                            256.62
                        ],
                        [
                            250.27,
                            255.74
                        ],
                        [
                            250.81,
                            254.84
                        ],
                        [
                            251.39,
                            253.93
                        ],
                        [
                            252.0,
                            253.0
                        ]
                    ],
                    true
                ],
                [
                    537,
                    538,
                    [
                        [
                            229.0,
                            311.0
                        ],
                        [
                            229.02,
                            310.18
                        ],
                        [
                            229.06,
                            309.34
                        ],
                        [
                            229.14,
                            308.49
                        ],
                        [
                            229.25,
                            307.62
                        ],
                        [
                            229.39,
                            306.74
                        ],
                        [
                            229.55,
                            305.85
                        ],
                        [
                            229.76,
                            304.93
                        ],
                        [
                            230.0,
                            304.0
                        ],
                        [
                            230.3,
                            303.04
                        ],
                        [
                            230.63,
                            302.06
                        ],
                        [
                            230.99,
                            301.07
                        ],
                        [
                            231.38,
                            300.06
                        ],
                        [
                            231.77,
                            299.05
                        ],
                        [
                            232.18,
                            298.04
                        ],
                        [
                            232.59,
                            297.02
                        ],
                        [
                            233.0,
                            296.0
                        ],
                        [
                            233.38,
                            295.0
                        ],
                        [
                            233.76,
                            294.0
                        ],
                        [
                            234.13,
                            293.0
                        ],
                        [
                            234.5,
                            292.0
                        ],
                        [
                            234.87,
                            291.0
                        ],
                        [
                            235.25,
                            290.0
                        ],
                        [
                            235.62,
                            289.0
                        ],
                        [
                            236.0,
                            288.0
                        ],
                        [
                            236.38,
                            287.0
                        ],
                        [
                            236.75,
                            286.0
                        ],
                        [
                            237.12,
                            285.0
                        ],
                        [
                            237.5,
                            284.0
                        ],
                        [
                            237.88,
                            283.0
                        ],
                        [
                            238.25,
                            282.0
                        ],
                        [
                            238.62,
                            281.0
                        ],
                        [
                            239.0,
                            280.0
                        ]
                    ],
                    true
                ],
                [
                    538,
                    539,
                    [
                        [
                            213.0,
                            337.0
                        ],
                        [
                            213.68,
                            336.2
                        ],
                        [
                            214.34,
                            335.41
                        ],
                        [
                            214.99,
                            334.63
                        ],
                        [
                            215.62,
                            333.88
                        ],
                        [
                            216.24,
                            333.13
                        ],
                        [
                            216.84,
                            332.4
                        ],
                        [
                            217.43,
                            331.69
                        ],
                        [
                            218.0,
                            331.0
                        ],
                        [
                            218.55,
                            330.34
                        ],
                        [
                            219.09,
                            329.69
                        ],
                        [
                            219.62,
                            329.06
                        ],
                        [
                            220.12,
                            328.44
                        ],
                        [
                            220.62,
                            327.83
                        ],
                        [
                            221.09,
                            327.22
                        ],
                        [
                            221.55,
                            326.61
                        ],
                        [
                            222.0,
                            326.0
                        ],
                        [
                            222.43,
                            325.36
                        ],
                        [
                            222.84,
                            324.72
                        ],
                        [
                            223.24,
                            324.08
                        ],
                        [
                            223.62,
                            323.44
                        ],
                        [
                            223.99,
                            322.8
                        ],
                        [
                            224.35,
                            322.18
                        ],
                        [
                            224.68,
                            321.57
                        ],
                        [
                            225.0,
                            321.0
                        ],
                        [
                            225.29,
                            320.49
                        ],
                        [
                            225.56,
                            320.01
                        ],
                        [
                            225.82,
                            319.53
                        ],
                        [
                            226.06,
                            319.06
                        ],
                        [
                            226.3,
                            318.58
                        ],
                        [
                            226.54,
                            318.08
                        ],
                        [
                            226.77,
                            317.56
                        ],
                        [
                            227.0,
                            317.0
                        ],
                        [
                            227.25,
                            316.37
                        ],
                        [
                            227.5,
                            315.7
                        ],
                        [
                            227.75,
                            314.99
                        ],
                        [
                            228.0,
                            314.25
                        ],
                        [
                            228.25,
                            313.48
                        ],
                        [
                            228.5,
                            312.69
                        ],
                        [
                            228.75,
                            311.86
                        ],
                        [
                            229.0,
                            311.0
                        ]
                    ],
                    true
                ],
                [
                    539,
                    540,
                    [
                        [
                            175.0,
                            372.0
                        ],
                        [
                            175.55,
                            371.22
                        ],
                        [
                            176.19,
                            370.38
                        ],
                        [
                            176.92,
                            369.47
                        ],
                        [
                            177.75,
                            368.5
                        ],
                        [
                            178.65,
                            367.49
                        ],
                        [
                            179.65,
                            366.41
                        ],
                        [
                            180.75,
                            365.25
                        ],
                        [
                            182.0,
                            364.0
                        ],
                        [
                            183.46,
                            362.59
                        ],
                        [
                            185.04,
                            361.09
                        ],
                        [
                            186.68,
                            359.56
                        ],
                        [
                            188.38,
                            358.0
                        ],
                        [
                            190.09,
                            356.43
                        ],
                        [
                            191.79,
                            354.89
                        ],
                        [
                            193.45,
                            353.4
                        ],
                        [
                            195.0,
                            352.0
                        ],
                        [
                            196.32,
                            350.79
                        ],
                        [
                            197.52,
                            349.7
                        ],
                        [
                            198.66,
                            348.67
                        ],
                        [
                            199.75,
                            347.69
                        ],
                        [
                            200.83,
                            346.73
                        ],
                        [
                            201.89,
                            345.8
                        ],
                        [
                            202.94,
                            344.9
                        ],
                        [
                            204.0,
                            344.0
                        ],
                        [
                            205.11,
                            343.08
                        ],
                        [
                            206.23,
                            342.17
                        ],
                        [
                            207.37,
                            341.26
                        ],
                        [
                            208.5,
                            340.38
                        ],
                        [
                            209.63,
                            339.51
                        ],
                        [
                            210.75,
                            338.66
                        ],
                        [
                            211.88,
                            337.82
                        ],
                        [
                            213.0,
                            337.0
                        ]
                    ],
                    true
                ],
                [
                    540,
                    541,
                    [
                        [
                            158.0,
                            392.0
                        ],
                        [
                            158.68,
                            391.02
                        ],
                        [
                            159.34,
                            390.06
                        ],
                        [
                            159.99,
                            389.14
                        ],
                        [
                            160.62,
                            388.25
                        ],
                        [
                            161.24,
                            387.39
                        ],
                        [
                            161.85,
                            386.56
                        ],
                        [
                            162.43,
                            385.76
                        ],
                        [
                            163.0,
                            385.0
                        ],
                        [
                            163.54,
                            384.28
                        ],
                        [
                            164.06,
                            383.6
                        ],
                        [
                            164.57,
                            382.94
                        ],
                        [
                            165.06,
                            382.31
                        ],
                        [
                            165.55,
                            381.7
                        ],
                        [
                            166.04,
                            381.12
                        ],
                        [
                            166.52,
                            380.55
                        ],
                        [
                            167.0,
                            380.0
                        ],
                        [
                            167.5,
                            379.47
                        ],
                        [
                            168.0,
                            378.95
                        ],
                        [
                            168.5,
                            378.44
                        ],
                        [
                            169.0,
                            377.94
                        ],
                        [
                            169.5,
                            377.45
                        ],
                        [
                            170.0,
                            376.96
                        ],
                        [
                            170.5,
                            376.48
                        ],
                        [
                            171.0,
                            376.0
                        ],
                        [
                            171.5,
                            375.5
                        ],
                        [
                            172.0,
                            375.0
                        ],
                        [
                            172.5,
                            374.5
                        ],
                        [
                            173.0,
                            374.0
                        ],
                        [
                            173.5,
                            373.5
                        ],
                        [
                            174.0,
                            373.0
                        ],
                        [
                            174.5,
                            372.5
                        ],
                        [
                            175.0,
                            372.0
                        ]
                    ],
                    true
                ],
                [
                    541,
                    542,
                    [
                        [
                            139.0,
                            419.0
                        ],
                        [
                            140.77,
                            416.26
                        ],
                        [
                            142.47,
                            413.66
                        ],
                        [
                            144.09,
                            411.2
                        ],
                        [
                            145.62,
                            408.88
                        ],
                        [
                            147.09,
                            406.7
                        ],
                        [
                            148.47,
                            404.66
                        ],
                        [
                            149.77,
                            402.76
                        ],
                        [
                            151.0,
                            401.0
                        ],
                        [
                            152.15,
                            399.38
                        ],
                        [
                            153.22,
                            397.91
                        ],
                        [
                            154.21,
                            396.57
                        ],
                        [
                            155.12,
                            395.38
                        ],
                        [
                            155.96,
                            394.32
                        ],
                        [
                            156.72,
                            393.41
                        ],
                        [
                            157.4,
                            392.63
                        ],
                        [
                            158.0,
                            392.0
                        ]
                    ],
                    true
                ],
                [
                    542,
                    543,
                    [
                        [
                            122.0,
                            445.0
                        ],
                        [
                            123.18,
                            443.38
                        ],
                        [
                            124.34,
                            441.75
                        ],
                        [
                            125.49,
                            440.12
                        ],
                        [
                            126.62,
                            438.5
                        ],
                        [
                            127.74,
                            436.88
                        ],
                        [
                            128.84,
                            435.25
                        ],
                        [
                            129.93,
                            433.62
                        ],
                        [
                            131.0,
                            432.0
                        ],
                        [
                            132.05,
                            430.38
                        ],
                        [
                            133.09,
                            428.75
                        ],
                        [
                            134.12,
                            427.12
                        ],
                        [
                            135.12,
                            425.5
                        ],
                        [
                            136.12,
                            423.88
                        ],
                        [
                            137.09,
                            422.25
                        ],
                        [
                            138.05,
                            420.62
                        ],
                        [
                            139.0,
                            419.0
                        ]
                    ],
                    true
                ],
                [
                    543,
                    544,
                    [
                        [
                            99.0,
                            471.0
                        ],
                        [
                            100.18,
                            469.88
                        ],
                        [
                            101.34,
                            468.75
                        ],
                        [
                            102.49,
                            467.62
                        ],
                        [
                            103.62,
                            466.5
                        ],
                        [
                            104.74,
                            465.38
                        ],
                        [
                            105.84,
                            464.25
                        ],
                        [
                            106.93,
                            463.13
                        ],
                        [
                            108.0,
                            462.0
                        ],
                        [
                            109.07,
                            460.86
                        ],
                        [
                            110.13,
                            459.71
                        ],
                        [
                            111.17,
                            458.57
                        ],
                        [
                            112.19,
                            457.44
                        ],
                        [
                            113.18,
                            456.31
                        ],
                        [
                            114.15,
                            455.19
                        ],
                        [
                            115.09,
                            454.09
                        ],
                        [
                            116.0,
                            453.0
                        ],
                        [
                            116.86,
                            451.94
                        ],
                        [
                            117.69,
                            450.9
                        ],
                        [
                            118.49,
                            449.88
                        ],
                        [
                            119.25,
                            448.88
                        ],
                        [
                            119.98,
                            447.88
                        ],
                        [
                            120.69,
                            446.91
                        ],
                        [
                            121.36,
                            445.95
                        ],
                        [
                            122.0,
                            445.0
                        ]
                    ],
                    true
                ],
                [
                    544,
                    545,
                    [
                        [
                            79.0,
                            486.0
                        ],
                        [
                            80.48,
                            484.95
                        ],
                        [
                            81.94,
                            483.91
                        ],
                        [
                            83.36,
                            482.88
                        ],
                        [
                            84.75,
                            481.88
                        ],
                        [
                            86.11,
                            480.88
                        ],
                        [
                            87.44,
                            479.91
                        ],
                        [
                            88.73,
                            478.95
                        ],
                        [
                            90.0,
                            478.0
                        ],
                        [
                            91.23,
                            477.07
                        ],
                        [
                            92.44,
                            476.16
                        ],
                        [
                            93.61,
                            475.26
                        ],
                        [
                            94.75,
                            474.38
                        ],
                        [
                            95.86,
                            473.51
                        ],
                        [
                            96.94,
                            472.66
                        ],
                        [
                            97.98,
                            471.82
                        ],
                        [
                            99.0,
                            471.0
                        ]
                    ],
                    true
                ],
                [
                    545,
                    546,
                    [
                        [
                            56.0,
                            500.0
                        ],
                        [
                            57.79,
                            498.66
                        ],
                        [
                            59.53,
                            497.38
                        ],
                        [
                            61.23,
                            496.16
                        ],
                        [
                            62.88,
                            495.0
                        ],
                        [
                            64.48,
                            493.91
                        ],
                        [
                            66.03,
                            492.88
                        ],
                        [
                            67.54,
                            491.91
                        ],
                        [
                            69.0,
                            491.0
                        ],
                        [
                            70.41,
                            490.16
                        ],
                        [
                            71.78,
                            489.38
                        ],
                        [
                            73.1,
                            488.66
                        ],
                        [
                            74.38,
                            488.0
                        ],
                        [
                            75.6,
                            487.41
                        ],
                        [
                            76.78,
                            486.88
                        ],
                        [
                            77.91,
                            486.41
                        ],
                        [
                            79.0,
                            486.0
                        ]
                    ],
                    true
                ],
                [
                    546,
                    547,
                    [
                        [
                            39.0,
                            518.0
                        ],
                        [
                            39.38,
                            517.32
                        ],
                        [
                            39.75,
                            516.66
                        ],
                        [
                            40.12,
                            516.01
                        ],
                        [
                            40.5,
                            515.38
                        ],
                        [
                            40.88,
                            514.75
                        ],
                        [
                            41.26,
                            514.15
                        ],
                        [
                            41.63,
                            513.56
                        ],
                        [
                            42.0,
                            513.0
                        ],
                        [
                            42.34,
                            512.48
                        ],
                        [
                            42.68,
                            511.98
                        ],
                        [
                            43.02,
                            511.48
                        ],
                        [
                            43.38,
                            511.0
                        ],
                        [
                            43.74,
                            510.52
                        ],
                        [
                            44.13,
                            510.03
                        ],
                        [
                            44.54,
                            509.53
                        ],
                        [
                            45.0,
                            509.0
                        ],
                        [
                            45.52,
                            508.41
                        ],
                        [
                            46.09,
                            507.78
                        ],
                        [
                            46.69,
                            507.14
                        ],
                        [
                            47.31,
                            506.5
                        ],
                        [
                            47.96,
                            505.86
                        ],
                        [
                            48.62,
                            505.23
                        ],
                        [
                            49.3,
                            504.6
                        ],
                        [
                            50.0,
                            504.0
                        ],
                        [
                            50.7,
                            503.44
                        ],
                        [
                            51.41,
                            502.9
                        ],
                        [
                            52.14,
                            502.38
                        ],
                        [
                            52.88,
                            501.88
                        ],
                        [
                            53.63,
                            501.38
                        ],
                        [
                            54.41,
                            500.91
                        ],
                        [
                            55.2,
                            500.45
                        ],
                        [
                            56.0,
                            500.0
                        ]
                    ],
                    true
                ],
                [
                    547,
                    548,
                    [
                        [
                            37.0,
                            533.0
                        ],
                        [
                            36.89,
                            531.48
                        ],
                        [
                            36.81,
                            530.03
                        ],
                        [
                            36.77,
                            528.66
                        ],
                        [
                            36.75,
                            527.38
                        ],
                        [
                            36.77,
                            526.16
                        ],
                        [
                            36.81,
                            525.03
                        ],
                        [
                            36.89,
                            523.98
                        ],
                        [
                            37.0,
                            523.0
                        ],
                        [
                            37.14,
                            522.1
                        ],
                        [
                            37.31,
                            521.28
                        ],
                        [
                            37.52,
                            520.54
                        ],
                        [
                            37.75,
                            519.88
                        ],
                        [
                            38.02,
                            519.29
                        ],
                        [
                            38.31,
                            518.78
                        ],
                        [
                            38.64,
                            518.35
                        ],
                        [
                            39.0,
                            518.0
                        ]
                    ],
                    true
                ]
            ],
            "stations": [
                {
                    "coord": [
                        269,
                        22
                    ],
                    "is_working": true,
                    "name": "RCB Ballpark",
                    "rect": [
                        192,
                        15,
                        71,
                        15
                    ],
                    "text_id": 305,
                    "uid": 526
                },
                {
                    "coord": [
                        278,
                        22
                    ],
                    "is_working": true,
                    "name": "St. George",
                    "rect": [
                        280,
                        7,
                        54,
                        15
                    ],
                    "text_id": 306,
                    "uid": 527
                },
                {
                    "coord": [
                        283,
                        41
                    ],
                    "is_working": true,
                    "name": "Tompkinsville",
                    "rect": [
                        206,
                        34,
                        71,
                        15
                    ],
                    "text_id": 307,
                    "uid": 528
                },
                {
                    "coord": [
                        296,
                        60
                    ],
                    "is_working": true,
                    "name": "Stapleton",
                    "rect": [
                        243,
                        52,
                        48,
                        15
                    ],
                    "text_id": 308,
                    "uid": 529
                },
                {
                    "coord": [
                        308,
                        79
                    ],
                    "is_working": true,
                    "name": "Clifton",
                    "rect": [
                        270,
                        71,
                        34,
                        15
                    ],
                    "text_id": 309,
                    "uid": 530
                },
                {
                    "coord": [
                        288,
                        147
                    ],
                    "is_working": true,
                    "name": "Grasmere",
                    "rect": [
                        233,
                        138,
                        51,
                        15
                    ],
                    "text_id": 310,
                    "uid": 531
                },
                {
                    "coord": [
                        285,
                        172
                    ],
                    "is_working": true,
                    "name": "Old Town",
                    "rect": [
                        235,
                        164,
                        48,
                        15
                    ],
                    "text_id": 311,
                    "uid": 532
                },
                {
                    "coord": [
                        279,
                        196
                    ],
                    "is_working": true,
                    "name": "Dongan Hills",
                    "rect": [
                        210,
                        187,
                        66,
                        15
                    ],
                    "text_id": 312,
                    "uid": 533
                },
                {
                    "coord": [
                        271,
                        216
                    ],
                    "is_working": true,
                    "name": "Jefferson Avenue",
                    "rect": [
                        277,
                        209,
                        89,
                        15
                    ],
                    "text_id": 313,
                    "uid": 534
                },
                {
                    "coord": [
                        264,
                        232
                    ],
                    "is_working": true,
                    "name": "Grant City",
                    "rect": [
                        270,
                        225,
                        52,
                        15
                    ],
                    "text_id": 314,
                    "uid": 535
                },
                {
                    "coord": [
                        252,
                        253
                    ],
                    "is_working": true,
                    "name": "New Dorp",
                    "rect": [
                        258,
                        245,
                        51,
                        15
                    ],
                    "text_id": 315,
                    "uid": 536
                },
                {
                    "coord": [
                        239,
                        280
                    ],
                    "is_working": true,
                    "name": "Oakwood Heights",
                    "rect": [
                        246,
                        273,
                        89,
                        15
                    ],
                    "text_id": 316,
                    "uid": 537
                },
                {
                    "coord": [
                        229,
                        311
                    ],
                    "is_working": true,
                    "name": "Bay Terrace",
                    "rect": [
                        161,
                        301,
                        63,
                        15
                    ],
                    "text_id": 317,
                    "uid": 538
                },
                {
                    "coord": [
                        213,
                        337
                    ],
                    "is_working": true,
                    "name": "Great Kills",
                    "rect": [
                        153,
                        325,
                        55,
                        15
                    ],
                    "text_id": 318,
                    "uid": 539
                },
                {
                    "coord": [
                        175,
                        372
                    ],
                    "is_working": true,
                    "name": "Eltingville",
                    "rect": [
                        120,
                        362,
                        51,
                        15
                    ],
                    "text_id": 319,
                    "uid": 540
                },
                {
                    "coord": [
                        158,
                        392
                    ],
                    "is_working": true,
                    "name": "Annadale",
                    "rect": [
                        106,
                        381,
                        49,
                        15
                    ],
                    "text_id": 320,
                    "uid": 541
                },
                {
                    "coord": [
                        139,
                        419
                    ],
                    "is_working": true,
                    "name": "Huguenot",
                    "rect": [
                        86,
                        409,
                        49,
                        15
                    ],
                    "text_id": 321,
                    "uid": 542
                },
                {
                    "coord": [
                        122,
                        445
                    ],
                    "is_working": true,
                    "name": "Prince's Bay",
                    "rect": [
                        53,
                        435,
                        65,
                        15
                    ],
                    "text_id": 322,
                    "uid": 543
                },
                {
                    "coord": [
                        99,
                        471
                    ],
                    "is_working": true,
                    "name": "Pleasant Plains",
                    "rect": [
                        104,
                        468,
                        79,
                        15
                    ],
                    "text_id": 323,
                    "uid": 544
                },
                {
                    "coord": [
                        79,
                        486
                    ],
                    "is_working": true,
                    "name": "Richmond Valley",
                    "rect": [
                        83,
                        484,
                        86,
                        15
                    ],
                    "text_id": 324,
                    "uid": 545
                },
                {
                    "coord": [
                        56,
                        500
                    ],
                    "is_working": true,
                    "name": "Nassau",
                    "rect": [
                        14,
                        488,
                        40,
                        15
                    ],
                    "text_id": 325,
                    "uid": 546
                },
                {
                    "coord": [
                        39,
                        518
                    ],
                    "is_working": true,
                    "name": "Atlantic",
                    "rect": [
                        44,
                        511,
                        40,
                        15
                    ],
                    "text_id": 326,
                    "uid": 547
                },
                {
                    "coord": [
                        37,
                        533
                    ],
                    "is_working": true,
                    "name": "Tottenville",
                    "rect": [
                        39,
                        527,
                        53,
                        15
                    ],
                    "text_id": 327,
                    "uid": 548
                }
            ],
            "text_id": 328
        }
    ],
    "lines_width": 4,
    "name": "statenisland",
    "name_text_id": 328,
    "stations_diameter": 6.0,
    "transfers": [],
    "transports": [
        "metro"
    ],
    "type_name": "Метро",
    "type_text_id": 414,
    "upper_case": false,
    "width": 460,
    "word_wrap": false
}