{
    "lines": [
        {
            "delays": [
                240,
                480
            ],
            "name": "Circle line",
            "scheme": null,
            "segments": [
                [
                    0,
                    1,
                    120
                ],
                [
                    0,
                    14,
                    120
                ],
                [
                    1,
                    0,
                    120
                ],
                [
                    1,
                    2,
                    120
                ],
                [
                    2,
                    1,
                    120
                ],
                [
                    2,
                    3,
                    120
                ],
                [
                    3,
                    2,
                    120
                ],
                [
                    3,
                    4,
                    60
                ],
                [
                    4,
                    3,
                    60
                ],
                [
                    4,
                    5,
                    120
                ],
                [
                    5,
                    4,
                    120
                ],
                [
                    5,
                    6,
                    60
                ],
                [
                    6,
                    5,
                    60
                ],
                [
                    6,
                    7,
                    60
                ],
                [
                    7,
                    6,
                    60
                ],
                [
                    7,
                    8,
                    60
                ],
                [
                    8,
                    7,
                    60
                ],
                [
                    8,
                    9,
                    120
                ],
                [
                    9,
                    8,
                    120
                ],
                [
                    9,
                    10,
                    60
                ],
                [
                    10,
                    9,
                    60
                ],
                [
                    10,
                    11,
                    120
                ],
                [
                    11,
                    10,
                    120
                ],
                [
                    11,
                    12,
                    120
                ],
                [
                    12,
                    11,
                    120
                ],
                [
                    12,
                    13,
                    120
                ],
                [
                    13,
                    12,
                    120
                ],
                [
                    13,
                    14,
                    60
                ],
                [
                    14,
                    0,
                    120
                ],
                [
                    14,
                    13,
                    120
                ]
            ],
            "stations": [
                [
                    0,
                    "Govan",
                    0
                ],
                [
                    1,
                    "Ibrox",
                    1
                ],
                [
                    2,
                    "Cessnock",
                    2
                ],
                [
                    3,
                    "Kinning Park",
                    3
                ],
                [
                    4,
                    "Shields Road",
                    4
                ],
                [
                    5,
                    "West Street",
                    5
                ],
                [
                    6,
                    "Bridge Street",
                    6
                ],
                [
                    7,
                    "St. Enoch",
                    7
                ],
                [
                    8,
                    "Buchanan Street",
                    8
                ],
                [
                    9,
                    "Cowcaddens",
                    9
                ],
                [
                    10,
                    "St. George's Cross",
                    10
                ],
                [
                    11,
                    "Kelvinbridge",
                    11
                ],
                [
                    12,
                    "Hillhead",
                    12
                ],
                [
                    13,
                    "Kelvinhall",
                    13
                ],
                [
                    14,
                    "Patrick",
                    14
                ]
            ],
            "text_id": 15
        }
    ],
    "name": "metro",
    "transfers": [],
    "type_name": "Метро"
}