{
    "lines": [
        {
            "delays": [],
            "name": "Higashiyama",
            "scheme": null,
            "segments": [
                [
                    0,
                    1,
                    120
                ],
                [
                    1,
                    0,
                    120
                ],
                [
                    1,
                    2,
                    120
                ],
                [
                    2,
                    1,
                    120
                ],
                [
                    2,
                    3,
                    120
                ],
                [
                    3,
                    2,
                    120
                ],
                [
                    3,
                    4,
                    120
                ],
                [
                    4,
                    3,
                    120
                ],
                [
                    4,
                    5,
                    120
                ],
                [
                    5,
                    4,
                    120
                ],
                [
                    5,
                    6,
                    120
                ],
                [
                    6,
                    5,
                    120
                ],
                [
                    6,
                    7,
                    120
                ],
                [
                    7,
                    6,
                    120
                ],
                [
                    7,
                    8,
                    120
                ],
                [
                    8,
                    7,
                    120
                ],
                [
                    8,
                    9,
                    120
                ],
                [
                    9,
                    8,
                    120
                ],
                [
                    9,
                    10,
                    120
                ],
                [
                    10,
                    9,
                    120
                ],
                [
                    10,
                    11,
                    120
                ],
                [
                    11,
                    10,
                    120
                ],
                [
                    11,
                    12,
                    120
                ],
                [
                    12,
                    11,
                    120
                ],
                [
                    12,
                    13,
                    120
                ],
                [
                    13,
                    12,
                    120
                ],
                [
                    13,
                    14,
                    120
                ],
                [
                    14,
                    13,
                    120
                ],
                [
                    14,
                    15,
                    120
                ],
                [
                    15,
                    14,
                    120
                ],
                [
                    15,
                    16,
                    120
                ],
                [
                    16,
                    15,
                    120
                ],
                [
                    16,
                    17,
                    120
                ],
                [
                    17,
                    16,
                    120
                ],
                [
                    17,
                    18,
                    120
                ],
                [
                    18,
                    17,
                    120
                ],
                [
                    18,
                    19,
                    120
                ],
                [
                    19,
                    18,
                    120
                ],
                [
                    19,
                    20,
                    120
                ],
                [
                    20,
                    19,
                    120
                ],
                [
                    20,
                    21,
                    120
                ],
                [
                    21,
                    20,
                    120
                ]
            ],
            "stations": [
                [
                    0,
                    "Takabata",
                    0
                ],
                [
                    1,
                    "Hatta",
                    1
                ],
                [
                    2,
                    "Iwatsuka",
                    2
                ],
                [
                    3,
                    "Nakamura Koen",
                    3
                ],
                [
                    4,
                    "Nakamura Nisseki",
                    4
                ],
                [
                    5,
                    "Honjin",
                    5
                ],
                [
                    6,
                    "Kamejima",
                    6
                ],
                [
                    7,
                    "Nagoya",
                    7
                ],
                [
                    8,
                    "Fushimi",
                    8
                ],
                [
                    9,
                    "Sakae",
                    9
                ],
                [
                    10,
                    "Shinsakae-machi",
                    10
                ],
                [
                    11,
                    "Chikusa",
                    11
                ],
                [
                    12,
                    "Imaike",
                    12
                ],
                [
                    13,
                    "Ikeshita",
                    13
                ],
                [
                    14,
                    "Kakuozan",
                    14
                ],
                [
                    15,
                    "Motoyama",
                    15
                ],
                [
                    16,
                    "Higashiyama Park",
                    16
                ],
                [
                    17,
                    "Hoshigaoka",
                    17
                ],
                [
                    18,
                    "Issha",
                    18
                ],
                [
                    19,
                    "Kamiyashiro",
                    19
                ],
                [
                    20,
                    "Hongo",
                    20
                ],
                [
                    21,
                    "Fujigaoka",
                    21
                ]
            ],
            "text_id": 22
        },
        {
            "delays": [],
            "name": "Meijo",
            "scheme": null,
            "segments": [
                [
                    22,
                    23,
                    120
                ],
                [
                    22,
                    49,
                    120
                ],
                [
                    23,
                    22,
                    120
                ],
                [
                    23,
                    24,
                    120
                ],
                [
                    24,
                    23,
                    120
                ],
                [
                    24,
                    25,
                    120
                ],
                [
                    25,
                    24,
                    120
                ],
                [
                    25,
                    26,
                    120
                ],
                [
                    26,
                    25,
                    120
                ],
                [
                    26,
                    27,
                    120
                ],
                [
                    27,
                    26,
                    120
                ],
                [
                    27,
                    28,
                    120
                ],
                [
                    28,
                    27,
                    120
                ],
                [
                    28,
                    29,
                    120
                ],
                [
                    29,
                    28,
                    120
                ],
                [
                    29,
                    30,
                    120
                ],
                [
                    30,
                    29,
                    120
                ],
                [
                    30,
                    31,
                    120
                ],
                [
                    31,
                    30,
                    120
                ],
                [
                    31,
                    32,
                    120
                ],
                [
                    32,
                    31,
                    120
                ],
                [
                    32,
                    33,
                    120
                ],
                [
                    33,
                    32,
                    120
                ],
                [
                    33,
                    34,
                    120
                ],
                [
                    34,
                    33,
                    120
                ],
                [
                    34,
                    35,
                    120
                ],
                [
                    35,
                    34,
                    120
                ],
                [
                    35,
                    36,
                    120
                ],
                [
                    36,
                    35,
                    120
                ],
                [
                    36,
                    37,
                    120
                ],
                [
                    37,
                    36,
                    120
                ],
                [
                    37,
                    38,
                    120
                ],
                [
                    38,
                    37,
                    120
                ],
                [
                    38,
                    39,
                    120
                ],
                [
                    39,
                    38,
                    120
                ],
                [
                    39,
                    40,
                    120
                ],
                [
                    40,
                    39,
                    120
                ],
                [
                    40,
                    41,
                    120
                ],
                [
                    41,
                    40,
                    120
                ],
                [
                    41,
                    42,
                    120
                ],
                [
                    42,
                    41,
                    120
                ],
                [
                    42,
                    43,
                    120
                ],
                [
                    43,
                    42,
                    120
                ],
                [
                    43,
                    44,
                    120
                ],
                [
                    44,
                    43,
                    120
                ],
                [
                    44,
                    45,
                    120
                ],
                [
                    45,
                    44,
                    120
                ],
                [
                    45,
                    46,
                    120
                ],
                [
                    46,
                    45,
                    120
                ],
                [
                    46,
                    47,
                    120
                ],
                [
                    47,
                    46,
                    120
                ],
                [
                    47,
                    48,
                    120
                ],
                [
                    48,
                    47,
                    120
                ],
                [
                    48,
                    49,
                    120
                ],
                [
                    49,
                    22,
                    120
                ],
                [
                    49,
                    48,
                    120
                ]
            ],
            "stations": [
                [
                    22,
                    "Kanayama",
                    23
                ],
                [
                    23,
                    "Higashi Betsuin",
                    24
                ],
                [
                    24,
                    "Kamimaezu",
                    25
                ],
                [
                    25,
                    "Yabacho",
                    26
                ],
                [
                    26,
                    "Sakae",
                    9
                ],
                [
                    27,
                    "Hisaya-odori",
                    27
                ],
                [
                    28,
                    "Shiyakusho",
                    28
                ],
                [
                    29,
                    "Meijo Koen",
                    29
                ],
                [
                    30,
                    "Kurokawa",
                    30
                ],
                [
                    31,
                    "Shiga-hondori",
                    31
                ],
                [
                    32,
                    "Heian-dori",
                    32
                ],
                [
                    33,
                    "Ozone",
                    33
                ],
                [
                    34,
                    "Nagoya Dome-mae Yada",
                    34
                ],
                [
                    35,
                    "Sunadabashi",
                    35
                ],
                [
                    36,
                    "Chayagasaka",
                    36
                ],
                [
                    37,
                    "Jiyugaoka",
                    37
                ],
                [
                    38,
                    "Motoyama",
                    15
                ],
                [
                    39,
                    "Nagoya Daigaku",
                    38
                ],
                [
                    40,
                    "Yagoto Nisseki",
                    39
                ],
                [
                    41,
                    "Yagoto",
                    40
                ],
                [
                    42,
                    "Sogo Rihabiri Center",
                    41
                ],
                [
                    43,
                    "Mizuho Undojo Higashi",
                    42
                ],
                [
                    44,
                    "Aratama-bashi",
                    43
                ],
                [
                    45,
                    "Myoon-dori",
                    44
                ],
                [
                    46,
                    "Horita",
                    45
                ],
                [
                    47,
                    "Temma-cho",
                    46
                ],
                [
                    48,
                    "Jingu-Nishi",
                    47
                ],
                [
                    49,
                    "Nishi Takakura",
                    48
                ]
            ],
            "text_id": 49
        },
        {
            "delays": [],
            "name": "Meiko",
            "scheme": null,
            "segments": [
                [
                    50,
                    51,
                    120
                ],
                [
                    51,
                    50,
                    120
                ],
                [
                    51,
                    52,
                    120
                ],
                [
                    52,
                    51,
                    120
                ],
                [
                    52,
                    53,
                    120
                ],
                [
                    53,
                    52,
                    120
                ],
                [
                    53,
                    54,
                    120
                ],
                [
                    54,
                    53,
                    120
                ],
                [
                    54,
                    55,
                    120
                ],
                [
                    55,
                    54,
                    120
                ],
                [
                    55,
                    56,
                    120
                ],
                [
                    56,
                    55,
                    120
                ]
            ],
            "stations": [
                [
                    50,
                    "Kanayama",
                    23
                ],
                [
                    51,
                    "Hibino",
                    50
                ],
                [
                    52,
                    "Rokuban-cho",
                    51
                ],
                [
                    53,
                    "Tokai-dori",
                    52
                ],
                [
                    54,
                    "Minato Kuyakusho",
                    53
                ],
                [
                    55,
                    "Tsukiji-guchi",
                    54
                ],
                [
                    56,
                    "Nagoya Port",
                    55
                ]
            ],
            "text_id": 56
        },
        {
            "delays": [],
            "name": "Meitetsu Inuyama",
            "scheme": null,
            "segments": [
                [
                    57,
                    58,
                    0
                ],
                [
                    58,
                    57,
                    0
                ],
                [
                    58,
                    59,
                    0
                ],
                [
                    59,
                    58,
                    0
                ],
                [
                    59,
                    60,
                    0
                ],
                [
                    60,
                    59,
                    0
                ],
                [
                    60,
                    61,
                    0
                ],
                [
                    61,
                    60,
                    0
                ],
                [
                    61,
                    62,
                    0
                ],
                [
                    62,
                    61,
                    0
                ],
                [
                    62,
                    63,
                    0
                ],
                [
                    63,
                    62,
                    0
                ],
                [
                    63,
                    64,
                    0
                ],
                [
                    64,
                    63,
                    0
                ],
                [
                    64,
                    65,
                    0
                ],
                [
                    65,
                    64,
                    0
                ],
                [
                    65,
                    66,
                    0
                ],
                [
                    66,
                    65,
                    0
                ],
                [
                    66,
                    67,
                    0
                ],
                [
                    67,
                    66,
                    0
                ],
                [
                    67,
                    68,
                    0
                ],
                [
                    68,
                    67,
                    0
                ],
                [
                    68,
                    69,
                    0
                ],
                [
                    69,
                    68,
                    0
                ],
                [
                    69,
                    70,
                    0
                ],
                [
                    70,
                    69,
                    0
                ],
                [
                    70,
                    71,
                    0
                ],
                [
                    71,
                    70,
                    0
                ],
                [
                    71,
                    72,
                    0
                ],
                [
                    72,
                    71,
                    0
                ],
                [
                    72,
                    73,
                    0
                ],
                [
                    73,
                    72,
                    0
                ],
                [
                    73,
                    74,
                    0
                ],
                [
                    74,
                    73,
                    0
                ]
            ],
            "stations": [
                [
                    57,
                    "Biwajima Junction",
                    57
                ],
                [
                    58,
                    "Shimo-Otai",
                    58
                ],
                [
                    59,
                    "Naka-Otai",
                    59
                ],
                [
                    60,
                    "Kami-Otai",
                    60
                ],
                [
                    61,
                    "Nishiharu",
                    61
                ],
                [
                    62,
                    "Tokushige-Nagoya-Geidai",
                    62
                ],
                [
                    63,
                    "Taisanji",
                    63
                ],
                [
                    64,
                    "Iwakura",
                    64
                ],
                [
                    65,
                    "Ishibotoke",
                    65
                ],
                [
                    66,
                    "Hotei",
                    66
                ],
                [
                    67,
                    "Konan",
                    67
                ],
                [
                    68,
                    "Kashiwamori",
                    68
                ],
                [
                    69,
                    "Fuso",
                    69
                ],
                [
                    70,
                    "Kotsuyosui",
                    70
                ],
                [
                    71,
                    "Inuyamaguchi",
                    71
                ],
                [
                    72,
                    "Inuyama",
                    72
                ],
                [
                    73,
                    "Inuyama-Yuen",
                    73
                ],
                [
                    74,
                    "Shin-Unuma",
                    74
                ]
            ],
            "text_id": 75
        },
        {
            "delays": [],
            "name": "Tsurumai",
            "scheme": null,
            "segments": [
                [
                    75,
                    76,
                    120
                ],
                [
                    76,
                    75,
                    120
                ],
                [
                    76,
                    77,
                    120
                ],
                [
                    77,
                    76,
                    120
                ],
                [
                    77,
                    78,
                    120
                ],
                [
                    78,
                    77,
                    120
                ],
                [
                    78,
                    79,
                    120
                ],
                [
                    79,
                    78,
                    120
                ],
                [
                    79,
                    80,
                    120
                ],
                [
                    80,
                    79,
                    120
                ],
                [
                    80,
                    81,
                    120
                ],
                [
                    81,
                    80,
                    120
                ],
                [
                    81,
                    82,
                    120
                ],
                [
                    82,
                    81,
                    120
                ],
                [
                    82,
                    83,
                    120
                ],
                [
                    83,
                    82,
                    120
                ],
                [
                    83,
                    84,
                    120
                ],
                [
                    84,
                    83,
                    120
                ],
                [
                    84,
                    85,
                    120
                ],
                [
                    85,
                    84,
                    120
                ],
                [
                    85,
                    86,
                    120
                ],
                [
                    86,
                    85,
                    120
                ],
                [
                    86,
                    87,
                    120
                ],
                [
                    87,
                    86,
                    120
                ],
                [
                    87,
                    88,
                    120
                ],
                [
                    88,
                    87,
                    120
                ],
                [
                    88,
                    89,
                    120
                ],
                [
                    89,
                    88,
                    120
                ],
                [
                    89,
                    90,
                    120
                ],
                [
                    90,
                    89,
                    120
                ],
                [
                    90,
                    91,
                    120
                ],
                [
                    91,
                    90,
                    120
                ],
                [
                    91,
                    92,
                    120
                ],
                [
                    92,
                    91,
                    120
                ],
                [
                    92,
                    93,
                    120
                ],
                [
                    93,
                    92,
                    120
                ],
                [
                    93,
                    94,
                    120
                ],
                [
                    94,
                    93,
                    120
                ]
            ],
            "stations": [
                [
                    75,
                    "Kami-Otai",
                    60
                ],
                [
                    76,
                    "Shonai Ryokuchi Koen",
                    76
                ],
                [
                    77,
                    "Shonai-dori",
                    77
                ],
                [
                    78,
                    "Joshin",
                    78
                ],
                [
                    79,
                    "Sengen-cho",
                    79
                ],
                [
                    80,
                    "Marunouchi",
                    80
                ],
                [
                    81,
                    "Fushimi",
                    8
                ],
                [
                    82,
                    "Osu Kannon",
                    81
                ],
                [
                    83,
                    "Kamimaezu",
                    25
                ],
                [
                    84,
                    "Tsurumai",
                    82
                ],
                [
                    85,
                    "Arahata",
                    83
                ],
                [
                    86,
                    "Gokiso",
                    84
                ],
                [
                    87,
                    "Kawana",
                    85
                ],
                [
                    88,
                    "Irinaka",
                    86
                ],
                [
                    89,
                    "Yagoto",
                    40
                ],
                [
                    90,
                    "Shiogama-guchi",
                    87
                ],
                [
                    91,
                    "Ueda",
                    88
                ],
                [
                    92,
                    "Hara",
                    89
                ],
                [
                    93,
                    "Hirabari",
                    90
                ],
                [
                    94,
                    "Akaike",
                    91
                ]
            ],
            "text_id": 82
        },
        {
            "delays": [],
            "name": "Meitetsu Toyota",
            "scheme": null,
            "segments": [
                [
                    95,
                    96,
                    0
                ],
                [
                    96,
                    95,
                    0
                ],
                [
                    96,
                    97,
                    0
                ],
                [
                    97,
                    96,
                    0
                ],
                [
                    97,
                    98,
                    0
                ],
                [
                    98,
                    97,
                    0
                ],
                [
                    98,
                    99,
                    0
                ],
                [
                    99,
                    98,
                    0
                ],
                [
                    99,
                    100,
                    0
                ],
                [
                    100,
                    99,
                    0
                ],
                [
                    100,
                    101,
                    0
                ],
                [
                    101,
                    100,
                    0
                ],
                [
                    101,
                    102,
                    0
                ],
                [
                    102,
                    101,
                    0
                ],
                [
                    102,
                    103,
                    0
                ],
                [
                    103,
                    102,
                    0
                ]
            ],
            "stations": [
                [
                    95,
                    "Toyotashi",
                    92
                ],
                [
                    96,
                    "Umetsubo",
                    93
                ],
                [
                    97,
                    "Kamitoyota",
                    94
                ],
                [
                    98,
                    "Josui",
                    95
                ],
                [
                    99,
                    "Miyoshigaoka",
                    96
                ],
                [
                    100,
                    "Kurozasa",
                    97
                ],
                [
                    101,
                    "Komenoki",
                    98
                ],
                [
                    102,
                    "Nisshin",
                    99
                ],
                [
                    103,
                    "Akaike",
                    91
                ]
            ],
            "text_id": 100
        },
        {
            "delays": [],
            "name": "Sakura-dori",
            "scheme": null,
            "segments": [
                [
                    104,
                    105,
                    120
                ],
                [
                    105,
                    104,
                    120
                ],
                [
                    105,
                    106,
                    120
                ],
                [
                    106,
                    105,
                    120
                ],
                [
                    106,
                    107,
                    120
                ],
                [
                    107,
                    106,
                    120
                ],
                [
                    107,
                    108,
                    120
                ],
                [
                    108,
                    107,
                    120
                ],
                [
                    108,
                    109,
                    120
                ],
                [
                    109,
                    108,
                    120
                ],
                [
                    109,
                    110,
                    120
                ],
                [
                    110,
                    109,
                    120
                ],
                [
                    110,
                    111,
                    120
                ],
                [
                    111,
                    110,
                    120
                ],
                [
                    111,
                    112,
                    120
                ],
                [
                    112,
                    111,
                    120
                ],
                [
                    112,
                    113,
                    120
                ],
                [
                    113,
                    112,
                    120
                ],
                [
                    113,
                    114,
                    120
                ],
                [
                    114,
                    113,
                    120
                ],
                [
                    114,
                    115,
                    120
                ],
                [
                    115,
                    114,
                    120
                ],
                [
                    115,
                    116,
                    120
                ],
                [
                    116,
                    115,
                    120
                ],
                [
                    116,
                    117,
                    120
                ],
                [
                    117,
                    116,
                    120
                ],
                [
                    117,
                    118,
                    120
                ],
                [
                    118,
                    117,
                    120
                ],
                [
                    118,
                    119,
                    120
                ],
                [
                    119,
                    118,
                    120
                ],
                [
                    119,
                    120,
                    120
                ],
                [
                    120,
                    119,
                    120
                ],
                [
                    120,
                    121,
                    120
                ],
                [
                    121,
                    120,
                    120
                ],
                [
                    121,
                    122,
                    120
                ],
                [
                    122,
                    121,
                    120
                ],
                [
                    122,
                    123,
                    120
                ],
                [
                    123,
                    122,
                    120
                ],
                [
                    123,
                    124,
                    120
                ],
                [
                    124,
                    123,
                    120
                ]
            ],
            "stations": [
                [
                    104,
                    "Nakamura Kuyakusho",
                    101
                ],
                [
                    105,
                    "Nagoya",
                    7
                ],
                [
                    106,
                    "Kokusai Center",
                    102
                ],
                [
                    107,
                    "Marunouchi",
                    80
                ],
                [
                    108,
                    "Hisaya-odori",
                    27
                ],
                [
                    109,
                    "Takaoka",
                    103
                ],
                [
                    110,
                    "Kurumamichi",
                    104
                ],
                [
                    111,
                    "Imaike",
                    12
                ],
                [
                    112,
                    "Fukiage",
                    105
                ],
                [
                    113,
                    "Gokiso",
                    84
                ],
                [
                    114,
                    "Sakurayama",
                    106
                ],
                [
                    115,
                    "Mizuho Kuyakusho",
                    107
                ],
                [
                    116,
                    "Mizuho Undojo Nishi",
                    108
                ],
                [
                    117,
                    "Aratama-bashi",
                    43
                ],
                [
                    118,
                    "Sakura-hommachi",
                    109
                ],
                [
                    119,
                    "Tsurusato",
                    110
                ],
                [
                    120,
                    "Nonami",
                    111
                ],
                [
                    121,
                    "Naruko Kita",
                    112
                ],
                [
                    122,
                    "Aioiyama",
                    113
                ],
                [
                    123,
                    "Kamisawa",
                    114
                ],
                [
                    124,
                    "Tokushige",
                    115
                ]
            ],
            "text_id": 116
        },
        {
            "delays": [],
            "name": "Meitetsu Komaki",
            "scheme": null,
            "segments": [
                [
                    125,
                    126,
                    0
                ],
                [
                    126,
                    125,
                    0
                ],
                [
                    126,
                    127,
                    0
                ],
                [
                    127,
                    126,
                    0
                ],
                [
                    127,
                    128,
                    0
                ],
                [
                    128,
                    127,
                    0
                ],
                [
                    128,
                    129,
                    0
                ],
                [
                    129,
                    128,
                    0
                ],
                [
                    129,
                    130,
                    0
                ],
                [
                    130,
                    129,
                    0
                ],
                [
                    130,
                    131,
                    0
                ],
                [
                    131,
                    130,
                    0
                ],
                [
                    131,
                    132,
                    0
                ],
                [
                    132,
                    131,
                    0
                ],
                [
                    132,
                    133,
                    0
                ],
                [
                    133,
                    132,
                    0
                ],
                [
                    133,
                    134,
                    0
                ],
                [
                    134,
                    133,
                    0
                ],
                [
                    134,
                    135,
                    0
                ],
                [
                    135,
                    134,
                    0
                ],
                [
                    135,
                    136,
                    0
                ],
                [
                    136,
                    135,
                    0
                ],
                [
                    136,
                    137,
                    0
                ],
                [
                    137,
                    136,
                    0
                ],
                [
                    137,
                    138,
                    0
                ],
                [
                    138,
                    137,
                    0
                ]
            ],
            "stations": [
                [
                    125,
                    "Kamiiida",
                    117
                ],
                [
                    126,
                    "Ajima",
                    118
                ],
                [
                    127,
                    "Ajiyoshi",
                    119
                ],
                [
                    128,
                    "Kasugai",
                    120
                ],
                [
                    129,
                    "Ushiyama",
                    121
                ],
                [
                    130,
                    "Manai",
                    122
                ],
                [
                    131,
                    "Komakiguchi",
                    123
                ],
                [
                    132,
                    "Komaki",
                    124
                ],
                [
                    133,
                    "Komakihara",
                    125
                ],
                [
                    134,
                    "Ajioka",
                    126
                ],
                [
                    135,
                    "Tagata-jinja-mae",
                    127
                ],
                [
                    136,
                    "Gakuden",
                    128
                ],
                [
                    137,
                    "Haguro",
                    129
                ],
                [
                    138,
                    "Inuyama",
                    72
                ]
            ],
            "text_id": 130
        },
        {
            "delays": [],
            "name": "Kamiiida",
            "scheme": null,
            "segments": [
                [
                    139,
                    140,
                    120
                ],
                [
                    140,
                    139,
                    120
                ],
                [
                    140,
                    141,
                    0
                ],
                [
                    141,
                    140,
                    0
                ],
                [
                    141,
                    142,
                    0
                ],
                [
                    142,
                    141,
                    0
                ],
                [
                    142,
                    143,
                    0
                ],
                [
                    143,
                    142,
                    0
                ],
                [
                    143,
                    144,
                    0
                ],
                [
                    144,
                    143,
                    0
                ]
            ],
            "stations": [
                [
                    139,
                    "Kamiiida",
                    117
                ],
                [
                    140,
                    "Heian-dori",
                    32
                ],
                [
                    141,
                    "Akatsuka",
                    131
                ],
                [
                    142,
                    "Takaoka",
                    103
                ],
                [
                    143,
                    "Shinsakae-machi",
                    10
                ],
                [
                    144,
                    "Maruta-machi",
                    132
                ]
            ],
            "text_id": 117
        }
    ],
    "name": "metro",
    "transfers": [
        [
            72,
            138,
            120,
            true
        ],
        [
            83,
            24,
            120,
            true
        ],
        [
            12,
            111,
            120,
            true
        ],
        [
            113,
            86,
            120,
            true
        ],
        [
            15,
            38,
            120,
            true
        ],
        [
            41,
            89,
            120,
            true
        ],
        [
            50,
            22,
            120,
            true
        ],
        [
            117,
            44,
            120,
            true
        ],
        [
            94,
            103,
            120,
            true
        ],
        [
            125,
            139,
            120,
            true
        ],
        [
            60,
            75,
            120,
            true
        ],
        [
            140,
            32,
            120,
            true
        ],
        [
            105,
            7,
            120,
            true
        ],
        [
            107,
            80,
            120,
            true
        ],
        [
            81,
            8,
            120,
            true
        ],
        [
            108,
            27,
            120,
            true
        ],
        [
            26,
            9,
            120,
            true
        ]
    ],
    "type_name": "Метро"
}