{
    "default_transports": [
        "metro"
    ],
    "height": 890,
    "images": [
        "res/schemes/1.svg"
    ],
    "is_vector": true,
    "lines": [
        {
            "labels_bg_color": "-1",
            "labels_color": "000000",
            "line_color": "ff0000",
            "line_width": 9,
            "name": "Red Line",
            "segments": [
                [
                    0,
                    1,
                    [
                        [
                            100,
                            100
                        ],
                        [
                            100,
                            60
                        ]
                    ],
                    true
                ],
                [
                    1,
                    2,
                    [
                        [
                            100,
                            140
                        ],
                        [
                            100,
                            100
                        ]
                    ],
                    true
                ],
                [
                    2,
                    3,
                    [
                        [
                            100,
                            180
                        ],
                        [
                            100,
                            140
                        ]
                    ],
                    true
                ],
                [
                    3,
                    4,
                    [
                        [
                            100,
                            220
                        ],
                        [
                            100,
                            180
                        ]
                    ],
                    true
                ],
                [
                    4,
                    5,
                    [
                        [
                            100,
                            260
                        ],
                        [
                            100,
                            220
                        ]
                    ],
                    true
                ],
                [
                    5,
                    6,
                    [
                        [
                            100,
                            300
                        ],
                        [
                            100,
                            260
                        ]
                    ],
                    true
                ],
                [
                    6,
                    7,
                    [
                        [
                            100,
                            340
                        ],
                        [
                            100,
                            300
                        ]
                    ],
                    true
                ],
                [
                    7,
                    8,
                    [
                        [
                            100,
                            380
                        ],
                        [
                            100,
                            340
                        ]
                    ],
                    true
                ],
                [
                    8,
                    9,
                    [
                        [
                            100,
                            420
                        ],
                        [
                            100,
                            380
                        ]
                    ],
                    true
                ],
                [
                    9,
                    10,
                    [
                        [
                            100,
                            460
                        ],
                        [
                            100,
                            420
                        ]
                    ],
                    true
                ],
                [
                    10,
                    11,
                    [
                        [
                            100,
                            500
                        ],
                        [
                            100,
                            460
                        ]
                    ],
                    true
                ],
                [
                    11,
                    12,
                    [
                        [
                            100,
                            540
                        ],
                        [
                            100,
                            500
                        ]
                    ],
                    true
                ],
                [
                    12,
                    13,
                    [
                        [
                            100,
                            580
                        ],
                        [
                            100,
                            540
                        ]
                    ],
                    true
                ],
                [
                    13,
                    14,
                    [
                        [
                            100,
                            620
                        ],
                        [
                            100,
                            580
                        ]
                    ],
                    true
                ],
                [
                    14,
                    15,
                    [
                        [
                            100,
                            660
                        ],
                        [
                            100,
                            620
                        ]
                    ],
                    true
                ],
                [
                    15,
                    16,
                    [
                        [
                            100,
                            700
                        ],
                        [
                            100,
                            660
                        ]
                    ],
                    true
                ],
                [
                    16,
                    17,
                    [
                        [
                            100,
                            740
                        ],
                        [
                            100,
                            700
                        ]
                    ],
                    true
                ]
            ],
            "stations": [
                {
                    "coord": [
                        100,
                        60
                    ],
                    "is_working": true,
                    "name": "Louis Stokes Station at Windermere",
                    "rect": [
                        115,
                        50,
                        53,
                        15
                    ],
                    "text_id": 0,
                    "uid": 0
                },
                {
                    "coord": [
                        100,
                        100
                    ],
                    "is_working": true,
                    "name": "Superior",
                    "rect": [
                        115,
                        90,
                        49,
                        15
                    ],
                    "text_id": 1,
                    "uid": 1
                },
                {
                    "coord": [
                        100,
                        140
                    ],
                    "is_working": true,
                    "name": "Euclid - E. 120",
                    "rect": [
                        115,
                        130,
                        61,
                        15
                    ],
                    "text_id": 2,
                    "uid": 2
                },
                {
                    "coord": [
                        100,
                        180
                    ],
                    "is_working": true,
                    "name": "University Circle",
                    "rect": [
                        115,
                        170,
                        100,
                        15
                    ],
                    "text_id": 3,
                    "uid": 3
                },
                {
                    "coord": [
                        100,
                        220
                    ],
                    "is_working": true,
                    "name": "E. 105 - Quincy",
                    "rect": [
                        115,
                        210,
                        57,
                        15
                    ],
                    "text_id": 4,
                    "uid": 4
                },
                {
                    "coord": [
                        100,
                        260
                    ],
                    "is_working": true,
                    "name": "E. 97th",
                    "rect": [
                        115,
                        250,
                        64,
                        15
                    ],
                    "text_id": 5,
                    "uid": 5
                },
                {
                    "coord": [
                        100,
                        300
                    ],
                    "is_working": true,
                    "name": "E. 55th",
                    "rect": [
                        115,
                        290,
                        54,
                        15
                    ],
                    "text_id": 6,
                    "uid": 6
                },
                {
                    "coord": [
                        100,
                        340
                    ],
                    "is_working": true,
                    "name": "E.34 - Campus",
                    "rect": [
                        115,
                        330,
                        37,
                        15
                    ],
                    "text_id": 7,
                    "uid": 7
                },
                {
                    "coord": [
                        100,
                        380
                    ],
                    "is_working": true,
                    "name": "Tower City - Public Square",
                    "rect": [
                        115,
                        370,
                        44,
                        15
                    ],
                    "text_id": 8,
                    "uid": 8
                },
                {
                    "coord": [
                        100,
                        420
                    ],
                    "is_working": true,
                    "name": "W. 25 - Ohio City",
                    "rect": [
                        115,
                        410,
                        47,
                        15
                    ],
                    "text_id": 9,
                    "uid": 9
                },
                {
                    "coord": [
                        100,
                        460
                    ],
                    "is_working": true,
                    "name": "W. 65 - Madison",
                    "rect": [
                        115,
                        450,
                        46,
                        15
                    ],
                    "text_id": 10,
                    "uid": 10
                },
                {
                    "coord": [
                        100,
                        500
                    ],
                    "is_working": true,
                    "name": "West Blvd - Cudell",
                    "rect": [
                        115,
                        490,
                        52,
                        15
                    ],
                    "text_id": 11,
                    "uid": 11
                },
                {
                    "coord": [
                        100,
                        540
                    ],
                    "is_working": true,
                    "name": "W. 117 - Madison",
                    "rect": [
                        115,
                        530,
                        34,
                        15
                    ],
                    "text_id": 12,
                    "uid": 12
                },
                {
                    "coord": [
                        100,
                        580
                    ],
                    "is_working": true,
                    "name": "Triskett",
                    "rect": [
                        115,
                        570,
                        79,
                        15
                    ],
                    "text_id": 13,
                    "uid": 13
                },
                {
                    "coord": [
                        100,
                        620
                    ],
                    "is_working": true,
                    "name": "West Park",
                    "rect": [
                        115,
                        610,
                        52,
                        15
                    ],
                    "text_id": 14,
                    "uid": 14
                },
                {
                    "coord": [
                        100,
                        660
                    ],
                    "is_working": true,
                    "name": "Puritas",
                    "rect": [
                        115,
                        650,
                        53,
                        15
                    ],
                    "text_id": 15,
                    "uid": 15
                },
                {
                    "coord": [
                        100,
                        700
                    ],
                    "is_working": true,
                    "name": "Brookpark",
                    "rect": [
                        115,
                        690,
                        38,
                        28
                    ],
                    "text_id": 16,
                    "uid": 16
                },
                {
                    "coord": [
                        100,
                        740
                    ],
                    "is_working": true,
                    "name": "Cleveland Hopkins Int'l Airport",
                    "rect": [
                        115,
                        730,
                        52,
                        15
                    ],
                    "text_id": 17,
                    "uid": 17
                }
            ],
            "text_id": 18
        },
        {
            "labels_bg_color": "-1",
            "labels_color": "000000",
            "line_color": "0000ff",
            "line_width": 9,
            "name": "Blue Line",
            "segments": [
                [
                    24,
                    25,
                    [
                        [
                            60,
                            340
                        ],
                        [
                            60,
                            380
                        ]
                    ],
                    true
                ],
                [
                    25,
                    26,
                    [
                        [
                            60,
                            300
                        ],
                        [
                            60,
                            340
                        ]
                    ],
                    true
                ]
            ],
            "stations": [
                {
                    "coord": null,
                    "is_working": true,
                    "name": "South Harbor",
                    "rect": null,
                    "text_id": 19,
                    "uid": 18
                },
                {
                    "coord": null,
                    "is_working": true,
                    "name": "North Coast",
                    "rect": null,
                    "text_id": 20,
                    "uid": 19
                },
                {
                    "coord": null,
                    "is_working": true,
                    "name": "Amtrak",
                    "rect": null,
                    "text_id": 21,
                    "uid": 20
                },
                {
                    "coord": null,
                    "is_working": true,
                    "name": "West 3rd Street",
                    "rect": null,
                    "text_id": 22,
                    "uid": 21
                },
                {
                    "coord": null,
                    "is_working": true,
                    "name": "Flats East Bank",
                    "rect": null,
                    "text_id": 23,
                    "uid": 22
                },
                {
                    "coord": null,
                    "is_working": true,
                    "name": "Settlers Landing",
                    "rect": null,
                    "text_id": 24,
                    "uid": 23
                },
                {
                    "coord": [
                        60,
                        380
                    ],
                    "is_working": true,
                    "name": "Tower City - Public Square",
                    "rect": null,
                    "text_id": 8,
                    "uid": 24
                },
                {
                    "coord": [
                        60,
                        340
                    ],
                    "is_working": true,
                    "name": "E.34 - Campus",
                    "rect": null,
                    "text_id": 7,
                    "uid": 25
                },
                {
                    "coord": [
                        60,
                        300
                    ],
                    "is_working": true,
                    "name": "E. 55th",
                    "rect": null,
                    "text_id": 6,
                    "uid": 26
                },
                {
                    "coord": null,
                    "is_working": true,
                    "name": "Drexmore",
                    "rect": null,
                    "text_id": 25,
                    "uid": 27
                },
                {
                    "coord": null,
                    "is_working": true,
                    "name": "S. Woodland",
                    "rect": null,
                    "text_id": 26,
                    "uid": 28
                },
                {
                    "coord": null,
                    "is_working": true,
                    "name": "Southington",
                    "rect": null,
                    "text_id": 27,
                    "uid": 29
                },
                {
                    "coord": null,
                    "is_working": true,
                    "name": "Onaway",
                    "rect": null,
                    "text_id": 28,
                    "uid": 30
                },
                {
                    "coord": null,
                    "is_working": true,
                    "name": "Ashby",
                    "rect": null,
                    "text_id": 29,
                    "uid": 31
                },
                {
                    "coord": null,
                    "is_working": true,
                    "name": "Lee",
                    "rect": null,
                    "text_id": 30,
                    "uid": 32
                },
                {
                    "coord": null,
                    "is_working": true,
                    "name": "Avalon",
                    "rect": null,
                    "text_id": 31,
                    "uid": 33
                },
                {
                    "coord": null,
                    "is_working": true,
                    "name": "Kenmore",
                    "rect": null,
                    "text_id": 32,
                    "uid": 34
                },
                {
                    "coord": null,
                    "is_working": true,
                    "name": "Lynnfield",
                    "rect": null,
                    "text_id": 33,
                    "uid": 35
                },
                {
                    "coord": null,
                    "is_working": true,
                    "name": "Farnsleigh",
                    "rect": null,
                    "text_id": 34,
                    "uid": 36
                },
                {
                    "coord": null,
                    "is_working": true,
                    "name": "Warrensville",
                    "rect": null,
                    "text_id": 35,
                    "uid": 37
                }
            ],
            "text_id": 36
        },
        {
            "labels_bg_color": "-1",
            "labels_color": "000000",
            "line_color": "008000",
            "line_width": 9,
            "name": "Green Line",
            "segments": [
                [
                    44,
                    45,
                    [
                        [
                            80,
                            340
                        ],
                        [
                            80,
                            380
                        ]
                    ],
                    true
                ],
                [
                    45,
                    46,
                    [
                        [
                            80,
                            300
                        ],
                        [
                            80,
                            340
                        ]
                    ],
                    true
                ]
            ],
            "stations": [
                {
                    "coord": null,
                    "is_working": true,
                    "name": "South Harbor",
                    "rect": null,
                    "text_id": 19,
                    "uid": 38
                },
                {
                    "coord": null,
                    "is_working": true,
                    "name": "North Coast",
                    "rect": null,
                    "text_id": 20,
                    "uid": 39
                },
                {
                    "coord": null,
                    "is_working": true,
                    "name": "Amtrak",
                    "rect": null,
                    "text_id": 21,
                    "uid": 40
                },
                {
                    "coord": null,
                    "is_working": true,
                    "name": "West 3rd Street",
                    "rect": null,
                    "text_id": 22,
                    "uid": 41
                },
                {
                    "coord": null,
                    "is_working": true,
                    "name": "Flats East Bank",
                    "rect": null,
                    "text_id": 23,
                    "uid": 42
                },
                {
                    "coord": null,
                    "is_working": true,
                    "name": "Settlers Landing",
                    "rect": null,
                    "text_id": 24,
                    "uid": 43
                },
                {
                    "coord": [
                        80,
                        380
                    ],
                    "is_working": true,
                    "name": "Tower City - Public Square",
                    "rect": null,
                    "text_id": 8,
                    "uid": 44
                },
                {
                    "coord": [
                        80,
                        340
                    ],
                    "is_working": true,
                    "name": "E.34 - Campus",
                    "rect": null,
                    "text_id": 7,
                    "uid": 45
                },
                {
                    "coord": [
                        80,
                        300
                    ],
                    "is_working": true,
                    "name": "E. 55th",
                    "rect": null,
                    "text_id": 6,
                    "uid": 46
                },
                {
                    "coord": null,
                    "is_working": true,
                    "name": "E. 79th",
                    "rect": null,
                    "text_id": 37,
                    "uid": 47
                },
                {
                    "coord": null,
                    "is_working": true,
                    "name": "Woodhill",
                    "rect": null,
                    "text_id": 38,
                    "uid": 48
                },
                {
                    "coord": null,
                    "is_working": true,
                    "name": "E. 116th",
                    "rect": null,
                    "text_id": 39,
                    "uid": 49
                },
                {
                    "coord": null,
                    "is_working": true,
                    "name": "Shaker Square",
                    "rect": null,
                    "text_id": 40,
                    "uid": 50
                },
                {
                    "coord": null,
                    "is_working": true,
                    "name": "Coventry",
                    "rect": null,
                    "text_id": 41,
                    "uid": 51
                },
                {
                    "coord": null,
                    "is_working": true,
                    "name": "Southington",
                    "rect": null,
                    "text_id": 27,
                    "uid": 52
                },
                {
                    "coord": null,
                    "is_working": true,
                    "name": "South Park",
                    "rect": null,
                    "text_id": 42,
                    "uid": 53
                },
                {
                    "coord": null,
                    "is_working": true,
                    "name": "Lee",
                    "rect": null,
                    "text_id": 30,
                    "uid": 54
                },
                {
                    "coord": null,
                    "is_working": true,
                    "name": "Attleboro",
                    "rect": null,
                    "text_id": 43,
                    "uid": 55
                },
                {
                    "coord": null,
                    "is_working": true,
                    "name": "Eaton",
                    "rect": null,
                    "text_id": 44,
                    "uid": 56
                },
                {
                    "coord": null,
                    "is_working": true,
                    "name": "Courtland",
                    "rect": null,
                    "text_id": 45,
                    "uid": 57
                },
                {
                    "coord": null,
                    "is_working": true,
                    "name": "Warrensville",
                    "rect": null,
                    "text_id": 35,
                    "uid": 58
                },
                {
                    "coord": null,
                    "is_working": true,
                    "name": "Bellvoir",
                    "rect": null,
                    "text_id": 46,
                    "uid": 59
                },
                {
                    "coord": null,
                    "is_working": true,
                    "name": "West Green",
                    "rect": null,
                    "text_id": 47,
                    "uid": 60
                },
                {
                    "coord": null,
                    "is_working": true,
                    "name": "Green",
                    "rect": null,
                    "text_id": 48,
                    "uid": 61
                }
            ],
            "text_id": 49
        }
    ],
    "lines_width": 9,
    "name": "1",
    "name_text_id": 18,
    "stations_diameter": 15.0,
    "transfers": [
        [
            18,
            38,
            null,
            null
        ],
        [
            19,
            39,
            null,
            null
        ],
        [
            20,
            40,
            null,
            null
        ],
        [
            21,
            41,
            null,
            null
        ],
        [
            22,
            42,
            null,
            null
        ],
        [
            23,
            43,
            null,
            null
        ],
        [
            24,
            44,
            [
                60,
                380
            ],
            [
                80,
                380
            ]
        ],
        [
            44,
            8,
            [
                80,
                380
            ],
            [
                100,
                380
            ]
        ],
        [
            8,
            24,
            [
                100,
                380
            ],
            [
                60,
                380
            ]
        ],
        [
            25,
            45,
            [
                60,
                340
            ],
            [
                80,
                340
            ]
        ],
        [
            45,
            7,
            [
                80,
                340
            ],
            [
                100,
                340
            ]
        ],
        [
            7,
            25,
            [
                100,
                340
            ],
            [
                60,
                340
            ]
        ],
        [
            26,
            46,
            [
                60,
                300
            ],
            [
                80,
                300
            ]
        ],
        [
            46,
            6,
            [
                80,
                300
            ],
            [
                100,
                300
            ]
        ],
        [
            6,
            26,
            [
                100,
                300
            ],
            [
                60,
                300
            ]
        ]
    ],
    "transports": [
        "metro"
    ],
    "type_name": "Метро",
    "type_text_id": 52,
    "upper_case": true,
    "width": 250,
    "word_wrap": true
}