{
    "default_transports": [
        "metro"
    ],
    "height": 690,
    "images": [
        "res/schemes/cleveland.svg"
    ],
    "is_vector": true,
    "lines": [
        {
            "labels_bg_color": "-1",
            "labels_color": "ff0000",
            "line_color": "ff0000",
            "line_width": 9,
            "name": "Red Line",
            "segments": [
                [
                    0,
                    1,
                    [
                        [
                            720,
                            140
                        ],
                        [
                            760,
                            100
                        ]
                    ],
                    true
                ],
                [
                    1,
                    2,
                    [
                        [
                            680,
                            180
                        ],
                        [
                            720,
                            140
                        ]
                    ],
                    true
                ],
                [
                    2,
                    3,
                    [
                        [
                            640,
                            220
                        ],
                        [
                            680,
                            180
                        ]
                    ],
                    true
                ],
                [
                    3,
                    4,
                    [
                        [
                            600,
                            260
                        ],
                        [
                            640,
                            220
                        ]
                    ],
                    true
                ],
                [
                    4,
                    5,
                    [
                        [
                            560,
                            300
                        ],
                        [
                            600,
                            260
                        ]
                    ],
                    true
                ],
                [
                    5,
                    6,
                    [
                        [
                            520,
                            320
                        ],
                        [
                            540.0,
                            320.0
                        ],
                        [
                            560,
                            300
                        ]
                    ],
                    true
                ],
                [
                    6,
                    7,
                    [
                        [
                            480,
                            300
                        ],
                        [
                            500.0,
                            320.0
                        ],
                        [
                            520,
                            320
                        ]
                    ],
                    true
                ],
                [
                    7,
                    8,
                    [
                        [
                            440,
                            260
                        ],
                        [
                            480,
                            300
                        ]
                    ],
                    true
                ],
                [
                    8,
                    9,
                    [
                        [
                            370,
                            300
                        ],
                        [
                            410.0,
                            260.0
                        ],
                        [
                            440,
                            260
                        ]
                    ],
                    true
                ],
                [
                    9,
                    10,
                    [
                        [
                            320,
                            320
                        ],
                        [
                            350.0,
                            320.0
                        ],
                        [
                            370,
                            300
                        ]
                    ],
                    true
                ],
                [
                    10,
                    11,
                    [
                        [
                            280,
                            320
                        ],
                        [
                            320,
                            320
                        ]
                    ],
                    true
                ],
                [
                    11,
                    12,
                    [
                        [
                            240,
                            340
                        ],
                        [
                            260.0,
                            320.0
                        ],
                        [
                            280,
                            320
                        ]
                    ],
                    true
                ],
                [
                    12,
                    13,
                    [
                        [
                            200,
                            380
                        ],
                        [
                            240,
                            340
                        ]
                    ],
                    true
                ],
                [
                    13,
                    14,
                    [
                        [
                            160,
                            420
                        ],
                        [
                            200,
                            380
                        ]
                    ],
                    true
                ],
                [
                    14,
                    15,
                    [
                        [
                            120,
                            460
                        ],
                        [
                            160,
                            420
                        ]
                    ],
                    true
                ],
                [
                    15,
                    16,
                    [
                        [
                            80,
                            500
                        ],
                        [
                            120,
                            460
                        ]
                    ],
                    true
                ],
                [
                    16,
                    17,
                    [
                        [
                            40,
                            540
                        ],
                        [
                            80,
                            500
                        ]
                    ],
                    true
                ]
            ],
            "stations": [
                {
                    "coord": [
                        760,
                        100
                    ],
                    "is_working": true,
                    "name": "Louis Stokes Station at Windermere",
                    "rect": [
                        780,
                        93,
                        178,
                        15
                    ],
                    "text_id": 0,
                    "uid": 0
                },
                {
                    "coord": [
                        720,
                        140
                    ],
                    "is_working": true,
                    "name": "Superior",
                    "rect": [
                        746,
                        133,
                        44,
                        15
                    ],
                    "text_id": 1,
                    "uid": 1
                },
                {
                    "coord": [
                        680,
                        180
                    ],
                    "is_working": true,
                    "name": "Euclid - E. 120",
                    "rect": [
                        704,
                        174,
                        73,
                        15
                    ],
                    "text_id": 2,
                    "uid": 2
                },
                {
                    "coord": [
                        640,
                        220
                    ],
                    "is_working": true,
                    "name": "University Circle",
                    "rect": [
                        664,
                        214,
                        86,
                        15
                    ],
                    "text_id": 3,
                    "uid": 3
                },
                {
                    "coord": [
                        600,
                        260
                    ],
                    "is_working": true,
                    "name": "E. 105 - Quincy",
                    "rect": [
                        622,
                        254,
                        77,
                        15
                    ],
                    "text_id": 4,
                    "uid": 4
                },
                {
                    "coord": [
                        560,
                        300
                    ],
                    "is_working": true,
                    "name": "E. 97th",
                    "rect": [
                        582,
                        294,
                        36,
                        15
                    ],
                    "text_id": 5,
                    "uid": 5
                },
                {
                    "coord": [
                        520,
                        320
                    ],
                    "is_working": true,
                    "name": "E. 55th",
                    "rect": [
                        516,
                        369,
                        15,
                        36
                    ],
                    "text_id": 6,
                    "uid": 6
                },
                {
                    "coord": [
                        480,
                        300
                    ],
                    "is_working": true,
                    "name": "E.34 - Campus",
                    "rect": [
                        436,
                        320,
                        15,
                        74
                    ],
                    "text_id": 7,
                    "uid": 7
                },
                {
                    "coord": [
                        440,
                        260
                    ],
                    "is_working": true,
                    "name": "Tower City - Public Square",
                    "rect": [
                        445,
                        232,
                        133,
                        15
                    ],
                    "text_id": 8,
                    "uid": 8
                },
                {
                    "coord": [
                        370,
                        300
                    ],
                    "is_working": true,
                    "name": "W. 25 - Ohio City",
                    "rect": [
                        371,
                        317,
                        15,
                        85
                    ],
                    "text_id": 9,
                    "uid": 9
                },
                {
                    "coord": [
                        320,
                        320
                    ],
                    "is_working": true,
                    "name": "W. 65 - Madison",
                    "rect": [
                        314,
                        337,
                        15,
                        81
                    ],
                    "text_id": 10,
                    "uid": 10
                },
                {
                    "coord": [
                        280,
                        320
                    ],
                    "is_working": true,
                    "name": "West Blvd - Cudell",
                    "rect": [
                        272,
                        335,
                        15,
                        94
                    ],
                    "text_id": 11,
                    "uid": 11
                },
                {
                    "coord": [
                        240,
                        340
                    ],
                    "is_working": true,
                    "name": "W. 117 - Madison",
                    "rect": [
                        129,
                        332,
                        87,
                        15
                    ],
                    "text_id": 12,
                    "uid": 12
                },
                {
                    "coord": [
                        200,
                        380
                    ],
                    "is_working": true,
                    "name": "Triskett",
                    "rect": [
                        140,
                        370,
                        39,
                        15
                    ],
                    "text_id": 13,
                    "uid": 13
                },
                {
                    "coord": [
                        160,
                        420
                    ],
                    "is_working": true,
                    "name": "West Park",
                    "rect": [
                        91,
                        406,
                        53,
                        15
                    ],
                    "text_id": 14,
                    "uid": 14
                },
                {
                    "coord": [
                        120,
                        460
                    ],
                    "is_working": true,
                    "name": "Puritas",
                    "rect": [
                        134,
                        460,
                        37,
                        15
                    ],
                    "text_id": 15,
                    "uid": 15
                },
                {
                    "coord": [
                        80,
                        500
                    ],
                    "is_working": true,
                    "name": "Brookpark",
                    "rect": [
                        95,
                        498,
                        54,
                        15
                    ],
                    "text_id": 16,
                    "uid": 16
                },
                {
                    "coord": [
                        40,
                        540
                    ],
                    "is_working": true,
                    "name": "Cleveland Hopkins Int'l Airport",
                    "rect": [
                        58,
                        542,
                        153,
                        15
                    ],
                    "text_id": 17,
                    "uid": 17
                }
            ],
            "text_id": 18
        },
        {
            "labels_bg_color": "-1",
            "labels_color": "0000ff",
            "line_color": "0000ff",
            "line_width": 9,
            "name": "Blue Line",
            "segments": [
                [
                    18,
                    19,
                    [
                        [
                            410,
                            80
                        ],
                        [
                            440,
                            50
                        ]
                    ],
                    true
                ],
                [
                    19,
                    20,
                    [
                        [
                            380,
                            110
                        ],
                        [
                            410,
                            80
                        ]
                    ],
                    true
                ],
                [
                    20,
                    21,
                    [
                        [
                            350,
                            140
                        ],
                        [
                            380,
                            110
                        ]
                    ],
                    true
                ],
                [
                    21,
                    22,
                    [
                        [
                            350,
                            200
                        ],
                        [
                            320.0,
                            170.0
                        ],
                        [
                            350,
                            140
                        ]
                    ],
                    true
                ],
                [
                    22,
                    23,
                    [
                        [
                            380,
                            230
                        ],
                        [
                            350,
                            200
                        ]
                    ],
                    true
                ],
                [
                    23,
                    24,
                    [
                        [
                            410,
                            260
                        ],
                        [
                            380,
                            230
                        ]
                    ],
                    true
                ],
                [
                    24,
                    25,
                    [
                        [
                            450,
                            300
                        ],
                        [
                            410,
                            260
                        ]
                    ],
                    true
                ],
                [
                    25,
                    26,
                    [
                        [
                            520,
                            350
                        ],
                        [
                            500.0,
                            350.0
                        ],
                        [
                            450,
                            300
                        ]
                    ],
                    true
                ],
                [
                    26,
                    27,
                    [
                        [
                            720,
                            370
                        ],
                        [
                            700.0,
                            350.0
                        ],
                        [
                            520,
                            350
                        ]
                    ],
                    true
                ],
                [
                    27,
                    28,
                    [
                        [
                            740,
                            390
                        ],
                        [
                            720,
                            370
                        ]
                    ],
                    true
                ],
                [
                    28,
                    29,
                    [
                        [
                            760,
                            410
                        ],
                        [
                            740,
                            390
                        ]
                    ],
                    true
                ],
                [
                    29,
                    30,
                    [
                        [
                            780,
                            430
                        ],
                        [
                            760,
                            410
                        ]
                    ],
                    true
                ],
                [
                    30,
                    31,
                    [
                        [
                            800,
                            450
                        ],
                        [
                            780,
                            430
                        ]
                    ],
                    true
                ],
                [
                    31,
                    32,
                    [
                        [
                            820,
                            470
                        ],
                        [
                            800,
                            450
                        ]
                    ],
                    true
                ],
                [
                    32,
                    33,
                    [
                        [
                            850,
                            470
                        ],
                        [
                            820,
                            470
                        ]
                    ],
                    true
                ],
                [
                    33,
                    34,
                    [
                        [
                            880,
                            470
                        ],
                        [
                            850,
                            470
                        ]
                    ],
                    true
                ],
                [
                    34,
                    35,
                    [
                        [
                            910,
                            470
                        ],
                        [
                            880,
                            470
                        ]
                    ],
                    true
                ],
                [
                    35,
                    36,
                    [
                        [
                            940,
                            470
                        ],
                        [
                            910,
                            470
                        ]
                    ],
                    true
                ],
                [
                    36,
                    37,
                    [
                        [
                            970,
                            470
                        ],
                        [
                            940,
                            470
                        ]
                    ],
                    true
                ]
            ],
            "stations": [
                {
                    "coord": [
                        440,
                        50
                    ],
                    "is_working": true,
                    "name": "South Harbor",
                    "rect": [
                        352,
                        40,
                        67,
                        15
                    ],
                    "text_id": 19,
                    "uid": 18
                },
                {
                    "coord": [
                        410,
                        80
                    ],
                    "is_working": true,
                    "name": "North Coast",
                    "rect": [
                        328,
                        67,
                        61,
                        15
                    ],
                    "text_id": 20,
                    "uid": 19
                },
                {
                    "coord": [
                        380,
                        110
                    ],
                    "is_working": true,
                    "name": "Amtrak",
                    "rect": [
                        323,
                        96,
                        38,
                        15
                    ],
                    "text_id": 21,
                    "uid": 20
                },
                {
                    "coord": [
                        350,
                        140
                    ],
                    "is_working": true,
                    "name": "West 3rd Street",
                    "rect": [
                        253,
                        127,
                        78,
                        15
                    ],
                    "text_id": 22,
                    "uid": 21
                },
                {
                    "coord": [
                        350,
                        200
                    ],
                    "is_working": true,
                    "name": "Flats East Bank",
                    "rect": [
                        251,
                        197,
                        80,
                        15
                    ],
                    "text_id": 23,
                    "uid": 22
                },
                {
                    "coord": [
                        380,
                        230
                    ],
                    "is_working": true,
                    "name": "Settlers Landing",
                    "rect": [
                        282,
                        229,
                        82,
                        15
                    ],
                    "text_id": 24,
                    "uid": 23
                },
                {
                    "coord": [
                        410,
                        260
                    ],
                    "is_working": true,
                    "name": "Tower City - Public Square",
                    "rect": null,
                    "text_id": 8,
                    "uid": 24
                },
                {
                    "coord": [
                        450,
                        300
                    ],
                    "is_working": true,
                    "name": "E.34 - Campus",
                    "rect": null,
                    "text_id": 7,
                    "uid": 25
                },
                {
                    "coord": [
                        520,
                        350
                    ],
                    "is_working": true,
                    "name": "E. 55th",
                    "rect": null,
                    "text_id": 6,
                    "uid": 26
                },
                {
                    "coord": [
                        720,
                        370
                    ],
                    "is_working": true,
                    "name": "Drexmore",
                    "rect": [
                        703,
                        385,
                        15,
                        51
                    ],
                    "text_id": 25,
                    "uid": 27
                },
                {
                    "coord": [
                        740,
                        390
                    ],
                    "is_working": true,
                    "name": "S. Woodland",
                    "rect": [
                        722,
                        404,
                        15,
                        64
                    ],
                    "text_id": 26,
                    "uid": 28
                },
                {
                    "coord": [
                        760,
                        410
                    ],
                    "is_working": true,
                    "name": "Southington",
                    "rect": [
                        742,
                        425,
                        15,
                        60
                    ],
                    "text_id": 27,
                    "uid": 29
                },
                {
                    "coord": [
                        780,
                        430
                    ],
                    "is_working": true,
                    "name": "Onaway",
                    "rect": [
                        765,
                        446,
                        15,
                        42
                    ],
                    "text_id": 28,
                    "uid": 30
                },
                {
                    "coord": [
                        800,
                        450
                    ],
                    "is_working": true,
                    "name": "Ashby",
                    "rect": [
                        786,
                        467,
                        15,
                        34
                    ],
                    "text_id": 29,
                    "uid": 31
                },
                {
                    "coord": [
                        820,
                        470
                    ],
                    "is_working": true,
                    "name": "Lee",
                    "rect": [
                        811,
                        484,
                        15,
                        20
                    ],
                    "text_id": 30,
                    "uid": 32
                },
                {
                    "coord": [
                        850,
                        470
                    ],
                    "is_working": true,
                    "name": "Avalon",
                    "rect": [
                        842,
                        485,
                        15,
                        37
                    ],
                    "text_id": 31,
                    "uid": 33
                },
                {
                    "coord": [
                        880,
                        470
                    ],
                    "is_working": true,
                    "name": "Kenmore",
                    "rect": [
                        874,
                        485,
                        15,
                        47
                    ],
                    "text_id": 32,
                    "uid": 34
                },
                {
                    "coord": [
                        910,
                        470
                    ],
                    "is_working": true,
                    "name": "Lynnfield",
                    "rect": [
                        904,
                        485,
                        15,
                        47
                    ],
                    "text_id": 33,
                    "uid": 35
                },
                {
                    "coord": [
                        940,
                        470
                    ],
                    "is_working": true,
                    "name": "Farnsleigh",
                    "rect": [
                        933,
                        485,
                        15,
                        54
                    ],
                    "text_id": 34,
                    "uid": 36
                },
                {
                    "coord": [
                        970,
                        470
                    ],
                    "is_working": true,
                    "name": "Warrensville",
                    "rect": [
                        962,
                        484,
                        15,
                        65
                    ],
                    "text_id": 35,
                    "uid": 37
                }
            ],
            "text_id": 36
        },
        {
            "labels_bg_color": "-1",
            "labels_color": "008000",
            "line_color": "008000",
            "line_width": 9,
            "name": "Green Line",
            "segments": [
                [
                    38,
                    39,
                    [
                        [
                            425,
                            80
                        ],
                        [
                            455,
                            50
                        ]
                    ],
                    true
                ],
                [
                    39,
                    40,
                    [
                        [
                            395,
                            110
                        ],
                        [
                            425,
                            80
                        ]
                    ],
                    true
                ],
                [
                    40,
                    41,
                    [
                        [
                            365,
                            140
                        ],
                        [
                            395,
                            110
                        ]
                    ],
                    true
                ],
                [
                    41,
                    42,
                    [
                        [
                            365,
                            200
                        ],
                        [
                            335.0,
                            170.0
                        ],
                        [
                            365,
                            140
                        ]
                    ],
                    true
                ],
                [
                    42,
                    43,
                    [
                        [
                            395,
                            230
                        ],
                        [
                            365,
                            200
                        ]
                    ],
                    true
                ],
                [
                    43,
                    44,
                    [
                        [
                            425,
                            260
                        ],
                        [
                            395,
                            230
                        ]
                    ],
                    true
                ],
                [
                    44,
                    45,
                    [
                        [
                            465,
                            300
                        ],
                        [
                            425,
                            260
                        ]
                    ],
                    true
                ],
                [
                    45,
                    46,
                    [
                        [
                            520,
                            335
                        ],
                        [
                            500.0,
                            335.0
                        ],
                        [
                            465,
                            300
                        ]
                    ],
                    true
                ],
                [
                    46,
                    47,
                    [
                        [
                            560,
                            335
                        ],
                        [
                            520,
                            335
                        ]
                    ],
                    true
                ],
                [
                    47,
                    48,
                    [
                        [
                            600,
                            335
                        ],
                        [
                            560,
                            335
                        ]
                    ],
                    true
                ],
                [
                    48,
                    49,
                    [
                        [
                            640,
                            335
                        ],
                        [
                            600,
                            335
                        ]
                    ],
                    true
                ],
                [
                    49,
                    50,
                    [
                        [
                            680,
                            335
                        ],
                        [
                            640,
                            335
                        ]
                    ],
                    true
                ],
                [
                    50,
                    51,
                    [
                        [
                            720,
                            335
                        ],
                        [
                            680,
                            335
                        ]
                    ],
                    true
                ],
                [
                    51,
                    52,
                    [
                        [
                            760,
                            335
                        ],
                        [
                            720,
                            335
                        ]
                    ],
                    true
                ],
                [
                    52,
                    53,
                    [
                        [
                            800,
                            335
                        ],
                        [
                            760,
                            335
                        ]
                    ],
                    true
                ],
                [
                    53,
                    54,
                    [
                        [
                            840,
                            335
                        ],
                        [
                            800,
                            335
                        ]
                    ],
                    true
                ],
                [
                    54,
                    55,
                    [
                        [
                            880,
                            335
                        ],
                        [
                            840,
                            335
                        ]
                    ],
                    true
                ],
                [
                    55,
                    56,
                    [
                        [
                            920,
                            335
                        ],
                        [
                            880,
                            335
                        ]
                    ],
                    true
                ],
                [
                    56,
                    57,
                    [
                        [
                            960,
                            335
                        ],
                        [
                            920,
                            335
                        ]
                    ],
                    true
                ],
                [
                    57,
                    58,
                    [
                        [
                            1000,
                            335
                        ],
                        [
                            960,
                            335
                        ]
                    ],
                    true
                ],
                [
                    58,
                    59,
                    [
                        [
                            1040,
                            335
                        ],
                        [
                            1000,
                            335
                        ]
                    ],
                    true
                ],
                [
                    59,
                    60,
                    [
                        [
                            1080,
                            335
                        ],
                        [
                            1040,
                            335
                        ]
                    ],
                    true
                ],
                [
                    60,
                    61,
                    [
                        [
                            1120,
                            335
                        ],
                        [
                            1080,
                            335
                        ]
                    ],
                    true
                ]
            ],
            "stations": [
                {
                    "coord": [
                        455,
                        50
                    ],
                    "is_working": true,
                    "name": "South Harbor",
                    "rect": null,
                    "text_id": 19,
                    "uid": 38
                },
                {
                    "coord": [
                        425,
                        80
                    ],
                    "is_working": true,
                    "name": "North Coast",
                    "rect": null,
                    "text_id": 20,
                    "uid": 39
                },
                {
                    "coord": [
                        395,
                        110
                    ],
                    "is_working": true,
                    "name": "Amtrak",
                    "rect": null,
                    "text_id": 21,
                    "uid": 40
                },
                {
                    "coord": [
                        365,
                        140
                    ],
                    "is_working": true,
                    "name": "West 3rd Street",
                    "rect": null,
                    "text_id": 22,
                    "uid": 41
                },
                {
                    "coord": [
                        365,
                        200
                    ],
                    "is_working": true,
                    "name": "Flats East Bank",
                    "rect": null,
                    "text_id": 23,
                    "uid": 42
                },
                {
                    "coord": [
                        395,
                        230
                    ],
                    "is_working": true,
                    "name": "Settlers Landing",
                    "rect": null,
                    "text_id": 24,
                    "uid": 43
                },
                {
                    "coord": [
                        425,
                        260
                    ],
                    "is_working": true,
                    "name": "Tower City - Public Square",
                    "rect": null,
                    "text_id": 8,
                    "uid": 44
                },
                {
                    "coord": [
                        465,
                        300
                    ],
                    "is_working": true,
                    "name": "E.34 - Campus",
                    "rect": null,
                    "text_id": 7,
                    "uid": 45
                },
                {
                    "coord": [
                        520,
                        335
                    ],
                    "is_working": true,
                    "name": "E. 55th",
                    "rect": null,
                    "text_id": 6,
                    "uid": 46
                },
                {
                    "coord": [
                        560,
                        335
                    ],
                    "is_working": true,
                    "name": "E. 79th",
                    "rect": [
                        551,
                        369,
                        15,
                        36
                    ],
                    "text_id": 37,
                    "uid": 47
                },
                {
                    "coord": [
                        600,
                        335
                    ],
                    "is_working": true,
                    "name": "Woodhill",
                    "rect": [
                        592,
                        369,
                        15,
                        45
                    ],
                    "text_id": 38,
                    "uid": 48
                },
                {
                    "coord": [
                        640,
                        335
                    ],
                    "is_working": true,
                    "name": "E. 116th",
                    "rect": [
                        631,
                        369,
                        15,
                        42
                    ],
                    "text_id": 39,
                    "uid": 49
                },
                {
                    "coord": [
                        680,
                        335
                    ],
                    "is_working": true,
                    "name": "Shaker Square",
                    "rect": [
                        671,
                        368,
                        15,
                        75
                    ],
                    "text_id": 40,
                    "uid": 50
                },
                {
                    "coord": [
                        720,
                        335
                    ],
                    "is_working": true,
                    "name": "Coventry",
                    "rect": [
                        711,
                        274,
                        15,
                        47
                    ],
                    "text_id": 41,
                    "uid": 51
                },
                {
                    "coord": [
                        760,
                        335
                    ],
                    "is_working": true,
                    "name": "Southington",
                    "rect": [
                        753,
                        261,
                        15,
                        60
                    ],
                    "text_id": 27,
                    "uid": 52
                },
                {
                    "coord": [
                        800,
                        335
                    ],
                    "is_working": true,
                    "name": "South Park",
                    "rect": [
                        792,
                        265,
                        15,
                        56
                    ],
                    "text_id": 42,
                    "uid": 53
                },
                {
                    "coord": [
                        840,
                        335
                    ],
                    "is_working": true,
                    "name": "Lee",
                    "rect": [
                        831,
                        300,
                        15,
                        20
                    ],
                    "text_id": 30,
                    "uid": 54
                },
                {
                    "coord": [
                        880,
                        335
                    ],
                    "is_working": true,
                    "name": "Attleboro",
                    "rect": [
                        870,
                        273,
                        15,
                        47
                    ],
                    "text_id": 43,
                    "uid": 55
                },
                {
                    "coord": [
                        920,
                        335
                    ],
                    "is_working": true,
                    "name": "Eaton",
                    "rect": [
                        912,
                        290,
                        15,
                        30
                    ],
                    "text_id": 44,
                    "uid": 56
                },
                {
                    "coord": [
                        960,
                        335
                    ],
                    "is_working": true,
                    "name": "Courtland",
                    "rect": [
                        954,
                        270,
                        15,
                        50
                    ],
                    "text_id": 45,
                    "uid": 57
                },
                {
                    "coord": [
                        1000,
                        335
                    ],
                    "is_working": true,
                    "name": "Warrensville",
                    "rect": [
                        993,
                        254,
                        15,
                        65
                    ],
                    "text_id": 35,
                    "uid": 58
                },
                {
                    "coord": [
                        1040,
                        335
                    ],
                    "is_working": true,
                    "name": "Bellvoir",
                    "rect": [
                        1033,
                        277,
                        15,
                        41
                    ],
                    "text_id": 46,
                    "uid": 59
                },
                {
                    "coord": [
                        1080,
                        335
                    ],
                    "is_working": true,
                    "name": "West Green",
                    "rect": [
                        1072,
                        259,
                        15,
                        60
                    ],
                    "text_id": 47,
                    "uid": 60
                },
                {
                    "coord": [
                        1120,
                        335
                    ],
                    "is_working": true,
                    "name": "Green",
                    "rect": [
                        1111,
                        286,
                        15,
                        32
                    ],
                    "text_id": 48,
                    "uid": 61
                }
            ],
            "text_id": 49
        }
    ],
    "lines_width": 9,
    "name": "metro",
    "name_text_id": 50,
    "stations_diameter": 15.0,
    "transfers": [
        [
            18,
            38,
            [
                440,
                50
            ],
            [
                455,
                50
            ]
        ],
        [
            19,
            39,
            [
                410,
                80
            ],
            [
                425,
                80
            ]
        ],
        [
            20,
            40,
            [
                380,
                110
            ],
            [
                395,
                110
            ]
        ],
        [
            21,
            41,
            [
                350,
                140
            ],
            [
                365,
                140
            ]
        ],
        [
            22,
            42,
            [
                350,
                200
            ],
            [
                365,
                200
            ]
        ],
        [
            23,
            43,
            [
                380,
                230
            ],
            [
                395,
                230
            ]
        ],
        [
            24,
            44,
            [
                410,
                260
            ],
            [
                425,
                260
            ]
        ],
        [
            44,
            8,
            [
                425,
                260
            ],
            [
                440,
                260
            ]
        ],
        [
            8,
            24,
            [
                440,
                260
            ],
            [
                410,
                260
            ]
        ],
        [
            25,
            45,
            [
                450,
                300
            ],
            [
                465,
                300
            ]
        ],
        [
            45,
            7,
            [
                465,
                300
            ],
            [
                480,
                300
            ]
        ],
        [
            7,
            25,
            [
                480,
                300
            ],
            [
                450,
                300
            ]
        ],
        [
            26,
            46,
            [
                520,
                350
            ],
            [
                520,
                335
            ]
        ],
        [
            46,
            6,
            [
                520,
                335
            ],
            [
                520,
                320
            ]
        ],
        [
            6,
            26,
            [
                520,
                320
            ],
            [
                520,
                350
            ]
        ]
    ],
    "transports": [
        "metro"
    ],
    "type_name": "ROOT",
    "type_text_id": 51,
    "upper_case": false,
    "width": 1270,
    "word_wrap": false
}