{
    "0": "Norsborg",
    "1": "Hallunda",
    "2": "Alby",
    "3": "Fittja",
    "4": "Masmo",
    "5": "Varby Gard",
    "6": "Varberg",
    "7": "Skarholmen",
    "8": "Satra",
    "9": "Bredang",
    "10": "Malarhojden",
    "11": "Axelsberg",
    "12": "Ornsberg",
    "13": "Aspudden",
    "14": "Liljeholmen",
    "15": "Hornstull",
    "16": "Zinkensdamm",
    "17": "Mariatorget",
    "18": "Slussen",
    "19": "Gamla Stan",
    "20": "T-Centralen",
    "21": "Ostermalmstorg",
    "22": "Stadion",
    "23": "Tekniska Hogskolan",
    "24": "Universitetet",
    "25": "Bergshamra",
    "26": "Danderyds Sjukhus",
    "27": "Morby Centrum",
    "28": "Fruangen",
    "29": "Vastertorp",
    "30": "Hagerstensasen",
    "31": "Telefonplan",
    "32": "Midsommarkransen",
    "33": "Karlaplan",
    "34": "Gardet",
    "35": "Ropsten",
    "36": "1",
    "37": "Hasselby Strand",
    "38": "Hasselby Gard",
    "39": "Johannelund",
    "40": "Vallingby",
    "41": "Racksta",
    "42": "Blackeberg",
    "43": "Islandstorget",
    "44": "Angbyplan",
    "45": "Akeshov",
    "46": "Brommaplan",
    "47": "Abrahamsberg",
    "48": "Stora Mossen",
    "49": "Alvik",
    "50": "Kristineberg",
    "51": "Thorildsplan",
    "52": "Fridhemsplan",
    "53": "Sankt Eriksplan",
    "54": "Odenplan",
    "55": "Radmansgatan",
    "56": "Hotorget",
    "57": "Medborgarplatsen",
    "58": "Skanstull",
    "59": "Gullmarsplan",
    "60": "Globen",
    "61": "Enskede Gard",
    "62": "Sockenplan",
    "63": "Svedmyra",
    "64": "Stureby",
    "65": "Bandhagen",
    "66": "Hogdalen",
    "67": "Ragsved",
    "68": "Hagsatra",
    "69": "Skarmarbrink",
    "70": "Blasut",
    "71": "Sandsborg",
    "72": "Skogskyrkogarden",
    "73": "Tallkrogen",
    "74": "Gubbangen",
    "75": "Hokarangen",
    "76": "Farsta",
    "77": "Farsta Strand",
    "78": "Hammarbyhojden",
    "79": "Bjorkhagen",
    "80": "Karrtorp",
    "81": "Bagarmossen",
    "82": "Skarpnack",
    "83": "2",
    "84": "Hjulsta",
    "85": "Tensta",
    "86": "Rinkeby",
    "87": "Rissne",
    "88": "Duvbo",
    "89": "Sundbybergs Centrum",
    "90": "Solna strand",
    "91": "Huvudsta",
    "92": "Vastra Skogen",
    "93": "Stadshagen",
    "94": "Radhuset",
    "95": "Kungstradgarden",
    "96": "Akalla",
    "97": "Husby",
    "98": "Kista",
    "99": "Hallonbergen",
    "100": "Nackrosen",
    "101": "Solna Centrum",
    "102": "3",
    "103": "Metro",
    "104": "ROOT",
    "105": "Shema ot 14.11.2022g.\nIntervaly dvizhenija - zhdem Vashej pomoschi.",
    "106": "Imported from http://pmetro.su"
}