{
    "0": "Karlsplatz",
    "1": "Altenessen-Mitte",
    "2": "Kaiser-Wilhelm-Park",
    "3": "Altenessen Bahnhof",
    "4": "Bauminghausstrasse",
    "5": "Bamlerstrasse",
    "6": "Uni Essen",
    "7": "Berliner Platz",
    "8": "Hirschlandplatz",
    "9": "Essen Hauptbahnhof",
    "10": "Philharmonie/Saalbau",
    "11": "Ruttenscheider Stern",
    "12": "Martinstrasse",
    "13": "Messe Ost/Gruga",
    "14": "Messe West Sud/Gruga",
    "15": "U11",
    "16": "GE-Buerer Strasse",
    "17": "GE-Schloss Horst",
    "18": "GE-Fischerstrasse",
    "19": "Alte Landstrasse",
    "20": "Boyerstrasse",
    "21": "Arenbergstrasse",
    "22": "Hesslerstrasse",
    "23": "II. Schichtstrasse",
    "24": "Bismarckplatz",
    "25": "Planckstrasse",
    "26": "Germarkenplatz",
    "27": "Holsterhauser Platz",
    "28": "Halbe Hohe",
    "29": "Laubenweg",
    "30": "Margarethenhohe",
    "31": "U17",
    "32": "Alfred-Krupp-Schule",
    "33": "Hobeisenbrucke",
    "34": "Breslauer Strasse",
    "35": "Wickenburgstrasse",
    "36": "Rhein-Ruhr-Zentrum",
    "37": "Rosendellerstrasse",
    "38": "Eichbaum",
    "39": "Heissen Kirche",
    "40": "Muhlenfeld",
    "41": "Christianstrasse",
    "42": "Gracht",
    "43": "Von-Bock-Strasse",
    "44": "Mulheim Hauptbahnhof",
    "45": "U18",
    "46": "Электричка",
    "47": "ROOT",
    "48": "Схема от 27.08.2007г.\nАвтор: Варламов Дмитрий (www.chpeks.com)",
    "49": "Imported from http://pmetro.su"
}