{
    "default_transports": [
        "metro"
    ],
    "height": 845,
    "images": [
        "res/schemes/philadelphia.svg"
    ],
    "is_vector": true,
    "lines": [
        {
            "labels_bg_color": "-1",
            "labels_color": "cf9000",
            "line_color": "ffa500",
            "line_width": 7,
            "name": "Broad Street Line",
            "segments": [
                [
                    0,
                    1,
                    [
                        [
                            450,
                            45
                        ],
                        [
                            450,
                            15
                        ]
                    ],
                    true
                ],
                [
                    1,
                    2,
                    [
                        [
                            450,
                            75
                        ],
                        [
                            450,
                            45
                        ]
                    ],
                    true
                ],
                [
                    2,
                    3,
                    [
                        [
                            450,
                            105
                        ],
                        [
                            450,
                            75
                        ]
                    ],
                    true
                ],
                [
                    3,
                    4,
                    [
                        [
                            450,
                            135
                        ],
                        [
                            450,
                            105
                        ]
                    ],
                    true
                ],
                [
                    4,
                    5,
                    [
                        [
                            450,
                            165
                        ],
                        [
                            450,
                            135
                        ]
                    ],
                    true
                ],
                [
                    5,
                    6,
                    [
                        [
                            450,
                            195
                        ],
                        [
                            450,
                            165
                        ]
                    ],
                    true
                ],
                [
                    6,
                    7,
                    [
                        [
                            450,
                            225
                        ],
                        [
                            450,
                            195
                        ]
                    ],
                    true
                ],
                [
                    7,
                    8,
                    [
                        [
                            450,
                            255
                        ],
                        [
                            450,
                            225
                        ]
                    ],
                    true
                ],
                [
                    8,
                    9,
                    [
                        [
                            450,
                            285
                        ],
                        [
                            450,
                            255
                        ]
                    ],
                    true
                ],
                [
                    9,
                    10,
                    [
                        [
                            450,
                            320
                        ],
                        [
                            450,
                            285
                        ]
                    ],
                    true
                ],
                [
                    10,
                    11,
                    [
                        [
                            450,
                            345
                        ],
                        [
                            450,
                            320
                        ]
                    ],
                    true
                ],
                [
                    10,
                    22,
                    [
                        [
                            495,
                            365
                        ],
                        [
                            450,
                            320
                        ]
                    ],
                    true
                ],
                [
                    11,
                    12,
                    [
                        [
                            450,
                            375
                        ],
                        [
                            450,
                            345
                        ]
                    ],
                    true
                ],
                [
                    12,
                    13,
                    [
                        [
                            450,
                            405
                        ],
                        [
                            450,
                            375
                        ]
                    ],
                    true
                ],
                [
                    13,
                    14,
                    [
                        [
                            450,
                            485
                        ],
                        [
                            450,
                            405
                        ]
                    ],
                    true
                ],
                [
                    14,
                    15,
                    [
                        [
                            450,
                            515
                        ],
                        [
                            450,
                            485
                        ]
                    ],
                    true
                ],
                [
                    15,
                    16,
                    [
                        [
                            450,
                            545
                        ],
                        [
                            450,
                            515
                        ]
                    ],
                    true
                ],
                [
                    16,
                    17,
                    [
                        [
                            450,
                            575
                        ],
                        [
                            450,
                            545
                        ]
                    ],
                    true
                ],
                [
                    17,
                    18,
                    [
                        [
                            450,
                            605
                        ],
                        [
                            450,
                            575
                        ]
                    ],
                    true
                ],
                [
                    18,
                    19,
                    [
                        [
                            450,
                            635
                        ],
                        [
                            450,
                            605
                        ]
                    ],
                    true
                ],
                [
                    19,
                    20,
                    [
                        [
                            450,
                            665
                        ],
                        [
                            450,
                            635
                        ]
                    ],
                    true
                ],
                [
                    20,
                    21,
                    [
                        [
                            450,
                            695
                        ],
                        [
                            450,
                            665
                        ]
                    ],
                    true
                ],
                [
                    22,
                    23,
                    [
                        [
                            515,
                            385
                        ],
                        [
                            495,
                            365
                        ]
                    ],
                    true
                ],
                [
                    23,
                    24,
                    [
                        [
                            515,
                            445
                        ],
                        [
                            515,
                            385
                        ]
                    ],
                    true
                ]
            ],
            "stations": [
                {
                    "coord": [
                        450,
                        15
                    ],
                    "is_working": true,
                    "name": "Fern Rock",
                    "rect": [
                        385,
                        8,
                        53,
                        15
                    ],
                    "text_id": 0,
                    "uid": 0
                },
                {
                    "coord": [
                        450,
                        45
                    ],
                    "is_working": true,
                    "name": "Olney",
                    "rect": [
                        406,
                        35,
                        31,
                        15
                    ],
                    "text_id": 1,
                    "uid": 1
                },
                {
                    "coord": [
                        450,
                        75
                    ],
                    "is_working": true,
                    "name": "Logan",
                    "rect": [
                        405,
                        67,
                        32,
                        15
                    ],
                    "text_id": 2,
                    "uid": 2
                },
                {
                    "coord": [
                        450,
                        105
                    ],
                    "is_working": true,
                    "name": "Wyoming",
                    "rect": [
                        390,
                        99,
                        48,
                        15
                    ],
                    "text_id": 3,
                    "uid": 3
                },
                {
                    "coord": [
                        450,
                        135
                    ],
                    "is_working": true,
                    "name": "Hunting Park",
                    "rect": [
                        372,
                        128,
                        66,
                        15
                    ],
                    "text_id": 4,
                    "uid": 4
                },
                {
                    "coord": [
                        450,
                        165
                    ],
                    "is_working": true,
                    "name": "Erie",
                    "rect": [
                        414,
                        156,
                        22,
                        15
                    ],
                    "text_id": 5,
                    "uid": 5
                },
                {
                    "coord": [
                        450,
                        195
                    ],
                    "is_working": true,
                    "name": "Allegheny",
                    "rect": [
                        385,
                        188,
                        52,
                        15
                    ],
                    "text_id": 6,
                    "uid": 6
                },
                {
                    "coord": [
                        450,
                        225
                    ],
                    "is_working": true,
                    "name": "North Philadelphia",
                    "rect": [
                        343,
                        217,
                        93,
                        15
                    ],
                    "text_id": 7,
                    "uid": 7
                },
                {
                    "coord": [
                        450,
                        255
                    ],
                    "is_working": true,
                    "name": "Susquehanna-Dauphin",
                    "rect": [
                        325,
                        248,
                        113,
                        15
                    ],
                    "text_id": 8,
                    "uid": 8
                },
                {
                    "coord": [
                        450,
                        285
                    ],
                    "is_working": true,
                    "name": "Cecil B. Moore",
                    "rect": [
                        363,
                        279,
                        76,
                        15
                    ],
                    "text_id": 9,
                    "uid": 9
                },
                {
                    "coord": [
                        450,
                        320
                    ],
                    "is_working": true,
                    "name": "Girard",
                    "rect": [
                        406,
                        312,
                        33,
                        15
                    ],
                    "text_id": 10,
                    "uid": 10
                },
                {
                    "coord": [
                        450,
                        345
                    ],
                    "is_working": true,
                    "name": "Fairmount 1",
                    "rect": [
                        378,
                        337,
                        60,
                        15
                    ],
                    "text_id": 11,
                    "uid": 11
                },
                {
                    "coord": [
                        450,
                        375
                    ],
                    "is_working": true,
                    "name": "Spring Garden",
                    "rect": [
                        366,
                        369,
                        73,
                        15
                    ],
                    "text_id": 12,
                    "uid": 12
                },
                {
                    "coord": [
                        450,
                        405
                    ],
                    "is_working": true,
                    "name": "Race-Vine",
                    "rect": [
                        386,
                        397,
                        53,
                        15
                    ],
                    "text_id": 13,
                    "uid": 13
                },
                {
                    "coord": [
                        450,
                        485
                    ],
                    "is_working": true,
                    "name": "City Hall",
                    "rect": [
                        460,
                        488,
                        45,
                        15
                    ],
                    "text_id": 14,
                    "uid": 14
                },
                {
                    "coord": [
                        450,
                        515
                    ],
                    "is_working": true,
                    "name": "Walnut-Locust",
                    "rect": [
                        365,
                        507,
                        72,
                        15
                    ],
                    "text_id": 15,
                    "uid": 15
                },
                {
                    "coord": [
                        450,
                        545
                    ],
                    "is_working": true,
                    "name": "Lombard-South",
                    "rect": [
                        363,
                        541,
                        76,
                        15
                    ],
                    "text_id": 16,
                    "uid": 16
                },
                {
                    "coord": [
                        450,
                        575
                    ],
                    "is_working": true,
                    "name": "Elisworth-Federal",
                    "rect": [
                        350,
                        568,
                        88,
                        15
                    ],
                    "text_id": 17,
                    "uid": 17
                },
                {
                    "coord": [
                        450,
                        605
                    ],
                    "is_working": true,
                    "name": "Tasker-Morris",
                    "rect": [
                        368,
                        599,
                        71,
                        15
                    ],
                    "text_id": 18,
                    "uid": 18
                },
                {
                    "coord": [
                        450,
                        635
                    ],
                    "is_working": true,
                    "name": "Snyder",
                    "rect": [
                        401,
                        627,
                        37,
                        15
                    ],
                    "text_id": 19,
                    "uid": 19
                },
                {
                    "coord": [
                        450,
                        665
                    ],
                    "is_working": true,
                    "name": "Oregon",
                    "rect": [
                        401,
                        657,
                        38,
                        15
                    ],
                    "text_id": 20,
                    "uid": 20
                },
                {
                    "coord": [
                        450,
                        695
                    ],
                    "is_working": true,
                    "name": "Pattison",
                    "rect": [
                        396,
                        687,
                        42,
                        15
                    ],
                    "text_id": 21,
                    "uid": 21
                },
                {
                    "coord": [
                        495,
                        365
                    ],
                    "is_working": true,
                    "name": "Fairmount 2",
                    "rect": [
                        500,
                        343,
                        60,
                        15
                    ],
                    "text_id": 22,
                    "uid": 22
                },
                {
                    "coord": [
                        515,
                        385
                    ],
                    "is_working": true,
                    "name": "Chinatown",
                    "rect": [
                        524,
                        376,
                        54,
                        15
                    ],
                    "text_id": 23,
                    "uid": 23
                },
                {
                    "coord": [
                        515,
                        445
                    ],
                    "is_working": true,
                    "name": "8th/Market",
                    "rect": [
                        490,
                        390,
                        15,
                        54
                    ],
                    "text_id": 24,
                    "uid": 24
                }
            ],
            "text_id": 25
        },
        {
            "labels_bg_color": "-1",
            "labels_color": "0000af",
            "line_color": "0000cf",
            "line_width": 7,
            "name": "Market-Frankford Line",
            "segments": [
                [
                    25,
                    26,
                    [
                        [
                            800,
                            105
                        ],
                        [
                            800,
                            70
                        ]
                    ],
                    true
                ],
                [
                    26,
                    27,
                    [
                        [
                            775,
                            130
                        ],
                        [
                            800,
                            105
                        ]
                    ],
                    true
                ],
                [
                    27,
                    28,
                    [
                        [
                            745,
                            160
                        ],
                        [
                            775,
                            130
                        ]
                    ],
                    true
                ],
                [
                    28,
                    29,
                    [
                        [
                            715,
                            190
                        ],
                        [
                            745,
                            160
                        ]
                    ],
                    true
                ],
                [
                    29,
                    30,
                    [
                        [
                            685,
                            220
                        ],
                        [
                            715,
                            190
                        ]
                    ],
                    true
                ],
                [
                    30,
                    31,
                    [
                        [
                            655,
                            250
                        ],
                        [
                            685,
                            220
                        ]
                    ],
                    true
                ],
                [
                    31,
                    32,
                    [
                        [
                            630,
                            275
                        ],
                        [
                            655,
                            250
                        ]
                    ],
                    true
                ],
                [
                    32,
                    33,
                    [
                        [
                            610,
                            315
                        ],
                        [
                            610.0,
                            295.0
                        ],
                        [
                            630,
                            275
                        ]
                    ],
                    true
                ],
                [
                    33,
                    34,
                    [
                        [
                            610,
                            345
                        ],
                        [
                            610,
                            315
                        ]
                    ],
                    true
                ],
                [
                    34,
                    35,
                    [
                        [
                            610,
                            375
                        ],
                        [
                            610,
                            345
                        ]
                    ],
                    true
                ],
                [
                    35,
                    36,
                    [
                        [
                            610,
                            405
                        ],
                        [
                            610,
                            375
                        ]
                    ],
                    true
                ],
                [
                    36,
                    37,
                    [
                        [
                            595,
                            455
                        ],
                        [
                            610.0,
                            439.0
                        ],
                        [
                            610,
                            405
                        ]
                    ],
                    true
                ],
                [
                    37,
                    38,
                    [
                        [
                            555,
                            455
                        ],
                        [
                            595,
                            455
                        ]
                    ],
                    true
                ],
                [
                    38,
                    39,
                    [
                        [
                            525,
                            455
                        ],
                        [
                            555,
                            455
                        ]
                    ],
                    true
                ],
                [
                    39,
                    40,
                    [
                        [
                            495,
                            455
                        ],
                        [
                            525,
                            455
                        ]
                    ],
                    true
                ],
                [
                    40,
                    41,
                    [
                        [
                            465,
                            455
                        ],
                        [
                            495,
                            455
                        ]
                    ],
                    true
                ],
                [
                    41,
                    42,
                    [
                        [
                            435,
                            455
                        ],
                        [
                            465,
                            455
                        ]
                    ],
                    true
                ],
                [
                    42,
                    43,
                    [
                        [
                            285,
                            455
                        ],
                        [
                            435,
                            455
                        ]
                    ],
                    true
                ],
                [
                    43,
                    44,
                    [
                        [
                            255,
                            455
                        ],
                        [
                            285,
                            455
                        ]
                    ],
                    true
                ],
                [
                    44,
                    45,
                    [
                        [
                            225,
                            455
                        ],
                        [
                            255,
                            455
                        ]
                    ],
                    true
                ],
                [
                    45,
                    46,
                    [
                        [
                            195,
                            455
                        ],
                        [
                            225,
                            455
                        ]
                    ],
                    true
                ],
                [
                    46,
                    47,
                    [
                        [
                            165,
                            455
                        ],
                        [
                            195,
                            455
                        ]
                    ],
                    true
                ],
                [
                    47,
                    48,
                    [
                        [
                            135,
                            455
                        ],
                        [
                            165,
                            455
                        ]
                    ],
                    true
                ],
                [
                    48,
                    49,
                    [
                        [
                            110,
                            455
                        ],
                        [
                            135,
                            455
                        ]
                    ],
                    true
                ],
                [
                    49,
                    50,
                    [
                        [
                            80,
                            455
                        ],
                        [
                            110,
                            455
                        ]
                    ],
                    true
                ],
                [
                    50,
                    51,
                    [
                        [
                            50,
                            455
                        ],
                        [
                            80,
                            455
                        ]
                    ],
                    true
                ],
                [
                    51,
                    52,
                    [
                        [
                            15,
                            455
                        ],
                        [
                            50,
                            455
                        ]
                    ],
                    true
                ]
            ],
            "stations": [
                {
                    "coord": [
                        800,
                        70
                    ],
                    "is_working": true,
                    "name": "Bridge-Pratt",
                    "rect": [
                        728,
                        63,
                        61,
                        15
                    ],
                    "text_id": 26,
                    "uid": 25
                },
                {
                    "coord": [
                        800,
                        105
                    ],
                    "is_working": true,
                    "name": "Margaret-Orthodox",
                    "rect": [
                        694,
                        93,
                        94,
                        15
                    ],
                    "text_id": 27,
                    "uid": 26
                },
                {
                    "coord": [
                        775,
                        130
                    ],
                    "is_working": true,
                    "name": "Church",
                    "rect": [
                        721,
                        122,
                        38,
                        15
                    ],
                    "text_id": 28,
                    "uid": 27
                },
                {
                    "coord": [
                        745,
                        160
                    ],
                    "is_working": true,
                    "name": "Erie-Torresdale",
                    "rect": [
                        651,
                        152,
                        78,
                        15
                    ],
                    "text_id": 29,
                    "uid": 28
                },
                {
                    "coord": [
                        715,
                        190
                    ],
                    "is_working": true,
                    "name": "Tioga",
                    "rect": [
                        672,
                        181,
                        29,
                        15
                    ],
                    "text_id": 30,
                    "uid": 29
                },
                {
                    "coord": [
                        685,
                        220
                    ],
                    "is_working": true,
                    "name": "Allegheny",
                    "rect": [
                        614,
                        212,
                        52,
                        15
                    ],
                    "text_id": 6,
                    "uid": 30
                },
                {
                    "coord": [
                        655,
                        250
                    ],
                    "is_working": true,
                    "name": "Somerset",
                    "rect": [
                        590,
                        242,
                        49,
                        15
                    ],
                    "text_id": 31,
                    "uid": 31
                },
                {
                    "coord": [
                        630,
                        275
                    ],
                    "is_working": true,
                    "name": "Huntingdon",
                    "rect": [
                        561,
                        265,
                        58,
                        15
                    ],
                    "text_id": 32,
                    "uid": 32
                },
                {
                    "coord": [
                        610,
                        315
                    ],
                    "is_working": true,
                    "name": "York-Dauphin",
                    "rect": [
                        621,
                        306,
                        69,
                        15
                    ],
                    "text_id": 33,
                    "uid": 33
                },
                {
                    "coord": [
                        610,
                        345
                    ],
                    "is_working": true,
                    "name": "Berks",
                    "rect": [
                        622,
                        336,
                        32,
                        15
                    ],
                    "text_id": 34,
                    "uid": 34
                },
                {
                    "coord": [
                        610,
                        375
                    ],
                    "is_working": true,
                    "name": "Girard",
                    "rect": [
                        621,
                        364,
                        33,
                        15
                    ],
                    "text_id": 10,
                    "uid": 35
                },
                {
                    "coord": [
                        610,
                        405
                    ],
                    "is_working": true,
                    "name": "Spring Garden",
                    "rect": [
                        621,
                        397,
                        73,
                        15
                    ],
                    "text_id": 12,
                    "uid": 36
                },
                {
                    "coord": [
                        595,
                        455
                    ],
                    "is_working": true,
                    "name": "2nd",
                    "rect": [
                        587,
                        464,
                        20,
                        15
                    ],
                    "text_id": 35,
                    "uid": 37
                },
                {
                    "coord": [
                        555,
                        455
                    ],
                    "is_working": true,
                    "name": "5th",
                    "rect": [
                        548,
                        464,
                        17,
                        15
                    ],
                    "text_id": 36,
                    "uid": 38
                },
                {
                    "coord": [
                        525,
                        455
                    ],
                    "is_working": true,
                    "name": "8th/Market",
                    "rect": null,
                    "text_id": 24,
                    "uid": 39
                },
                {
                    "coord": [
                        495,
                        455
                    ],
                    "is_working": true,
                    "name": "11th",
                    "rect": [
                        485,
                        463,
                        23,
                        15
                    ],
                    "text_id": 37,
                    "uid": 40
                },
                {
                    "coord": [
                        465,
                        455
                    ],
                    "is_working": true,
                    "name": "13th",
                    "rect": [
                        460,
                        426,
                        23,
                        15
                    ],
                    "text_id": 38,
                    "uid": 41
                },
                {
                    "coord": [
                        435,
                        455
                    ],
                    "is_working": true,
                    "name": "15th",
                    "rect": [
                        416,
                        425,
                        23,
                        15
                    ],
                    "text_id": 39,
                    "uid": 42
                },
                {
                    "coord": [
                        285,
                        455
                    ],
                    "is_working": true,
                    "name": "30th",
                    "rect": [
                        284,
                        428,
                        23,
                        15
                    ],
                    "text_id": 40,
                    "uid": 43
                },
                {
                    "coord": [
                        255,
                        455
                    ],
                    "is_working": true,
                    "name": "34th",
                    "rect": [
                        252,
                        431,
                        23,
                        15
                    ],
                    "text_id": 41,
                    "uid": 44
                },
                {
                    "coord": [
                        225,
                        455
                    ],
                    "is_working": true,
                    "name": "40th",
                    "rect": [
                        208,
                        463,
                        23,
                        15
                    ],
                    "text_id": 42,
                    "uid": 45
                },
                {
                    "coord": [
                        195,
                        455
                    ],
                    "is_working": true,
                    "name": "46th",
                    "rect": [
                        188,
                        430,
                        23,
                        15
                    ],
                    "text_id": 43,
                    "uid": 46
                },
                {
                    "coord": [
                        165,
                        455
                    ],
                    "is_working": true,
                    "name": "52th",
                    "rect": [
                        155,
                        464,
                        23,
                        15
                    ],
                    "text_id": 44,
                    "uid": 47
                },
                {
                    "coord": [
                        135,
                        455
                    ],
                    "is_working": true,
                    "name": "56th",
                    "rect": [
                        125,
                        430,
                        23,
                        15
                    ],
                    "text_id": 45,
                    "uid": 48
                },
                {
                    "coord": [
                        110,
                        455
                    ],
                    "is_working": true,
                    "name": "60th",
                    "rect": [
                        102,
                        464,
                        23,
                        15
                    ],
                    "text_id": 46,
                    "uid": 49
                },
                {
                    "coord": [
                        80,
                        455
                    ],
                    "is_working": true,
                    "name": "63rd",
                    "rect": [
                        72,
                        430,
                        24,
                        15
                    ],
                    "text_id": 47,
                    "uid": 50
                },
                {
                    "coord": [
                        50,
                        455
                    ],
                    "is_working": true,
                    "name": "Milbourne",
                    "rect": [
                        27,
                        464,
                        51,
                        15
                    ],
                    "text_id": 48,
                    "uid": 51
                },
                {
                    "coord": [
                        15,
                        455
                    ],
                    "is_working": true,
                    "name": "69th Street Terminal",
                    "rect": [
                        9,
                        345,
                        15,
                        101
                    ],
                    "text_id": 49,
                    "uid": 52
                }
            ],
            "text_id": 50
        },
        {
            "labels_bg_color": "-1",
            "labels_color": "af0000",
            "line_color": "cf0000",
            "line_width": 7,
            "name": "PATCO Line",
            "segments": [
                [
                    53,
                    54,
                    [
                        [
                            460,
                            530
                        ],
                        [
                            430,
                            530
                        ]
                    ],
                    true
                ],
                [
                    54,
                    55,
                    [
                        [
                            505,
                            530
                        ],
                        [
                            460,
                            530
                        ]
                    ],
                    true
                ],
                [
                    55,
                    56,
                    [
                        [
                            535,
                            445
                        ],
                        [
                            535.0,
                            499.0
                        ],
                        [
                            505,
                            530
                        ]
                    ],
                    true
                ],
                [
                    56,
                    57,
                    [
                        [
                            720,
                            435
                        ],
                        [
                            710.0,
                            425.0
                        ],
                        [
                            535.0,
                            425.0
                        ],
                        [
                            535,
                            445
                        ]
                    ],
                    true
                ],
                [
                    57,
                    58,
                    [
                        [
                            740,
                            455
                        ],
                        [
                            720,
                            435
                        ]
                    ],
                    true
                ],
                [
                    58,
                    59,
                    [
                        [
                            760,
                            475
                        ],
                        [
                            740,
                            455
                        ]
                    ],
                    true
                ],
                [
                    59,
                    60,
                    [
                        [
                            775,
                            490
                        ],
                        [
                            760,
                            475
                        ]
                    ],
                    true
                ],
                [
                    60,
                    61,
                    [
                        [
                            795,
                            510
                        ],
                        [
                            775,
                            490
                        ]
                    ],
                    true
                ],
                [
                    61,
                    62,
                    [
                        [
                            810,
                            525
                        ],
                        [
                            795,
                            510
                        ]
                    ],
                    true
                ],
                [
                    62,
                    63,
                    [
                        [
                            825,
                            540
                        ],
                        [
                            810,
                            525
                        ]
                    ],
                    true
                ],
                [
                    63,
                    64,
                    [
                        [
                            845,
                            560
                        ],
                        [
                            825,
                            540
                        ]
                    ],
                    true
                ],
                [
                    64,
                    65,
                    [
                        [
                            865,
                            580
                        ],
                        [
                            845,
                            560
                        ]
                    ],
                    true
                ]
            ],
            "stations": [
                {
                    "coord": [
                        430,
                        530
                    ],
                    "is_working": true,
                    "name": "16th/15th",
                    "rect": [
                        374,
                        524,
                        47,
                        15
                    ],
                    "text_id": 51,
                    "uid": 53
                },
                {
                    "coord": [
                        460,
                        530
                    ],
                    "is_working": true,
                    "name": "13th/12th",
                    "rect": [
                        461,
                        541,
                        47,
                        15
                    ],
                    "text_id": 52,
                    "uid": 54
                },
                {
                    "coord": [
                        505,
                        530
                    ],
                    "is_working": true,
                    "name": "10th/9th",
                    "rect": [
                        515,
                        531,
                        41,
                        15
                    ],
                    "text_id": 53,
                    "uid": 55
                },
                {
                    "coord": [
                        535,
                        445
                    ],
                    "is_working": true,
                    "name": "8th/Market",
                    "rect": null,
                    "text_id": 24,
                    "uid": 56
                },
                {
                    "coord": [
                        720,
                        435
                    ],
                    "is_working": true,
                    "name": "City Hall Camden",
                    "rect": [
                        732,
                        424,
                        89,
                        15
                    ],
                    "text_id": 54,
                    "uid": 57
                },
                {
                    "coord": [
                        740,
                        455
                    ],
                    "is_working": true,
                    "name": "Broadway",
                    "rect": [
                        752,
                        443,
                        52,
                        15
                    ],
                    "text_id": 55,
                    "uid": 58
                },
                {
                    "coord": [
                        760,
                        475
                    ],
                    "is_working": true,
                    "name": "Ferry Av. Camden",
                    "rect": [
                        654,
                        473,
                        92,
                        15
                    ],
                    "text_id": 56,
                    "uid": 59
                },
                {
                    "coord": [
                        775,
                        490
                    ],
                    "is_working": true,
                    "name": "Collingswood",
                    "rect": [
                        696,
                        490,
                        69,
                        15
                    ],
                    "text_id": 57,
                    "uid": 60
                },
                {
                    "coord": [
                        795,
                        510
                    ],
                    "is_working": true,
                    "name": "Westmont",
                    "rect": [
                        733,
                        509,
                        51,
                        15
                    ],
                    "text_id": 58,
                    "uid": 61
                },
                {
                    "coord": [
                        810,
                        525
                    ],
                    "is_working": true,
                    "name": "Haddonfield",
                    "rect": [
                        741,
                        525,
                        61,
                        15
                    ],
                    "text_id": 59,
                    "uid": 62
                },
                {
                    "coord": [
                        825,
                        540
                    ],
                    "is_working": true,
                    "name": "Woodcrest",
                    "rect": [
                        759,
                        541,
                        55,
                        15
                    ],
                    "text_id": 60,
                    "uid": 63
                },
                {
                    "coord": [
                        845,
                        560
                    ],
                    "is_working": true,
                    "name": "Ashland",
                    "rect": [
                        790,
                        560,
                        43,
                        15
                    ],
                    "text_id": 61,
                    "uid": 64
                },
                {
                    "coord": [
                        865,
                        580
                    ],
                    "is_working": true,
                    "name": "Lindenwold",
                    "rect": [
                        793,
                        578,
                        58,
                        15
                    ],
                    "text_id": 62,
                    "uid": 65
                }
            ],
            "text_id": 63
        },
        {
            "labels_bg_color": "-1",
            "labels_color": "007000",
            "line_color": "008000",
            "line_width": 7,
            "name": "Subway-Surface Lines",
            "segments": [
                [
                    66,
                    67,
                    [
                        [
                            435,
                            470
                        ],
                        [
                            465,
                            470
                        ]
                    ],
                    true
                ],
                [
                    67,
                    68,
                    [
                        [
                            400,
                            470
                        ],
                        [
                            435,
                            470
                        ]
                    ],
                    true
                ],
                [
                    68,
                    69,
                    [
                        [
                            375,
                            470
                        ],
                        [
                            400,
                            470
                        ]
                    ],
                    true
                ],
                [
                    69,
                    70,
                    [
                        [
                            285,
                            470
                        ],
                        [
                            375,
                            470
                        ]
                    ],
                    true
                ],
                [
                    70,
                    71,
                    [
                        [
                            265,
                            470
                        ],
                        [
                            285,
                            470
                        ]
                    ],
                    true
                ],
                [
                    71,
                    72,
                    [
                        [
                            240,
                            495
                        ],
                        [
                            265,
                            470
                        ]
                    ],
                    true
                ],
                [
                    71,
                    75,
                    [
                        [
                            230,
                            425
                        ],
                        [
                            240.0,
                            435.0
                        ],
                        [
                            240.0,
                            470.0
                        ],
                        [
                            265,
                            470
                        ]
                    ],
                    true
                ],
                [
                    72,
                    73,
                    [
                        [
                            225,
                            510
                        ],
                        [
                            240,
                            495
                        ]
                    ],
                    true
                ],
                [
                    73,
                    74,
                    [
                        [
                            210,
                            525
                        ],
                        [
                            225,
                            510
                        ]
                    ],
                    true
                ]
            ],
            "stations": [
                {
                    "coord": [
                        465,
                        470
                    ],
                    "is_working": true,
                    "name": "13th",
                    "rect": null,
                    "text_id": 38,
                    "uid": 66
                },
                {
                    "coord": [
                        435,
                        470
                    ],
                    "is_working": true,
                    "name": "15th",
                    "rect": null,
                    "text_id": 39,
                    "uid": 67
                },
                {
                    "coord": [
                        400,
                        470
                    ],
                    "is_working": true,
                    "name": "19th",
                    "rect": [
                        391,
                        479,
                        23,
                        15
                    ],
                    "text_id": 64,
                    "uid": 68
                },
                {
                    "coord": [
                        375,
                        470
                    ],
                    "is_working": true,
                    "name": "22nd",
                    "rect": [
                        360,
                        479,
                        26,
                        15
                    ],
                    "text_id": 65,
                    "uid": 69
                },
                {
                    "coord": [
                        285,
                        470
                    ],
                    "is_working": true,
                    "name": "30th",
                    "rect": null,
                    "text_id": 40,
                    "uid": 70
                },
                {
                    "coord": [
                        265,
                        470
                    ],
                    "is_working": true,
                    "name": "33rd",
                    "rect": [
                        264,
                        483,
                        24,
                        15
                    ],
                    "text_id": 66,
                    "uid": 71
                },
                {
                    "coord": [
                        240,
                        495
                    ],
                    "is_working": true,
                    "name": "36th 1",
                    "rect": [
                        200,
                        482,
                        32,
                        15
                    ],
                    "text_id": 67,
                    "uid": 72
                },
                {
                    "coord": [
                        225,
                        510
                    ],
                    "is_working": true,
                    "name": "37th",
                    "rect": [
                        191,
                        499,
                        23,
                        15
                    ],
                    "text_id": 68,
                    "uid": 73
                },
                {
                    "coord": [
                        210,
                        525
                    ],
                    "is_working": true,
                    "name": "40th",
                    "rect": [
                        179,
                        515,
                        23,
                        15
                    ],
                    "text_id": 42,
                    "uid": 74
                },
                {
                    "coord": [
                        230,
                        425
                    ],
                    "is_working": true,
                    "name": "36th 2",
                    "rect": [
                        241,
                        409,
                        32,
                        15
                    ],
                    "text_id": 69,
                    "uid": 75
                }
            ],
            "text_id": 70
        }
    ],
    "lines_width": 7,
    "name": "metro",
    "name_text_id": 71,
    "stations_diameter": 13.0,
    "transfers": [
        [
            24,
            39,
            [
                515,
                445
            ],
            [
                525,
                455
            ]
        ],
        [
            14,
            42,
            [
                450,
                485
            ],
            [
                435,
                455
            ]
        ],
        [
            24,
            56,
            [
                515,
                445
            ],
            [
                535,
                445
            ]
        ],
        [
            15,
            54,
            [
                450,
                515
            ],
            [
                460,
                530
            ]
        ],
        [
            14,
            67,
            [
                450,
                485
            ],
            [
                435,
                470
            ]
        ],
        [
            39,
            56,
            [
                525,
                455
            ],
            [
                535,
                445
            ]
        ],
        [
            41,
            66,
            [
                465,
                455
            ],
            [
                465,
                470
            ]
        ],
        [
            42,
            67,
            [
                435,
                455
            ],
            [
                435,
                470
            ]
        ],
        [
            43,
            70,
            [
                285,
                455
            ],
            [
                285,
                470
            ]
        ]
    ],
    "transports": [
        "metro"
    ],
    "type_name": "ROOT",
    "type_text_id": 72,
    "upper_case": false,
    "width": 1015,
    "word_wrap": false
}