{
    "0": "Amadora Este",
    "1": "Alfornelos",
    "2": "Pontinha",
    "3": "Carnide",
    "4": "Colegio Militar/Luz",
    "5": "Alto dos Moinhos",
    "6": "Laranjeiras",
    "7": "Jardim Zoologico",
    "8": "Praca de Espanha",
    "9": "S.Sebastiao",
    "10": "Parque",
    "11": "Marques de Pombal",
    "12": "Avenida",
    "13": "Restauradores",
    "14": "Baixa-Chiado",
    "15": "Terreiro do Paco",
    "16": "Santa Apolonia",
    "17": "Blue line",
    "18": "Odivelas",
    "19": "Senhor Roubado",
    "20": "Ameixoiera",
    "21": "Lumiar",
    "22": "Quinta das Conchas",
    "23": "Campo Grande",
    "24": "Cicade Universitaria",
    "25": "Entre Campos",
    "26": "Campo Pequeno",
    "27": "Saldanha",
    "28": "Picoas",
    "29": "Rato",
    "30": "Yellow line",
    "31": "Telheiras",
    "32": "Alvalade",
    "33": "Roma",
    "34": "Areeiro",
    "35": "Alameda",
    "36": "Arroios",
    "37": "Anjos",
    "38": "Intendente",
    "39": "Martim Moniz",
    "40": "Rossio",
    "41": "Cais do Sodre",
    "42": "Green line",
    "43": "Olaias",
    "44": "Bela Vista",
    "45": "Chelas",
    "46": "Olivais",
    "47": "Cabo Ruivo",
    "48": "Oriente",
    "49": "Moscavide",
    "50": "Escarnacao",
    "51": "Aeroporto",
    "52": "Red line",
    "53": "Метро",
    "54": "ROOT",
    "55": "Метро",
    "56": "Схема от 30.05.2013г.\nКарту прислал Савицкий Владислав.\n\nИнформация - http://www.metrolisboa.pt.",
    "57": "Imported from http://pmetro.su"
}