{
    "default_transports": [
        "metro"
    ],
    "height": 602,
    "images": [
        "res/schemes/panama.svg"
    ],
    "is_vector": true,
    "lines": [
        {
            "labels_bg_color": "-1",
            "labels_color": "C61A00",
            "line_color": "C61A00",
            "line_width": 7,
            "name": "Line 1",
            "segments": [
                [
                    0,
                    1,
                    [
                        [
                            196.0,
                            409.0
                        ],
                        [
                            194.64,
                            406.62
                        ],
                        [
                            193.31,
                            404.25
                        ],
                        [
                            192.02,
                            401.88
                        ],
                        [
                            190.75,
                            399.5
                        ],
                        [
                            189.52,
                            397.12
                        ],
                        [
                            188.31,
                            394.75
                        ],
                        [
                            187.14,
                            392.38
                        ],
                        [
                            186.0,
                            390.0
                        ],
                        [
                            184.89,
                            387.62
                        ],
                        [
                            183.81,
                            385.25
                        ],
                        [
                            182.77,
                            382.88
                        ],
                        [
                            181.75,
                            380.5
                        ],
                        [
                            180.77,
                            378.12
                        ],
                        [
                            179.81,
                            375.75
                        ],
                        [
                            178.89,
                            373.38
                        ],
                        [
                            178.0,
                            371.0
                        ]
                    ],
                    false
                ],
                [
                    0,
                    2,
                    [
                        [
                            253.0,
                            444.0
                        ],
                        [
                            249.88,
                            446.61
                        ],
                        [
                            246.75,
                            448.69
                        ],
                        [
                            243.62,
                            450.23
                        ],
                        [
                            240.5,
                            451.25
                        ],
                        [
                            237.38,
                            451.76
                        ],
                        [
                            234.25,
                            451.73
                        ],
                        [
                            231.12,
                            451.16
                        ],
                        [
                            228.0,
                            450.0
                        ],
                        [
                            224.88,
                            448.18
                        ],
                        [
                            221.75,
                            445.8
                        ],
                        [
                            218.62,
                            442.92
                        ],
                        [
                            215.5,
                            439.56
                        ],
                        [
                            212.38,
                            435.76
                        ],
                        [
                            209.25,
                            431.54
                        ],
                        [
                            206.12,
                            426.94
                        ],
                        [
                            203.0,
                            422.0
                        ],
                        [
                            199.88,
                            416.83
                        ],
                        [
                            196.75,
                            411.36
                        ],
                        [
                            193.62,
                            405.55
                        ],
                        [
                            190.5,
                            399.38
                        ],
                        [
                            187.38,
                            392.82
                        ],
                        [
                            184.25,
                            385.91
                        ],
                        [
                            181.12,
                            378.63
                        ],
                        [
                            178.0,
                            371.0
                        ]
                    ],
                    true
                ],
                [
                    1,
                    2,
                    [
                        [
                            253.0,
                            444.0
                        ],
                        [
                            249.79,
                            447.09
                        ],
                        [
                            246.53,
                            449.47
                        ],
                        [
                            243.23,
                            451.15
                        ],
                        [
                            239.88,
                            452.12
                        ],
                        [
                            236.48,
                            452.4
                        ],
                        [
                            233.03,
                            451.97
                        ],
                        [
                            229.54,
                            450.84
                        ],
                        [
                            226.0,
                            449.0
                        ],
                        [
                            222.41,
                            446.46
                        ],
                        [
                            218.78,
                            443.22
                        ],
                        [
                            215.1,
                            439.27
                        ],
                        [
                            211.38,
                            434.62
                        ],
                        [
                            207.6,
                            429.27
                        ],
                        [
                            203.78,
                            423.22
                        ],
                        [
                            199.91,
                            416.46
                        ],
                        [
                            196.0,
                            409.0
                        ]
                    ],
                    false
                ],
                [
                    2,
                    3,
                    [
                        [
                            272,
                            415
                        ],
                        [
                            253,
                            444
                        ]
                    ],
                    true
                ],
                [
                    3,
                    4,
                    [
                        [
                            290,
                            387
                        ],
                        [
                            272,
                            415
                        ]
                    ],
                    true
                ],
                [
                    4,
                    5,
                    [
                        [
                            316,
                            346
                        ],
                        [
                            290,
                            387
                        ]
                    ],
                    true
                ],
                [
                    5,
                    6,
                    [
                        [
                            334,
                            311
                        ],
                        [
                            316,
                            346
                        ]
                    ],
                    true
                ],
                [
                    6,
                    7,
                    [
                        [
                            347.0,
                            264.0
                        ],
                        [
                            346.77,
                            267.29
                        ],
                        [
                            346.47,
                            270.53
                        ],
                        [
                            346.09,
                            273.73
                        ],
                        [
                            345.62,
                            276.88
                        ],
                        [
                            345.09,
                            279.98
                        ],
                        [
                            344.47,
                            283.03
                        ],
                        [
                            343.77,
                            286.04
                        ],
                        [
                            343.0,
                            289.0
                        ],
                        [
                            342.15,
                            291.91
                        ],
                        [
                            341.22,
                            294.78
                        ],
                        [
                            340.21,
                            297.6
                        ],
                        [
                            339.12,
                            300.38
                        ],
                        [
                            337.96,
                            303.1
                        ],
                        [
                            336.72,
                            305.78
                        ],
                        [
                            335.4,
                            308.41
                        ],
                        [
                            334.0,
                            311.0
                        ]
                    ],
                    true
                ],
                [
                    7,
                    8,
                    [
                        [
                            348,
                            226
                        ],
                        [
                            347,
                            264
                        ]
                    ],
                    true
                ],
                [
                    8,
                    9,
                    [
                        [
                            364.0,
                            179.0
                        ],
                        [
                            362.06,
                            181.59
                        ],
                        [
                            360.25,
                            184.22
                        ],
                        [
                            358.56,
                            186.9
                        ],
                        [
                            357.0,
                            189.62
                        ],
                        [
                            355.56,
                            192.4
                        ],
                        [
                            354.25,
                            195.22
                        ],
                        [
                            353.06,
                            198.09
                        ],
                        [
                            352.0,
                            201.0
                        ],
                        [
                            351.06,
                            203.96
                        ],
                        [
                            350.25,
                            206.97
                        ],
                        [
                            349.56,
                            210.02
                        ],
                        [
                            349.0,
                            213.12
                        ],
                        [
                            348.56,
                            216.27
                        ],
                        [
                            348.25,
                            219.47
                        ],
                        [
                            348.06,
                            222.71
                        ],
                        [
                            348.0,
                            226.0
                        ]
                    ],
                    true
                ],
                [
                    9,
                    10,
                    [
                        [
                            387,
                            148
                        ],
                        [
                            364,
                            179
                        ]
                    ],
                    true
                ],
                [
                    10,
                    11,
                    [
                        [
                            416.0,
                            90.0
                        ],
                        [
                            415.71,
                            93.39
                        ],
                        [
                            415.22,
                            96.81
                        ],
                        [
                            414.52,
                            100.27
                        ],
                        [
                            413.62,
                            103.75
                        ],
                        [
                            412.52,
                            107.27
                        ],
                        [
                            411.22,
                            110.81
                        ],
                        [
                            409.71,
                            114.39
                        ],
                        [
                            408.0,
                            118.0
                        ],
                        [
                            406.09,
                            121.64
                        ],
                        [
                            403.97,
                            125.31
                        ],
                        [
                            401.65,
                            129.02
                        ],
                        [
                            399.12,
                            132.75
                        ],
                        [
                            396.4,
                            136.52
                        ],
                        [
                            393.47,
                            140.31
                        ],
                        [
                            390.34,
                            144.14
                        ],
                        [
                            387.0,
                            148.0
                        ]
                    ],
                    true
                ],
                [
                    11,
                    12,
                    [
                        [
                            416,
                            56
                        ],
                        [
                            416,
                            90
                        ]
                    ],
                    true
                ],
                [
                    12,
                    13,
                    [
                        [
                            416,
                            26
                        ],
                        [
                            416,
                            56
                        ]
                    ],
                    true
                ]
            ],
            "stations": [
                {
                    "coord": [
                        178,
                        371
                    ],
                    "is_working": true,
                    "name": "Albrook",
                    "rect": [
                        128,
                        364,
                        41,
                        15
                    ],
                    "text_id": 0,
                    "uid": 0
                },
                {
                    "coord": [
                        196,
                        409
                    ],
                    "is_working": false,
                    "name": "Curundu",
                    "rect": [
                        143,
                        402,
                        44,
                        15
                    ],
                    "text_id": 1,
                    "uid": 1
                },
                {
                    "coord": [
                        253,
                        444
                    ],
                    "is_working": true,
                    "name": "5 de Mayo",
                    "rect": [
                        262,
                        438,
                        53,
                        15
                    ],
                    "text_id": 2,
                    "uid": 2
                },
                {
                    "coord": [
                        272,
                        415
                    ],
                    "is_working": true,
                    "name": "Loteria",
                    "rect": [
                        227,
                        405,
                        36,
                        15
                    ],
                    "text_id": 3,
                    "uid": 3
                },
                {
                    "coord": [
                        290,
                        387
                    ],
                    "is_working": true,
                    "name": "Santo Tomas",
                    "rect": [
                        215,
                        377,
                        66,
                        15
                    ],
                    "text_id": 4,
                    "uid": 4
                },
                {
                    "coord": [
                        316,
                        346
                    ],
                    "is_working": true,
                    "name": "Iglesia el Carmen",
                    "rect": [
                        218,
                        336,
                        89,
                        15
                    ],
                    "text_id": 5,
                    "uid": 5
                },
                {
                    "coord": [
                        334,
                        311
                    ],
                    "is_working": true,
                    "name": "Via Argentina",
                    "rect": [
                        256,
                        302,
                        69,
                        15
                    ],
                    "text_id": 6,
                    "uid": 6
                },
                {
                    "coord": [
                        347,
                        264
                    ],
                    "is_working": true,
                    "name": "Fernandez de Cordoba",
                    "rect": [
                        225,
                        256,
                        113,
                        15
                    ],
                    "text_id": 7,
                    "uid": 7
                },
                {
                    "coord": [
                        348,
                        226
                    ],
                    "is_working": true,
                    "name": "El Ingenio",
                    "rect": [
                        288,
                        219,
                        51,
                        15
                    ],
                    "text_id": 8,
                    "uid": 8
                },
                {
                    "coord": [
                        364,
                        179
                    ],
                    "is_working": true,
                    "name": "12 de Octubre",
                    "rect": [
                        284,
                        169,
                        71,
                        15
                    ],
                    "text_id": 9,
                    "uid": 9
                },
                {
                    "coord": [
                        387,
                        148
                    ],
                    "is_working": true,
                    "name": "Pueblo Nuevo",
                    "rect": [
                        307,
                        138,
                        71,
                        15
                    ],
                    "text_id": 10,
                    "uid": 10
                },
                {
                    "coord": [
                        416,
                        90
                    ],
                    "is_working": true,
                    "name": "San Miguelito",
                    "rect": [
                        338,
                        83,
                        69,
                        15
                    ],
                    "text_id": 11,
                    "uid": 11
                },
                {
                    "coord": [
                        416,
                        56
                    ],
                    "is_working": true,
                    "name": "Pan de Azucar",
                    "rect": [
                        333,
                        49,
                        74,
                        15
                    ],
                    "text_id": 12,
                    "uid": 12
                },
                {
                    "coord": [
                        416,
                        26
                    ],
                    "is_working": true,
                    "name": "Los Andes",
                    "rect": [
                        352,
                        19,
                        55,
                        15
                    ],
                    "text_id": 13,
                    "uid": 13
                }
            ],
            "text_id": 14
        }
    ],
    "lines_width": 7,
    "name": "metro",
    "name_text_id": 15,
    "stations_diameter": 13.0,
    "transfers": [],
    "transports": [
        "metro"
    ],
    "type_name": "ROOT",
    "type_text_id": 16,
    "upper_case": false,
    "width": 566,
    "word_wrap": false
}