{
    "lines": [
        {
            "delays": [
                300,
                600
            ],
            "name": "Первая",
            "scheme": null,
            "segments": [
                [
                    0,
                    1,
                    180
                ],
                [
                    1,
                    0,
                    180
                ],
                [
                    1,
                    2,
                    159
                ],
                [
                    2,
                    1,
                    159
                ],
                [
                    2,
                    3,
                    155
                ],
                [
                    3,
                    2,
                    155
                ],
                [
                    3,
                    4,
                    170
                ],
                [
                    4,
                    3,
                    170
                ],
                [
                    4,
                    5,
                    140
                ],
                [
                    5,
                    4,
                    140
                ],
                [
                    5,
                    6,
                    145
                ],
                [
                    6,
                    5,
                    145
                ],
                [
                    6,
                    7,
                    205
                ],
                [
                    7,
                    6,
                    205
                ],
                [
                    7,
                    8,
                    180
                ],
                [
                    8,
                    7,
                    180
                ],
                [
                    8,
                    9,
                    180
                ],
                [
                    9,
                    8,
                    180
                ],
                [
                    9,
                    10,
                    180
                ],
                [
                    10,
                    9,
                    180
                ]
            ],
            "stations": [
                [
                    0,
                    "Дубравная",
                    0
                ],
                [
                    1,
                    "Проспект Победы",
                    1
                ],
                [
                    2,
                    "Горки",
                    2
                ],
                [
                    3,
                    "Аметьево",
                    3
                ],
                [
                    4,
                    "Суконная слобода",
                    4
                ],
                [
                    5,
                    "Площадь Тукая",
                    5
                ],
                [
                    6,
                    "Кремлевская",
                    6
                ],
                [
                    7,
                    "Козья слобода",
                    7
                ],
                [
                    8,
                    "Яшьлек",
                    8
                ],
                [
                    9,
                    "Северный вокзал",
                    9
                ],
                [
                    10,
                    "Авиастроительная",
                    10
                ]
            ],
            "text_id": 11
        }
    ],
    "name": "metro",
    "transfers": [],
    "type_name": "Метро"
}