{
    "lines": [
        {
            "delays": [
                3600,
                3600,
                3600,
                3600,
                3600,
                3600
            ],
            "name": "Piraeus - A. Liosia",
            "scheme": null,
            "segments": [
                [
                    71,
                    72,
                    240
                ],
                [
                    72,
                    71,
                    240
                ],
                [
                    72,
                    73,
                    240
                ],
                [
                    73,
                    72,
                    180
                ],
                [
                    73,
                    74,
                    360
                ],
                [
                    74,
                    73,
                    300
                ],
                [
                    74,
                    75,
                    480
                ],
                [
                    75,
                    74,
                    480
                ],
                [
                    75,
                    76,
                    240
                ],
                [
                    76,
                    75,
                    360
                ],
                [
                    76,
                    77,
                    540
                ],
                [
                    77,
                    76,
                    540
                ]
            ],
            "stations": [
                [
                    71,
                    "Piraeus",
                    23
                ],
                [
                    72,
                    "Lefka",
                    69
                ],
                [
                    73,
                    "Pentis",
                    70
                ],
                [
                    74,
                    "Rouf",
                    71
                ],
                [
                    75,
                    "Athina",
                    72
                ],
                [
                    76,
                    "Ag. Anargyroi",
                    73
                ],
                [
                    77,
                    "Ano Liosia",
                    74
                ]
            ],
            "text_id": 75
        },
        {
            "delays": [
                900,
                900,
                900,
                900,
                900,
                900
            ],
            "name": "Aerothromio - Kiato",
            "scheme": null,
            "segments": [
                [
                    78,
                    79,
                    300
                ],
                [
                    79,
                    78,
                    300
                ],
                [
                    79,
                    80,
                    360
                ],
                [
                    80,
                    79,
                    360
                ],
                [
                    80,
                    81,
                    120
                ],
                [
                    81,
                    80,
                    180
                ],
                [
                    81,
                    82,
                    240
                ],
                [
                    82,
                    81,
                    240
                ],
                [
                    82,
                    83,
                    120
                ],
                [
                    83,
                    82,
                    120
                ],
                [
                    83,
                    84,
                    120
                ],
                [
                    84,
                    83,
                    120
                ],
                [
                    84,
                    85,
                    120
                ],
                [
                    85,
                    84,
                    120
                ],
                [
                    85,
                    86,
                    120
                ],
                [
                    86,
                    85,
                    120
                ],
                [
                    86,
                    87,
                    120
                ],
                [
                    87,
                    86,
                    120
                ],
                [
                    87,
                    88,
                    120
                ],
                [
                    88,
                    87,
                    120
                ],
                [
                    88,
                    89,
                    180
                ],
                [
                    89,
                    88,
                    180
                ],
                [
                    89,
                    90,
                    420
                ],
                [
                    90,
                    89,
                    480
                ],
                [
                    90,
                    91,
                    300
                ],
                [
                    91,
                    90,
                    300
                ],
                [
                    91,
                    92,
                    480
                ],
                [
                    92,
                    91,
                    420
                ],
                [
                    92,
                    93,
                    240
                ],
                [
                    93,
                    92,
                    240
                ],
                [
                    93,
                    94,
                    540
                ],
                [
                    94,
                    93,
                    540
                ],
                [
                    94,
                    95,
                    300
                ],
                [
                    95,
                    94,
                    300
                ],
                [
                    95,
                    96,
                    660
                ],
                [
                    96,
                    95,
                    660
                ],
                [
                    96,
                    97,
                    780
                ],
                [
                    97,
                    96,
                    780
                ]
            ],
            "stations": [
                [
                    78,
                    "Aerothromio",
                    67
                ],
                [
                    79,
                    "Koropi",
                    66
                ],
                [
                    80,
                    "Peania-Kantza",
                    65
                ],
                [
                    81,
                    "Pallini",
                    64
                ],
                [
                    82,
                    "Plakentias",
                    76
                ],
                [
                    83,
                    "Pentelis",
                    77
                ],
                [
                    84,
                    "Kifissias",
                    78
                ],
                [
                    85,
                    "Neratziotissa",
                    3
                ],
                [
                    86,
                    "Iraklio",
                    5
                ],
                [
                    87,
                    "Metamorfosi",
                    79
                ],
                [
                    88,
                    "SKA",
                    80
                ],
                [
                    89,
                    "Ano Liosia",
                    74
                ],
                [
                    90,
                    "Aspropyrgos",
                    81
                ],
                [
                    91,
                    "Magoula",
                    82
                ],
                [
                    92,
                    "Nea Peramos",
                    83
                ],
                [
                    93,
                    "Megara",
                    84
                ],
                [
                    94,
                    "Kinetta",
                    85
                ],
                [
                    95,
                    "Ag. Theodoroi",
                    86
                ],
                [
                    96,
                    "Korinthos",
                    87
                ],
                [
                    97,
                    "Kiato",
                    88
                ]
            ],
            "text_id": 89
        }
    ],
    "name": "proastiakos",
    "transfers": [
        [
            77,
            89,
            60,
            true
        ],
        [
            78,
            70,
            60,
            true
        ],
        [
            79,
            69,
            60,
            true
        ],
        [
            80,
            68,
            60,
            true
        ],
        [
            81,
            67,
            60,
            true
        ],
        [
            82,
            66,
            120,
            true
        ],
        [
            85,
            3,
            120,
            true
        ],
        [
            71,
            23,
            180,
            true
        ],
        [
            75,
            29,
            180,
            true
        ]
    ],
    "type_name": "Proastiakos"
}