{
    "0": "Dristor",
    "1": "Piata Muncii",
    "2": "Iancului",
    "3": "Obor",
    "4": "Stefan cel Mare",
    "5": "Piata Victoriei",
    "6": "Gara de Nord",
    "7": "Basarab",
    "8": "Crangasi",
    "9": "Petrache Poenaru",
    "10": "Grozavesti",
    "11": "Eroilor",
    "12": "Izvor",
    "13": "Piata Unirii",
    "14": "Timpuri Noi",
    "15": "Mihai Bravu",
    "16": "Dristor2",
    "17": "Nicolae Grigorescu",
    "18": "Titan",
    "19": "Costin Georgian",
    "20": "Republica",
    "21": "Pantelimon",
    "22": "M 1",
    "23": "Pipera",
    "24": "Aurel Vlaicu",
    "25": "Aviatorilor",
    "26": "Piata Romana",
    "27": "Universitatii",
    "28": "Tineretului",
    "29": "Eroii Revolutiei",
    "30": "Constantin Brancoveanu",
    "31": "Piata Sudului",
    "32": "Aparatorii Patriei",
    "33": "Dimitrie Leonida",
    "34": "Berceni",
    "35": "M 2",
    "36": "Preciziei",
    "37": "Pacii",
    "38": "Gorjului",
    "39": "Lujerului",
    "40": "Politehnica",
    "41": "1 Dec 1918",
    "42": "Nicolae Teclu",
    "43": "Anghel Saligny",
    "44": "M 3",
    "45": "Grivita",
    "46": "1 Mai",
    "47": "Jiului",
    "48": "Parc Bazilescu",
    "49": "Laminorului",
    "50": "Lac Straulesti",
    "51": "M 4",
    "52": "Метро",
    "53": "ROOT",
    "54": "Метро",
    "55": "Схема от 27.01.2014г.\nКарту прислал Савицкий Владислав.\n\nИнформация по станциям - Савицкий Владислав.\n\nИнтервалы движения прислал Савицкий Владислав.",
    "56": "Imported from http://pmetro.su"
}