{
    "lines": [
        {
            "delays": [
                300,
                600
            ],
            "name": "A",
            "scheme": "a",
            "segments": [
                [
                    0,
                    1,
                    90
                ],
                [
                    1,
                    0,
                    90
                ],
                [
                    1,
                    2,
                    90
                ],
                [
                    2,
                    1,
                    90
                ],
                [
                    2,
                    3,
                    90
                ],
                [
                    3,
                    2,
                    90
                ],
                [
                    3,
                    4,
                    90
                ],
                [
                    4,
                    3,
                    90
                ],
                [
                    4,
                    5,
                    79
                ],
                [
                    5,
                    4,
                    79
                ],
                [
                    5,
                    6,
                    90
                ],
                [
                    6,
                    5,
                    90
                ],
                [
                    6,
                    7,
                    90
                ],
                [
                    7,
                    6,
                    90
                ],
                [
                    7,
                    8,
                    90
                ],
                [
                    8,
                    7,
                    90
                ],
                [
                    8,
                    9,
                    99
                ],
                [
                    9,
                    8,
                    99
                ],
                [
                    9,
                    10,
                    99
                ],
                [
                    10,
                    9,
                    99
                ],
                [
                    10,
                    11,
                    90
                ],
                [
                    11,
                    10,
                    90
                ],
                [
                    11,
                    12,
                    99
                ],
                [
                    12,
                    11,
                    99
                ],
                [
                    12,
                    13,
                    99
                ],
                [
                    13,
                    12,
                    99
                ],
                [
                    13,
                    14,
                    149
                ],
                [
                    14,
                    13,
                    149
                ],
                [
                    14,
                    15,
                    170
                ],
                [
                    15,
                    14,
                    170
                ],
                [
                    15,
                    16,
                    149
                ],
                [
                    16,
                    15,
                    149
                ]
            ],
            "stations": [
                [
                    0,
                    "Nemocnice Motol",
                    0
                ],
                [
                    1,
                    "Petriny",
                    1
                ],
                [
                    2,
                    "Nadrazi Valeslavin",
                    2
                ],
                [
                    3,
                    "Borislavka",
                    3
                ],
                [
                    4,
                    "Dejvicka",
                    4
                ],
                [
                    5,
                    "Hradcanska",
                    5
                ],
                [
                    6,
                    "Malostranska",
                    6
                ],
                [
                    7,
                    "Staromestska",
                    7
                ],
                [
                    8,
                    "Mustek",
                    8
                ],
                [
                    9,
                    "Muzeum",
                    9
                ],
                [
                    10,
                    "Namesti Miru",
                    10
                ],
                [
                    11,
                    "Jirihi z Poderab",
                    11
                ],
                [
                    12,
                    "Flora",
                    12
                ],
                [
                    13,
                    "Zelivskeho",
                    13
                ],
                [
                    14,
                    "Strasnicka",
                    14
                ],
                [
                    15,
                    "Skalka",
                    15
                ],
                [
                    16,
                    "Depo Hostivar",
                    16
                ]
            ],
            "text_id": 17
        },
        {
            "delays": [
                240,
                600
            ],
            "name": "B",
            "scheme": "b",
            "segments": [
                [
                    17,
                    18,
                    120
                ],
                [
                    18,
                    17,
                    120
                ],
                [
                    18,
                    19,
                    120
                ],
                [
                    19,
                    18,
                    120
                ],
                [
                    19,
                    20,
                    60
                ],
                [
                    20,
                    19,
                    60
                ],
                [
                    20,
                    21,
                    120
                ],
                [
                    21,
                    20,
                    120
                ],
                [
                    21,
                    22,
                    60
                ],
                [
                    22,
                    21,
                    60
                ],
                [
                    22,
                    23,
                    120
                ],
                [
                    23,
                    22,
                    120
                ],
                [
                    23,
                    24,
                    120
                ],
                [
                    24,
                    23,
                    120
                ],
                [
                    24,
                    25,
                    180
                ],
                [
                    25,
                    24,
                    180
                ],
                [
                    25,
                    26,
                    120
                ],
                [
                    26,
                    25,
                    120
                ],
                [
                    26,
                    27,
                    120
                ],
                [
                    27,
                    26,
                    120
                ],
                [
                    27,
                    28,
                    null
                ],
                [
                    27,
                    29,
                    120
                ],
                [
                    28,
                    27,
                    null
                ],
                [
                    28,
                    29,
                    0
                ],
                [
                    29,
                    27,
                    120
                ],
                [
                    29,
                    28,
                    null
                ],
                [
                    29,
                    30,
                    90
                ],
                [
                    30,
                    29,
                    90
                ],
                [
                    30,
                    31,
                    70
                ],
                [
                    31,
                    30,
                    70
                ],
                [
                    31,
                    32,
                    120
                ],
                [
                    32,
                    31,
                    120
                ],
                [
                    32,
                    33,
                    120
                ],
                [
                    33,
                    32,
                    120
                ],
                [
                    33,
                    34,
                    60
                ],
                [
                    34,
                    33,
                    60
                ],
                [
                    34,
                    35,
                    120
                ],
                [
                    35,
                    34,
                    120
                ],
                [
                    35,
                    36,
                    120
                ],
                [
                    36,
                    35,
                    120
                ],
                [
                    36,
                    37,
                    120
                ],
                [
                    37,
                    36,
                    120
                ],
                [
                    37,
                    38,
                    60
                ],
                [
                    38,
                    37,
                    60
                ],
                [
                    38,
                    39,
                    180
                ],
                [
                    39,
                    38,
                    180
                ],
                [
                    39,
                    40,
                    60
                ],
                [
                    40,
                    39,
                    60
                ]
            ],
            "stations": [
                [
                    17,
                    "Zlicin",
                    18
                ],
                [
                    18,
                    "Stodulky",
                    19
                ],
                [
                    19,
                    "Luka",
                    20
                ],
                [
                    20,
                    "Luziny",
                    21
                ],
                [
                    21,
                    "Hurka",
                    22
                ],
                [
                    22,
                    "Nove Butovice",
                    23
                ],
                [
                    23,
                    "Jinonice",
                    24
                ],
                [
                    24,
                    "Radlicka",
                    25
                ],
                [
                    25,
                    "Smichovske nadrazi",
                    26
                ],
                [
                    26,
                    "Andel",
                    27
                ],
                [
                    27,
                    "Karlovo namesti",
                    28
                ],
                [
                    28,
                    "Narodni trida",
                    29
                ],
                [
                    29,
                    "Mustek",
                    8
                ],
                [
                    30,
                    "Namesti Republiky",
                    30
                ],
                [
                    31,
                    "Florenc",
                    31
                ],
                [
                    32,
                    "Krizikova",
                    32
                ],
                [
                    33,
                    "Invalidovna",
                    33
                ],
                [
                    34,
                    "Palmovka",
                    34
                ],
                [
                    35,
                    "Ceskomoravska",
                    35
                ],
                [
                    36,
                    "Vysocanska",
                    36
                ],
                [
                    37,
                    "Kolbenova",
                    37
                ],
                [
                    38,
                    "Hloubetin",
                    38
                ],
                [
                    39,
                    "Rajska zahrada",
                    39
                ],
                [
                    40,
                    "Cerny most",
                    40
                ]
            ],
            "text_id": 41
        },
        {
            "delays": [
                300,
                600
            ],
            "name": "C",
            "scheme": "c",
            "segments": [
                [
                    41,
                    42,
                    120
                ],
                [
                    42,
                    41,
                    120
                ],
                [
                    42,
                    43,
                    120
                ],
                [
                    43,
                    42,
                    120
                ],
                [
                    43,
                    44,
                    120
                ],
                [
                    44,
                    43,
                    120
                ],
                [
                    44,
                    45,
                    120
                ],
                [
                    45,
                    44,
                    120
                ],
                [
                    45,
                    46,
                    180
                ],
                [
                    46,
                    45,
                    180
                ],
                [
                    46,
                    47,
                    110
                ],
                [
                    47,
                    46,
                    110
                ],
                [
                    47,
                    48,
                    99
                ],
                [
                    48,
                    47,
                    99
                ],
                [
                    48,
                    49,
                    99
                ],
                [
                    49,
                    48,
                    99
                ],
                [
                    49,
                    50,
                    60
                ],
                [
                    50,
                    49,
                    60
                ],
                [
                    50,
                    51,
                    99
                ],
                [
                    51,
                    50,
                    99
                ],
                [
                    51,
                    52,
                    120
                ],
                [
                    52,
                    51,
                    120
                ],
                [
                    52,
                    53,
                    90
                ],
                [
                    53,
                    52,
                    90
                ],
                [
                    53,
                    54,
                    99
                ],
                [
                    54,
                    53,
                    99
                ],
                [
                    54,
                    55,
                    110
                ],
                [
                    55,
                    54,
                    110
                ],
                [
                    55,
                    56,
                    99
                ],
                [
                    56,
                    55,
                    99
                ],
                [
                    56,
                    57,
                    120
                ],
                [
                    57,
                    56,
                    120
                ],
                [
                    57,
                    58,
                    110
                ],
                [
                    58,
                    57,
                    110
                ],
                [
                    58,
                    59,
                    110
                ],
                [
                    59,
                    58,
                    110
                ],
                [
                    59,
                    60,
                    110
                ],
                [
                    60,
                    59,
                    110
                ]
            ],
            "stations": [
                [
                    41,
                    "Letnany",
                    42
                ],
                [
                    42,
                    "Prosek",
                    43
                ],
                [
                    43,
                    "Strizkov",
                    44
                ],
                [
                    44,
                    "Ladvi",
                    45
                ],
                [
                    45,
                    "Kobylisy",
                    46
                ],
                [
                    46,
                    "Nadrazi Holesovice",
                    47
                ],
                [
                    47,
                    "Vltavska",
                    48
                ],
                [
                    48,
                    "Florenc",
                    31
                ],
                [
                    49,
                    "Hlavni nadrazi",
                    49
                ],
                [
                    50,
                    "Muzeum",
                    9
                ],
                [
                    51,
                    "I.P.Pavlova",
                    50
                ],
                [
                    52,
                    "Vysehrad",
                    51
                ],
                [
                    53,
                    "Prazskeho povstani",
                    52
                ],
                [
                    54,
                    "Pankrac",
                    53
                ],
                [
                    55,
                    "Budejovicka",
                    54
                ],
                [
                    56,
                    "Kacerov",
                    55
                ],
                [
                    57,
                    "Roztyly",
                    56
                ],
                [
                    58,
                    "Chodov",
                    57
                ],
                [
                    59,
                    "Opatov",
                    58
                ],
                [
                    60,
                    "Haje",
                    59
                ]
            ],
            "text_id": 60
        }
    ],
    "name": "metro",
    "transfers": [
        [
            8,
            29,
            149,
            true
        ],
        [
            9,
            50,
            180,
            true
        ],
        [
            31,
            48,
            149,
            true
        ]
    ],
    "type_name": "Метро"
}