{
    "0": "Observatorio",
    "1": "Tacubaya",
    "2": "Juanacatlan",
    "3": "Chapultepec",
    "4": "Sevilla",
    "5": "Insurgentes",
    "6": "Cuauhtemoc",
    "7": "Balderas",
    "8": "Salto del Agua",
    "9": "Isabel la Catolica",
    "10": "Pino Suarez",
    "11": "Merced",
    "12": "Candelaria",
    "13": "San Lazaro",
    "14": "Moctezuma",
    "15": "Balbuena",
    "16": "Boulevard Puerto Aereo",
    "17": "Gomez Farias",
    "18": "Zaragoza",
    "19": "Pantitlan",
    "20": "1",
    "21": "Agricola Oriental",
    "22": "Canal de San Juan",
    "23": "Tepalcates",
    "24": "Guelatao",
    "25": "Penon Viejo",
    "26": "Acatitla",
    "27": "Santa Marta",
    "28": "Los Reyes",
    "29": "La Paz",
    "30": "A",
    "31": "Ciudad Azteca",
    "32": "Plaza Aragon",
    "33": "Olimpica",
    "34": "Ecatepec",
    "35": "Muzquiz",
    "36": "Rio de los Remedios",
    "37": "Impulsora",
    "38": "Nezahualcoyotl",
    "39": "Villa de Aragon",
    "40": "Bosque de Aragon",
    "41": "Deportivo Oceania",
    "42": "Oceania",
    "43": "Romero Rubio",
    "44": "Ricardo Flores Magon",
    "45": "Morelos",
    "46": "Tepito",
    "47": "Lagunilla",
    "48": "Garibaldi",
    "49": "Guerrero",
    "50": "Buenavista",
    "51": "B",
    "52": "Mixcoac",
    "53": "Insurgentes Sur",
    "54": "20 de Noviembre",
    "55": "Zapata",
    "56": "Parque de los Venados",
    "57": "Eje Central",
    "58": "Ermita",
    "59": "Mexicaltzingo",
    "60": "Atlalilco",
    "61": "Culhuacan",
    "62": "San Andres Tomatlan",
    "63": "Lomas Estrella",
    "64": "Calle 11",
    "65": "Periferico Oriente",
    "66": "Tezonco",
    "67": "Olivos",
    "68": "Nopalera",
    "69": "Zapotitlan",
    "70": "Tlaltenco",
    "71": "Tlahuac",
    "72": "12",
    "73": "Cuatro Caminos",
    "74": "Panteones",
    "75": "Tacuba",
    "76": "Cuitlahuac",
    "77": "Popotla",
    "78": "Colegio Militar",
    "79": "Normal",
    "80": "San Cosme",
    "81": "Revolucion",
    "82": "Hidalgo",
    "83": "Bellas Artes",
    "84": "Allende",
    "85": "Zocalo",
    "86": "San Antonio Abad",
    "87": "Chabacano",
    "88": "Viaducto",
    "89": "Xola",
    "90": "Villa de Cortes",
    "91": "Nativitas",
    "92": "Portales",
    "93": "General Anaya",
    "94": "Tasquena",
    "95": "2",
    "96": "Indios Verdes",
    "97": "Deportivo 18 de Marzo",
    "98": "Potrero",
    "99": "La Raza",
    "100": "Tlatelolco",
    "101": "Juarez",
    "102": "Ninos Heroes",
    "103": "Hospital General",
    "104": "Centro Medico",
    "105": "Etiopia",
    "106": "Eugenia",
    "107": "Division del Norte",
    "108": "Coyoacan",
    "109": "Viveros",
    "110": "Miguel Angel de Quevedo",
    "111": "Copilco",
    "112": "Universidad",
    "113": "3",
    "114": "Martin Carrera",
    "115": "Talisman",
    "116": "Bondojito",
    "117": "Consulado",
    "118": "Canal del Norte",
    "119": "Fray Servando",
    "120": "Jamaica",
    "121": "Santa Anita",
    "122": "4",
    "123": "Politecnico",
    "124": "Instituto del Petroleo",
    "125": "Autobuses del Norte",
    "126": "Misterios",
    "127": "Valle Gomez",
    "128": "Eduardo Molina",
    "129": "Aragon",
    "130": "Terminal Aerea",
    "131": "Hangares",
    "132": "5",
    "133": "El Rosario",
    "134": "Tezozomoc",
    "135": "Azcapotzalco",
    "136": "Ferreria",
    "137": "Norte 45",
    "138": "Vallejo",
    "139": "Lindavista",
    "140": "La Villa-Basilica",
    "141": "6",
    "142": "Aquiles Serdan",
    "143": "Camarones",
    "144": "Refineria",
    "145": "San Joaquin",
    "146": "Polanco",
    "147": "Auditorio",
    "148": "Constituyentes",
    "149": "San Pedro de los Pinos",
    "150": "San Antonio",
    "151": "Barranca del Muerto",
    "152": "7",
    "153": "San Juan de Letran",
    "154": "Doctores",
    "155": "Obrera",
    "156": "La Viga",
    "157": "Coyuya",
    "158": "Iztacalco",
    "159": "Apatlaco",
    "160": "Aculco",
    "161": "Escuadron 201",
    "162": "Iztapalapa",
    "163": "Cerro de la Estrella",
    "164": "UAM-I",
    "165": "Constitucion de 1917",
    "166": "8",
    "167": "Patriotismo",
    "168": "Chilpancingo",
    "169": "Lazaro Cardenas",
    "170": "Mixiuhca",
    "171": "Velodromo",
    "172": "Ciudad Deportiva",
    "173": "Puebla",
    "174": "9",
    "175": "Metro",
    "176": "ROOT",
    "177": "Shema ot 24.05.2013g.",
    "178": "Imported from http://pmetro.su"
}