{
    "default_transports": [
        "metro"
    ],
    "height": 1450,
    "images": [
        "res/schemes/yonge.svg"
    ],
    "is_vector": true,
    "lines": [
        {
            "labels_bg_color": "-1",
            "labels_color": "000000",
            "line_color": "34B454",
            "line_width": 9,
            "name": "Bloor-Danforth",
            "segments": [
                [
                    47,
                    48,
                    [
                        [
                            181,
                            980
                        ],
                        [
                            181,
                            940
                        ]
                    ],
                    true
                ]
            ],
            "stations": [
                {
                    "coord": null,
                    "is_working": true,
                    "name": "Kennedy",
                    "rect": null,
                    "text_id": 33,
                    "uid": 32
                },
                {
                    "coord": null,
                    "is_working": true,
                    "name": "Warden",
                    "rect": null,
                    "text_id": 34,
                    "uid": 33
                },
                {
                    "coord": null,
                    "is_working": true,
                    "name": "Victoria Park",
                    "rect": null,
                    "text_id": 35,
                    "uid": 34
                },
                {
                    "coord": null,
                    "is_working": true,
                    "name": "Main Street",
                    "rect": null,
                    "text_id": 36,
                    "uid": 35
                },
                {
                    "coord": null,
                    "is_working": true,
                    "name": "Woodbine",
                    "rect": null,
                    "text_id": 37,
                    "uid": 36
                },
                {
                    "coord": null,
                    "is_working": true,
                    "name": "Coxwell",
                    "rect": null,
                    "text_id": 38,
                    "uid": 37
                },
                {
                    "coord": null,
                    "is_working": true,
                    "name": "Greenwood",
                    "rect": null,
                    "text_id": 39,
                    "uid": 38
                },
                {
                    "coord": null,
                    "is_working": true,
                    "name": "Donlands",
                    "rect": null,
                    "text_id": 40,
                    "uid": 39
                },
                {
                    "coord": null,
                    "is_working": true,
                    "name": "Pape",
                    "rect": null,
                    "text_id": 41,
                    "uid": 40
                },
                {
                    "coord": null,
                    "is_working": true,
                    "name": "Chester",
                    "rect": null,
                    "text_id": 42,
                    "uid": 41
                },
                {
                    "coord": null,
                    "is_working": true,
                    "name": "Broadview",
                    "rect": null,
                    "text_id": 43,
                    "uid": 42
                },
                {
                    "coord": null,
                    "is_working": true,
                    "name": "Castle Frank",
                    "rect": null,
                    "text_id": 44,
                    "uid": 43
                },
                {
                    "coord": null,
                    "is_working": true,
                    "name": "Sherbourne",
                    "rect": null,
                    "text_id": 45,
                    "uid": 44
                },
                {
                    "coord": [
                        181,
                        460
                    ],
                    "is_working": true,
                    "name": "Bloor-Yonge",
                    "rect": [
                        60,
                        450,
                        100,
                        20
                    ],
                    "text_id": 10,
                    "uid": 45
                },
                {
                    "coord": null,
                    "is_working": true,
                    "name": "Bay",
                    "rect": null,
                    "text_id": 46,
                    "uid": 46
                },
                {
                    "coord": [
                        181,
                        940
                    ],
                    "is_working": true,
                    "name": "St.George",
                    "rect": [
                        60,
                        930,
                        100,
                        20
                    ],
                    "text_id": 22,
                    "uid": 47
                },
                {
                    "coord": [
                        181,
                        980
                    ],
                    "is_working": true,
                    "name": "Spadina",
                    "rect": [
                        60,
                        970,
                        100,
                        20
                    ],
                    "text_id": 23,
                    "uid": 48
                },
                {
                    "coord": null,
                    "is_working": true,
                    "name": "Bathurst",
                    "rect": null,
                    "text_id": 47,
                    "uid": 49
                },
                {
                    "coord": null,
                    "is_working": true,
                    "name": "Christie",
                    "rect": null,
                    "text_id": 48,
                    "uid": 50
                },
                {
                    "coord": null,
                    "is_working": true,
                    "name": "Ossington",
                    "rect": null,
                    "text_id": 49,
                    "uid": 51
                },
                {
                    "coord": null,
                    "is_working": true,
                    "name": "Dufferin",
                    "rect": null,
                    "text_id": 50,
                    "uid": 52
                },
                {
                    "coord": null,
                    "is_working": true,
                    "name": "Lansdowne",
                    "rect": null,
                    "text_id": 51,
                    "uid": 53
                },
                {
                    "coord": null,
                    "is_working": true,
                    "name": "Dundas West",
                    "rect": null,
                    "text_id": 52,
                    "uid": 54
                },
                {
                    "coord": null,
                    "is_working": true,
                    "name": "Keele",
                    "rect": null,
                    "text_id": 53,
                    "uid": 55
                },
                {
                    "coord": null,
                    "is_working": true,
                    "name": "High Park",
                    "rect": null,
                    "text_id": 54,
                    "uid": 56
                },
                {
                    "coord": null,
                    "is_working": true,
                    "name": "Runnymede",
                    "rect": null,
                    "text_id": 55,
                    "uid": 57
                },
                {
                    "coord": null,
                    "is_working": true,
                    "name": "Jane",
                    "rect": null,
                    "text_id": 56,
                    "uid": 58
                },
                {
                    "coord": null,
                    "is_working": true,
                    "name": "Old Mill",
                    "rect": null,
                    "text_id": 57,
                    "uid": 59
                },
                {
                    "coord": null,
                    "is_working": true,
                    "name": "Royal York",
                    "rect": null,
                    "text_id": 58,
                    "uid": 60
                },
                {
                    "coord": null,
                    "is_working": true,
                    "name": "Islington",
                    "rect": null,
                    "text_id": 59,
                    "uid": 61
                },
                {
                    "coord": null,
                    "is_working": true,
                    "name": "Kipling",
                    "rect": null,
                    "text_id": 60,
                    "uid": 62
                }
            ],
            "text_id": 61
        },
        {
            "labels_bg_color": "-1",
            "labels_color": "000000",
            "line_color": "9C3C94",
            "line_width": 9,
            "name": "Sheppard",
            "segments": [],
            "stations": [
                {
                    "coord": null,
                    "is_working": true,
                    "name": "Don Mills",
                    "rect": null,
                    "text_id": 68,
                    "uid": 69
                },
                {
                    "coord": null,
                    "is_working": true,
                    "name": "Leslie",
                    "rect": null,
                    "text_id": 69,
                    "uid": 70
                },
                {
                    "coord": null,
                    "is_working": true,
                    "name": "Bessarion",
                    "rect": null,
                    "text_id": 70,
                    "uid": 71
                },
                {
                    "coord": null,
                    "is_working": true,
                    "name": "Bayview",
                    "rect": null,
                    "text_id": 71,
                    "uid": 72
                },
                {
                    "coord": [
                        181,
                        140
                    ],
                    "is_working": true,
                    "name": "Sheppard-Yonge",
                    "rect": [
                        60,
                        130,
                        100,
                        20
                    ],
                    "text_id": 2,
                    "uid": 73
                }
            ],
            "text_id": 72
        },
        {
            "labels_bg_color": "-1",
            "labels_color": "000000",
            "line_color": "FBBB24",
            "line_width": 9,
            "name": "Yonge-University-Spadina",
            "segments": [
                [
                    0,
                    1,
                    [
                        [
                            200,
                            100
                        ],
                        [
                            200,
                            60
                        ]
                    ],
                    true
                ],
                [
                    1,
                    2,
                    [
                        [
                            200,
                            140
                        ],
                        [
                            200,
                            100
                        ]
                    ],
                    true
                ],
                [
                    2,
                    3,
                    [
                        [
                            200,
                            180
                        ],
                        [
                            200,
                            140
                        ]
                    ],
                    true
                ],
                [
                    3,
                    4,
                    [
                        [
                            200,
                            220
                        ],
                        [
                            200,
                            180
                        ]
                    ],
                    true
                ],
                [
                    4,
                    5,
                    [
                        [
                            200,
                            260
                        ],
                        [
                            200,
                            220
                        ]
                    ],
                    true
                ],
                [
                    5,
                    6,
                    [
                        [
                            200,
                            300
                        ],
                        [
                            200,
                            260
                        ]
                    ],
                    true
                ],
                [
                    6,
                    7,
                    [
                        [
                            200,
                            340
                        ],
                        [
                            200,
                            300
                        ]
                    ],
                    true
                ],
                [
                    7,
                    8,
                    [
                        [
                            200,
                            380
                        ],
                        [
                            200,
                            340
                        ]
                    ],
                    true
                ],
                [
                    8,
                    9,
                    [
                        [
                            200,
                            414
                        ],
                        [
                            200,
                            380
                        ]
                    ],
                    true
                ],
                [
                    9,
                    10,
                    [
                        [
                            200,
                            460
                        ],
                        [
                            200,
                            414
                        ]
                    ],
                    true
                ],
                [
                    10,
                    11,
                    [
                        [
                            200,
                            500
                        ],
                        [
                            200,
                            460
                        ]
                    ],
                    true
                ],
                [
                    11,
                    12,
                    [
                        [
                            200,
                            540
                        ],
                        [
                            200,
                            500
                        ]
                    ],
                    true
                ],
                [
                    12,
                    13,
                    [
                        [
                            200,
                            580
                        ],
                        [
                            200,
                            540
                        ]
                    ],
                    true
                ],
                [
                    13,
                    14,
                    [
                        [
                            200,
                            620
                        ],
                        [
                            200,
                            580
                        ]
                    ],
                    true
                ],
                [
                    14,
                    15,
                    [
                        [
                            200,
                            660
                        ],
                        [
                            200,
                            620
                        ]
                    ],
                    true
                ],
                [
                    15,
                    16,
                    [
                        [
                            200,
                            700
                        ],
                        [
                            200,
                            660
                        ]
                    ],
                    true
                ],
                [
                    16,
                    17,
                    [
                        [
                            200,
                            740
                        ],
                        [
                            200,
                            700
                        ]
                    ],
                    true
                ],
                [
                    17,
                    18,
                    [
                        [
                            200,
                            780
                        ],
                        [
                            200,
                            740
                        ]
                    ],
                    true
                ],
                [
                    18,
                    19,
                    [
                        [
                            200,
                            820
                        ],
                        [
                            200,
                            780
                        ]
                    ],
                    true
                ],
                [
                    19,
                    20,
                    [
                        [
                            200,
                            860
                        ],
                        [
                            200,
                            820
                        ]
                    ],
                    true
                ],
                [
                    20,
                    21,
                    [
                        [
                            200,
                            900
                        ],
                        [
                            200,
                            860
                        ]
                    ],
                    true
                ],
                [
                    21,
                    22,
                    [
                        [
                            200,
                            940
                        ],
                        [
                            200,
                            900
                        ]
                    ],
                    true
                ],
                [
                    22,
                    23,
                    [
                        [
                            200,
                            980
                        ],
                        [
                            200,
                            940
                        ]
                    ],
                    true
                ],
                [
                    23,
                    24,
                    [
                        [
                            200,
                            1020
                        ],
                        [
                            200,
                            980
                        ]
                    ],
                    true
                ],
                [
                    24,
                    25,
                    [
                        [
                            200,
                            1060
                        ],
                        [
                            200,
                            1020
                        ]
                    ],
                    true
                ],
                [
                    25,
                    26,
                    [
                        [
                            200,
                            1100
                        ],
                        [
                            200,
                            1060
                        ]
                    ],
                    true
                ],
                [
                    26,
                    27,
                    [
                        [
                            200,
                            1140
                        ],
                        [
                            200,
                            1100
                        ]
                    ],
                    true
                ],
                [
                    27,
                    28,
                    [
                        [
                            200,
                            1180
                        ],
                        [
                            200,
                            1140
                        ]
                    ],
                    true
                ],
                [
                    28,
                    29,
                    [
                        [
                            200,
                            1220
                        ],
                        [
                            200,
                            1180
                        ]
                    ],
                    true
                ],
                [
                    29,
                    30,
                    [
                        [
                            200,
                            1260
                        ],
                        [
                            200,
                            1220
                        ]
                    ],
                    true
                ],
                [
                    30,
                    31,
                    [
                        [
                            200,
                            1300
                        ],
                        [
                            200,
                            1260
                        ]
                    ],
                    true
                ]
            ],
            "stations": [
                {
                    "coord": [
                        200,
                        60
                    ],
                    "is_working": true,
                    "name": "Finch",
                    "rect": [
                        215,
                        50,
                        100,
                        20
                    ],
                    "text_id": 0,
                    "uid": 0
                },
                {
                    "coord": [
                        200,
                        100
                    ],
                    "is_working": true,
                    "name": "North York Centre",
                    "rect": [
                        215,
                        90,
                        100,
                        20
                    ],
                    "text_id": 1,
                    "uid": 1
                },
                {
                    "coord": [
                        200,
                        140
                    ],
                    "is_working": true,
                    "name": "Sheppard-Yonge",
                    "rect": [
                        215,
                        130,
                        100,
                        20
                    ],
                    "text_id": 2,
                    "uid": 2
                },
                {
                    "coord": [
                        200,
                        180
                    ],
                    "is_working": true,
                    "name": "York Mills",
                    "rect": [
                        215,
                        170,
                        100,
                        20
                    ],
                    "text_id": 3,
                    "uid": 3
                },
                {
                    "coord": [
                        200,
                        220
                    ],
                    "is_working": true,
                    "name": "Lawrence",
                    "rect": [
                        215,
                        210,
                        100,
                        20
                    ],
                    "text_id": 4,
                    "uid": 4
                },
                {
                    "coord": [
                        200,
                        260
                    ],
                    "is_working": true,
                    "name": "Eglinton",
                    "rect": [
                        215,
                        250,
                        100,
                        20
                    ],
                    "text_id": 5,
                    "uid": 5
                },
                {
                    "coord": [
                        200,
                        300
                    ],
                    "is_working": true,
                    "name": "Davisville",
                    "rect": [
                        215,
                        290,
                        100,
                        20
                    ],
                    "text_id": 6,
                    "uid": 6
                },
                {
                    "coord": [
                        200,
                        340
                    ],
                    "is_working": true,
                    "name": "St.Clair",
                    "rect": [
                        215,
                        330,
                        100,
                        20
                    ],
                    "text_id": 7,
                    "uid": 7
                },
                {
                    "coord": [
                        200,
                        380
                    ],
                    "is_working": true,
                    "name": "Summerhill",
                    "rect": [
                        215,
                        370,
                        100,
                        20
                    ],
                    "text_id": 8,
                    "uid": 8
                },
                {
                    "coord": [
                        200,
                        414
                    ],
                    "is_working": true,
                    "name": "Rosedale",
                    "rect": [
                        215,
                        410,
                        100,
                        20
                    ],
                    "text_id": 9,
                    "uid": 9
                },
                {
                    "coord": [
                        200,
                        460
                    ],
                    "is_working": true,
                    "name": "Bloor-Yonge",
                    "rect": [
                        215,
                        450,
                        100,
                        20
                    ],
                    "text_id": 10,
                    "uid": 10
                },
                {
                    "coord": [
                        200,
                        500
                    ],
                    "is_working": true,
                    "name": "Wellesley",
                    "rect": [
                        215,
                        490,
                        100,
                        20
                    ],
                    "text_id": 11,
                    "uid": 11
                },
                {
                    "coord": [
                        200,
                        540
                    ],
                    "is_working": true,
                    "name": "College",
                    "rect": [
                        215,
                        530,
                        100,
                        20
                    ],
                    "text_id": 12,
                    "uid": 12
                },
                {
                    "coord": [
                        200,
                        580
                    ],
                    "is_working": true,
                    "name": "Dundas",
                    "rect": [
                        215,
                        570,
                        100,
                        20
                    ],
                    "text_id": 13,
                    "uid": 13
                },
                {
                    "coord": [
                        200,
                        620
                    ],
                    "is_working": true,
                    "name": "Queen",
                    "rect": [
                        215,
                        610,
                        100,
                        20
                    ],
                    "text_id": 14,
                    "uid": 14
                },
                {
                    "coord": [
                        200,
                        660
                    ],
                    "is_working": true,
                    "name": "King",
                    "rect": [
                        215,
                        650,
                        100,
                        20
                    ],
                    "text_id": 15,
                    "uid": 15
                },
                {
                    "coord": [
                        200,
                        700
                    ],
                    "is_working": true,
                    "name": "Union",
                    "rect": [
                        215,
                        690,
                        100,
                        20
                    ],
                    "text_id": 16,
                    "uid": 16
                },
                {
                    "coord": [
                        200,
                        740
                    ],
                    "is_working": true,
                    "name": "St.Andrew",
                    "rect": [
                        215,
                        730,
                        100,
                        20
                    ],
                    "text_id": 17,
                    "uid": 17
                },
                {
                    "coord": [
                        200,
                        780
                    ],
                    "is_working": true,
                    "name": "Osgoode",
                    "rect": [
                        215,
                        770,
                        100,
                        20
                    ],
                    "text_id": 18,
                    "uid": 18
                },
                {
                    "coord": [
                        200,
                        820
                    ],
                    "is_working": true,
                    "name": "St.Patrick",
                    "rect": [
                        215,
                        810,
                        100,
                        20
                    ],
                    "text_id": 19,
                    "uid": 19
                },
                {
                    "coord": [
                        200,
                        860
                    ],
                    "is_working": true,
                    "name": "Queens Park",
                    "rect": [
                        215,
                        850,
                        100,
                        20
                    ],
                    "text_id": 20,
                    "uid": 20
                },
                {
                    "coord": [
                        200,
                        900
                    ],
                    "is_working": true,
                    "name": "Museum",
                    "rect": [
                        215,
                        890,
                        100,
                        20
                    ],
                    "text_id": 21,
                    "uid": 21
                },
                {
                    "coord": [
                        200,
                        940
                    ],
                    "is_working": true,
                    "name": "St.George",
                    "rect": [
                        215,
                        930,
                        100,
                        20
                    ],
                    "text_id": 22,
                    "uid": 22
                },
                {
                    "coord": [
                        200,
                        980
                    ],
                    "is_working": true,
                    "name": "Spadina",
                    "rect": [
                        215,
                        970,
                        100,
                        20
                    ],
                    "text_id": 23,
                    "uid": 23
                },
                {
                    "coord": [
                        200,
                        1020
                    ],
                    "is_working": true,
                    "name": "Dupont",
                    "rect": [
                        215,
                        1010,
                        100,
                        20
                    ],
                    "text_id": 24,
                    "uid": 24
                },
                {
                    "coord": [
                        200,
                        1060
                    ],
                    "is_working": true,
                    "name": "St.Clair West",
                    "rect": [
                        215,
                        1050,
                        100,
                        20
                    ],
                    "text_id": 25,
                    "uid": 25
                },
                {
                    "coord": [
                        200,
                        1100
                    ],
                    "is_working": true,
                    "name": "Eglinton West",
                    "rect": [
                        215,
                        1090,
                        100,
                        20
                    ],
                    "text_id": 26,
                    "uid": 26
                },
                {
                    "coord": [
                        200,
                        1140
                    ],
                    "is_working": true,
                    "name": "Glencairn",
                    "rect": [
                        215,
                        1130,
                        100,
                        20
                    ],
                    "text_id": 27,
                    "uid": 27
                },
                {
                    "coord": [
                        200,
                        1180
                    ],
                    "is_working": true,
                    "name": "Lawrence West",
                    "rect": [
                        215,
                        1170,
                        100,
                        20
                    ],
                    "text_id": 28,
                    "uid": 28
                },
                {
                    "coord": [
                        200,
                        1220
                    ],
                    "is_working": true,
                    "name": "Yorkdale",
                    "rect": [
                        215,
                        1210,
                        100,
                        20
                    ],
                    "text_id": 29,
                    "uid": 29
                },
                {
                    "coord": [
                        200,
                        1260
                    ],
                    "is_working": true,
                    "name": "Wilson",
                    "rect": [
                        215,
                        1250,
                        100,
                        20
                    ],
                    "text_id": 30,
                    "uid": 30
                },
                {
                    "coord": [
                        200,
                        1300
                    ],
                    "is_working": true,
                    "name": "Downsview",
                    "rect": [
                        215,
                        1290,
                        100,
                        20
                    ],
                    "text_id": 31,
                    "uid": 31
                }
            ],
            "text_id": 32
        }
    ],
    "lines_width": 9,
    "name": "yonge",
    "name_text_id": 32,
    "stations_diameter": 16.0,
    "transfers": [
        [
            2,
            73,
            [
                200,
                140
            ],
            [
                181,
                140
            ]
        ],
        [
            10,
            45,
            [
                200,
                460
            ],
            [
                181,
                460
            ]
        ],
        [
            22,
            47,
            [
                200,
                940
            ],
            [
                181,
                940
            ]
        ],
        [
            23,
            48,
            [
                200,
                980
            ],
            [
                181,
                980
            ]
        ]
    ],
    "transports": [
        "metro"
    ],
    "type_name": "Метро",
    "type_text_id": 75,
    "upper_case": true,
    "width": 350,
    "word_wrap": true
}