[
    {
        "caption": "Схема",
        "image": "res/stations/olmazor.svg",
        "line": "Chilonzor",
        "station": "Olmazor"
    },
    {
        "caption": "Схема",
        "image": "res/stations/chilonzor.svg",
        "line": "Chilonzor",
        "station": "Chilonzor"
    },
    {
        "caption": "Схема",
        "image": "res/stations/mirzoulugbek.svg",
        "line": "Chilonzor",
        "station": "Mirzo Ulug'bek"
    },
    {
        "caption": "Схема",
        "image": "res/stations/novza.svg",
        "line": "Chilonzor",
        "station": "Novza"
    },
    {
        "caption": "Схема",
        "image": "res/stations/milliybog.svg",
        "line": "Chilonzor",
        "station": "Milliy bog'"
    },
    {
        "caption": "Схема",
        "image": "res/stations/xalqlar do'stligi.svg",
        "line": "Chilonzor",
        "station": "Xalqlar do'stligi"
    },
    {
        "caption": "Схема",
        "image": "res/stations/paxtakor-alishernavoiy.svg",
        "line": "Chilonzor",
        "station": "Paxtakor"
    },
    {
        "caption": "Схема",
        "image": "res/stations/mustaqillikmaydoni.svg",
        "line": "Chilonzor",
        "station": "Mustaqillik Maydoni"
    },
    {
        "caption": "Схема",
        "image": "res/stations/amirtemurxiyoboni-yunusrajabiy.svg",
        "line": "Chilonzor",
        "station": "Amir Temur Xiyoboni"
    },
    {
        "caption": "Схема",
        "image": "res/stations/hamidolimjon.svg",
        "line": "Chilonzor",
        "station": "Hamid Olimjon"
    },
    {
        "caption": "Схема",
        "image": "res/stations/pushkin.svg",
        "line": "Chilonzor",
        "station": "Pushkin"
    },
    {
        "caption": "Схема",
        "image": "res/stations/buyukipakyoli.svg",
        "line": "Chilonzor",
        "station": "Buyuk Ipak Yo'li"
    },
    {
        "caption": "Схема",
        "image": "res/stations/beruniy.svg",
        "line": "O'zbekiston",
        "station": "Beruniy"
    },
    {
        "caption": "Схема",
        "image": "res/stations/tinchlik.svg",
        "line": "O'zbekiston",
        "station": "Tinchlik"
    },
    {
        "caption": "Схема",
        "image": "res/stations/chorsu.svg",
        "line": "O'zbekiston",
        "station": "Chorsu"
    },
    {
        "caption": "Схема",
        "image": "res/stations/gafurgulom.svg",
        "line": "O'zbekiston",
        "station": "G'afur G'ulom"
    },
    {
        "caption": "Схема",
        "image": "res/stations/paxtakor-alishernavoiy.svg",
        "line": "O'zbekiston",
        "station": "Alisher Navoiy"
    },
    {
        "caption": "Схема",
        "image": "res/stations/ozbekiston.svg",
        "line": "O'zbekiston",
        "station": "O'zbekiston"
    },
    {
        "caption": "Схема",
        "image": "res/stations/kosmonavtlar.svg",
        "line": "O'zbekiston",
        "station": "Kosmonavtlar"
    },
    {
        "caption": "Схема",
        "image": "res/stations/oybek-mingorik.svg",
        "line": "O'zbekiston",
        "station": "Oybek"
    },
    {
        "caption": "Схема",
        "image": "res/stations/toshkent.svg",
        "line": "O'zbekiston",
        "station": "Toshkent"
    },
    {
        "caption": "Схема",
        "image": "res/stations/mashinasozlart.svg",
        "line": "O'zbekiston",
        "station": "Mashinasozlar"
    },
    {
        "caption": "Схема",
        "image": "res/stations/dostlik.svg",
        "line": "O'zbekiston",
        "station": "Do'stlik"
    },
    {
        "caption": "Схема",
        "image": "res/stations/oybek-mingorik.svg",
        "line": "Yunusobod",
        "station": "Ming o'rik"
    },
    {
        "caption": "Схема",
        "image": "res/stations/amirtemurxiyoboni-yunusrajabiy.svg",
        "line": "Yunusobod",
        "station": "Yunus Rajabiy"
    },
    {
        "caption": "Схема",
        "image": "res/stations/abdullaqodiriy.svg",
        "line": "Yunusobod",
        "station": "Abdulla Qodiriy"
    },
    {
        "caption": "Схема",
        "image": "res/stations/minor.svg",
        "line": "Yunusobod",
        "station": "Minor"
    },
    {
        "caption": "Схема",
        "image": "res/stations/bodomzor.svg",
        "line": "Yunusobod",
        "station": "Bodomzor"
    },
    {
        "caption": "Схема",
        "image": "res/stations/shaxriston.svg",
        "line": "Yunusobod",
        "station": "Shaxriston"
    }
]