{
    "lines": [
        {
            "delays": [],
            "name": "Namboku",
            "scheme": null,
            "segments": [
                [
                    0,
                    1,
                    120
                ],
                [
                    1,
                    0,
                    120
                ],
                [
                    1,
                    2,
                    120
                ],
                [
                    2,
                    1,
                    120
                ],
                [
                    2,
                    3,
                    120
                ],
                [
                    3,
                    2,
                    120
                ],
                [
                    3,
                    4,
                    120
                ],
                [
                    4,
                    3,
                    120
                ],
                [
                    4,
                    5,
                    120
                ],
                [
                    5,
                    4,
                    120
                ],
                [
                    5,
                    6,
                    120
                ],
                [
                    6,
                    5,
                    120
                ],
                [
                    6,
                    7,
                    120
                ],
                [
                    7,
                    6,
                    120
                ],
                [
                    7,
                    8,
                    120
                ],
                [
                    8,
                    7,
                    120
                ],
                [
                    8,
                    9,
                    120
                ],
                [
                    9,
                    8,
                    120
                ],
                [
                    9,
                    10,
                    120
                ],
                [
                    10,
                    9,
                    120
                ],
                [
                    10,
                    11,
                    120
                ],
                [
                    11,
                    10,
                    120
                ],
                [
                    11,
                    12,
                    120
                ],
                [
                    12,
                    11,
                    120
                ],
                [
                    12,
                    13,
                    120
                ],
                [
                    13,
                    12,
                    120
                ],
                [
                    13,
                    14,
                    120
                ],
                [
                    14,
                    13,
                    120
                ],
                [
                    14,
                    15,
                    120
                ],
                [
                    15,
                    14,
                    120
                ],
                [
                    15,
                    16,
                    120
                ],
                [
                    16,
                    15,
                    120
                ]
            ],
            "stations": [
                [
                    0,
                    "Izumi-Chuo",
                    0
                ],
                [
                    1,
                    "Yaotome",
                    1
                ],
                [
                    2,
                    "Kuromatsu",
                    2
                ],
                [
                    3,
                    "Asahigaoka",
                    3
                ],
                [
                    4,
                    "Dainohara",
                    4
                ],
                [
                    5,
                    "Kita-Sendai",
                    5
                ],
                [
                    6,
                    "Kita-Yobancho",
                    6
                ],
                [
                    7,
                    "Kotodai Koen",
                    7
                ],
                [
                    8,
                    "Hirose-Dori",
                    8
                ],
                [
                    9,
                    "Sendai",
                    9
                ],
                [
                    10,
                    "Itsutsu-bashi",
                    10
                ],
                [
                    11,
                    "Atago-bashi",
                    11
                ],
                [
                    12,
                    "Kawaramachi",
                    12
                ],
                [
                    13,
                    "Nagamachi-itchome",
                    13
                ],
                [
                    14,
                    "Nagamachi",
                    14
                ],
                [
                    15,
                    "Nagamachi-minami",
                    15
                ],
                [
                    16,
                    "Tomizawa",
                    16
                ]
            ],
            "text_id": 17
        },
        {
            "delays": [],
            "name": "Tozai",
            "scheme": null,
            "segments": [
                [
                    17,
                    18,
                    120
                ],
                [
                    18,
                    17,
                    120
                ],
                [
                    18,
                    19,
                    120
                ],
                [
                    19,
                    18,
                    120
                ],
                [
                    19,
                    20,
                    120
                ],
                [
                    20,
                    19,
                    120
                ],
                [
                    20,
                    21,
                    120
                ],
                [
                    21,
                    20,
                    120
                ],
                [
                    21,
                    22,
                    120
                ],
                [
                    22,
                    21,
                    120
                ],
                [
                    22,
                    23,
                    120
                ],
                [
                    23,
                    22,
                    120
                ],
                [
                    23,
                    24,
                    120
                ],
                [
                    24,
                    23,
                    120
                ],
                [
                    24,
                    25,
                    120
                ],
                [
                    25,
                    24,
                    120
                ],
                [
                    25,
                    26,
                    120
                ],
                [
                    26,
                    25,
                    120
                ],
                [
                    26,
                    27,
                    120
                ],
                [
                    27,
                    26,
                    120
                ],
                [
                    27,
                    28,
                    120
                ],
                [
                    28,
                    27,
                    120
                ],
                [
                    28,
                    29,
                    120
                ],
                [
                    29,
                    28,
                    120
                ]
            ],
            "stations": [
                [
                    17,
                    "Yagiyama Zoological Park",
                    18
                ],
                [
                    18,
                    "Aobayama",
                    19
                ],
                [
                    19,
                    "Kawauchi",
                    20
                ],
                [
                    20,
                    "International Center",
                    21
                ],
                [
                    21,
                    "Omachi Nishi-koen",
                    22
                ],
                [
                    22,
                    "Aoba-dori Ichibancho",
                    23
                ],
                [
                    23,
                    "Sendai",
                    9
                ],
                [
                    24,
                    "Miyagino-dori",
                    24
                ],
                [
                    25,
                    "Rembo",
                    25
                ],
                [
                    26,
                    "Yakushido",
                    26
                ],
                [
                    27,
                    "Oroshimachi",
                    27
                ],
                [
                    28,
                    "Rokuchonome",
                    28
                ],
                [
                    29,
                    "Arai",
                    29
                ]
            ],
            "text_id": 30
        }
    ],
    "name": "metro",
    "transfers": [
        [
            9,
            23,
            120,
            true
        ]
    ],
    "type_name": "Метро"
}