{
    "lines": [
        {
            "delays": [
                300,
                480
            ],
            "name": "M 1",
            "scheme": "m 1",
            "segments": [
                [
                    0,
                    1,
                    120
                ],
                [
                    1,
                    0,
                    120
                ],
                [
                    1,
                    2,
                    180
                ],
                [
                    2,
                    1,
                    180
                ],
                [
                    2,
                    3,
                    120
                ],
                [
                    3,
                    2,
                    120
                ],
                [
                    3,
                    4,
                    120
                ],
                [
                    4,
                    3,
                    120
                ],
                [
                    4,
                    5,
                    180
                ],
                [
                    5,
                    4,
                    180
                ],
                [
                    5,
                    6,
                    120
                ],
                [
                    6,
                    5,
                    120
                ],
                [
                    6,
                    7,
                    180
                ],
                [
                    7,
                    6,
                    180
                ],
                [
                    7,
                    8,
                    120
                ],
                [
                    8,
                    7,
                    120
                ],
                [
                    8,
                    9,
                    120
                ],
                [
                    9,
                    8,
                    120
                ],
                [
                    9,
                    10,
                    120
                ],
                [
                    10,
                    9,
                    120
                ],
                [
                    10,
                    11,
                    180
                ],
                [
                    11,
                    10,
                    180
                ],
                [
                    11,
                    12,
                    120
                ],
                [
                    12,
                    11,
                    120
                ],
                [
                    12,
                    13,
                    120
                ],
                [
                    13,
                    12,
                    120
                ],
                [
                    13,
                    14,
                    120
                ],
                [
                    14,
                    13,
                    120
                ],
                [
                    14,
                    15,
                    120
                ],
                [
                    15,
                    14,
                    120
                ],
                [
                    15,
                    16,
                    120
                ],
                [
                    16,
                    15,
                    120
                ],
                [
                    16,
                    17,
                    120
                ],
                [
                    17,
                    16,
                    120
                ],
                [
                    17,
                    18,
                    120
                ],
                [
                    18,
                    17,
                    120
                ],
                [
                    18,
                    19,
                    120
                ],
                [
                    19,
                    18,
                    120
                ],
                [
                    19,
                    20,
                    120
                ],
                [
                    20,
                    19,
                    120
                ],
                [
                    20,
                    21,
                    120
                ],
                [
                    21,
                    20,
                    120
                ]
            ],
            "stations": [
                [
                    0,
                    "Dristor",
                    0
                ],
                [
                    1,
                    "Piata Muncii",
                    1
                ],
                [
                    2,
                    "Iancului",
                    2
                ],
                [
                    3,
                    "Obor",
                    3
                ],
                [
                    4,
                    "Stefan cel Mare",
                    4
                ],
                [
                    5,
                    "Piata Victoriei",
                    5
                ],
                [
                    6,
                    "Gara de Nord",
                    6
                ],
                [
                    7,
                    "Basarab",
                    7
                ],
                [
                    8,
                    "Crangasi",
                    8
                ],
                [
                    9,
                    "Petrache Poenaru",
                    9
                ],
                [
                    10,
                    "Grozavesti",
                    10
                ],
                [
                    11,
                    "Eroilor",
                    11
                ],
                [
                    12,
                    "Izvor",
                    12
                ],
                [
                    13,
                    "Piata Unirii",
                    13
                ],
                [
                    14,
                    "Timpuri Noi",
                    14
                ],
                [
                    15,
                    "Mihai Bravu",
                    15
                ],
                [
                    16,
                    "Dristor2",
                    16
                ],
                [
                    17,
                    "Nicolae Grigorescu",
                    17
                ],
                [
                    18,
                    "Titan",
                    18
                ],
                [
                    19,
                    "Costin Georgian",
                    19
                ],
                [
                    20,
                    "Republica",
                    20
                ],
                [
                    21,
                    "Pantelimon",
                    21
                ]
            ],
            "text_id": 22
        },
        {
            "delays": [
                300,
                480
            ],
            "name": "M 2",
            "scheme": "m 2",
            "segments": [
                [
                    22,
                    23,
                    120
                ],
                [
                    23,
                    22,
                    120
                ],
                [
                    23,
                    24,
                    180
                ],
                [
                    24,
                    23,
                    180
                ],
                [
                    24,
                    25,
                    120
                ],
                [
                    25,
                    24,
                    120
                ],
                [
                    25,
                    26,
                    120
                ],
                [
                    26,
                    25,
                    120
                ],
                [
                    26,
                    27,
                    180
                ],
                [
                    27,
                    26,
                    180
                ],
                [
                    27,
                    28,
                    120
                ],
                [
                    28,
                    27,
                    120
                ],
                [
                    28,
                    29,
                    180
                ],
                [
                    29,
                    28,
                    180
                ],
                [
                    29,
                    30,
                    120
                ],
                [
                    30,
                    29,
                    120
                ],
                [
                    30,
                    31,
                    120
                ],
                [
                    31,
                    30,
                    120
                ],
                [
                    31,
                    32,
                    120
                ],
                [
                    32,
                    31,
                    120
                ],
                [
                    32,
                    33,
                    180
                ],
                [
                    33,
                    32,
                    180
                ],
                [
                    33,
                    34,
                    120
                ],
                [
                    34,
                    33,
                    120
                ],
                [
                    34,
                    35,
                    120
                ],
                [
                    35,
                    34,
                    120
                ]
            ],
            "stations": [
                [
                    22,
                    "Pipera",
                    23
                ],
                [
                    23,
                    "Aurel Vlaicu",
                    24
                ],
                [
                    24,
                    "Aviatorilor",
                    25
                ],
                [
                    25,
                    "Piata Victoriei",
                    5
                ],
                [
                    26,
                    "Piata Romana",
                    26
                ],
                [
                    27,
                    "Universitatii",
                    27
                ],
                [
                    28,
                    "Piata Unirii",
                    13
                ],
                [
                    29,
                    "Tineretului",
                    28
                ],
                [
                    30,
                    "Eroii Revolutiei",
                    29
                ],
                [
                    31,
                    "Constantin Brancoveanu",
                    30
                ],
                [
                    32,
                    "Piata Sudului",
                    31
                ],
                [
                    33,
                    "Aparatorii Patriei",
                    32
                ],
                [
                    34,
                    "Dimitrie Leonida",
                    33
                ],
                [
                    35,
                    "Berceni",
                    34
                ]
            ],
            "text_id": 35
        },
        {
            "delays": [
                360,
                720
            ],
            "name": "M 3",
            "scheme": "m 3",
            "segments": [
                [
                    36,
                    37,
                    120
                ],
                [
                    37,
                    36,
                    120
                ],
                [
                    37,
                    38,
                    180
                ],
                [
                    38,
                    37,
                    180
                ],
                [
                    38,
                    39,
                    120
                ],
                [
                    39,
                    38,
                    120
                ],
                [
                    39,
                    40,
                    120
                ],
                [
                    40,
                    39,
                    120
                ],
                [
                    40,
                    41,
                    180
                ],
                [
                    41,
                    40,
                    180
                ],
                [
                    41,
                    42,
                    120
                ],
                [
                    42,
                    41,
                    120
                ],
                [
                    42,
                    43,
                    120
                ],
                [
                    43,
                    42,
                    120
                ],
                [
                    43,
                    44,
                    120
                ],
                [
                    44,
                    43,
                    120
                ],
                [
                    44,
                    45,
                    120
                ],
                [
                    45,
                    44,
                    120
                ],
                [
                    45,
                    46,
                    120
                ],
                [
                    46,
                    45,
                    120
                ],
                [
                    46,
                    47,
                    120
                ],
                [
                    47,
                    46,
                    120
                ],
                [
                    47,
                    48,
                    120
                ],
                [
                    48,
                    47,
                    120
                ],
                [
                    48,
                    49,
                    120
                ],
                [
                    49,
                    48,
                    120
                ],
                [
                    49,
                    50,
                    120
                ],
                [
                    50,
                    49,
                    120
                ]
            ],
            "stations": [
                [
                    36,
                    "Preciziei",
                    36
                ],
                [
                    37,
                    "Pacii",
                    37
                ],
                [
                    38,
                    "Gorjului",
                    38
                ],
                [
                    39,
                    "Lujerului",
                    39
                ],
                [
                    40,
                    "Politehnica",
                    40
                ],
                [
                    41,
                    "Eroilor",
                    11
                ],
                [
                    42,
                    "Izvor",
                    12
                ],
                [
                    43,
                    "Piata Unirii",
                    13
                ],
                [
                    44,
                    "Timpuri Noi",
                    14
                ],
                [
                    45,
                    "Mihai Bravu",
                    15
                ],
                [
                    46,
                    "Dristor2",
                    16
                ],
                [
                    47,
                    "Nicolae Grigorescu",
                    17
                ],
                [
                    48,
                    "1 Dec 1918",
                    41
                ],
                [
                    49,
                    "Nicolae Teclu",
                    42
                ],
                [
                    50,
                    "Anghel Saligny",
                    43
                ]
            ],
            "text_id": 44
        },
        {
            "delays": [
                360,
                900
            ],
            "name": "M 4",
            "scheme": "m 4",
            "segments": [
                [
                    51,
                    52,
                    120
                ],
                [
                    52,
                    51,
                    120
                ],
                [
                    52,
                    53,
                    180
                ],
                [
                    53,
                    52,
                    180
                ],
                [
                    53,
                    54,
                    120
                ],
                [
                    54,
                    53,
                    120
                ],
                [
                    54,
                    55,
                    120
                ],
                [
                    55,
                    54,
                    120
                ],
                [
                    55,
                    56,
                    120
                ],
                [
                    56,
                    55,
                    120
                ],
                [
                    56,
                    57,
                    0
                ],
                [
                    57,
                    56,
                    0
                ],
                [
                    57,
                    58,
                    0
                ],
                [
                    58,
                    57,
                    0
                ]
            ],
            "stations": [
                [
                    51,
                    "Gara de Nord",
                    6
                ],
                [
                    52,
                    "Basarab",
                    7
                ],
                [
                    53,
                    "Grivita",
                    45
                ],
                [
                    54,
                    "1 Mai",
                    46
                ],
                [
                    55,
                    "Jiului",
                    47
                ],
                [
                    56,
                    "Parc Bazilescu",
                    48
                ],
                [
                    57,
                    "Laminorului",
                    49
                ],
                [
                    58,
                    "Lac Straulesti",
                    50
                ]
            ],
            "text_id": 51
        }
    ],
    "name": "metro",
    "transfers": [
        [
            5,
            25,
            120,
            true
        ],
        [
            15,
            45,
            60,
            true
        ],
        [
            16,
            46,
            60,
            true
        ],
        [
            17,
            47,
            60,
            true
        ],
        [
            6,
            51,
            60,
            true
        ],
        [
            7,
            52,
            60,
            true
        ],
        [
            11,
            41,
            60,
            true
        ],
        [
            13,
            28,
            120,
            true
        ],
        [
            0,
            16,
            120,
            true
        ],
        [
            12,
            42,
            60,
            true
        ],
        [
            13,
            43,
            60,
            true
        ],
        [
            14,
            44,
            60,
            true
        ]
    ],
    "type_name": "Метро"
}