{
    "0": "Soleilmont",
    "1": "Sart Culpart",
    "2": "Marabout",
    "3": "Gilly",
    "4": "Gazometre",
    "5": "Samaritaine",
    "6": "Waterloo",
    "7": "Beaux Arts",
    "8": "Piges",
    "9": "Dampremy",
    "10": "Providence",
    "11": "De Cartier",
    "12": "Moulin",
    "13": "Morgnies",
    "14": "Leernes",
    "15": "Paradis",
    "16": "Fontaine",
    "17": "Petria",
    "18": "Coron de Berger",
    "19": "Surchiste",
    "20": "Route de Thuin",
    "21": "Jonction",
    "22": "Rue de la Station",
    "23": "Monument",
    "24": "Janson",
    "25": "Parc",
    "26": "Ouest",
    "27": "Villette",
    "28": "Sud",
    "29": "Premetro",
    "30": "Метро",
    "31": "ROOT",
    "32": "Схема от 07.06.2013г.\nАвтор: Варламов Дмитрий (www.chpeks.com)",
    "33": "Imported from http://pmetro.su"
}