{
    "0": "Guangzhou East Railway Station",
    "1": "Tianhe Sports Center",
    "2": "Tiyu Xilu",
    "3": "Yangji",
    "4": "Dongshankou",
    "5": "Martyrs' Park",
    "6": "Peasant Movement Institute",
    "7": "Gongyuanqian",
    "8": "Ximenkou",
    "9": "Chen Clan Academy",
    "10": "Changshou Lu",
    "11": "Huangsha",
    "12": "Fangcun",
    "13": "Huadiwan",
    "14": "Kengkou",
    "15": "Xilang",
    "16": "1",
    "17": "Jiahewanggang",
    "18": "Huangbian",
    "19": "Jiangxia",
    "20": "Xiao-gang",
    "21": "Baiyun Cultural Square",
    "22": "Baiyun Park",
    "23": "Feixiang Park",
    "24": "Sanyuanli",
    "25": "Guangzhou Railway Station",
    "26": "Yuexiu Park",
    "27": "Sun Yat-sen Memorial Hall",
    "28": "Haizhu Square",
    "29": "The 2nd Workers' Cultural Palace",
    "30": "Jiangnanxi",
    "31": "Changgang",
    "32": "Jiangtai Lu",
    "33": "Dongxiaonan",
    "34": "Nanzhou",
    "35": "Luoxi",
    "36": "Nanpu",
    "37": "Huijiang",
    "38": "Shibi",
    "39": "Guangzhou South Railway Station",
    "40": "2",
    "41": "Tianhe Coach Terminal",
    "42": "Wushan",
    "43": "South China Normal University",
    "44": "Gangding",
    "45": "Shipaiqiao",
    "46": "Zhujiang New Town",
    "47": "Chigang Pagoda",
    "48": "Kecun",
    "49": "Datang",
    "50": "Lijiao",
    "51": "Xiajiao",
    "52": "Dashi",
    "53": "Hanxi Changlong",
    "54": "Shiqiao",
    "55": "Panyu Square",
    "56": "Airport North",
    "57": "Airport South",
    "58": "Gaozeng",
    "59": "Renhe",
    "60": "Longgui",
    "61": "Baiyun Dadao Bei",
    "62": "Yongtai",
    "63": "Tonghe",
    "64": "Jingxi Nanfang Hospital",
    "65": "Meihuayuan",
    "66": "Yantang",
    "67": "Linhexi",
    "68": "3",
    "69": "Shuixi",
    "70": "Xiangang",
    "71": "Science City East",
    "72": "Science City West",
    "73": "Xiaoxintang",
    "74": "Huangcun",
    "75": "Chebei",
    "76": "Chebeinan",
    "77": "Wanshengwei",
    "78": "Guanzhou",
    "79": "Higher Education Mega Center North",
    "80": "Higher Education Mega Center South",
    "81": "Xinzao",
    "82": "Guanqiao",
    "83": "Shiqi",
    "84": "Haibang",
    "85": "Dichong",
    "86": "Dongchong",
    "87": "Qingsheng",
    "88": "Huangge Auto Center",
    "89": "Huangge",
    "90": "Jiaomen",
    "91": "Jinzhou",
    "92": "Dongguayu",
    "93": "Hudiezhou",
    "94": "Jinmen",
    "95": "Nanbeitai",
    "96": "Nansha Ferry Terminal",
    "97": "Nansha Information Technology Park",
    "98": "4",
    "99": "Jiaokou",
    "100": "Tanwei",
    "101": "Zhongshanba",
    "102": "Xichang",
    "103": "Xicun",
    "104": "Xiaobei",
    "105": "Taojin",
    "106": "Ouzhuang",
    "107": "Zoo",
    "108": "Wuyangcun",
    "109": "Liede",
    "110": "Tancun",
    "111": "Yuancun",
    "112": "Keyun Lu",
    "113": "Dongpu",
    "114": "Sanxi",
    "115": "Yuzhu",
    "116": "Dashadi",
    "117": "Dashadong",
    "118": "Wenchong",
    "119": "Shuanggang",
    "120": "Miaotou",
    "121": "Xiayuan",
    "122": "Huangpu Industrial Zone",
    "123": "Huangpu Coach Terminal",
    "124": "5",
    "125": "Xunfenggang",
    "126": "Hengsha",
    "127": "Shabei",
    "128": "Hesha",
    "129": "Ruyifang",
    "130": "Cultural Park",
    "131": "Yide Lu",
    "132": "Beijing Lu",
    "133": "Tuanyida Square",
    "134": "Donghu",
    "135": "Huanghuagang",
    "136": "Shaheding",
    "137": "Tianpingjia",
    "138": "Changban",
    "139": "6",
    "140": "Baiyun Lake",
    "141": "Huangjinwei",
    "142": "Tinggangcun",
    "143": "Shijing",
    "144": "Pingshacun",
    "145": "Julong",
    "146": "Tongdewei",
    "147": "Ezhangtan",
    "148": "Caihongqiao",
    "149": "Hualinxi",
    "150": "Tongfuxi",
    "151": "Fenghuang Xincun",
    "152": "Shayuan",
    "153": "Baogang Dadao",
    "154": "Xiaogang",
    "155": "Sun Yat-Sen University",
    "156": "Lujiang",
    "157": "Chigang",
    "158": "Modiesha",
    "159": "Xingangdong",
    "160": "Pazhou",
    "161": "8",
    "162": "Kuiqi Lu",
    "163": "Jihua Park",
    "164": "Tongji Lu",
    "165": "Zumiao",
    "166": "Pujun Beilu",
    "167": "Chao'an",
    "168": "Guicheng",
    "169": "Nangui Lu",
    "170": "Leigang",
    "171": "Qiandeng Lake",
    "172": "Financial Hi-Tech Zone",
    "173": "Longxi",
    "174": "Jushu",
    "175": "Hedong",
    "176": "Shachong",
    "177": "Yangang",
    "178": "Shixi",
    "179": "Guangfo",
    "180": "Tianhe Sports Center South",
    "181": "Tianhenan",
    "182": "Huangpu Dadao",
    "183": "Guangzhou Women & Children's Center",
    "184": "Huacheng Dadao",
    "185": "Guangzhou Opera House",
    "186": "Haixinsha",
    "187": "APM",
    "188": "Метро",
    "189": "ROOT",
    "190": "Схема от 13.03.2016г.",
    "191": "Imported from http://pmetro.su"
}