[
    {
        "caption": "Схема",
        "image": "res/stations/vokzalnaya.svg",
        "line": "Центрально-заводская",
        "station": "Вокзальная"
    },
    {
        "caption": "Схема",
        "image": "res/stations/metrostroiteley.svg",
        "line": "Центрально-заводская",
        "station": "Метростроителей"
    },
    {
        "caption": "Схема",
        "image": "res/stations/metallurgov.svg",
        "line": "Центрально-заводская",
        "station": "Металлургов"
    },
    {
        "caption": "Схема",
        "image": "res/stations/zavodskaya.svg",
        "line": "Центрально-заводская",
        "station": "Заводская"
    },
    {
        "caption": "Схема",
        "image": "res/stations/prospektsvobody.svg",
        "line": "Центрально-заводская",
        "station": "Проспект Свободы"
    },
    {
        "caption": "Схема",
        "image": "res/stations/pokrovskaya.svg",
        "line": "Центрально-заводская",
        "station": "Покровская"
    }
]