{
    "default_transports": [
        "metro"
    ],
    "height": 706,
    "images": [
        "res/schemes/san-paulo.svg"
    ],
    "is_vector": true,
    "lines": [
        {
            "labels_bg_color": "-1",
            "labels_color": "003399",
            "line_color": "003399",
            "line_width": 6,
            "name": "Linea 1",
            "segments": [
                [
                    0,
                    1,
                    [
                        [
                            248,
                            24
                        ],
                        [
                            248,
                            8
                        ]
                    ],
                    true
                ],
                [
                    1,
                    2,
                    [
                        [
                            248,
                            40
                        ],
                        [
                            248,
                            24
                        ]
                    ],
                    true
                ],
                [
                    2,
                    3,
                    [
                        [
                            248,
                            56
                        ],
                        [
                            248,
                            40
                        ]
                    ],
                    true
                ],
                [
                    3,
                    4,
                    [
                        [
                            248,
                            72
                        ],
                        [
                            248,
                            56
                        ]
                    ],
                    true
                ],
                [
                    4,
                    5,
                    [
                        [
                            248,
                            88
                        ],
                        [
                            248,
                            72
                        ]
                    ],
                    true
                ],
                [
                    5,
                    6,
                    [
                        [
                            248,
                            104
                        ],
                        [
                            248,
                            88
                        ]
                    ],
                    true
                ],
                [
                    6,
                    7,
                    [
                        [
                            248,
                            120
                        ],
                        [
                            248,
                            104
                        ]
                    ],
                    true
                ],
                [
                    7,
                    8,
                    [
                        [
                            248,
                            136
                        ],
                        [
                            248,
                            120
                        ]
                    ],
                    true
                ],
                [
                    8,
                    9,
                    [
                        [
                            248,
                            158
                        ],
                        [
                            248,
                            136
                        ]
                    ],
                    true
                ],
                [
                    9,
                    10,
                    [
                        [
                            248,
                            180
                        ],
                        [
                            248,
                            158
                        ]
                    ],
                    true
                ],
                [
                    10,
                    11,
                    [
                        [
                            248,
                            241
                        ],
                        [
                            248,
                            180
                        ]
                    ],
                    true
                ],
                [
                    11,
                    12,
                    [
                        [
                            248,
                            268
                        ],
                        [
                            248,
                            241
                        ]
                    ],
                    true
                ],
                [
                    12,
                    13,
                    [
                        [
                            248,
                            295
                        ],
                        [
                            248,
                            268
                        ]
                    ],
                    true
                ],
                [
                    13,
                    14,
                    [
                        [
                            248,
                            323
                        ],
                        [
                            248,
                            295
                        ]
                    ],
                    true
                ],
                [
                    14,
                    15,
                    [
                        [
                            248,
                            349
                        ],
                        [
                            248,
                            323
                        ]
                    ],
                    true
                ],
                [
                    15,
                    16,
                    [
                        [
                            248,
                            374
                        ],
                        [
                            248,
                            349
                        ]
                    ],
                    true
                ],
                [
                    16,
                    17,
                    [
                        [
                            248,
                            411
                        ],
                        [
                            248,
                            374
                        ]
                    ],
                    true
                ],
                [
                    17,
                    18,
                    [
                        [
                            248,
                            435
                        ],
                        [
                            248,
                            411
                        ]
                    ],
                    true
                ],
                [
                    18,
                    19,
                    [
                        [
                            248,
                            451
                        ],
                        [
                            248,
                            435
                        ]
                    ],
                    true
                ],
                [
                    19,
                    20,
                    [
                        [
                            248,
                            467
                        ],
                        [
                            248,
                            451
                        ]
                    ],
                    true
                ],
                [
                    20,
                    21,
                    [
                        [
                            248,
                            483
                        ],
                        [
                            248,
                            467
                        ]
                    ],
                    true
                ],
                [
                    21,
                    22,
                    [
                        [
                            248,
                            499
                        ],
                        [
                            248,
                            483
                        ]
                    ],
                    true
                ]
            ],
            "stations": [
                {
                    "coord": [
                        248,
                        8
                    ],
                    "is_working": true,
                    "name": "Tucurivi",
                    "rect": [
                        257,
                        0,
                        42,
                        15
                    ],
                    "text_id": 0,
                    "uid": 0
                },
                {
                    "coord": [
                        248,
                        24
                    ],
                    "is_working": true,
                    "name": "Parada Inglesa",
                    "rect": [
                        257,
                        16,
                        76,
                        15
                    ],
                    "text_id": 1,
                    "uid": 1
                },
                {
                    "coord": [
                        248,
                        40
                    ],
                    "is_working": true,
                    "name": "Jardim Sao Paulo",
                    "rect": [
                        257,
                        32,
                        89,
                        15
                    ],
                    "text_id": 2,
                    "uid": 2
                },
                {
                    "coord": [
                        248,
                        56
                    ],
                    "is_working": true,
                    "name": "Santana",
                    "rect": [
                        257,
                        48,
                        42,
                        15
                    ],
                    "text_id": 3,
                    "uid": 3
                },
                {
                    "coord": [
                        248,
                        72
                    ],
                    "is_working": true,
                    "name": "Carandiru",
                    "rect": [
                        257,
                        64,
                        51,
                        15
                    ],
                    "text_id": 4,
                    "uid": 4
                },
                {
                    "coord": [
                        248,
                        88
                    ],
                    "is_working": true,
                    "name": "Tiete",
                    "rect": [
                        257,
                        80,
                        26,
                        15
                    ],
                    "text_id": 5,
                    "uid": 5
                },
                {
                    "coord": [
                        248,
                        104
                    ],
                    "is_working": true,
                    "name": "Armenia",
                    "rect": [
                        257,
                        96,
                        44,
                        15
                    ],
                    "text_id": 6,
                    "uid": 6
                },
                {
                    "coord": [
                        248,
                        120
                    ],
                    "is_working": true,
                    "name": "Tiradentes",
                    "rect": [
                        257,
                        112,
                        54,
                        15
                    ],
                    "text_id": 7,
                    "uid": 7
                },
                {
                    "coord": [
                        248,
                        136
                    ],
                    "is_working": true,
                    "name": "Luz",
                    "rect": [
                        260,
                        130,
                        19,
                        15
                    ],
                    "text_id": 8,
                    "uid": 8
                },
                {
                    "coord": [
                        248,
                        158
                    ],
                    "is_working": true,
                    "name": "Sao Bento",
                    "rect": [
                        257,
                        151,
                        53,
                        15
                    ],
                    "text_id": 9,
                    "uid": 9
                },
                {
                    "coord": [
                        248,
                        180
                    ],
                    "is_working": true,
                    "name": "Se",
                    "rect": [
                        255,
                        192,
                        15,
                        15
                    ],
                    "text_id": 10,
                    "uid": 10
                },
                {
                    "coord": [
                        248,
                        241
                    ],
                    "is_working": true,
                    "name": "Liberdade",
                    "rect": [
                        257,
                        234,
                        51,
                        15
                    ],
                    "text_id": 11,
                    "uid": 11
                },
                {
                    "coord": [
                        248,
                        268
                    ],
                    "is_working": true,
                    "name": "Sao Joaquim",
                    "rect": [
                        257,
                        260,
                        66,
                        15
                    ],
                    "text_id": 12,
                    "uid": 12
                },
                {
                    "coord": [
                        248,
                        295
                    ],
                    "is_working": true,
                    "name": "Vergueiro",
                    "rect": [
                        257,
                        287,
                        50,
                        15
                    ],
                    "text_id": 13,
                    "uid": 13
                },
                {
                    "coord": [
                        248,
                        323
                    ],
                    "is_working": true,
                    "name": "Paraiso",
                    "rect": [
                        260,
                        315,
                        40,
                        15
                    ],
                    "text_id": 14,
                    "uid": 14
                },
                {
                    "coord": [
                        248,
                        349
                    ],
                    "is_working": true,
                    "name": "Ana Rosa",
                    "rect": [
                        185,
                        342,
                        51,
                        15
                    ],
                    "text_id": 15,
                    "uid": 15
                },
                {
                    "coord": [
                        248,
                        374
                    ],
                    "is_working": true,
                    "name": "Vila Mariana",
                    "rect": [
                        175,
                        366,
                        64,
                        15
                    ],
                    "text_id": 16,
                    "uid": 16
                },
                {
                    "coord": [
                        248,
                        411
                    ],
                    "is_working": true,
                    "name": "Santa Cruz",
                    "rect": [
                        257,
                        412,
                        56,
                        15
                    ],
                    "text_id": 17,
                    "uid": 17
                },
                {
                    "coord": [
                        248,
                        435
                    ],
                    "is_working": true,
                    "name": "Praca da Arvore",
                    "rect": [
                        257,
                        428,
                        83,
                        15
                    ],
                    "text_id": 18,
                    "uid": 18
                },
                {
                    "coord": [
                        248,
                        451
                    ],
                    "is_working": true,
                    "name": "Saude",
                    "rect": [
                        257,
                        444,
                        33,
                        15
                    ],
                    "text_id": 19,
                    "uid": 19
                },
                {
                    "coord": [
                        248,
                        467
                    ],
                    "is_working": true,
                    "name": "Sao Judas",
                    "rect": [
                        257,
                        460,
                        54,
                        15
                    ],
                    "text_id": 20,
                    "uid": 20
                },
                {
                    "coord": [
                        248,
                        483
                    ],
                    "is_working": true,
                    "name": "Conceicao",
                    "rect": [
                        257,
                        476,
                        55,
                        15
                    ],
                    "text_id": 21,
                    "uid": 21
                },
                {
                    "coord": [
                        248,
                        499
                    ],
                    "is_working": true,
                    "name": "Jabaquara",
                    "rect": [
                        257,
                        492,
                        54,
                        15
                    ],
                    "text_id": 22,
                    "uid": 22
                }
            ],
            "text_id": 23
        },
        {
            "labels_bg_color": "-1",
            "labels_color": "33CC66",
            "line_color": "33CC66",
            "line_width": 6,
            "name": "Linea 2",
            "segments": [
                [
                    23,
                    24,
                    [
                        [
                            46,
                            261
                        ],
                        [
                            21,
                            261
                        ]
                    ],
                    true
                ],
                [
                    24,
                    25,
                    [
                        [
                            71,
                            261
                        ],
                        [
                            46,
                            261
                        ]
                    ],
                    true
                ],
                [
                    25,
                    26,
                    [
                        [
                            96,
                            261
                        ],
                        [
                            71,
                            261
                        ]
                    ],
                    true
                ],
                [
                    26,
                    27,
                    [
                        [
                            173,
                            261
                        ],
                        [
                            96,
                            261
                        ]
                    ],
                    true
                ],
                [
                    27,
                    28,
                    [
                        [
                            201,
                            289
                        ],
                        [
                            173,
                            261
                        ]
                    ],
                    true
                ],
                [
                    28,
                    29,
                    [
                        [
                            235,
                            323
                        ],
                        [
                            201,
                            289
                        ]
                    ],
                    true
                ],
                [
                    29,
                    30,
                    [
                        [
                            261,
                            349
                        ],
                        [
                            235,
                            323
                        ]
                    ],
                    true
                ],
                [
                    30,
                    31,
                    [
                        [
                            285,
                            373
                        ],
                        [
                            261,
                            349
                        ]
                    ],
                    true
                ],
                [
                    31,
                    32,
                    [
                        [
                            303,
                            391
                        ],
                        [
                            285,
                            373
                        ]
                    ],
                    true
                ],
                [
                    32,
                    33,
                    [
                        [
                            376,
                            391
                        ],
                        [
                            303,
                            391
                        ]
                    ],
                    true
                ],
                [
                    33,
                    34,
                    [
                        [
                            396,
                            371
                        ],
                        [
                            376,
                            391
                        ]
                    ],
                    true
                ],
                [
                    34,
                    35,
                    [
                        [
                            415,
                            352
                        ],
                        [
                            396,
                            371
                        ]
                    ],
                    true
                ],
                [
                    35,
                    36,
                    [
                        [
                            435,
                            332
                        ],
                        [
                            415,
                            352
                        ]
                    ],
                    true
                ]
            ],
            "stations": [
                {
                    "coord": [
                        21,
                        261
                    ],
                    "is_working": true,
                    "name": "Vila Madalena",
                    "rect": [
                        13,
                        180,
                        15,
                        72
                    ],
                    "text_id": 24,
                    "uid": 23
                },
                {
                    "coord": [
                        46,
                        261
                    ],
                    "is_working": true,
                    "name": "Sumare",
                    "rect": [
                        38,
                        212,
                        15,
                        40
                    ],
                    "text_id": 25,
                    "uid": 24
                },
                {
                    "coord": [
                        71,
                        261
                    ],
                    "is_working": true,
                    "name": "Clinicas",
                    "rect": [
                        63,
                        209,
                        15,
                        43
                    ],
                    "text_id": 26,
                    "uid": 25
                },
                {
                    "coord": [
                        96,
                        261
                    ],
                    "is_working": true,
                    "name": "Consolacao",
                    "rect": [
                        88,
                        189,
                        15,
                        61
                    ],
                    "text_id": 27,
                    "uid": 26
                },
                {
                    "coord": [
                        173,
                        261
                    ],
                    "is_working": true,
                    "name": "Trianon-Masp",
                    "rect": [
                        145,
                        238,
                        69,
                        15
                    ],
                    "text_id": 28,
                    "uid": 27
                },
                {
                    "coord": [
                        201,
                        289
                    ],
                    "is_working": true,
                    "name": "Brigadeiro",
                    "rect": [
                        135,
                        282,
                        54,
                        15
                    ],
                    "text_id": 29,
                    "uid": 28
                },
                {
                    "coord": [
                        235,
                        323
                    ],
                    "is_working": true,
                    "name": "Paraiso",
                    "rect": [
                        183,
                        316,
                        40,
                        15
                    ],
                    "text_id": 14,
                    "uid": 29
                },
                {
                    "coord": [
                        261,
                        349
                    ],
                    "is_working": true,
                    "name": "Ana Rosa",
                    "rect": null,
                    "text_id": 15,
                    "uid": 30
                },
                {
                    "coord": [
                        285,
                        373
                    ],
                    "is_working": true,
                    "name": "Chacara Klabin",
                    "rect": [
                        286,
                        348,
                        79,
                        15
                    ],
                    "text_id": 30,
                    "uid": 31
                },
                {
                    "coord": [
                        303,
                        391
                    ],
                    "is_working": true,
                    "name": "Imigrantes",
                    "rect": [
                        275,
                        399,
                        54,
                        15
                    ],
                    "text_id": 31,
                    "uid": 32
                },
                {
                    "coord": [
                        376,
                        391
                    ],
                    "is_working": true,
                    "name": "Alto do Ipiranga",
                    "rect": [
                        352,
                        399,
                        80,
                        15
                    ],
                    "text_id": 32,
                    "uid": 33
                },
                {
                    "coord": [
                        396,
                        371
                    ],
                    "is_working": true,
                    "name": "Sacoma",
                    "rect": [
                        405,
                        367,
                        42,
                        15
                    ],
                    "text_id": 33,
                    "uid": 34
                },
                {
                    "coord": [
                        415,
                        352
                    ],
                    "is_working": true,
                    "name": "Tamanduatei",
                    "rect": [
                        424,
                        348,
                        65,
                        15
                    ],
                    "text_id": 34,
                    "uid": 35
                },
                {
                    "coord": [
                        435,
                        332
                    ],
                    "is_working": true,
                    "name": "Vila Prudente",
                    "rect": [
                        444,
                        325,
                        68,
                        15
                    ],
                    "text_id": 35,
                    "uid": 36
                }
            ],
            "text_id": 36
        },
        {
            "labels_bg_color": "-1",
            "labels_color": "FF003",
            "line_color": "FF0033",
            "line_width": 6,
            "name": "Linea 3",
            "segments": [
                [
                    37,
                    38,
                    [
                        [
                            131,
                            180
                        ],
                        [
                            110,
                            180
                        ]
                    ],
                    true
                ],
                [
                    38,
                    39,
                    [
                        [
                            152,
                            180
                        ],
                        [
                            131,
                            180
                        ]
                    ],
                    true
                ],
                [
                    39,
                    40,
                    [
                        [
                            177,
                            180
                        ],
                        [
                            152,
                            180
                        ]
                    ],
                    true
                ],
                [
                    40,
                    41,
                    [
                        [
                            217,
                            180
                        ],
                        [
                            177,
                            180
                        ]
                    ],
                    true
                ],
                [
                    41,
                    42,
                    [
                        [
                            261,
                            180
                        ],
                        [
                            217,
                            180
                        ]
                    ],
                    true
                ],
                [
                    42,
                    43,
                    [
                        [
                            302,
                            180
                        ],
                        [
                            261,
                            180
                        ]
                    ],
                    true
                ],
                [
                    43,
                    44,
                    [
                        [
                            326,
                            180
                        ],
                        [
                            302,
                            180
                        ]
                    ],
                    true
                ],
                [
                    44,
                    45,
                    [
                        [
                            352,
                            180
                        ],
                        [
                            326,
                            180
                        ]
                    ],
                    true
                ],
                [
                    45,
                    46,
                    [
                        [
                            378,
                            180
                        ],
                        [
                            352,
                            180
                        ]
                    ],
                    true
                ],
                [
                    46,
                    47,
                    [
                        [
                            403,
                            180
                        ],
                        [
                            378,
                            180
                        ]
                    ],
                    true
                ],
                [
                    47,
                    48,
                    [
                        [
                            426,
                            180
                        ],
                        [
                            403,
                            180
                        ]
                    ],
                    true
                ],
                [
                    48,
                    49,
                    [
                        [
                            451,
                            180
                        ],
                        [
                            426,
                            180
                        ]
                    ],
                    true
                ],
                [
                    49,
                    50,
                    [
                        [
                            477,
                            180
                        ],
                        [
                            451,
                            180
                        ]
                    ],
                    true
                ],
                [
                    50,
                    51,
                    [
                        [
                            503,
                            180
                        ],
                        [
                            477,
                            180
                        ]
                    ],
                    true
                ],
                [
                    51,
                    52,
                    [
                        [
                            531,
                            180
                        ],
                        [
                            503,
                            180
                        ]
                    ],
                    true
                ],
                [
                    52,
                    53,
                    [
                        [
                            558,
                            180
                        ],
                        [
                            531,
                            180
                        ]
                    ],
                    true
                ],
                [
                    53,
                    54,
                    [
                        [
                            586,
                            180
                        ],
                        [
                            558,
                            180
                        ]
                    ],
                    true
                ]
            ],
            "stations": [
                {
                    "coord": [
                        110,
                        180
                    ],
                    "is_working": true,
                    "name": "Barra Funda",
                    "rect": [
                        103,
                        108,
                        15,
                        63
                    ],
                    "text_id": 37,
                    "uid": 37
                },
                {
                    "coord": [
                        131,
                        180
                    ],
                    "is_working": true,
                    "name": "Marechal Deodoro",
                    "rect": [
                        124,
                        78,
                        15,
                        93
                    ],
                    "text_id": 38,
                    "uid": 38
                },
                {
                    "coord": [
                        152,
                        180
                    ],
                    "is_working": true,
                    "name": "Santa Cecilia",
                    "rect": [
                        145,
                        103,
                        15,
                        68
                    ],
                    "text_id": 39,
                    "uid": 39
                },
                {
                    "coord": [
                        177,
                        180
                    ],
                    "is_working": true,
                    "name": "Republica",
                    "rect": [
                        169,
                        116,
                        15,
                        52
                    ],
                    "text_id": 40,
                    "uid": 40
                },
                {
                    "coord": [
                        217,
                        180
                    ],
                    "is_working": true,
                    "name": "Anhangabau",
                    "rect": [
                        213,
                        189,
                        15,
                        64
                    ],
                    "text_id": 41,
                    "uid": 41
                },
                {
                    "coord": [
                        261,
                        180
                    ],
                    "is_working": true,
                    "name": "Se",
                    "rect": null,
                    "text_id": 10,
                    "uid": 42
                },
                {
                    "coord": [
                        302,
                        180
                    ],
                    "is_working": true,
                    "name": "Pedro II",
                    "rect": [
                        294,
                        189,
                        15,
                        40
                    ],
                    "text_id": 42,
                    "uid": 43
                },
                {
                    "coord": [
                        326,
                        180
                    ],
                    "is_working": true,
                    "name": "Bras",
                    "rect": [
                        318,
                        189,
                        15,
                        26
                    ],
                    "text_id": 43,
                    "uid": 44
                },
                {
                    "coord": [
                        352,
                        180
                    ],
                    "is_working": true,
                    "name": "Bresser",
                    "rect": [
                        345,
                        189,
                        15,
                        42
                    ],
                    "text_id": 44,
                    "uid": 45
                },
                {
                    "coord": [
                        378,
                        180
                    ],
                    "is_working": true,
                    "name": "Belem",
                    "rect": [
                        371,
                        189,
                        15,
                        34
                    ],
                    "text_id": 45,
                    "uid": 46
                },
                {
                    "coord": [
                        403,
                        180
                    ],
                    "is_working": true,
                    "name": "Tatuape",
                    "rect": [
                        396,
                        189,
                        15,
                        41
                    ],
                    "text_id": 46,
                    "uid": 47
                },
                {
                    "coord": [
                        426,
                        180
                    ],
                    "is_working": true,
                    "name": "Carrao",
                    "rect": [
                        419,
                        189,
                        15,
                        36
                    ],
                    "text_id": 47,
                    "uid": 48
                },
                {
                    "coord": [
                        451,
                        180
                    ],
                    "is_working": true,
                    "name": "Penha",
                    "rect": [
                        444,
                        189,
                        15,
                        33
                    ],
                    "text_id": 48,
                    "uid": 49
                },
                {
                    "coord": [
                        477,
                        180
                    ],
                    "is_working": true,
                    "name": "Vila Matilde",
                    "rect": [
                        470,
                        189,
                        15,
                        60
                    ],
                    "text_id": 49,
                    "uid": 50
                },
                {
                    "coord": [
                        503,
                        180
                    ],
                    "is_working": true,
                    "name": "Guilhermina-Esperanca",
                    "rect": [
                        496,
                        189,
                        15,
                        118
                    ],
                    "text_id": 50,
                    "uid": 51
                },
                {
                    "coord": [
                        531,
                        180
                    ],
                    "is_working": true,
                    "name": "Patriarca",
                    "rect": [
                        524,
                        189,
                        15,
                        47
                    ],
                    "text_id": 51,
                    "uid": 52
                },
                {
                    "coord": [
                        558,
                        180
                    ],
                    "is_working": true,
                    "name": "Artur Alvim",
                    "rect": [
                        551,
                        189,
                        15,
                        59
                    ],
                    "text_id": 52,
                    "uid": 53
                },
                {
                    "coord": [
                        586,
                        180
                    ],
                    "is_working": true,
                    "name": "Corinthians-Itaquera",
                    "rect": [
                        579,
                        189,
                        15,
                        102
                    ],
                    "text_id": 53,
                    "uid": 54
                }
            ],
            "text_id": 54
        },
        {
            "labels_bg_color": "-1",
            "labels_color": "F57700",
            "line_color": "FBBB16",
            "line_width": 6,
            "name": "Linea 4",
            "segments": [
                [
                    55,
                    56,
                    [
                        [
                            28,
                            342
                        ],
                        [
                            13,
                            357
                        ]
                    ],
                    true
                ],
                [
                    56,
                    57,
                    [
                        [
                            43,
                            327
                        ],
                        [
                            28,
                            342
                        ]
                    ],
                    true
                ],
                [
                    57,
                    58,
                    [
                        [
                            58,
                            312
                        ],
                        [
                            43,
                            327
                        ]
                    ],
                    true
                ],
                [
                    58,
                    59,
                    [
                        [
                            74,
                            296
                        ],
                        [
                            58,
                            312
                        ]
                    ],
                    true
                ],
                [
                    59,
                    60,
                    [
                        [
                            96,
                            274
                        ],
                        [
                            74,
                            296
                        ]
                    ],
                    true
                ],
                [
                    60,
                    61,
                    [
                        [
                            177,
                            193
                        ],
                        [
                            96,
                            274
                        ]
                    ],
                    true
                ],
                [
                    61,
                    62,
                    [
                        [
                            234,
                            136
                        ],
                        [
                            177,
                            193
                        ]
                    ],
                    true
                ]
            ],
            "stations": [
                {
                    "coord": [
                        13,
                        357
                    ],
                    "is_working": true,
                    "name": "Vila Sonia",
                    "rect": [
                        22,
                        353,
                        52,
                        15
                    ],
                    "text_id": 55,
                    "uid": 55
                },
                {
                    "coord": [
                        28,
                        342
                    ],
                    "is_working": true,
                    "name": "Sao Paulo-Morumbi",
                    "rect": [
                        37,
                        338,
                        98,
                        15
                    ],
                    "text_id": 56,
                    "uid": 56
                },
                {
                    "coord": [
                        43,
                        327
                    ],
                    "is_working": true,
                    "name": "Butanta",
                    "rect": [
                        52,
                        323,
                        40,
                        15
                    ],
                    "text_id": 57,
                    "uid": 57
                },
                {
                    "coord": [
                        58,
                        312
                    ],
                    "is_working": true,
                    "name": "Pinherios",
                    "rect": [
                        67,
                        308,
                        49,
                        15
                    ],
                    "text_id": 58,
                    "uid": 58
                },
                {
                    "coord": [
                        74,
                        296
                    ],
                    "is_working": true,
                    "name": "Faria Lima",
                    "rect": [
                        83,
                        293,
                        54,
                        15
                    ],
                    "text_id": 59,
                    "uid": 59
                },
                {
                    "coord": [
                        96,
                        274
                    ],
                    "is_working": true,
                    "name": "Paulista",
                    "rect": [
                        108,
                        267,
                        42,
                        15
                    ],
                    "text_id": 60,
                    "uid": 60
                },
                {
                    "coord": [
                        177,
                        193
                    ],
                    "is_working": true,
                    "name": "Republica",
                    "rect": null,
                    "text_id": 40,
                    "uid": 61
                },
                {
                    "coord": [
                        234,
                        136
                    ],
                    "is_working": true,
                    "name": "Luz",
                    "rect": null,
                    "text_id": 8,
                    "uid": 62
                }
            ],
            "text_id": 61
        },
        {
            "labels_bg_color": "-1",
            "labels_color": "C600C6",
            "line_color": "C600C6",
            "line_width": 6,
            "name": "Linea 5",
            "segments": [
                [
                    63,
                    64,
                    [
                        [
                            29,
                            556
                        ],
                        [
                            9,
                            556
                        ]
                    ],
                    true
                ],
                [
                    64,
                    65,
                    [
                        [
                            49,
                            556
                        ],
                        [
                            29,
                            556
                        ]
                    ],
                    true
                ],
                [
                    65,
                    66,
                    [
                        [
                            69,
                            556
                        ],
                        [
                            49,
                            556
                        ]
                    ],
                    true
                ],
                [
                    66,
                    67,
                    [
                        [
                            89,
                            556
                        ],
                        [
                            69,
                            556
                        ]
                    ],
                    true
                ],
                [
                    67,
                    68,
                    [
                        [
                            104,
                            541
                        ],
                        [
                            89,
                            556
                        ]
                    ],
                    true
                ],
                [
                    68,
                    69,
                    [
                        [
                            118,
                            527
                        ],
                        [
                            104,
                            541
                        ]
                    ],
                    true
                ],
                [
                    69,
                    70,
                    [
                        [
                            132,
                            513
                        ],
                        [
                            118,
                            527
                        ]
                    ],
                    false
                ],
                [
                    70,
                    71,
                    [
                        [
                            146,
                            499
                        ],
                        [
                            132,
                            513
                        ]
                    ],
                    false
                ],
                [
                    71,
                    72,
                    [
                        [
                            160,
                            485
                        ],
                        [
                            146,
                            499
                        ]
                    ],
                    false
                ],
                [
                    72,
                    73,
                    [
                        [
                            174,
                            471
                        ],
                        [
                            160,
                            485
                        ]
                    ],
                    false
                ],
                [
                    73,
                    74,
                    [
                        [
                            189,
                            456
                        ],
                        [
                            174,
                            471
                        ]
                    ],
                    false
                ],
                [
                    74,
                    75,
                    [
                        [
                            202,
                            443
                        ],
                        [
                            189,
                            456
                        ]
                    ],
                    false
                ],
                [
                    75,
                    76,
                    [
                        [
                            216,
                            429
                        ],
                        [
                            202,
                            443
                        ]
                    ],
                    false
                ],
                [
                    76,
                    77,
                    [
                        [
                            229,
                            416
                        ],
                        [
                            216,
                            429
                        ]
                    ],
                    false
                ],
                [
                    77,
                    78,
                    [
                        [
                            248,
                            397
                        ],
                        [
                            229,
                            416
                        ]
                    ],
                    false
                ],
                [
                    78,
                    79,
                    [
                        [
                            272,
                            373
                        ],
                        [
                            248,
                            397
                        ]
                    ],
                    false
                ]
            ],
            "stations": [
                {
                    "coord": [
                        9,
                        556
                    ],
                    "is_working": true,
                    "name": "Capao Redondo",
                    "rect": [
                        1,
                        466,
                        15,
                        81
                    ],
                    "text_id": 62,
                    "uid": 63
                },
                {
                    "coord": [
                        29,
                        556
                    ],
                    "is_working": true,
                    "name": "Campo Limpo",
                    "rect": [
                        21,
                        477,
                        15,
                        70
                    ],
                    "text_id": 63,
                    "uid": 64
                },
                {
                    "coord": [
                        49,
                        556
                    ],
                    "is_working": true,
                    "name": "Vila das Belezas",
                    "rect": [
                        41,
                        462,
                        15,
                        85
                    ],
                    "text_id": 64,
                    "uid": 65
                },
                {
                    "coord": [
                        69,
                        556
                    ],
                    "is_working": true,
                    "name": "Giovanni Gronchi",
                    "rect": [
                        61,
                        459,
                        15,
                        88
                    ],
                    "text_id": 65,
                    "uid": 66
                },
                {
                    "coord": [
                        89,
                        556
                    ],
                    "is_working": true,
                    "name": "Santo Amaro",
                    "rect": [
                        79,
                        481,
                        15,
                        66
                    ],
                    "text_id": 66,
                    "uid": 67
                },
                {
                    "coord": [
                        104,
                        541
                    ],
                    "is_working": true,
                    "name": "Largo 13",
                    "rect": [
                        94,
                        487,
                        15,
                        45
                    ],
                    "text_id": 67,
                    "uid": 68
                },
                {
                    "coord": [
                        118,
                        527
                    ],
                    "is_working": true,
                    "name": "Adolfo Pinheiro",
                    "rect": [
                        109,
                        440,
                        15,
                        78
                    ],
                    "text_id": 68,
                    "uid": 69
                },
                {
                    "coord": [
                        132,
                        513
                    ],
                    "is_working": false,
                    "name": "Alto da Boa Vista",
                    "rect": [
                        123,
                        416,
                        15,
                        88
                    ],
                    "text_id": 69,
                    "uid": 70
                },
                {
                    "coord": [
                        146,
                        499
                    ],
                    "is_working": false,
                    "name": "Borba Gato",
                    "rect": [
                        137,
                        432,
                        15,
                        58
                    ],
                    "text_id": 70,
                    "uid": 71
                },
                {
                    "coord": [
                        160,
                        485
                    ],
                    "is_working": false,
                    "name": "Brooklin",
                    "rect": [
                        151,
                        432,
                        15,
                        44
                    ],
                    "text_id": 71,
                    "uid": 72
                },
                {
                    "coord": [
                        174,
                        471
                    ],
                    "is_working": false,
                    "name": "Campo Belo",
                    "rect": [
                        168,
                        480,
                        15,
                        63
                    ],
                    "text_id": 72,
                    "uid": 73
                },
                {
                    "coord": [
                        189,
                        456
                    ],
                    "is_working": false,
                    "name": "Eucaliptos",
                    "rect": [
                        183,
                        465,
                        15,
                        54
                    ],
                    "text_id": 73,
                    "uid": 74
                },
                {
                    "coord": [
                        202,
                        443
                    ],
                    "is_working": false,
                    "name": "Moema",
                    "rect": [
                        196,
                        452,
                        15,
                        38
                    ],
                    "text_id": 74,
                    "uid": 75
                },
                {
                    "coord": [
                        216,
                        429
                    ],
                    "is_working": false,
                    "name": "AACD-Servidor",
                    "rect": [
                        210,
                        438,
                        15,
                        79
                    ],
                    "text_id": 75,
                    "uid": 76
                },
                {
                    "coord": [
                        229,
                        416
                    ],
                    "is_working": false,
                    "name": "Hospital San Paulo",
                    "rect": [
                        224,
                        424,
                        15,
                        96
                    ],
                    "text_id": 76,
                    "uid": 77
                },
                {
                    "coord": [
                        248,
                        397
                    ],
                    "is_working": false,
                    "name": "Santa Cruz",
                    "rect": null,
                    "text_id": 17,
                    "uid": 78
                },
                {
                    "coord": [
                        272,
                        373
                    ],
                    "is_working": false,
                    "name": "Chacara Klabin",
                    "rect": null,
                    "text_id": 30,
                    "uid": 79
                }
            ],
            "text_id": 77
        }
    ],
    "lines_width": 6,
    "name": "metro",
    "name_text_id": 78,
    "stations_diameter": 13.0,
    "transfers": [
        [
            42,
            10,
            [
                261,
                180
            ],
            [
                248,
                180
            ]
        ],
        [
            14,
            29,
            [
                248,
                323
            ],
            [
                235,
                323
            ]
        ],
        [
            15,
            30,
            [
                248,
                349
            ],
            [
                261,
                349
            ]
        ],
        [
            79,
            31,
            [
                272,
                373
            ],
            [
                285,
                373
            ]
        ],
        [
            17,
            78,
            [
                248,
                411
            ],
            [
                248,
                397
            ]
        ],
        [
            60,
            26,
            [
                96,
                274
            ],
            [
                96,
                261
            ]
        ],
        [
            61,
            40,
            [
                177,
                193
            ],
            [
                177,
                180
            ]
        ],
        [
            62,
            8,
            [
                234,
                136
            ],
            [
                248,
                136
            ]
        ]
    ],
    "transports": [
        "metro"
    ],
    "type_name": "ROOT",
    "type_text_id": 79,
    "upper_case": false,
    "width": 736,
    "word_wrap": false
}