{
    "lines": [
        {
            "delays": [],
            "name": "Kuko",
            "scheme": null,
            "segments": [
                [
                    0,
                    1,
                    120
                ],
                [
                    1,
                    0,
                    120
                ],
                [
                    1,
                    2,
                    120
                ],
                [
                    2,
                    1,
                    120
                ],
                [
                    2,
                    3,
                    120
                ],
                [
                    3,
                    2,
                    120
                ],
                [
                    3,
                    4,
                    120
                ],
                [
                    4,
                    3,
                    120
                ],
                [
                    4,
                    5,
                    120
                ],
                [
                    5,
                    4,
                    120
                ],
                [
                    5,
                    6,
                    120
                ],
                [
                    6,
                    5,
                    120
                ],
                [
                    6,
                    7,
                    120
                ],
                [
                    7,
                    6,
                    120
                ],
                [
                    7,
                    8,
                    120
                ],
                [
                    8,
                    7,
                    120
                ],
                [
                    8,
                    9,
                    120
                ],
                [
                    9,
                    8,
                    120
                ],
                [
                    9,
                    10,
                    120
                ],
                [
                    10,
                    9,
                    120
                ],
                [
                    10,
                    11,
                    120
                ],
                [
                    11,
                    10,
                    120
                ],
                [
                    11,
                    12,
                    120
                ],
                [
                    12,
                    11,
                    120
                ]
            ],
            "stations": [
                [
                    0,
                    "Meinohama",
                    0
                ],
                [
                    1,
                    "Muromi",
                    1
                ],
                [
                    2,
                    "Fujisaki",
                    2
                ],
                [
                    3,
                    "Nishijin",
                    3
                ],
                [
                    4,
                    "Tojinmachi",
                    4
                ],
                [
                    5,
                    "Ohorikoen",
                    5
                ],
                [
                    6,
                    "Akasaka",
                    6
                ],
                [
                    7,
                    "Tenjin",
                    7
                ],
                [
                    8,
                    "Nakasu-Kawabata",
                    8
                ],
                [
                    9,
                    "Gion",
                    9
                ],
                [
                    10,
                    "Hakata",
                    10
                ],
                [
                    11,
                    "Higashi-Hie",
                    11
                ],
                [
                    12,
                    "Fukuokakuko",
                    12
                ]
            ],
            "text_id": 13
        },
        {
            "delays": [],
            "name": "Hakozaki",
            "scheme": null,
            "segments": [
                [
                    13,
                    14,
                    120
                ],
                [
                    14,
                    13,
                    120
                ],
                [
                    14,
                    15,
                    120
                ],
                [
                    15,
                    14,
                    120
                ],
                [
                    15,
                    16,
                    120
                ],
                [
                    16,
                    15,
                    120
                ],
                [
                    16,
                    17,
                    120
                ],
                [
                    17,
                    16,
                    120
                ],
                [
                    17,
                    18,
                    120
                ],
                [
                    18,
                    17,
                    120
                ],
                [
                    18,
                    19,
                    120
                ],
                [
                    19,
                    18,
                    120
                ]
            ],
            "stations": [
                [
                    13,
                    "Nakasu-Kawabata",
                    8
                ],
                [
                    14,
                    "Gofukumachi",
                    14
                ],
                [
                    15,
                    "Chiyo-Kenchoguchi",
                    15
                ],
                [
                    16,
                    "Maidashi-Kyudai-byoin-mae",
                    16
                ],
                [
                    17,
                    "Hakozaki-Miyamae",
                    17
                ],
                [
                    18,
                    "Hakozaki-Kyudai-mae",
                    18
                ],
                [
                    19,
                    "Kaizuka",
                    19
                ]
            ],
            "text_id": 20
        },
        {
            "delays": [],
            "name": "Nanakuma",
            "scheme": null,
            "segments": [
                [
                    20,
                    21,
                    120
                ],
                [
                    21,
                    20,
                    120
                ],
                [
                    21,
                    22,
                    120
                ],
                [
                    22,
                    21,
                    120
                ],
                [
                    22,
                    23,
                    120
                ],
                [
                    23,
                    22,
                    120
                ],
                [
                    23,
                    24,
                    120
                ],
                [
                    24,
                    23,
                    120
                ],
                [
                    24,
                    25,
                    120
                ],
                [
                    25,
                    24,
                    120
                ],
                [
                    25,
                    26,
                    120
                ],
                [
                    26,
                    25,
                    120
                ],
                [
                    26,
                    27,
                    120
                ],
                [
                    27,
                    26,
                    120
                ],
                [
                    27,
                    28,
                    120
                ],
                [
                    28,
                    27,
                    120
                ],
                [
                    28,
                    29,
                    120
                ],
                [
                    29,
                    28,
                    120
                ],
                [
                    29,
                    30,
                    120
                ],
                [
                    30,
                    29,
                    120
                ],
                [
                    30,
                    31,
                    120
                ],
                [
                    31,
                    30,
                    120
                ],
                [
                    31,
                    32,
                    120
                ],
                [
                    32,
                    31,
                    120
                ],
                [
                    32,
                    33,
                    120
                ],
                [
                    33,
                    32,
                    120
                ],
                [
                    33,
                    34,
                    120
                ],
                [
                    34,
                    33,
                    120
                ],
                [
                    34,
                    35,
                    120
                ],
                [
                    35,
                    34,
                    120
                ]
            ],
            "stations": [
                [
                    20,
                    "Hashimoto",
                    21
                ],
                [
                    21,
                    "Jiromaru",
                    22
                ],
                [
                    22,
                    "Kamo",
                    23
                ],
                [
                    23,
                    "Noke",
                    24
                ],
                [
                    24,
                    "Umebayashi",
                    25
                ],
                [
                    25,
                    "Fukudaimae",
                    26
                ],
                [
                    26,
                    "Nanakuma",
                    27
                ],
                [
                    27,
                    "Kanayama",
                    28
                ],
                [
                    28,
                    "Chayama",
                    29
                ],
                [
                    29,
                    "Befu",
                    30
                ],
                [
                    30,
                    "Ropponmatsu",
                    31
                ],
                [
                    31,
                    "Sakurazaka",
                    32
                ],
                [
                    32,
                    "Yakuin-odori",
                    33
                ],
                [
                    33,
                    "Yakuin",
                    34
                ],
                [
                    34,
                    "Watanabe-dori",
                    35
                ],
                [
                    35,
                    "Tenjin-Minami",
                    36
                ]
            ],
            "text_id": 27
        }
    ],
    "name": "metro",
    "transfers": [
        [
            8,
            13,
            0,
            true
        ],
        [
            7,
            35,
            120,
            true
        ]
    ],
    "type_name": "Метро"
}