{
    "default_transports": [
        "metro"
    ],
    "height": 550,
    "images": [
        "res/schemes/mashhad.svg"
    ],
    "is_vector": true,
    "lines": [
        {
            "labels_bg_color": "-1",
            "labels_color": "277016",
            "line_color": "277016",
            "line_width": 7,
            "name": "1",
            "segments": [
                [
                    0,
                    1,
                    [
                        [
                            53,
                            42
                        ],
                        [
                            21,
                            29
                        ]
                    ],
                    true
                ],
                [
                    1,
                    2,
                    [
                        [
                            83,
                            55
                        ],
                        [
                            53,
                            42
                        ]
                    ],
                    true
                ],
                [
                    2,
                    3,
                    [
                        [
                            114,
                            68
                        ],
                        [
                            83,
                            55
                        ]
                    ],
                    true
                ],
                [
                    3,
                    4,
                    [
                        [
                            145,
                            81
                        ],
                        [
                            114,
                            68
                        ]
                    ],
                    true
                ],
                [
                    4,
                    5,
                    [
                        [
                            176,
                            94
                        ],
                        [
                            145,
                            81
                        ]
                    ],
                    true
                ],
                [
                    5,
                    6,
                    [
                        [
                            207,
                            107
                        ],
                        [
                            176,
                            94
                        ]
                    ],
                    true
                ],
                [
                    6,
                    7,
                    [
                        [
                            238,
                            120
                        ],
                        [
                            207,
                            107
                        ]
                    ],
                    true
                ],
                [
                    7,
                    8,
                    [
                        [
                            269,
                            133
                        ],
                        [
                            238,
                            120
                        ]
                    ],
                    true
                ],
                [
                    8,
                    9,
                    [
                        [
                            300,
                            146
                        ],
                        [
                            269,
                            133
                        ]
                    ],
                    true
                ],
                [
                    9,
                    10,
                    [
                        [
                            331,
                            159
                        ],
                        [
                            300,
                            146
                        ]
                    ],
                    true
                ],
                [
                    10,
                    11,
                    [
                        [
                            358,
                            178
                        ],
                        [
                            331,
                            159
                        ]
                    ],
                    true
                ],
                [
                    11,
                    12,
                    [
                        [
                            384,
                            196
                        ],
                        [
                            358,
                            178
                        ]
                    ],
                    true
                ],
                [
                    12,
                    13,
                    [
                        [
                            417,
                            208
                        ],
                        [
                            384,
                            196
                        ]
                    ],
                    true
                ],
                [
                    13,
                    14,
                    [
                        [
                            450,
                            220
                        ],
                        [
                            417,
                            208
                        ]
                    ],
                    true
                ],
                [
                    14,
                    15,
                    [
                        [
                            483,
                            232
                        ],
                        [
                            450,
                            220
                        ]
                    ],
                    true
                ],
                [
                    15,
                    16,
                    [
                        [
                            496,
                            260
                        ],
                        [
                            483,
                            232
                        ]
                    ],
                    true
                ],
                [
                    16,
                    17,
                    [
                        [
                            509,
                            288
                        ],
                        [
                            496,
                            260
                        ]
                    ],
                    true
                ],
                [
                    17,
                    18,
                    [
                        [
                            522,
                            316
                        ],
                        [
                            509,
                            288
                        ]
                    ],
                    true
                ],
                [
                    18,
                    19,
                    [
                        [
                            535,
                            344
                        ],
                        [
                            522,
                            316
                        ]
                    ],
                    true
                ],
                [
                    19,
                    20,
                    [
                        [
                            548,
                            372
                        ],
                        [
                            535,
                            344
                        ]
                    ],
                    true
                ],
                [
                    20,
                    21,
                    [
                        [
                            561,
                            400
                        ],
                        [
                            548,
                            372
                        ]
                    ],
                    true
                ]
            ],
            "stations": [
                {
                    "coord": [
                        21,
                        29
                    ],
                    "is_working": true,
                    "name": "Ghadir",
                    "rect": [
                        30,
                        13,
                        35,
                        15
                    ],
                    "text_id": 0,
                    "uid": 0
                },
                {
                    "coord": [
                        53,
                        42
                    ],
                    "is_working": true,
                    "name": "Etesami",
                    "rect": [
                        62,
                        26,
                        42,
                        15
                    ],
                    "text_id": 1,
                    "uid": 1
                },
                {
                    "coord": [
                        83,
                        55
                    ],
                    "is_working": true,
                    "name": "Hafez",
                    "rect": [
                        92,
                        39,
                        30,
                        15
                    ],
                    "text_id": 2,
                    "uid": 2
                },
                {
                    "coord": [
                        114,
                        68
                    ],
                    "is_working": true,
                    "name": "Basij",
                    "rect": [
                        123,
                        52,
                        28,
                        15
                    ],
                    "text_id": 3,
                    "uid": 3
                },
                {
                    "coord": [
                        145,
                        81
                    ],
                    "is_working": true,
                    "name": "Imam Khomeini",
                    "rect": [
                        154,
                        65,
                        79,
                        15
                    ],
                    "text_id": 4,
                    "uid": 4
                },
                {
                    "coord": [
                        176,
                        94
                    ],
                    "is_working": true,
                    "name": "Shariati",
                    "rect": [
                        185,
                        78,
                        40,
                        15
                    ],
                    "text_id": 5,
                    "uid": 5
                },
                {
                    "coord": [
                        207,
                        107
                    ],
                    "is_working": true,
                    "name": "Pastor",
                    "rect": [
                        216,
                        91,
                        34,
                        15
                    ],
                    "text_id": 6,
                    "uid": 6
                },
                {
                    "coord": [
                        238,
                        120
                    ],
                    "is_working": true,
                    "name": "Taleghani",
                    "rect": [
                        247,
                        104,
                        50,
                        15
                    ],
                    "text_id": 7,
                    "uid": 7
                },
                {
                    "coord": [
                        269,
                        133
                    ],
                    "is_working": true,
                    "name": "Phalestine",
                    "rect": [
                        278,
                        117,
                        54,
                        15
                    ],
                    "text_id": 8,
                    "uid": 8
                },
                {
                    "coord": [
                        300,
                        146
                    ],
                    "is_working": true,
                    "name": "Khaiyam",
                    "rect": [
                        309,
                        130,
                        46,
                        15
                    ],
                    "text_id": 9,
                    "uid": 9
                },
                {
                    "coord": [
                        331,
                        159
                    ],
                    "is_working": true,
                    "name": "Azadi",
                    "rect": [
                        340,
                        145,
                        30,
                        15
                    ],
                    "text_id": 10,
                    "uid": 10
                },
                {
                    "coord": [
                        358,
                        178
                    ],
                    "is_working": true,
                    "name": "Park",
                    "rect": [
                        367,
                        164,
                        25,
                        15
                    ],
                    "text_id": 11,
                    "uid": 11
                },
                {
                    "coord": [
                        384,
                        196
                    ],
                    "is_working": true,
                    "name": "Kosar",
                    "rect": [
                        393,
                        180,
                        32,
                        15
                    ],
                    "text_id": 12,
                    "uid": 12
                },
                {
                    "coord": [
                        417,
                        208
                    ],
                    "is_working": true,
                    "name": "Hashemieh",
                    "rect": [
                        426,
                        192,
                        58,
                        15
                    ],
                    "text_id": 13,
                    "uid": 13
                },
                {
                    "coord": [
                        450,
                        220
                    ],
                    "is_working": true,
                    "name": "Daneshamooz",
                    "rect": [
                        459,
                        204,
                        72,
                        15
                    ],
                    "text_id": 14,
                    "uid": 14
                },
                {
                    "coord": [
                        483,
                        232
                    ],
                    "is_working": true,
                    "name": "Daneshjoo",
                    "rect": [
                        492,
                        225,
                        55,
                        15
                    ],
                    "text_id": 15,
                    "uid": 15
                },
                {
                    "coord": [
                        496,
                        260
                    ],
                    "is_working": true,
                    "name": "Sadaf",
                    "rect": [
                        505,
                        252,
                        30,
                        15
                    ],
                    "text_id": 16,
                    "uid": 16
                },
                {
                    "coord": [
                        509,
                        288
                    ],
                    "is_working": true,
                    "name": "Tarbiat",
                    "rect": [
                        518,
                        281,
                        36,
                        15
                    ],
                    "text_id": 17,
                    "uid": 17
                },
                {
                    "coord": [
                        522,
                        316
                    ],
                    "is_working": true,
                    "name": "Dandanpezeshkan",
                    "rect": [
                        531,
                        309,
                        93,
                        15
                    ],
                    "text_id": 18,
                    "uid": 18
                },
                {
                    "coord": [
                        535,
                        344
                    ],
                    "is_working": true,
                    "name": "Namayeshgah",
                    "rect": [
                        544,
                        337,
                        73,
                        15
                    ],
                    "text_id": 19,
                    "uid": 19
                },
                {
                    "coord": [
                        548,
                        372
                    ],
                    "is_working": true,
                    "name": "Koohestan Park",
                    "rect": [
                        557,
                        365,
                        81,
                        15
                    ],
                    "text_id": 20,
                    "uid": 20
                },
                {
                    "coord": [
                        561,
                        400
                    ],
                    "is_working": true,
                    "name": "Torghabeh",
                    "rect": [
                        570,
                        393,
                        54,
                        15
                    ],
                    "text_id": 21,
                    "uid": 21
                }
            ],
            "text_id": 22
        }
    ],
    "lines_width": 7,
    "name": "metro",
    "name_text_id": 23,
    "stations_diameter": 13.0,
    "transfers": [],
    "transports": [
        "metro"
    ],
    "type_name": "ROOT",
    "type_text_id": 24,
    "upper_case": false,
    "width": 711,
    "word_wrap": false
}