{
    "default_transports": [
        "metro"
    ],
    "height": 891,
    "images": [
        "res/schemes/gdansk.svg"
    ],
    "is_vector": true,
    "lines": [
        {
            "labels_bg_color": "-1",
            "labels_color": "000000",
            "line_color": "00ff00",
            "line_width": 4,
            "name": "Rapid Railway",
            "segments": [
                [
                    0,
                    1,
                    [
                        [
                            622,
                            706
                        ],
                        [
                            622,
                            741
                        ]
                    ],
                    true
                ],
                [
                    1,
                    2,
                    [
                        [
                            622,
                            672
                        ],
                        [
                            622,
                            706
                        ]
                    ],
                    true
                ],
                [
                    2,
                    3,
                    [
                        [
                            595,
                            645
                        ],
                        [
                            622,
                            672
                        ]
                    ],
                    true
                ],
                [
                    3,
                    4,
                    [
                        [
                            570,
                            620
                        ],
                        [
                            595,
                            645
                        ]
                    ],
                    true
                ],
                [
                    4,
                    5,
                    [
                        [
                            545,
                            595
                        ],
                        [
                            570,
                            620
                        ]
                    ],
                    true
                ],
                [
                    5,
                    6,
                    [
                        [
                            520,
                            570
                        ],
                        [
                            545,
                            595
                        ]
                    ],
                    true
                ],
                [
                    6,
                    7,
                    [
                        [
                            490,
                            540
                        ],
                        [
                            520,
                            570
                        ]
                    ],
                    true
                ],
                [
                    7,
                    8,
                    [
                        [
                            465,
                            515
                        ],
                        [
                            490,
                            540
                        ]
                    ],
                    true
                ],
                [
                    8,
                    9,
                    [
                        [
                            440,
                            490
                        ],
                        [
                            465,
                            515
                        ]
                    ],
                    true
                ],
                [
                    9,
                    10,
                    [
                        [
                            440,
                            453
                        ],
                        [
                            440,
                            490
                        ]
                    ],
                    true
                ],
                [
                    10,
                    11,
                    [
                        [
                            440,
                            415
                        ],
                        [
                            440,
                            453
                        ]
                    ],
                    true
                ],
                [
                    11,
                    12,
                    [
                        [
                            440,
                            375
                        ],
                        [
                            440,
                            415
                        ]
                    ],
                    true
                ],
                [
                    12,
                    13,
                    [
                        [
                            440,
                            335
                        ],
                        [
                            440,
                            375
                        ]
                    ],
                    true
                ],
                [
                    13,
                    14,
                    [
                        [
                            440,
                            300
                        ],
                        [
                            440,
                            335
                        ]
                    ],
                    true
                ],
                [
                    14,
                    15,
                    [
                        [
                            440,
                            270
                        ],
                        [
                            440,
                            300
                        ]
                    ],
                    true
                ],
                [
                    15,
                    16,
                    [
                        [
                            400,
                            230
                        ],
                        [
                            440,
                            270
                        ]
                    ],
                    true
                ],
                [
                    16,
                    17,
                    [
                        [
                            370,
                            200
                        ],
                        [
                            400,
                            230
                        ]
                    ],
                    true
                ],
                [
                    17,
                    18,
                    [
                        [
                            340,
                            170
                        ],
                        [
                            370,
                            200
                        ]
                    ],
                    true
                ],
                [
                    18,
                    19,
                    [
                        [
                            310,
                            140
                        ],
                        [
                            340,
                            170
                        ]
                    ],
                    true
                ],
                [
                    19,
                    20,
                    [
                        [
                            290,
                            120
                        ],
                        [
                            310,
                            140
                        ]
                    ],
                    true
                ],
                [
                    20,
                    21,
                    [
                        [
                            260,
                            90
                        ],
                        [
                            290,
                            120
                        ]
                    ],
                    true
                ],
                [
                    21,
                    22,
                    [
                        [
                            230,
                            60
                        ],
                        [
                            260,
                            90
                        ]
                    ],
                    true
                ],
                [
                    22,
                    23,
                    [
                        [
                            195,
                            25
                        ],
                        [
                            230,
                            60
                        ]
                    ],
                    true
                ],
                [
                    23,
                    24,
                    [
                        [
                            145,
                            25
                        ],
                        [
                            195,
                            25
                        ]
                    ],
                    true
                ],
                [
                    24,
                    25,
                    [
                        [
                            100,
                            25
                        ],
                        [
                            145,
                            25
                        ]
                    ],
                    true
                ],
                [
                    25,
                    26,
                    [
                        [
                            55,
                            25
                        ],
                        [
                            100,
                            25
                        ]
                    ],
                    true
                ],
                [
                    26,
                    27,
                    [
                        [
                            20,
                            25
                        ],
                        [
                            55,
                            25
                        ]
                    ],
                    true
                ]
            ],
            "stations": [
                {
                    "coord": [
                        622,
                        741
                    ],
                    "is_working": true,
                    "name": "Gdansk Srodmiescie",
                    "rect": [
                        508,
                        734,
                        105,
                        15
                    ],
                    "text_id": 0,
                    "uid": 0
                },
                {
                    "coord": [
                        622,
                        706
                    ],
                    "is_working": true,
                    "name": "Gdansk Glowny",
                    "rect": [
                        533,
                        699,
                        80,
                        15
                    ],
                    "text_id": 1,
                    "uid": 1
                },
                {
                    "coord": [
                        622,
                        672
                    ],
                    "is_working": true,
                    "name": "Gdansk Stocznia",
                    "rect": [
                        528,
                        667,
                        85,
                        15
                    ],
                    "text_id": 2,
                    "uid": 2
                },
                {
                    "coord": [
                        595,
                        645
                    ],
                    "is_working": true,
                    "name": "Gdansk Politechnika",
                    "rect": [
                        482,
                        640,
                        104,
                        15
                    ],
                    "text_id": 3,
                    "uid": 3
                },
                {
                    "coord": [
                        570,
                        620
                    ],
                    "is_working": true,
                    "name": "Gdansk Wrzeszcz",
                    "rect": [
                        471,
                        615,
                        90,
                        15
                    ],
                    "text_id": 4,
                    "uid": 4
                },
                {
                    "coord": [
                        545,
                        595
                    ],
                    "is_working": true,
                    "name": "Gdansk Zaspa",
                    "rect": [
                        463,
                        590,
                        73,
                        15
                    ],
                    "text_id": 5,
                    "uid": 5
                },
                {
                    "coord": [
                        520,
                        570
                    ],
                    "is_working": true,
                    "name": "Gdansk Przymorze-Politechnika",
                    "rect": [
                        352,
                        565,
                        159,
                        15
                    ],
                    "text_id": 6,
                    "uid": 6
                },
                {
                    "coord": [
                        490,
                        540
                    ],
                    "is_working": true,
                    "name": "Gdansk Oliwa",
                    "rect": [
                        410,
                        535,
                        71,
                        15
                    ],
                    "text_id": 7,
                    "uid": 7
                },
                {
                    "coord": [
                        465,
                        515
                    ],
                    "is_working": true,
                    "name": "Gdansk Zabianka",
                    "rect": [
                        368,
                        510,
                        88,
                        15
                    ],
                    "text_id": 8,
                    "uid": 8
                },
                {
                    "coord": [
                        440,
                        490
                    ],
                    "is_working": true,
                    "name": "Sopot Wyscigi",
                    "rect": [
                        358,
                        483,
                        73,
                        15
                    ],
                    "text_id": 9,
                    "uid": 9
                },
                {
                    "coord": [
                        440,
                        453
                    ],
                    "is_working": true,
                    "name": "Sopot",
                    "rect": [
                        401,
                        446,
                        30,
                        15
                    ],
                    "text_id": 10,
                    "uid": 10
                },
                {
                    "coord": [
                        440,
                        415
                    ],
                    "is_working": true,
                    "name": "Sopot Kamienny Potok",
                    "rect": [
                        317,
                        409,
                        114,
                        15
                    ],
                    "text_id": 11,
                    "uid": 11
                },
                {
                    "coord": [
                        440,
                        375
                    ],
                    "is_working": true,
                    "name": "Gdynia Orlowo",
                    "rect": [
                        356,
                        368,
                        75,
                        15
                    ],
                    "text_id": 12,
                    "uid": 12
                },
                {
                    "coord": [
                        440,
                        335
                    ],
                    "is_working": true,
                    "name": "Gdynia Redlowo",
                    "rect": [
                        348,
                        327,
                        83,
                        15
                    ],
                    "text_id": 13,
                    "uid": 13
                },
                {
                    "coord": [
                        440,
                        300
                    ],
                    "is_working": true,
                    "name": "Gdynia Wzgorze Sw. Maksymiliana",
                    "rect": [
                        256,
                        293,
                        175,
                        15
                    ],
                    "text_id": 14,
                    "uid": 14
                },
                {
                    "coord": [
                        440,
                        270
                    ],
                    "is_working": true,
                    "name": "Gdynia Glowna Osobowa",
                    "rect": [
                        305,
                        265,
                        126,
                        15
                    ],
                    "text_id": 15,
                    "uid": 15
                },
                {
                    "coord": [
                        400,
                        230
                    ],
                    "is_working": true,
                    "name": "Gdynia Stocznia",
                    "rect": [
                        309,
                        225,
                        82,
                        15
                    ],
                    "text_id": 16,
                    "uid": 16
                },
                {
                    "coord": [
                        370,
                        200
                    ],
                    "is_working": true,
                    "name": "Gdynia Grabowek",
                    "rect": [
                        271,
                        195,
                        90,
                        15
                    ],
                    "text_id": 17,
                    "uid": 17
                },
                {
                    "coord": [
                        340,
                        170
                    ],
                    "is_working": true,
                    "name": "Gdynia Leszczynki",
                    "rect": [
                        236,
                        165,
                        95,
                        15
                    ],
                    "text_id": 18,
                    "uid": 18
                },
                {
                    "coord": [
                        310,
                        140
                    ],
                    "is_working": true,
                    "name": "Gdynia Chylonia",
                    "rect": [
                        217,
                        135,
                        84,
                        15
                    ],
                    "text_id": 19,
                    "uid": 19
                },
                {
                    "coord": [
                        290,
                        120
                    ],
                    "is_working": true,
                    "name": "Gdynia Cisowa",
                    "rect": [
                        204,
                        115,
                        77,
                        15
                    ],
                    "text_id": 20,
                    "uid": 20
                },
                {
                    "coord": [
                        260,
                        90
                    ],
                    "is_working": true,
                    "name": "Rumia Janowo",
                    "rect": [
                        176,
                        85,
                        75,
                        15
                    ],
                    "text_id": 21,
                    "uid": 21
                },
                {
                    "coord": [
                        230,
                        60
                    ],
                    "is_working": true,
                    "name": "Rumia",
                    "rect": [
                        187,
                        55,
                        34,
                        15
                    ],
                    "text_id": 22,
                    "uid": 22
                },
                {
                    "coord": [
                        195,
                        25
                    ],
                    "is_working": true,
                    "name": "Reda",
                    "rect": [
                        164,
                        33,
                        28,
                        15
                    ],
                    "text_id": 23,
                    "uid": 23
                },
                {
                    "coord": [
                        145,
                        25
                    ],
                    "is_working": true,
                    "name": "Reda Pieleszewo",
                    "rect": [
                        138,
                        34,
                        15,
                        87
                    ],
                    "text_id": 24,
                    "uid": 24
                },
                {
                    "coord": [
                        100,
                        25
                    ],
                    "is_working": true,
                    "name": "Wejherowo Smiechowo",
                    "rect": [
                        93,
                        34,
                        15,
                        117
                    ],
                    "text_id": 25,
                    "uid": 25
                },
                {
                    "coord": [
                        55,
                        25
                    ],
                    "is_working": true,
                    "name": "Wejherowo Nanice",
                    "rect": [
                        47,
                        34,
                        15,
                        95
                    ],
                    "text_id": 26,
                    "uid": 26
                },
                {
                    "coord": [
                        20,
                        25
                    ],
                    "is_working": true,
                    "name": "Wejherowo",
                    "rect": [
                        12,
                        34,
                        15,
                        57
                    ],
                    "text_id": 27,
                    "uid": 27
                }
            ],
            "text_id": 28
        }
    ],
    "lines_width": 4,
    "name": "metro",
    "name_text_id": 29,
    "stations_diameter": 13.0,
    "transfers": [],
    "transports": [
        "metro"
    ],
    "type_name": "ROOT",
    "type_text_id": 30,
    "upper_case": false,
    "width": 772,
    "word_wrap": false
}