{
    "lines": [
        {
            "delays": [],
            "name": "1",
            "scheme": null,
            "segments": [
                [
                    0,
                    1,
                    120
                ],
                [
                    1,
                    0,
                    120
                ],
                [
                    1,
                    2,
                    120
                ],
                [
                    2,
                    1,
                    120
                ],
                [
                    2,
                    3,
                    120
                ],
                [
                    3,
                    2,
                    120
                ],
                [
                    3,
                    4,
                    120
                ],
                [
                    4,
                    3,
                    120
                ],
                [
                    4,
                    5,
                    120
                ],
                [
                    5,
                    4,
                    120
                ],
                [
                    5,
                    6,
                    120
                ],
                [
                    6,
                    5,
                    120
                ],
                [
                    6,
                    7,
                    120
                ],
                [
                    7,
                    6,
                    120
                ],
                [
                    7,
                    8,
                    120
                ],
                [
                    8,
                    7,
                    120
                ],
                [
                    8,
                    9,
                    120
                ],
                [
                    9,
                    8,
                    120
                ],
                [
                    9,
                    10,
                    120
                ],
                [
                    10,
                    9,
                    120
                ],
                [
                    10,
                    11,
                    120
                ],
                [
                    11,
                    10,
                    120
                ],
                [
                    11,
                    12,
                    120
                ],
                [
                    12,
                    11,
                    120
                ],
                [
                    12,
                    13,
                    120
                ],
                [
                    13,
                    12,
                    120
                ],
                [
                    13,
                    14,
                    120
                ],
                [
                    14,
                    13,
                    120
                ],
                [
                    14,
                    15,
                    120
                ],
                [
                    15,
                    14,
                    120
                ],
                [
                    15,
                    16,
                    120
                ],
                [
                    16,
                    15,
                    120
                ],
                [
                    16,
                    17,
                    120
                ],
                [
                    17,
                    16,
                    120
                ],
                [
                    17,
                    18,
                    120
                ],
                [
                    18,
                    17,
                    120
                ],
                [
                    18,
                    19,
                    120
                ],
                [
                    19,
                    18,
                    120
                ]
            ],
            "stations": [
                [
                    0,
                    "Puerto",
                    0
                ],
                [
                    1,
                    "Bellavista",
                    1
                ],
                [
                    2,
                    "Francia",
                    2
                ],
                [
                    3,
                    "Baron",
                    3
                ],
                [
                    4,
                    "Portales",
                    4
                ],
                [
                    5,
                    "Recreo",
                    5
                ],
                [
                    6,
                    "Miramar",
                    6
                ],
                [
                    7,
                    "Vina del Mar",
                    7
                ],
                [
                    8,
                    "Hospital Gustavo Fricke",
                    8
                ],
                [
                    9,
                    "Chorrillos",
                    9
                ],
                [
                    10,
                    "El Salto",
                    10
                ],
                [
                    11,
                    "Quilpue",
                    11
                ],
                [
                    12,
                    "El Sol",
                    12
                ],
                [
                    13,
                    "El Belloto",
                    13
                ],
                [
                    14,
                    "Las Americas",
                    14
                ],
                [
                    15,
                    "La Concepcion",
                    15
                ],
                [
                    16,
                    "Villa Alemana",
                    16
                ],
                [
                    17,
                    "Sargento Aldea",
                    17
                ],
                [
                    18,
                    "Penablanca",
                    18
                ],
                [
                    19,
                    "Limache",
                    19
                ]
            ],
            "text_id": 20
        }
    ],
    "name": "metro",
    "transfers": [],
    "type_name": "Метро"
}