{
    "0": "Бульвар Рокоссовского",
    "1": "Черкизовская",
    "2": "Преображенская площадь",
    "3": "Сокольники",
    "4": "Красносельская",
    "5": "Комсомольская",
    "6": "Красные ворота",
    "7": "Чистые пруды",
    "8": "Лубянка",
    "9": "Охотный ряд",
    "10": "Библиотека имени Ленина",
    "11": "Кропоткинская",
    "12": "Парк культуры",
    "13": "Фрунзенская",
    "14": "Спортивная",
    "15": "Воробьевы горы",
    "16": "Университет",
    "17": "Проспект Вернадского",
    "18": "Юго-Западная",
    "19": "Тропарёво",
    "20": "Румянцево",
    "21": "Саларьево",
    "22": "Филатов луг",
    "23": "Прокшино",
    "24": "Ольховая",
    "25": "Новомосковская",
    "26": "Потапово",
    "27": "Сокольническая",
    "28": "Алтуфьево",
    "29": "Бибирево",
    "30": "Отрадное",
    "31": "Владыкино",
    "32": "Петровско-Разумовская",
    "33": "Тимирязевская",
    "34": "Дмитровская",
    "35": "Савёловская",
    "36": "Менделеевская",
    "37": "Цветной бульвар",
    "38": "Чеховская",
    "39": "Боровицкая",
    "40": "Полянка",
    "41": "Серпуховская",
    "42": "Тульская",
    "43": "Нагатинская",
    "44": "Нагорная",
    "45": "Нахимовский проспект",
    "46": "Севастопольская",
    "47": "Чертановская",
    "48": "Южная",
    "49": "Пражская",
    "50": "Улица Академика Янгеля",
    "51": "Аннино",
    "52": "Бульвар Дмитрия Донского",
    "53": "Серпуховско-Тимирязевская",
    "54": "Физтех",
    "55": "Лианозово",
    "56": "Яхромская",
    "57": "Селигерская",
    "58": "Верхние Лихоборы",
    "59": "Окружная",
    "60": "Фонвизинская",
    "61": "Бутырская",
    "62": "Марьина роща",
    "63": "Достоевская",
    "64": "Трубная",
    "65": "Сретенский бульвар",
    "66": "Чкаловская",
    "67": "Римская",
    "68": "Крестьянская застава",
    "69": "Дубровка",
    "70": "Кожуховская",
    "71": "Печатники",
    "72": "Волжская",
    "73": "Люблино",
    "74": "Братиславская",
    "75": "Марьино",
    "76": "Борисово",
    "77": "Шипиловская",
    "78": "Зябликово",
    "79": "Люблинско-Дмитровская",
    "80": "Петровский парк",
    "81": "ЦСКА",
    "82": "Хорошёвская",
    "83": "Народное ополчение",
    "84": "Мнёвники",
    "85": "Терехово",
    "86": "Кунцевская",
    "87": "Давыдково",
    "88": "Аминьевская",
    "89": "Мичуринский проспект",
    "90": "Новаторская",
    "91": "Воронцовская",
    "92": "Зюзино",
    "93": "Каховская",
    "94": "Варшавская",
    "95": "Каширская",
    "96": "Кленовый бульвар",
    "97": "Нагатинский Затон",
    "98": "Текстильщики",
    "99": "Нижегородская",
    "100": "Авиамоторная",
    "101": "Лефортово",
    "102": "Электрозаводская",
    "103": "Рижская",
    "104": "Марьина Роща",
    "105": "БКЛ",
    "106": "Битцевский парк",
    "107": "Лесопарковая",
    "108": "Улица Старокачаловская",
    "109": "Улица Скобелевская",
    "110": "Бульвар Адмирала Ушакова",
    "111": "Улица Горчакова",
    "112": "Бунинская аллея",
    "113": "Бутовская",
    "114": "Ботанический сад",
    "115": "Ростокино",
    "116": "Белокаменная",
    "117": "Локомотив",
    "118": "Измайлово",
    "119": "Соколиная Гора",
    "120": "Шоссе Энтузиастов",
    "121": "Андроновка",
    "122": "Новохохловская",
    "123": "Угрешская",
    "124": "Автозаводская",
    "125": "ЗИЛ",
    "126": "Верхние Котлы",
    "127": "Крымская",
    "128": "Площадь Гагарина",
    "129": "Лужники",
    "130": "Кутузовская",
    "131": "Москва-Сити",
    "132": "Шелепиха",
    "133": "Хорошёво",
    "134": "Зорге",
    "135": "Панфиловская",
    "136": "Стрешнево",
    "137": "Балтийская",
    "138": "Коптево",
    "139": "Лихоборы",
    "140": "МЦК",
    "141": "Некрасовка",
    "142": "Лухмановская",
    "143": "Улица Дмитриевского",
    "144": "Косино",
    "145": "Юго-Восточная",
    "146": "Окская",
    "147": "Стахановская",
    "148": "Некрасовская",
    "149": "Академическая",
    "150": "Вавиловская",
    "151": "Университет дружбы народов",
    "152": "Генерала Тюленева",
    "153": "Тютчевская",
    "154": "Корниловская",
    "155": "Коммунарка",
    "156": "Сосенки",
    "157": "Летово",
    "158": "Десна",
    "159": "Кедровая",
    "160": "Ватутинки",
    "161": "Троицк",
    "162": "Троицкая",
    "163": "Лобня",
    "164": "Шереметьевская",
    "165": "Хлебниково",
    "166": "Водники",
    "167": "Долгопрудная",
    "168": "Новодачная",
    "169": "Марк",
    "170": "Илимская",
    "171": "Бескудниково",
    "172": "Дегунино",
    "173": "Белорусская",
    "174": "Беговая",
    "175": "Тестовская <Москва-Сити>",
    "176": "Фили",
    "177": "Славянский бульвар",
    "178": "Рабочий Посёлок",
    "179": "Сетунь",
    "180": "Немчиновка",
    "181": "Сколково",
    "182": "Баковка",
    "183": "Одинцово",
    "184": "МЦД1",
    "185": "Нахабино",
    "186": "Аникеевка",
    "187": "Опалиха",
    "188": "Красногорская",
    "189": "Павшино",
    "190": "Пенягино",
    "191": "Волоколамская",
    "192": "Трикотажная",
    "193": "Тушинская",
    "194": "Щукинская",
    "195": "Красный Балтиец",
    "196": "Гражданская",
    "197": "Площадь трёх вокзалов",
    "198": "Курская",
    "199": "Москва Товарная",
    "200": "Калитники",
    "201": "Депо",
    "202": "Перерва",
    "203": "Курьяново",
    "204": "Москворечье",
    "205": "Царицыно",
    "206": "Котляково",
    "207": "Покровское",
    "208": "Красный Строитель",
    "209": "Битца",
    "210": "Бутово",
    "211": "Щербинка",
    "212": "Остафьево",
    "213": "Силикатная",
    "214": "Подольск",
    "215": "МЦД2",
    "216": "Зеленоград",
    "217": "Малино",
    "218": "Фирсановская",
    "219": "Сходня",
    "220": "Подрезково",
    "221": "Новоподрезково",
    "222": "Молжаниново",
    "223": "Химки",
    "224": "Левобережная",
    "225": "Ховрино",
    "226": "Грачёвская",
    "227": "Моссельмаш",
    "228": "Петровско-разумовская",
    "229": "Останкино",
    "230": "Митьково",
    "231": "Сортировочная",
    "232": "Перово",
    "233": "Плющево",
    "234": "Вешняки",
    "235": "Выхино",
    "236": "Ухтомская",
    "237": "Люберцы-1",
    "238": "Панки",
    "239": "Томилино",
    "240": "Красково",
    "241": "Малаховка",
    "242": "Удельная",
    "243": "Быково",
    "244": "Ильинская",
    "245": "Отдых",
    "246": "Кратово",
    "247": "Есенинская",
    "248": "Фабричная",
    "249": "Раменское",
    "250": "Ипподром",
    "251": "МЦД3",
    "252": "Беломорская",
    "253": "Речной вокзал",
    "254": "Водный стадион",
    "255": "Войковская",
    "256": "Сокол",
    "257": "Аэропорт",
    "258": "Динамо",
    "259": "Маяковская",
    "260": "Тверская",
    "261": "Театральная",
    "262": "Новокузнецкая",
    "263": "Павелецкая",
    "264": "Технопарк",
    "265": "Коломенская",
    "266": "Кантемировская",
    "267": "Орехово",
    "268": "Домодедовская",
    "269": "Красногвардейская",
    "270": "Алма-Атинская",
    "271": "Замоскворецкая",
    "272": "Апрелевка",
    "273": "Победа",
    "274": "Крёкшино",
    "275": "Санино",
    "276": "Кокошкино",
    "277": "Толстопальцево",
    "278": "Лесной Городок",
    "279": "Внуково",
    "280": "Мичуринец",
    "281": "Переделкино",
    "282": "Солнечная",
    "283": "Мещерская",
    "284": "Очаково",
    "285": "Матвеевская",
    "286": "Минская",
    "287": "Поклонная",
    "288": "Ермакова Роща",
    "289": "Москва Белорусская",
    "290": "Станколит",
    "291": "Москва Курская",
    "292": "Серп и Молот",
    "293": "Чухлинка",
    "294": "Кусково",
    "295": "Новогиреево",
    "296": "Реутов",
    "297": "Никольское",
    "298": "Салтыковская",
    "299": "Кучино",
    "300": "Ольгино",
    "301": "Железнодорожная",
    "302": "МЦД4",
    "303": "Новопеределкино",
    "304": "МЦД4а",
    "305": "Щелковская",
    "306": "Первомайская",
    "307": "Измайловская",
    "308": "Партизанская",
    "309": "Семеновская",
    "310": "Бауманская",
    "311": "Площадь Революции",
    "312": "Арбатская",
    "313": "Смоленская",
    "314": "Киевская",
    "315": "Парк Победы",
    "316": "Молодёжная",
    "317": "Крылатское",
    "318": "Строгино",
    "319": "Мякинино",
    "320": "Митино",
    "321": "Пятницкое шоссе",
    "322": "Арбатско-Покровская",
    "323": "Пионерская",
    "324": "Филевский парк",
    "325": "Багратионовская",
    "326": "Студенческая",
    "327": "Александровский сад",
    "328": "Деловой центр",
    "329": "Филевская",
    "330": "Октябрьская",
    "331": "Добрынинская",
    "332": "Таганская",
    "333": "Проспект Мира",
    "334": "Новослободская",
    "335": "Краснопресненская",
    "336": "Кольцевая",
    "337": "Медведково",
    "338": "Бабушкинская",
    "339": "Свиблово",
    "340": "ВДНХ",
    "341": "Алексеевская",
    "342": "Сухаревская",
    "343": "Тургеневская",
    "344": "Китай-город",
    "345": "Третьяковская",
    "346": "Шаболовская",
    "347": "Ленинский проспект",
    "348": "Профсоюзная",
    "349": "Новые Черемушки",
    "350": "Калужская",
    "351": "Беляево",
    "352": "Коньково",
    "353": "Теплый Стан",
    "354": "Ясенево",
    "355": "Новоясеневская",
    "356": "Калужско-Рижская",
    "357": "Планерная",
    "358": "Сходненская",
    "359": "Спартак",
    "360": "Октябрьское поле",
    "361": "Полежаевская",
    "362": "Улица 1905 года",
    "363": "Баррикадная",
    "364": "Пушкинская",
    "365": "Кузнецкий мост",
    "366": "Пролетарская",
    "367": "Волгоградский проспект",
    "368": "Кузьминки",
    "369": "Рязанский проспект",
    "370": "Лермонтовский проспект",
    "371": "Жулебино",
    "372": "Котельники",
    "373": "Таганско-Краснопресненская",
    "374": "Новокосино",
    "375": "Площадь Ильича",
    "376": "Марксистская",
    "377": "Калининско-Солнцевская",
    "378": "Ломоносовский проспект",
    "379": "Раменки",
    "380": "Озёрная",
    "381": "Говорово",
    "382": "Солнцево",
    "383": "Боровское шоссе",
    "384": "Рассказовка",
    "385": "Пыхтино",
    "386": "Аэропорт Внуково",
    "387": "Солнцевская",
    "388": "Каланчевская",
    "389": "Ржевская",
    "390": "Москва Смоленская",
    "391": "Москва Савёловская",
    "392": "Междувокзальная",
    "393": "Покровская",
    "394": "Весенняя",
    "395": "Гривно",
    "396": "Львовская",
    "397": "Колхозная",
    "398": "Столбовая",
    "399": "Пл. 66 км",
    "400": "Чепелево",
    "401": "Чехов",
    "402": "Луч",
    "403": "Шарапова Охота",
    "404": "Пл. 92 км",
    "405": "Авангард",
    "406": "Серпухов",
    "407": "Ока",
    "408": "Пл. 107 км",
    "409": "Приокская",
    "410": "Пл. 118 км",
    "411": "Тарусская",
    "412": "Пл. 132 км",
    "413": "Пахомово",
    "414": "Шульгино",
    "415": "Пл. 153 км",
    "416": "Ясногорск",
    "417": "Шеметово",
    "418": "Бараново",
    "419": "Ревякино",
    "420": "Байдики",
    "421": "Хомяково",
    "422": "Пл. 191 км",
    "423": "Тула",
    "424": "Реутово",
    "425": "Черное",
    "426": "Заря",
    "427": "Купавна",
    "428": "Пл. 33 км",
    "429": "Электроугли",
    "430": "Пл. 43 км",
    "431": "Храпуново",
    "432": "Есино",
    "433": "Фрязево",
    "434": "Казанское",
    "435": "Вохна",
    "436": "Павловский Посад",
    "437": "Назарьево",
    "438": "Дрезна",
    "439": "Кабаново",
    "440": "Пл. 87 км",
    "441": "Орехово-Зуево",
    "442": "Крутое",
    "443": "Воиново",
    "444": "Усад",
    "445": "Глубоково",
    "446": "Покров",
    "447": "Пл. 113 км",
    "448": "Омутище",
    "449": "Леоново",
    "450": "Петушки",
    "451": "Костерево",
    "452": "Болдино",
    "453": "Сушнево",
    "454": "Красная Охота",
    "455": "Ундол",
    "456": "Пл. 170 км",
    "457": "Колокша",
    "458": "Юрьевец",
    "459": "Владимир",
    "460": "Стройка",
    "461": "Горенки",
    "462": "Балашиха",
    "463": "Металлург",
    "464": "Электросталь",
    "465": "Машиностроитель",
    "466": "Ногинск",
    "467": "Захарово",
    "468": "Ленская",
    "469": "Ковригино",
    "470": "Пл. 14 км",
    "471": "Электрогорск",
    "472": "Горьковская",
    "473": "Москва Казанская",
    "474": "Пл. 42 км",
    "475": "Пл. 47 км",
    "476": "Совхоз",
    "477": "Загорново",
    "478": "Бронницы",
    "479": "Радуга",
    "480": "Пл. 63 км",
    "481": "Белоозерская",
    "482": "Фаустово",
    "483": "Золотово",
    "484": "Виноградово",
    "485": "Конобеево",
    "486": "Трофимово",
    "487": "Пл. 88 км",
    "488": "Воскресенск",
    "489": "Шиферная",
    "490": "Москворецкая",
    "491": "Цемгигант",
    "492": "Пески",
    "493": "Конев Бор",
    "494": "Хорошево",
    "495": "Коломна",
    "496": "Голутвин",
    "497": "Щурово",
    "498": "Черная",
    "499": "132 км",
    "500": "Луховицы",
    "501": "142 км",
    "502": "Подлипки",
    "503": "Фруктовая",
    "504": "Алпатьево",
    "505": "Слемы",
    "506": "Дивово",
    "507": "Истодники",
    "508": "Пл. 180 км",
    "509": "Рыбное Пасс",
    "510": "Ходынино",
    "511": "184 км",
    "512": "Рязань Сорт",
    "513": "187 км",
    "514": "188 км",
    "515": "Недостоево",
    "516": "Гусевская",
    "517": "Дягилево",
    "518": "Лагерный",
    "519": "Рязань 2",
    "520": "Рязань 1",
    "521": "Бачманово",
    "522": "Пл. 6 км",
    "523": "Сычево",
    "524": "Лысцовская",
    "525": "Семеновский",
    "526": "Пл. 18 км",
    "527": "Карасевы",
    "528": "Кудрявцево",
    "529": "Даниловская",
    "530": "Пл. 30 км",
    "531": "Пл. 38 км",
    "532": "Озеры",
    "533": "Люберцы-2",
    "534": "Коренево",
    "535": "Овражки",
    "536": "Родники",
    "537": "Вялки",
    "538": "Хрипань",
    "539": "Пл. 41 км",
    "540": "Донино",
    "541": "Пл. 49 км",
    "542": "Пл. 52 км",
    "543": "Григорово",
    "544": "Пл. 55 км",
    "545": "Гжель",
    "546": "Игнатьево",
    "547": "Кузяево",
    "548": "Шевлягино",
    "549": "Пл. 73 км",
    "550": "Анциферово",
    "551": "Подосинки",
    "552": "Куровская",
    "553": "Пл. 90 км",
    "554": "Пл. 95 км",
    "555": "Авсюнино",
    "556": "Заполицы",
    "557": "Запутная",
    "558": "Шатурторф",
    "559": "Шатура",
    "560": "Ботино",
    "561": "Кривандино",
    "562": "Туголесье",
    "563": "Воймежный",
    "564": "Черусти",
    "565": "Нерская",
    "566": "Ильинский Погост",
    "567": "Пл. 32 км",
    "568": "Егорьевск",
    "569": "Осаново",
    "570": "Пожога",
    "571": "Пл. 29 км",
    "572": "Бармино",
    "573": "Сазоново",
    "574": "Рязановка",
    "575": "Рязанская",
    "576": "Москва Ярославская",
    "577": "Москва-3",
    "578": "Маленковская",
    "579": "Яуза",
    "580": "Северянин",
    "581": "Лосиноостровская",
    "582": "Лось",
    "583": "Перловская",
    "584": "Тайнинская",
    "585": "Мытищи",
    "586": "Строитель",
    "587": "Челюскинская",
    "588": "Тарасовская",
    "589": "Клязьма",
    "590": "Мамонтовская",
    "591": "Пушкино",
    "592": "Заветы Ильича",
    "593": "Правда",
    "594": "Зеленоградская",
    "595": "Софрино",
    "596": "Ашукинская",
    "597": "Калистово",
    "598": "Радонеж",
    "599": "Абрамцево",
    "600": "Хотьково",
    "601": "Семхоз",
    "602": "Сергиев Посад",
    "603": "Пл. 76 км",
    "604": "Пл. 81 км",
    "605": "Пл. 83 км",
    "606": "Бужаниново",
    "607": "Арсаки",
    "608": "Струнино",
    "609": "Александров",
    "610": "Пл. 117 км",
    "611": "Мошнино",
    "612": "Балакирево",
    "613": "Багримово",
    "614": "Пл. 142 км",
    "615": "Берендеево",
    "616": "Пл. 147 км",
    "617": "Шушково",
    "618": "Пл. 155 км",
    "619": "Рокша",
    "620": "Рязанцево",
    "621": "Беклемишево",
    "622": "Итларь",
    "623": "Пл. 187 км",
    "624": "Сильницы",
    "625": "Петровск",
    "626": "Деболовская",
    "627": "Ростов",
    "628": "Ярославль",
    "629": "Подлипки-Дачные",
    "630": "Пл. Болшево",
    "631": "Фабрика 1 Мая",
    "632": "Зеленый Бор",
    "633": "Ивантеевка-2",
    "634": "Ивантеевка",
    "635": "Детская",
    "636": "Фрязино Тов.",
    "637": "Фрязино Пасс.",
    "638": "Болшево",
    "639": "Валентиновка",
    "640": "Загорянская",
    "641": "Соколовская",
    "642": "Воронок",
    "643": "Щелково",
    "644": "Гагаринская",
    "645": "Бахчиванджи",
    "646": "Циолковская",
    "647": "Осеевская",
    "648": "Монино",
    "649": "Кашино",
    "650": "Колонтаево",
    "651": "Лесная",
    "652": "пос. Дальний",
    "653": "Рахманово",
    "654": "Федоровское",
    "655": "Путилово",
    "656": "Красноармейск",
    "657": "Ярославская",
    "658": "Москва Ленинградская",
    "659": "Петровско-Разумовское",
    "660": "НАТИ",
    "661": "Ново-Подрезково",
    "662": "Фирсановка",
    "663": "Крюково",
    "664": "Алабушево",
    "665": "Радищево",
    "666": "Поваровка",
    "667": "Поварово-1",
    "668": "Берёзки Дачные",
    "669": "Подсолнечная",
    "670": "Сенеж",
    "671": "Головково",
    "672": "Покровка",
    "673": "Фроловское",
    "674": "Стреглово",
    "675": "Клин",
    "676": "Ямуга",
    "677": "Решетниково",
    "678": "Черничная",
    "679": "Завидово",
    "680": "Московское Море",
    "681": "Редкино",
    "682": "Межево",
    "683": "Кузьминка",
    "684": "Чуприяновка",
    "685": "Лазурная",
    "686": "Тверь",
    "687": "Дорошиха",
    "688": "Брянцево",
    "689": "Санаторий",
    "690": "Тверца",
    "691": "Кулицкая",
    "692": "Кулицкий Мох",
    "693": "Трубино",
    "694": "Крючково",
    "695": "Поршинец",
    "696": "Лихославль",
    "697": "Лихосл.Парк Шлюз",
    "698": "Локотцы",
    "699": "Барановка",
    "700": "Муташелиха",
    "701": "Калашниково",
    "702": "Бухаловский переезд",
    "703": "Левошинка",
    "704": "Спирово",
    "705": "Любинка",
    "706": "Индустрия",
    "707": "Осеченка",
    "708": "Терелесовская",
    "709": "Елизаровка",
    "710": "Вышний Волочек",
    "711": "Цна",
    "712": "Леонтьево",
    "713": "Почвино",
    "714": "Соболево",
    "715": "Костромцовск",
    "716": "Бочановка",
    "717": "Пеперсоновка 331 км",
    "718": "Бушевец",
    "719": "Виноградовская 322 км",
    "720": "Веерное Депо",
    "721": "Бологое",
    "722": "Путепроводная",
    "723": "Конаковский Мох",
    "724": "Донховка",
    "725": "Конаково ГРЭС",
    "726": "Ленинградская",
    "727": "Луговая",
    "728": "Катуар",
    "729": "Трудовая",
    "730": "Икша",
    "731": "Морозки",
    "732": "Турист",
    "733": "Яхрома",
    "734": "Дмитров",
    "735": "Каналстрой",
    "736": "75 км",
    "737": "Орудьево",
    "738": "Вербилки",
    "739": "94 км",
    "740": "Власово",
    "741": "Талдом",
    "742": "Лебзино",
    "743": "124 км",
    "744": "Савёлово",
    "745": "Соревнование",
    "746": "Запрудня",
    "747": "Темпы",
    "748": "Мельдино",
    "749": "119 км",
    "750": "Карманово",
    "751": "Большая Волга",
    "752": "Дубна",
    "753": "Иванцево",
    "754": "80 км",
    "755": "Драчево",
    "756": "74 км",
    "757": "71 км",
    "758": "69 км",
    "759": "Костино",
    "760": "62 км",
    "761": "Желтиково",
    "762": "47 км",
    "763": "Бубяково",
    "764": "40 км",
    "765": "Наугольный",
    "766": "Аэропорт Шереметьево",
    "767": "Москва Рижская",
    "768": "Покровское-Стрешнево",
    "769": "Тушино",
    "770": "Малиновка",
    "771": "Дедовск",
    "772": "Миитовская",
    "773": "Снегири",
    "774": "Пл. 50 км",
    "775": "Манихино-1",
    "776": "Истра",
    "777": "Новоиерусалимская",
    "778": "Холщевики",
    "779": "Ядрошино",
    "780": "Курсаковская",
    "781": "Новопетровская",
    "782": "Устиновка",
    "783": "Пл. 91 км",
    "784": "Лесодолгоруково",
    "785": "Чисмена",
    "786": "Матренино",
    "787": "Дубосеково",
    "788": "Волоколамск",
    "789": "Благовещенское",
    "790": "Пл. 141 км",
    "791": "Бухолово",
    "792": "Пл. 149 км",
    "793": "Шаховская",
    "794": "Москва Киевская",
    "795": "Москва Сорт.",
    "796": "Крекшино",
    "797": "Дачная",
    "798": "Алабино",
    "799": "Селятино",
    "800": "Рассудово",
    "801": "Ожигово",
    "802": "Бекасово",
    "803": "Зосимова Пустынь",
    "804": "Нара",
    "805": "Латышская",
    "806": "Башкино",
    "807": "Ворсино",
    "808": "Балабаново",
    "809": "Обнинское",
    "810": "Шемякино",
    "811": "Малоярославец",
    "812": "Ерденево",
    "813": "Пл. 140 км",
    "814": "Суходрев",
    "815": "Родинка",
    "816": "Сляднево",
    "817": "Пл. 167 км",
    "818": "Тихонова Пустынь",
    "819": "Горенская",
    "820": "Калуга 2",
    "821": "пос. Киевский",
    "822": "Бекасово Сорт.",
    "823": "Бекасово Центр.",
    "824": "Пл. 240 км",
    "825": "Пл. 241 км",
    "826": "Мачихино",
    "827": "Пл. 250 км",
    "828": "Пл. 252 км",
    "829": "Кресты",
    "830": "Муратовка",
    "831": "Садовая",
    "832": "Азарово",
    "833": "Калуга 1",
    "834": "Москва Павелецкая",
    "835": "Москва Тов.",
    "836": "Нижние Котлы",
    "837": "Чертаново",
    "838": "Бирюлево Тов.",
    "839": "Бирюлево Пасс.",
    "840": "Булатниково",
    "841": "Расторгуево",
    "842": "Калинина",
    "843": "Ленинская",
    "844": "Домодедово",
    "845": "Взлетная",
    "846": "Востряково",
    "847": "Белые Столбы",
    "848": "52 км",
    "849": "Барыбино",
    "850": "Вельяминово",
    "851": "Привалово",
    "852": "Михнево",
    "853": "Шугарово",
    "854": "85 км",
    "855": "Жилево",
    "856": "Ситенка",
    "857": "Ступино",
    "858": "Акри",
    "859": "Белопесоцкий",
    "860": "Кашира",
    "861": "Тесна",
    "862": "Ожерелье",
    "863": "121 км",
    "864": "Пурлово",
    "865": "Топканово",
    "866": "137 км",
    "867": "Богатищево",
    "868": "146 км",
    "869": "Коровино",
    "870": "152 км",
    "871": "Узуново",
    "872": "162 км",
    "873": "Дудино",
    "874": "Серебряные Пруды",
    "875": "Кораблевка",
    "876": "Треполье",
    "877": "Виленки",
    "878": "Донцы",
    "879": "Михайлов",
    "880": "Бояринцево",
    "881": "Голдино",
    "882": "Лужковская",
    "883": "Валшутка",
    "884": "Катино",
    "885": "Мшанка",
    "886": "Кремлево",
    "887": "Павелец-1",
    "888": "Авиационная",
    "889": "Космос",
    "890": "123 км",
    "891": "126 км",
    "892": "Пчеловодная",
    "893": "Мордвес",
    "894": "156 км",
    "895": "Настасьино",
    "896": "163 км",
    "897": "166 км",
    "898": "168 км",
    "899": "Венев",
    "900": "180 км",
    "901": "Ольховка",
    "902": "193 км",
    "903": "Грицово",
    "904": "Маклец",
    "905": "Узловая-2",
    "906": "О.П. Депо",
    "907": "Узловая-1",
    "908": "Кунцево",
    "909": "Рабочий Поселок",
    "910": "Трехгорка",
    "911": "Перхушково",
    "912": "Здравница",
    "913": "Жаворонки",
    "914": "Дачное",
    "915": "Малые Вяземы",
    "916": "Голицыно",
    "917": "Сушкинская",
    "918": "Петелино",
    "919": "Часцовская",
    "920": "Портновская",
    "921": "Кубинка",
    "922": "Чапаевка",
    "923": "Полушкино",
    "924": "Санаторная",
    "925": "Тучково",
    "926": "Дорохово",
    "927": "Шаликово",
    "928": "Кукаринская",
    "929": "Пл. 109 км",
    "930": "Можайск",
    "931": "Бородино",
    "932": "Колочь",
    "933": "Уваровка",
    "934": "Пл. 144 км",
    "935": "Дровнино",
    "936": "Батюшково",
    "937": "Колесники",
    "938": "Гагарин",
    "939": "Василисино",
    "940": "Серго-Ивановская",
    "941": "Пл. 205 км",
    "942": "Туманово",
    "943": "Пл. 215 км",
    "944": "Пл. 218 км",
    "945": "Подъелки",
    "946": "Комягино",
    "947": "Зубаревка",
    "948": "Вязьма",
    "949": "Кунцево-2",
    "950": "Ромашково",
    "951": "Раздоры",
    "952": "Барвиха",
    "953": "Ильинское",
    "954": "Усово",
    "955": "Хлюпино",
    "956": "Скоротово",
    "957": "Звенигород",
    "958": "Калужская пл.",
    "959": "Фабрика \"Ударница\"",
    "960": "Метро \"Шаболовская\"",
    "961": "ул. Лестева",
    "962": "Серпуховский вал",
    "963": "Хавская ул.",
    "964": "Даниловский рынок",
    "965": "Серпуховская застава",
    "966": "Свято-Данилов монастырь",
    "967": "Даниловский вал",
    "968": "1-й Павловский пер.",
    "969": "Завод им. Владимира Ильича",
    "970": "Фабрика \"Красные Суконщики\"",
    "971": "Жуков пр-д",
    "972": "М. Строченовский пер.",
    "973": "Стремянный пер.",
    "974": "Зацепская пл.",
    "975": "Метро \"Павелецкая\"",
    "976": "Вишняковский пер.",
    "977": "Метро \"Третьяковская\"",
    "978": "Метро \"Новокузнецкая\"",
    "979": "Садовническая ул.",
    "980": "Яузские ворота",
    "981": "ул. Воронцово Поле",
    "982": "Дурасовский пер.",
    "983": "Казарменный пер.",
    "984": "Покровские ворота",
    "985": "Б. Харитоньевский пер.",
    "986": "Метро \"Чистые пруды\"",
    "987": "Трамвай № А",
    "988": "Новоконная пл.",
    "989": "Октябрьское трамвайное депо",
    "990": "М. Калитниковский пр-д",
    "991": "Воловья ул.",
    "992": "Б. Калитниковская ул.",
    "993": "Абельмановская застава",
    "994": "М. Рогожский пер.",
    "995": "Библиотечная ул.",
    "996": "Метро \"Площадь Ильича\"",
    "997": "Станция Курская-Товарная",
    "998": "Душинская ул.",
    "999": "Метро \"Авиамоторная\"",
    "1000": "ДК \"Компрессор\"",
    "1001": "ул. Буракова",
    "1002": "пр-кт Будённого",
    "1003": "Метро \"Шоссе Энтузиастов\"",
    "1004": "ул. Плеханова",
    "1005": "Кинотеатр \"Слава\"",
    "1006": "2-я Владимирская ул.",
    "1007": "3-я Владимирская ул.",
    "1008": "Трамвай № 8",
    "1009": "Таллинская ул.",
    "1010": "ул. Кулакова",
    "1011": "Универсам",
    "1012": "Почта",
    "1013": "Метро \"Строгино\"",
    "1014": "ул. Маршала Катукова",
    "1015": "Техцентр \"Камертон\"",
    "1016": "Детская поликлиника",
    "1017": "6-я городская больница",
    "1018": "Метро \"Щукинская\"",
    "1019": "Трамвай № 10",
    "1020": "Останкинский ПКиО",
    "1021": "Аргуновская ул.",
    "1022": "ул. Цандера",
    "1023": "ВВЦ южная",
    "1024": "Метро \"ВДНХ\"",
    "1025": "ВВЦ северная",
    "1026": "пр-кт Мира",
    "1027": "\"ул. Бориса Галушкина,4\"",
    "1028": "Ярославская ул.",
    "1029": "пл. Академика Люльки",
    "1030": "Станция юннатов",
    "1031": "Институт иностранных языков",
    "1032": "Ростокинский пр-д",
    "1033": "Богатырский мост",
    "1034": "Богородский храм",
    "1035": "Университет РАО",
    "1036": "1-я Прогонная ул.",
    "1037": "Объединение \"ЛИТ\"",
    "1038": "Мосгорсуд",
    "1039": "ул. Хромова",
    "1040": "Метро \"Преображенская площадь\"",
    "1041": "Преображенский рынок",
    "1042": "Преображенский вал",
    "1043": "Преображенское кладбище",
    "1044": "Измайловский вал",
    "1045": "Метро \"Семёновская\"",
    "1046": "ул. Ибрагимова",
    "1047": "Фортунатовская ул.",
    "1048": "Мост Окружной железной дороги",
    "1049": "Метро \"Партизанская\"",
    "1050": "Главная аллея",
    "1051": "Меховая фабрика",
    "1052": "Измайловская пл.",
    "1053": "3-я Парковая ул.",
    "1054": "5-я Парковая ул.",
    "1055": "7-я Парковая ул.",
    "1056": "Метро \"Первомайская\"",
    "1057": "Кинотеатр \"Первомайский\"",
    "1058": "13-я Парковая ул.",
    "1059": "15-я Парковая ул.",
    "1060": "16-я Парковая ул.",
    "1061": "Трамвай № 11",
    "1062": "пр-д Энтузиастов",
    "1063": "Кинотеатр \"Победа\"",
    "1064": "Метро \"Пролетарская\"",
    "1065": "Динамовская ул.",
    "1066": "Арбатецкая ул.",
    "1067": "Железнодорожный переезд",
    "1068": "ЦНИИТМаш",
    "1069": "Шинный завод",
    "1070": "Метро \"Дубровка\"",
    "1071": "2-я ул. Машиностроения",
    "1072": "Трамвай № 12",
    "1073": "Детский санаторий",
    "1074": "Детские ясли-сад",
    "1075": "Техникум",
    "1076": "Метрогородок",
    "1077": "Тагильская ул.",
    "1078": "Плодоовощной комбинат",
    "1079": "Метро \"Бульвар Рокоссовского\"",
    "1080": "б-р Маршала Рокоссовского",
    "1081": "Просторная ул.",
    "1082": "Черкизово",
    "1083": "Халтуринская ул.",
    "1084": "Преображенская пл.",
    "1085": "Трамвайное депо им. Русакова",
    "1086": "М. Остроумовская ул.",
    "1087": "Бабаевская ул.",
    "1088": "Метро \"Сокольники\"",
    "1089": "Сокольническая застава",
    "1090": "Трамвай № 13",
    "1091": "Метро \"Университет\"",
    "1092": "Драмтеатр",
    "1093": "Ленинский пр-кт",
    "1094": "Институт педиатрии",
    "1095": "Черёмушкинский рынок",
    "1096": "64-я больница",
    "1097": "ул. Дмитрия Ульянова",
    "1098": "ул. Губкина",
    "1099": "ул. Ляпунова",
    "1100": "ул. Бардина",
    "1101": "пр-кт 60-летия Октября",
    "1102": "Метро \"Ленинский проспект\" Ю",
    "1103": "Метро \"Ленинский проспект\" С",
    "1104": "ул. Орджоникидзе",
    "1105": "Университет Дружбы Народов",
    "1106": "Трамвай № 14",
    "1107": "Строгинский б-р",
    "1108": "Мякининский пр-д",
    "1109": "\"ул. Кулакова, 11\"",
    "1110": "Кинотеатр \"Таджикистан\"",
    "1111": "Диспансер",
    "1112": "Детский комбинат",
    "1113": "ул. Академика Курчатова",
    "1114": "Пехотная ул.",
    "1115": "ул. Панфилова",
    "1116": "Светлый пр-д",
    "1117": "\"ул. Константина Царёва, 12\"",
    "1118": "ул. Константина Царёва",
    "1119": "Мост Победы",
    "1120": "1-й Новоподмосковный пер.",
    "1121": "Метро \"Войковская\"",
    "1122": "Трамвай № 15",
    "1123": "ул. Академика Янгеля",
    "1124": "Поликлиника №92",
    "1125": "Детский сад",
    "1126": "Аптека",
    "1127": "\"Чертановская ул., 44\"",
    "1128": "ул. Красного Маяка",
    "1129": "Детская стоматологическая поликлиника",
    "1130": "\"Чертановская ул., 28\"",
    "1131": "Кинотеатр \"Ашхабад\"",
    "1132": "Сумская ул.",
    "1133": "Магазин \"Оптика\"",
    "1134": "Спортивная школа",
    "1135": "Сумской проезд",
    "1136": "Центр творчества",
    "1137": "Метро \"Чертановская\"",
    "1138": "Балаклавский пр-кт",
    "1139": "Черноморский б-р",
    "1140": "\"Симферопольский б-р, 20\"",
    "1141": "Метро \"Каховская\"",
    "1142": "Болотниковская ул.",
    "1143": "Фруктовая ул.",
    "1144": "Нахимовский пр-кт",
    "1145": "Симферопольский б-р",
    "1146": "Хлебозаводский пр-д",
    "1147": "1-й Нагатинский пр-д",
    "1148": "платформа Нижние Котлы",
    "1149": "Метро \"Нагатинская\"",
    "1150": "Центр Международной почты",
    "1151": "Стадион \"Труд\"",
    "1152": "Ярмарка \"Центральная\"",
    "1153": "Платформа ЗИЛ",
    "1154": "Метро \"Тульская\"",
    "1155": "Трамвай № 16",
    "1156": "ул. Тихомирова",
    "1157": "Поликлиника",
    "1158": "ул. Молодцова",
    "1159": "Кинотеатр \"Полярный\"",
    "1160": "Полярная ул.",
    "1161": "пр-д Шокальского",
    "1162": "Сухонская ул.",
    "1163": "\"ул. Менжинского, 38\"",
    "1164": "Метро \"Бабушкинская\"",
    "1165": "Печорская ул.",
    "1166": "Радужная ул.",
    "1167": "Верхоянская ул.",
    "1168": "Берингов пр-д",
    "1169": "Комбинат \"Лира\"",
    "1170": "Платформа \"Северянин\"",
    "1171": "Ростокинский ремзавод",
    "1172": "ул. Докукина",
    "1173": "Сельскохозяйственная ул.",
    "1174": "ул. Сергея Эйзенштейна",
    "1175": "Трамвай № 17",
    "1176": "Каланчёвская ул.",
    "1177": "Б. Балканский пер.",
    "1178": "Пантелеевская ул.",
    "1179": "Б. Переяславская ул.",
    "1180": "Астраханский пер.",
    "1181": "Ботанический пер.",
    "1182": "Метро \"Проспект Мира\"",
    "1183": "ул. Гиляровского",
    "1184": "ул. Щепкина",
    "1185": "Театр зверей им. Дурова",
    "1186": "Самотёчная ул.",
    "1187": "4-й Самотёчный пер.",
    "1188": "Никоновский пер.",
    "1189": "Селезнёвская ул.",
    "1190": "ул. Достоевского",
    "1191": "пл. Борьбы",
    "1192": "МИИТ",
    "1193": "ул. Образцова",
    "1194": "ДК МИИТ",
    "1195": "Минаевский пер.",
    "1196": "Тихвинский пер.",
    "1197": "ул. Палиха",
    "1198": "Сущёвская ул.",
    "1199": "Метро \"Менделеевская\"",
    "1200": "Метро \"Новослободская\"",
    "1201": "Нововоротниковский пер.",
    "1202": "Трамвай № 19",
    "1203": "Москворецкий рынок",
    "1204": "Трамвай № 1",
    "1205": "Угрешская ул.",
    "1206": "Угрешский переезд",
    "1207": "\"Угрешская ул., 8\"",
    "1208": "Южнопортовая ул.",
    "1209": "М. Андроньевская ул.",
    "1210": "Б. Андроньевская ул.",
    "1211": "Музей Андрея Рублёва",
    "1212": "ДК Метростроя",
    "1213": "Поликлиника №116",
    "1214": "Курский вокзал",
    "1215": "Трамвай № 20",
    "1216": "Трамвай № 21",
    "1217": "ул. Ивана Бабушкина",
    "1218": "Профсоюзная ул.",
    "1219": "Новочерёмушкинская ул.",
    "1220": "Центр детского творчества",
    "1221": "Черёмушки",
    "1222": "Трамвай № 22",
    "1223": "Михалково",
    "1224": "пр-д Черепановых",
    "1225": "Соболевский пр-д",
    "1226": "3-й Михалковский пер.",
    "1227": "Коптевский рынок",
    "1228": "Коптевская ул.",
    "1229": "Новопетровская ул.",
    "1230": "Кинотеатр \"Рассвет\"",
    "1231": "3-й Новоподмосковный пер.",
    "1232": "Школа им. Космодемьянских",
    "1233": "\"Живописная ул., 50\"",
    "1234": "ул. Рогова",
    "1235": "Бассейн",
    "1236": "ул. Маршала Тухачевского",
    "1237": "пр-кт Маршала Жукова",
    "1238": "Трамвай № 23",
    "1239": "ул. Алексея Дикого",
    "1240": "Метро \"Новогиреево\"",
    "1241": "Учебный комплекс",
    "1242": "\"Зелёный пр-кт, 65\"",
    "1243": "Мартеновская ул.",
    "1244": "Детский универмаг",
    "1245": "Центральный универсам",
    "1246": "Федеративный пр-кт",
    "1247": "ул. Металлургов",
    "1248": "ш. Энтузиастов",
    "1249": "МЭИ",
    "1250": "Лефортовский вал",
    "1251": "1-й Краснокурсантский пр-д",
    "1252": "Лефортовский мост",
    "1253": "Лефортовская наб.",
    "1254": "ул. Радио",
    "1255": "Доброслободская ул.",
    "1256": "Елизаветинский пер.",
    "1257": "наб. Академика Туполева",
    "1258": "4-й Сыромятнический пр-д",
    "1259": "Трамвай № 24",
    "1260": "ул. Винокурова",
    "1261": "ул. Шверника",
    "1262": "Загородное ш.",
    "1263": "\"Севастопольский пр-кт, 1\"",
    "1264": "Больница им. Алексеева",
    "1265": "Спортивная школа \"Тринта\"",
    "1266": "Духовской пер.",
    "1267": "3-я Рощинская ул.",
    "1268": "3-й В. Михайловский пр-д",
    "1269": "Трамвай № 26",
    "1270": "Метро \"Дмитровская\"",
    "1271": "Дмитровский пр-д",
    "1272": "ул. Всеволода Вишневского",
    "1273": "Магазин \"Свет\"",
    "1274": "Префектура САО",
    "1275": "Парк \"Дубки\"",
    "1276": "Красностуденческий пр-д",
    "1277": "Институт биотехнологий",
    "1278": "Пасечная ул.",
    "1279": "ТСХА",
    "1280": "Полиграфический институт",
    "1281": "Кинотеатр \"Байкал\"",
    "1282": "Трамвай № 27",
    "1283": "Трамвай № 110",
    "1284": "Трамвай № 28к",
    "1285": "Метро \"Бульвар Рокоссовского\" С",
    "1286": "5-й пр-д Подбельского",
    "1287": "3-й пр-д Подбельского",
    "1288": "Игральная ул.",
    "1289": "Погонный пр-д",
    "1290": "Ланинский пер.",
    "1291": "Богородское",
    "1292": "Трамвай № 29",
    "1293": "М. Семёновская ул.",
    "1294": "Трамвай № 2",
    "1295": "Трамвай № 30",
    "1296": "Авиамоторная ул.",
    "1297": "Лефортовский рынок",
    "1298": "\"Авиамоторная ул., 2\"",
    "1299": "Кинотеатр \"Спутник\"",
    "1300": "Солдатская ул.",
    "1301": "Госпитальная пл.",
    "1302": "Введенское кладбище",
    "1303": "Ухтомская ул.",
    "1304": "Семёновский вал",
    "1305": "Кирпичная ул.",
    "1306": "Трамвай № 32",
    "1307": "Трамвай № 33",
    "1308": "Стадион \"Крылья Советов\"",
    "1309": "9-я ул. Соколиной Горы",
    "1310": "8-я ул. Соколиной Горы",
    "1311": "\"пр-кт Будённого, 24\"",
    "1312": "5-я ул. Соколиной Горы",
    "1313": "\"пр-кт Будённого, 49\"",
    "1314": "Компьютерный центр",
    "1315": "Трамвай № 34",
    "1316": "Новоспасский мост",
    "1317": "Кожевническая ул.",
    "1318": "Павелецкий вокзал",
    "1319": "Институт антибиотиков",
    "1320": "Ювелирный завод",
    "1321": "7-й троллейбусный парк",
    "1322": "Завод карданных валов",
    "1323": "ул. Садовники",
    "1324": "Школа №574",
    "1325": "Метро \"Коломенская\"",
    "1326": "9-й квартал",
    "1327": "\"Судостроительная ул., 17\"",
    "1328": "Кленовый б-р",
    "1329": "Затонная ул.",
    "1330": "Якорная ул.",
    "1331": "Нагатино",
    "1332": "Трамвай № 35",
    "1333": "Трамвай № 35к",
    "1334": "Трамвай № 36",
    "1335": "МГТУ им. Баумана",
    "1336": "Денисовский пер.",
    "1337": "Аптекарский пер.",
    "1338": "Метро \"Бауманская\"",
    "1339": "Бакунинская ул.",
    "1340": "\"Бауманская ул., 17\"",
    "1341": "Бауманская ул.",
    "1342": "Поликлиника №15",
    "1343": "Ольховская ул.",
    "1344": "Н. Красносельская ул.",
    "1345": "Метро \"Красносельская\"",
    "1346": "Комсомольская пл.",
    "1347": "Трамвай № 37",
    "1348": "Трамвай № 38",
    "1349": "Трамвай № 38к",
    "1350": "Трамвай № 3",
    "1351": "Трамвай № 39",
    "1352": "ДК \"Серп и Молот\"",
    "1353": "Трамвайно-ремонтный завод",
    "1354": "Самокатная ул.",
    "1355": "Волочаевская ул.",
    "1356": "Трамвай № 43",
    "1357": "Леснорядская ул.",
    "1358": "Маленковская ул.",
    "1359": "Трамвай № 45",
    "1360": "Трамвай № 46",
    "1361": "Трамвай № 47",
    "1362": "Трамвай № 47к",
    "1363": "Трамвай № 50",
    "1364": "Б. Ширяевская ул.",
    "1365": "Б. Оленья ул.",
    "1366": "Майский просек",
    "1367": "ул. Короленко",
    "1368": "Охотничья ул.",
    "1369": "Метро \"Бульвар Рокоссовского\" Ю",
    "1370": "Трамвай № 4л",
    "1371": "Трамвай № 4п",
    "1372": "Братцево",
    "1373": "НИИАТ",
    "1374": "ул. Вилиса Лациса",
    "1375": "\"ул. Героев Панфиловцев, 33\"",
    "1376": "Институт им. Менделеева",
    "1377": "Туристская ул.",
    "1378": "\"ул. Героев Панфиловцев, 21\"",
    "1379": "Планерная ул.",
    "1380": "ул. Фомичевой",
    "1381": "Метро \"Сходненская\"",
    "1382": "Нелидовская ул.",
    "1383": "ул. Фабрициуса",
    "1384": "Западный мост",
    "1385": "Новопоселковая ул.",
    "1386": "Восточный мост",
    "1387": "ул. Мещерякова",
    "1388": "ул. Циолковского",
    "1389": "Тушинская ул.",
    "1390": "Канал им. Москвы",
    "1391": "Больница МПС",
    "1392": "Покровское-Глебово",
    "1393": "Трамвай № 6",
    "1394": "Трамвай № 6к",
    "1395": "Трамвай № 7",
    "1396": "Киевский вокзал",
    "1397": "Фрунзенская набережная",
    "1398": "Парк Культуры",
    "1399": "Крымский мост",
    "1400": "Театр эстрады",
    "1401": "Гостиница \"Россия\"",
    "1402": "Южный речной вокзал",
    "1403": "Музей-заповедник \"Коломенское\"",
    "1404": "Речной трамвай",
    "1405": "Станция \"Крюково\"",
    "1406": "Панфиловский просп.",
    "1407": "12-й микрорайон",
    "1408": "Березовая аллея",
    "1409": "Дом мебели",
    "1410": "1-й Торговый центр",
    "1411": "Кинотеатр \"Электрон\"",
    "1412": "Магазин \"Детский мир\"",
    "1413": "Магазин \"Океан\"",
    "1414": "Дом быта",
    "1415": "Магазин \"Товары для дома\"",
    "1416": "Универмаг",
    "1417": "ул. Юности",
    "1418": "Музыкальная школа",
    "1419": "Ведогонь театр",
    "1420": "Центр \"Ювелир\"",
    "1421": "Озерная аллея",
    "1422": "7-й Торговый центр",
    "1423": "Водоканал",
    "1424": "Фабрика-прачечная",
    "1425": "Оранжерея",
    "1426": "\"Автобусный парк, по требованию\"",
    "1427": "СТО ВАЗ",
    "1428": "Автобус № 1(з)",
    "1429": "Московский просп.",
    "1430": "Дворец культуры",
    "1431": "Родильный дом",
    "1432": "Городская больница",
    "1433": "Автобус № 10(з)",
    "1434": "Северная",
    "1435": "4-й Западный пр.",
    "1436": "Автокомбинат",
    "1437": "Березка",
    "1438": "МИЭТ",
    "1439": "Солнечная аллея",
    "1440": "9-й микрорайон",
    "1441": "10-й микрорайон",
    "1442": "Исторический музей",
    "1443": "Корпус 1012",
    "1444": "Центр реабилитации",
    "1445": "МГАДА",
    "1446": "11-й микрорайон",
    "1447": "Автобус № 11(з)",
    "1448": "Московский проспект",
    "1449": "Никольская церковь",
    "1450": "МЖК",
    "1451": "Автобус № 12(з)",
    "1452": "Училище",
    "1453": "АЗС",
    "1454": "Автобаза",
    "1455": "Западная",
    "1456": "Автобус № 13(з)",
    "1457": "14-й микрорайон",
    "1458": "Выставочный зал",
    "1459": "Корпус 1407",
    "1460": "Корпус 1401",
    "1461": "Школа искусств",
    "1462": "Дежурная аптека",
    "1463": "18-й микрорайон",
    "1464": "Автобус № 14(з)",
    "1465": "Городское кладбище",
    "1466": "Автодормехбаза",
    "1467": "Крюковская эстакада",
    "1468": "ул. 1-го Мая",
    "1469": "Овражная ул.",
    "1470": "Пенсионный фонд",
    "1471": "Корпус 1645",
    "1472": "Корпус 1640",
    "1473": "Супермаркет \"Проспект\"",
    "1474": "Рынок",
    "1475": "Отделение милиции",
    "1476": "Корпус 1602",
    "1477": "16-й микрорайон",
    "1478": "Автобус № 15(з)",
    "1479": "Корпус 1420",
    "1480": "Корпус 1428",
    "1481": "Пожарное депо",
    "1482": "Корпус 1471",
    "1483": "Автобус № 16(з)",
    "1484": "15-й микрорайон",
    "1485": "Корпус 1557",
    "1486": "Корпус 1501",
    "1487": "Автобус № 17(з)",
    "1488": "\"Кладбище, по требованию\"",
    "1489": "Почтовая ул.",
    "1490": "Школа",
    "1491": "Центральная ул.",
    "1492": "Автобус № 18(з)",
    "1493": "Центр занятости населения",
    "1494": "Корпус 1538",
    "1495": "Автобус № 19(з)",
    "1496": "Фабрика-прачечная2",
    "1497": "Автобус № 2(з)",
    "1498": "Автобус № 19к(з)",
    "1499": "Заводская ул.",
    "1500": "Промкомбинат",
    "1501": "Комбинат ЖБИ",
    "1502": "РТС-4",
    "1503": "Деревня Малино",
    "1504": "ГСК",
    "1505": "Малинская ул.",
    "1506": "Медведки",
    "1507": "Кладбище \"Рожки\"",
    "1508": "Автобус № 20(з)",
    "1509": "Корпус 814",
    "1510": "Корпус 815",
    "1511": "Корпус 856",
    "1512": "Школа надомного обучения",
    "1513": "Платформа \"Малино\"",
    "1514": "Автобус № 21(з)",
    "1515": "Корпус 1624",
    "1516": "Корпус 1620",
    "1517": "Корпус 1649",
    "1518": "Автобус № 22(з)",
    "1519": "Автобус № 23(з)",
    "1520": "Автобус № 27(з)",
    "1521": "Дом № 50",
    "1522": "Деревня Алабушево",
    "1523": "Участок механизации",
    "1524": "Автобус № 3(з)",
    "1525": "Кафе \"Лесное\"",
    "1526": "Корпус 1121",
    "1527": "РТС-2",
    "1528": "Автобус № 4(з)",
    "1529": "Автобус № 5(з)",
    "1530": "Автобус № 6(з)",
    "1531": "Кинологический центр",
    "1532": "Река Сходня",
    "1533": "Деревня Назарьево",
    "1534": "Дачный поселок",
    "1535": "Платформа \"Фирсановка\"",
    "1536": "Автобус № 7(з)",
    "1537": "41-й километр",
    "1538": "Автобус № 8(з)",
    "1539": "Автобус № 9(з)",
    "1540": "Метро",
    "1541": "ROOT",
    "1542": "Метро",
    "1543": "Электричка",
    "1544": "lening-bologoezhd",
    "1545": "OTHER",
    "1546": "Электричка",
    "1547": "Автобус",
    "1548": "Трамвай",
    "1549": "tramwayse",
    "1550": "tramwaysn",
    "1551": "tramwaysnw",
    "1552": "tramwayss",
    "1553": "Схема от 14.09.2025г.\n\nАвтор 3d-макетов станций - Андрей Ионов.\n",
    "1554": "Imported from http://pmetro.su"
}