{
    "0": "St.James",
    "1": "Monument",
    "2": "Manors",
    "3": "Byker",
    "4": "Chillingham Road",
    "5": "Walkergate",
    "6": "Wallsend",
    "7": "Hadrian Road",
    "8": "Howdon",
    "9": "Percy Main",
    "10": "Meadow Well",
    "11": "North Shields",
    "12": "Tynemounth",
    "13": "Cullercoats",
    "14": "Whitley Bay",
    "15": "Monkseaton",
    "16": "West Monkseaton",
    "17": "Shiremoor",
    "18": "Northhumberland Park",
    "19": "Palmersville",
    "20": "Benton",
    "21": "Four Lane Ends",
    "22": "Longbenton",
    "23": "South Gosforth",
    "24": "Ilford Road",
    "25": "West Jesmond",
    "26": "Jesmond",
    "27": "Haymarket",
    "28": "Central Station",
    "29": "Gateshead",
    "30": "Gateshead Stadium",
    "31": "Felling",
    "32": "Heworth",
    "33": "Pelaw",
    "34": "Hebburn",
    "35": "Jarrow",
    "36": "Bede",
    "37": "Simonside",
    "38": "Tyne Dock",
    "39": "Chichester",
    "40": "South Shields",
    "41": "Yellow Line",
    "42": "Airport",
    "43": "Callerton Parkway",
    "44": "Bank Foot",
    "45": "Kingston Park",
    "46": "Fawdon",
    "47": "Wansbesk Road",
    "48": "Regent Centre",
    "49": "Fellgate",
    "50": "Brockley Whins",
    "51": "East Boldon",
    "52": "Seaburn",
    "53": "Stadium of Light",
    "54": "St.Peter's",
    "55": "Sunderland",
    "56": "Park Lane",
    "57": "University",
    "58": "Millfield",
    "59": "Pallion",
    "60": "South Hylton",
    "61": "Green Line",
    "62": "Метро",
    "63": "ROOT",
    "64": "Схема от 26.03.2008г.\nАвтор - Степанов Игорь.\n\nЗа основу взята карта с сайта www.tyneandwearmetro.co.uk/metro.htm\n\nИнтервалы движения - ждем Вашей помощи.",
    "65": "Imported from http://pmetro.su"
}