{
    "0": "Langenhagen",
    "1": "Langenhagen/Kurt-Schumacher-Allee",
    "2": "Langenhagen/Zentrum",
    "3": "Langenhagen/Langenforther Platz",
    "4": "Langenhagen/Angerstrasse",
    "5": "Berliner Platz",
    "6": "Wiesenau",
    "7": "Wasserturm",
    "8": "Kabelkamp",
    "9": "Kanalbrucke",
    "10": "Buttnerstrasse",
    "11": "Niedersachsenring",
    "12": "Dragonerstrasse",
    "13": "Vahrenwalder Platz",
    "14": "Werderstrasse",
    "15": "Hauptbahnhof",
    "16": "Kropcke",
    "17": "Aegidientorplatz",
    "18": "Schlagerstrasse",
    "19": "Geibelstrasse",
    "20": "Altenbekener Damm",
    "21": "Dohrener Turm",
    "22": "Fiedelerstrasse",
    "23": "Peiner Strasse",
    "24": "Bothmerstrasse",
    "25": "Dorfstrasse",
    "26": "Am Brabrinke",
    "27": "Laatzen/Werner-von-Siemens-Platz",
    "28": "Bahnhof Laatzen/Eichstrasse",
    "29": "Laatzen/Park der Sinne",
    "30": "Laatzen/Centrum",
    "31": "Laatzen",
    "32": "Laatzen/Rethener Winkel",
    "33": "Rethen/Nord",
    "34": "Rethen/Bahnhof",
    "35": "Rethen/Galgenberg",
    "36": "Gleidingen/Nord",
    "37": "Gleidingen/Mitte",
    "38": "Gleidingen/Sud",
    "39": "Heisede",
    "40": "Heisede/Sud",
    "41": "Sarstedt/Boksberg",
    "42": "Sarstedt/Rontgenstrasse",
    "43": "Sarstedt",
    "44": "1",
    "45": "Thielenplatz/Schauspielhaus",
    "46": "Steintor",
    "47": "Clevertor",
    "48": "Goetheplatz",
    "49": "Glocksee",
    "50": "Kuchengarten/Ihmezentrum",
    "51": "Leinaustrasse",
    "52": "Ungerstrasse",
    "53": "Wunstorfer Strasse",
    "54": "Harenberger Strasse",
    "55": "Limmer/Schleuse",
    "56": "Ehrhartstrasse",
    "57": "Ahlem",
    "58": "10",
    "59": "Haltenhoffstrasse",
    "60": "Strangriede",
    "61": "Kopernikusstrasse",
    "62": "Christuskirche",
    "63": "Marienstrasse",
    "64": "Braunschweiger Platz",
    "65": "Clausewitzstrasse",
    "66": "Hannover CongressCentrum",
    "67": "Zoo",
    "68": "11",
    "69": "Humboldtstrasse",
    "70": "Schwarzer Bar",
    "71": "Krankenhaus Siloah",
    "72": "Stadionbrucke",
    "73": "Bahnhof Linden/Fischerhof",
    "74": "Schunemannplatz",
    "75": "Beekestrasse",
    "76": "Wallensteinstrasse",
    "77": "17",
    "78": "Alte Heide",
    "79": "Bahnstrift",
    "80": "Tempelhofweg",
    "81": "Zehlendorfweg",
    "82": "Papenwinkel",
    "83": "Vahrenheider Markt",
    "84": "Reiterstadion",
    "85": "Grosser Kolonnenweg",
    "86": "Laatzen/Stadtbad",
    "87": "Laatzen/Krankenhaus",
    "88": "Laatzen/Neuer Schlag",
    "89": "Laatzen/Ginsterweg",
    "90": "Rethen/Steinfeld",
    "91": "Rethen",
    "92": "Dohren/Bahnhof",
    "93": "2",
    "94": "Altwarmbuchen",
    "95": "Altwarmbuchen/Zentrum",
    "96": "Altwarmbuchen/Ernst-Grote-Strasse",
    "97": "Altwarmbuchen/Opelstrasse",
    "98": "Oldenburger Allee",
    "99": "Stadtfriedhof Lahe",
    "100": "Lahe",
    "101": "Oststadtkrankenhaus",
    "102": "Buchholz/Noltemeyerbrucke",
    "103": "Klingerstrasse",
    "104": "Spannhagengarten",
    "105": "Pelikanstrasse",
    "106": "Vier Grenzen",
    "107": "Lortzingstrasse",
    "108": "Lister Platz",
    "109": "Sedanstrasse/Lister Meile",
    "110": "Markthalle/Landtag",
    "111": "Waterloo",
    "112": "Bartold-Knaust-Strasse",
    "113": "Am Sauerwinkel",
    "114": "Muhlenberg",
    "115": "Tresckowstrasse",
    "116": "Wettbergen",
    "117": "3",
    "118": "Garbsen",
    "119": "Auf der Horst/Marshof",
    "120": "Auf der Horst/Skorpiongasse",
    "121": "Friedhof Auf der Horst",
    "122": "Pascalstrasse",
    "123": "Marienwerder/Wissenschaftspark",
    "124": "Jadekamp",
    "125": "Auf der Klappenburg",
    "126": "Lauckerthof",
    "127": "Hogrefestrasse",
    "128": "Hemelingstrasse",
    "129": "Stocken/Friedhof",
    "130": "Leinhausen/Bahnhof",
    "131": "Herrenhauser Markt",
    "132": "Schaumburgstrasse",
    "133": "Herrenhauser Garten",
    "134": "Parkhaus",
    "135": "Schneiderberg/W.-Busch-Museum",
    "136": "Universitat",
    "137": "Konigsworther Platz",
    "138": "Kantplatz",
    "139": "Uhlhornstrasse",
    "140": "Nackenberg",
    "141": "Karl-Wiechert-Allee",
    "142": "Misburger Strasse",
    "143": "Medizinische Hochschule",
    "144": "Roderbruchmarkt",
    "145": "Roderbruch",
    "146": "4",
    "147": "Stocken",
    "148": "Weizenfeldstrasse",
    "149": "Annastift",
    "150": "Bleekstrasse",
    "151": "Mettlacher Strasse",
    "152": "Kaiser-Wilhelm-Strasse",
    "153": "Grosser Hillen",
    "154": "Tiergarten",
    "155": "Ostfeldstrasse",
    "156": "Konigsberger Ring",
    "157": "Anderten",
    "158": "5",
    "159": "Nordhafen",
    "160": "Mecklenheidestrasse",
    "161": "Beneckeallee",
    "162": "Friedenau",
    "163": "Krepenstrasse",
    "164": "Chamissostrasse",
    "165": "Bertramstrasse",
    "166": "Fenskestrasse",
    "167": "Nordstadt/Bahnhof",
    "168": "Freundallee",
    "169": "Kerstingstrasse",
    "170": "Bult/Kinderkrankenhaus",
    "171": "Bischofshol/Lange-Feld-Strasse",
    "172": "Bunteweg/Tierarztliche Hochschule",
    "173": "Pressehaus",
    "174": "Seelhorster Garten",
    "175": "Emslandstrasse",
    "176": "Bemerode/Mitte",
    "177": "Feldbuschwende",
    "178": "Kronsberg",
    "179": "Krugerskamp",
    "180": "Stockholmer Allee",
    "181": "Messe/Ost",
    "182": "6",
    "183": "Fasanenkrug",
    "184": "Bothfelder Friedhof",
    "185": "Kurze-Kamp-Strasse",
    "186": "Bothfeld",
    "187": "Bothfeld/Kirche",
    "188": "7",
    "189": "Stadtfriedhof Seelhorst",
    "190": "Mittelfeld",
    "191": "Messe/Nord",
    "192": "8",
    "193": "Lindener Marktplatz",
    "194": "Nieschlagstrasse",
    "195": "Bernh.-Caspar-Strasse",
    "196": "Lindener Hafen",
    "197": "Bauweg",
    "198": "Kortingsdorfer Weg",
    "199": "Soltekamp",
    "200": "Badenstedt Denkmal",
    "201": "Safariweg",
    "202": "Empelde/Stadtgrenze",
    "203": "Empelde",
    "204": "9",
    "205": "Электричка",
    "206": "ROOT",
    "207": "Версия карты от 11.09.2007г.\nАвтор: Варламов Дмитрий (www.chpeks.com)",
    "208": "Imported from http://pmetro.su"
}