{
    "lines": [
        {
            "delays": [],
            "name": "1",
            "scheme": null,
            "segments": [
                [
                    0,
                    1,
                    120
                ],
                [
                    1,
                    0,
                    120
                ],
                [
                    1,
                    2,
                    120
                ],
                [
                    2,
                    1,
                    120
                ],
                [
                    2,
                    3,
                    120
                ],
                [
                    3,
                    2,
                    120
                ],
                [
                    3,
                    4,
                    120
                ],
                [
                    4,
                    3,
                    120
                ],
                [
                    4,
                    5,
                    60
                ],
                [
                    5,
                    4,
                    120
                ],
                [
                    5,
                    6,
                    120
                ],
                [
                    6,
                    5,
                    120
                ],
                [
                    6,
                    7,
                    120
                ],
                [
                    7,
                    6,
                    120
                ],
                [
                    7,
                    8,
                    120
                ],
                [
                    8,
                    7,
                    120
                ],
                [
                    8,
                    9,
                    180
                ],
                [
                    9,
                    8,
                    120
                ],
                [
                    9,
                    10,
                    60
                ],
                [
                    10,
                    9,
                    120
                ],
                [
                    10,
                    11,
                    120
                ],
                [
                    11,
                    10,
                    120
                ],
                [
                    11,
                    12,
                    120
                ],
                [
                    12,
                    11,
                    120
                ],
                [
                    12,
                    13,
                    120
                ],
                [
                    13,
                    12,
                    60
                ],
                [
                    13,
                    14,
                    120
                ],
                [
                    14,
                    13,
                    120
                ],
                [
                    14,
                    15,
                    120
                ],
                [
                    15,
                    14,
                    120
                ],
                [
                    15,
                    16,
                    120
                ],
                [
                    16,
                    15,
                    120
                ],
                [
                    16,
                    17,
                    60
                ],
                [
                    17,
                    16,
                    120
                ],
                [
                    17,
                    18,
                    120
                ],
                [
                    18,
                    17,
                    120
                ],
                [
                    18,
                    19,
                    120
                ],
                [
                    19,
                    18,
                    60
                ],
                [
                    19,
                    20,
                    120
                ],
                [
                    20,
                    19,
                    120
                ],
                [
                    20,
                    21,
                    120
                ],
                [
                    21,
                    20,
                    120
                ]
            ],
            "stations": [
                [
                    0,
                    "Panam",
                    0
                ],
                [
                    1,
                    "Sinheung",
                    1
                ],
                [
                    2,
                    "Dae-dong",
                    2
                ],
                [
                    3,
                    "Daejeon",
                    3
                ],
                [
                    4,
                    "Jungangno",
                    4
                ],
                [
                    5,
                    "Jung-gu Office",
                    5
                ],
                [
                    6,
                    "Seodaejeonnegeori",
                    6
                ],
                [
                    7,
                    "Oryong",
                    7
                ],
                [
                    8,
                    "Yongmun",
                    8
                ],
                [
                    9,
                    "Tanbang",
                    9
                ],
                [
                    10,
                    "City Hall",
                    10
                ],
                [
                    11,
                    "Government Complex Daejeon",
                    11
                ],
                [
                    12,
                    "Galma",
                    12
                ],
                [
                    13,
                    "Wolpyeong",
                    13
                ],
                [
                    14,
                    "Gapcheon",
                    14
                ],
                [
                    15,
                    "Yuseong Spa",
                    15
                ],
                [
                    16,
                    "Guam",
                    16
                ],
                [
                    17,
                    "National Cemetery",
                    17
                ],
                [
                    18,
                    "World Cup Stadium",
                    18
                ],
                [
                    19,
                    "Noeun",
                    19
                ],
                [
                    20,
                    "Jijok",
                    20
                ],
                [
                    21,
                    "Banseok",
                    21
                ]
            ],
            "text_id": 22
        }
    ],
    "name": "metro",
    "transfers": [],
    "type_name": "Метро"
}