{
    "0": "Huancheng Nanlu",
    "1": "Kunming Huochezhan",
    "2": "Fude",
    "3": "Rixin Lu",
    "4": "Wujiaba",
    "5": "Changhong Xilu",
    "6": "Xiaodong Cun",
    "7": "Erji Lu",
    "8": "Xingyao Lu",
    "9": "Xin Yazhou Tiyucheng",
    "10": "South Bus Station",
    "11": "Dounan",
    "12": "Chunrong Jie",
    "13": "Tuofeng Jie",
    "14": "Lianda Jie",
    "15": "Yikang Nanlu",
    "16": "University City",
    "17": "University City South",
    "18": "1",
    "19": "North Bus Stn",
    "20": "Longtou Jie",
    "21": "Sijia Ying",
    "22": "Yangchang Cun",
    "23": "Linyuqiao",
    "24": "Beichen",
    "25": "Jinxing",
    "26": "Baiyun Lu",
    "27": "Huoche Beizhan",
    "28": "Chuanxin Gulou",
    "29": "Jiaosanqiao",
    "30": "Dongfeng Guangchang",
    "31": "Tangzi Xiang",
    "32": "2",
    "33": "Shizui",
    "34": "Dayu Lu",
    "35": "West Bus Station",
    "36": "Mianshan",
    "37": "Changyuan Zhonglu",
    "38": "Xiyuan",
    "39": "Liangjia He",
    "40": "Shi Tiyuguan",
    "41": "Panjiawan",
    "42": "Wuyi Lu",
    "43": "Tuodong Tiyuguan",
    "44": "Dashuying",
    "45": "Jinma Si",
    "46": "Taiping Cun",
    "47": "Hongqiao",
    "48": "East Bus Station",
    "49": "3",
    "50": "Dabanqiao",
    "51": "Airport Front",
    "52": "Airport Center",
    "53": "6",
    "54": "Метро",
    "55": "ROOT",
    "56": "Схема от 20.05.2013г.",
    "57": "Imported from http://pmetro.su"
}