{
    "0": "Churchgate",
    "1": "Marine Lines",
    "2": "Charni Rd",
    "3": "Grant Rd",
    "4": "Mumbai Central",
    "5": "Mahalaxmi",
    "6": "Lower Parel",
    "7": "Elphinstone Rd",
    "8": "Dadar",
    "9": "Matunga Rd",
    "10": "Mahim Jn",
    "11": "Bandra",
    "12": "Khar Rd",
    "13": "Santacruz",
    "14": "Vile Parle",
    "15": "Andheri",
    "16": "Jogeshwari",
    "17": "Goregaon",
    "18": "Malad",
    "19": "Kandivli",
    "20": "Borivali",
    "21": "Western",
    "22": "Mumbai CST",
    "23": "Masjid",
    "24": "Sandhurst Rd",
    "25": "Byculla",
    "26": "Chinchpokli",
    "27": "Curey Rd",
    "28": "Parel",
    "29": "Matunga",
    "30": "Sion",
    "31": "Kurla",
    "32": "Vidyavihar",
    "33": "Ghatkopar",
    "34": "Vikhroli",
    "35": "Kanjur Marg",
    "36": "Bhandup",
    "37": "Mulund",
    "38": "Thane",
    "39": "Kalwa",
    "40": "Mumbra",
    "41": "Diva Jn",
    "42": "Dombivli",
    "43": "Thakruli",
    "44": "Kalyan",
    "45": "Central",
    "46": "Dockyard Rd",
    "47": "Reay Rd",
    "48": "Cotton Green",
    "49": "Sewri",
    "50": "Wadala Jn",
    "51": "King Circle",
    "52": "Harbour 1",
    "53": "GTB Nagar",
    "54": "Chunabhatti",
    "55": "Tilak Nagar",
    "56": "Chembur",
    "57": "Mankhurd",
    "58": "Vashi",
    "59": "Sanpada",
    "60": "Jui Nagar",
    "61": "Nerul",
    "62": "Seawood",
    "63": "Belapur",
    "64": "Kharghar",
    "65": "Mansarovar",
    "66": "Khandeshwar",
    "67": "Panvel",
    "68": "Harbour 2",
    "69": "Dighe",
    "70": "Airoli",
    "71": "Rabale",
    "72": "Ghansoli",
    "73": "Koparkhairane",
    "74": "Turbhe",
    "75": "Thane-Vashi",
    "76": "Электричка",
    "77": "ROOT",
    "78": "Схема от 19.05.2007г.\nАвтор: Варламов Дмитрий (www.chpeks.com)",
    "79": "Imported from http://pmetro.su"
}