{
    "0": "Gare de l'Ouest / Weststation",
    "1": "Beekkant",
    "2": "Etangs Noirs / Zwarte Vijvers",
    "3": "Comte de Flandre / Graaf van Vlaanderen",
    "4": "Saint-Catherine / Sint-Katelijne",
    "5": "De Brouckere",
    "6": "Gare Centrale / Centraal Station",
    "7": "Parc / Park",
    "8": "Arts-Loi / Kunst-Wet",
    "9": "Maelbeek / Maalbeek",
    "10": "Schuman",
    "11": "Merode",
    "12": "Montgomery",
    "13": "Josephine-Charlotte",
    "14": "Gribaumont",
    "15": "Tomberg",
    "16": "Roodebeek",
    "17": "Vandervelde",
    "18": "Alma",
    "19": "Craainem / Krainhem",
    "20": "Stockel / Stokkel",
    "21": "1",
    "22": "Simonis Leopold II",
    "23": "Osseghem / Ossegem",
    "24": "Delacroix",
    "25": "Clemenceau",
    "26": "Gare du Midi / Zuidstation",
    "27": "Porte de Hal / Hallepoort",
    "28": "Hotel des Monnaies / Munthof",
    "29": "Louise / Louiza",
    "30": "Porte de Namur / Naamsepoort",
    "31": "Trone / Troon",
    "32": "Madou",
    "33": "Botanique / Kruidtuin",
    "34": "Rogier",
    "35": "IJzer / Yser",
    "36": "Ribaucourt",
    "37": "Simonis Elizabeth",
    "38": "2",
    "39": "Erasme / Erasmus",
    "40": "Eddy Merckx",
    "41": "CERIA / COOVI",
    "42": "La Roue / Het Rad",
    "43": "Bizet",
    "44": "Veeweyde / Veeweide",
    "45": "Sint-Guido / Saint-Guidon",
    "46": "Aumale",
    "47": "Jacques Brel",
    "48": "Thieffry",
    "49": "Petillon",
    "50": "Hankar",
    "51": "Delta",
    "52": "Beaulieu",
    "53": "Demey",
    "54": "Herrmann-Debroux",
    "55": "5",
    "56": "Roi Baudouin / Koning Boudewijn",
    "57": "Heizel / Heysel",
    "58": "Houba-Brugmann",
    "59": "Stuyvenbergh",
    "60": "Bockstael",
    "61": "Pannenhuis",
    "62": "Belgica",
    "63": "6",
    "64": "Gare du Nord / Noordstation",
    "65": "Bourse",
    "66": "Anneessens",
    "67": "Lemonnier",
    "68": "Parvis de Saint-Gilles / Sint-Gillis Voorplein",
    "69": "Horta",
    "70": "Albert",
    "71": "North-South axis",
    "72": "Diamant",
    "73": "Georges Henri",
    "74": "Boileau",
    "75": "Greater Ring axis",
    "76": "Metro",
    "77": "ROOT",
    "78": "Shema ot 08.10.2010g.\nAvtor: Kuz'min Aleksandr",
    "79": "Imported from http://pmetro.su"
}