{
    "default_transports": [
        "metro"
    ],
    "height": 530,
    "images": [
        "res/schemes/daejeon.svg"
    ],
    "is_vector": true,
    "lines": [
        {
            "labels_bg_color": "-1",
            "labels_color": "000000",
            "line_color": "29853C",
            "line_width": 6,
            "name": "1",
            "segments": [
                [
                    0,
                    1,
                    [
                        [
                            880,
                            380
                        ],
                        [
                            930,
                            380
                        ]
                    ],
                    true
                ],
                [
                    1,
                    2,
                    [
                        [
                            830,
                            380
                        ],
                        [
                            880,
                            380
                        ]
                    ],
                    true
                ],
                [
                    2,
                    3,
                    [
                        [
                            780,
                            380
                        ],
                        [
                            830,
                            380
                        ]
                    ],
                    true
                ],
                [
                    3,
                    4,
                    [
                        [
                            730,
                            380
                        ],
                        [
                            780,
                            380
                        ]
                    ],
                    true
                ],
                [
                    4,
                    5,
                    [
                        [
                            680,
                            380
                        ],
                        [
                            730,
                            380
                        ]
                    ],
                    true
                ],
                [
                    5,
                    6,
                    [
                        [
                            640.0,
                            350.0
                        ],
                        [
                            644.38,
                            354.22
                        ],
                        [
                            648.5,
                            358.12
                        ],
                        [
                            652.38,
                            361.72
                        ],
                        [
                            656.0,
                            365.0
                        ],
                        [
                            659.38,
                            367.97
                        ],
                        [
                            662.5,
                            370.62
                        ],
                        [
                            665.38,
                            372.97
                        ],
                        [
                            668.0,
                            375.0
                        ],
                        [
                            670.38,
                            376.72
                        ],
                        [
                            672.5,
                            378.12
                        ],
                        [
                            674.38,
                            379.22
                        ],
                        [
                            676.0,
                            380.0
                        ],
                        [
                            677.38,
                            380.47
                        ],
                        [
                            678.5,
                            380.62
                        ],
                        [
                            679.38,
                            380.47
                        ],
                        [
                            680.0,
                            380.0
                        ]
                    ],
                    true
                ],
                [
                    6,
                    7,
                    [
                        [
                            610,
                            320
                        ],
                        [
                            640,
                            350
                        ]
                    ],
                    true
                ],
                [
                    7,
                    8,
                    [
                        [
                            580,
                            290
                        ],
                        [
                            610,
                            320
                        ]
                    ],
                    true
                ],
                [
                    8,
                    9,
                    [
                        [
                            550,
                            260
                        ],
                        [
                            580,
                            290
                        ]
                    ],
                    true
                ],
                [
                    9,
                    10,
                    [
                        [
                            520,
                            230
                        ],
                        [
                            550,
                            260
                        ]
                    ],
                    true
                ],
                [
                    10,
                    11,
                    [
                        [
                            480.0,
                            215.0
                        ],
                        [
                            483.2,
                            214.88
                        ],
                        [
                            486.31,
                            214.91
                        ],
                        [
                            489.33,
                            215.07
                        ],
                        [
                            492.25,
                            215.38
                        ],
                        [
                            495.08,
                            215.82
                        ],
                        [
                            497.81,
                            216.41
                        ],
                        [
                            500.45,
                            217.13
                        ],
                        [
                            503.0,
                            218.0
                        ],
                        [
                            505.45,
                            219.01
                        ],
                        [
                            507.81,
                            220.16
                        ],
                        [
                            510.08,
                            221.45
                        ],
                        [
                            512.25,
                            222.88
                        ],
                        [
                            514.33,
                            224.45
                        ],
                        [
                            516.31,
                            226.16
                        ],
                        [
                            518.2,
                            228.01
                        ],
                        [
                            520.0,
                            230.0
                        ]
                    ],
                    true
                ],
                [
                    11,
                    12,
                    [
                        [
                            430,
                            215
                        ],
                        [
                            480,
                            215
                        ]
                    ],
                    true
                ],
                [
                    12,
                    13,
                    [
                        [
                            380,
                            215
                        ],
                        [
                            430,
                            215
                        ]
                    ],
                    true
                ],
                [
                    13,
                    14,
                    [
                        [
                            330,
                            215
                        ],
                        [
                            380,
                            215
                        ]
                    ],
                    true
                ],
                [
                    14,
                    15,
                    [
                        [
                            280,
                            215
                        ],
                        [
                            330,
                            215
                        ]
                    ],
                    true
                ],
                [
                    15,
                    16,
                    [
                        [
                            240.0,
                            200.0
                        ],
                        [
                            241.8,
                            201.99
                        ],
                        [
                            243.69,
                            203.84
                        ],
                        [
                            245.67,
                            205.55
                        ],
                        [
                            247.75,
                            207.12
                        ],
                        [
                            249.92,
                            208.55
                        ],
                        [
                            252.19,
                            209.84
                        ],
                        [
                            254.55,
                            210.99
                        ],
                        [
                            257.0,
                            212.0
                        ],
                        [
                            259.55,
                            212.87
                        ],
                        [
                            262.19,
                            213.59
                        ],
                        [
                            264.92,
                            214.18
                        ],
                        [
                            267.75,
                            214.62
                        ],
                        [
                            270.67,
                            214.93
                        ],
                        [
                            273.69,
                            215.09
                        ],
                        [
                            276.8,
                            215.12
                        ],
                        [
                            280.0,
                            215.0
                        ]
                    ],
                    true
                ],
                [
                    16,
                    17,
                    [
                        [
                            210,
                            170
                        ],
                        [
                            240,
                            200
                        ]
                    ],
                    true
                ],
                [
                    17,
                    18,
                    [
                        [
                            180,
                            140
                        ],
                        [
                            210,
                            170
                        ]
                    ],
                    true
                ],
                [
                    18,
                    19,
                    [
                        [
                            150,
                            110
                        ],
                        [
                            180,
                            140
                        ]
                    ],
                    true
                ],
                [
                    19,
                    20,
                    [
                        [
                            120,
                            80
                        ],
                        [
                            150,
                            110
                        ]
                    ],
                    true
                ],
                [
                    20,
                    21,
                    [
                        [
                            90,
                            50
                        ],
                        [
                            120,
                            80
                        ]
                    ],
                    true
                ]
            ],
            "stations": [
                {
                    "coord": [
                        930,
                        380
                    ],
                    "is_working": true,
                    "name": "Panam",
                    "rect": [
                        912,
                        352,
                        36,
                        15
                    ],
                    "text_id": 0,
                    "uid": 0
                },
                {
                    "coord": [
                        880,
                        380
                    ],
                    "is_working": true,
                    "name": "Sinheung",
                    "rect": [
                        857,
                        393,
                        48,
                        15
                    ],
                    "text_id": 1,
                    "uid": 1
                },
                {
                    "coord": [
                        830,
                        380
                    ],
                    "is_working": true,
                    "name": "Dae-dong",
                    "rect": [
                        804,
                        353,
                        49,
                        15
                    ],
                    "text_id": 2,
                    "uid": 2
                },
                {
                    "coord": [
                        780,
                        380
                    ],
                    "is_working": true,
                    "name": "Daejeon",
                    "rect": [
                        761,
                        393,
                        43,
                        15
                    ],
                    "text_id": 3,
                    "uid": 3
                },
                {
                    "coord": [
                        730,
                        380
                    ],
                    "is_working": true,
                    "name": "Jungangno",
                    "rect": [
                        701,
                        353,
                        56,
                        15
                    ],
                    "text_id": 4,
                    "uid": 4
                },
                {
                    "coord": [
                        680,
                        380
                    ],
                    "is_working": true,
                    "name": "Jung-gu Office",
                    "rect": [
                        579,
                        374,
                        73,
                        15
                    ],
                    "text_id": 5,
                    "uid": 5
                },
                {
                    "coord": [
                        640,
                        350
                    ],
                    "is_working": true,
                    "name": "Seodaejeonnegeori",
                    "rect": [
                        525,
                        345,
                        97,
                        15
                    ],
                    "text_id": 6,
                    "uid": 6
                },
                {
                    "coord": [
                        610,
                        320
                    ],
                    "is_working": true,
                    "name": "Oryong",
                    "rect": [
                        627,
                        311,
                        38,
                        15
                    ],
                    "text_id": 7,
                    "uid": 7
                },
                {
                    "coord": [
                        580,
                        290
                    ],
                    "is_working": true,
                    "name": "Yongmun",
                    "rect": [
                        592,
                        278,
                        48,
                        15
                    ],
                    "text_id": 8,
                    "uid": 8
                },
                {
                    "coord": [
                        550,
                        260
                    ],
                    "is_working": true,
                    "name": "Tanbang",
                    "rect": [
                        565,
                        249,
                        44,
                        15
                    ],
                    "text_id": 9,
                    "uid": 9
                },
                {
                    "coord": [
                        520,
                        230
                    ],
                    "is_working": true,
                    "name": "City Hall",
                    "rect": [
                        535,
                        221,
                        45,
                        15
                    ],
                    "text_id": 10,
                    "uid": 10
                },
                {
                    "coord": [
                        480,
                        215
                    ],
                    "is_working": true,
                    "name": "Government Complex Daejeon",
                    "rect": [
                        479,
                        188,
                        153,
                        15
                    ],
                    "text_id": 11,
                    "uid": 11
                },
                {
                    "coord": [
                        430,
                        215
                    ],
                    "is_working": true,
                    "name": "Galma",
                    "rect": [
                        415,
                        188,
                        34,
                        15
                    ],
                    "text_id": 12,
                    "uid": 12
                },
                {
                    "coord": [
                        380,
                        215
                    ],
                    "is_working": true,
                    "name": "Wolpyeong",
                    "rect": [
                        355,
                        228,
                        57,
                        15
                    ],
                    "text_id": 13,
                    "uid": 13
                },
                {
                    "coord": [
                        330,
                        215
                    ],
                    "is_working": true,
                    "name": "Gapcheon",
                    "rect": [
                        306,
                        188,
                        52,
                        15
                    ],
                    "text_id": 14,
                    "uid": 14
                },
                {
                    "coord": [
                        280,
                        215
                    ],
                    "is_working": true,
                    "name": "Yuseong Spa",
                    "rect": [
                        248,
                        228,
                        67,
                        15
                    ],
                    "text_id": 15,
                    "uid": 15
                },
                {
                    "coord": [
                        240,
                        200
                    ],
                    "is_working": true,
                    "name": "Guam",
                    "rect": [
                        195,
                        195,
                        31,
                        15
                    ],
                    "text_id": 16,
                    "uid": 16
                },
                {
                    "coord": [
                        210,
                        170
                    ],
                    "is_working": true,
                    "name": "National Cemetery",
                    "rect": [
                        103,
                        166,
                        94,
                        15
                    ],
                    "text_id": 17,
                    "uid": 17
                },
                {
                    "coord": [
                        180,
                        140
                    ],
                    "is_working": true,
                    "name": "World Cup Stadium",
                    "rect": [
                        69,
                        135,
                        97,
                        15
                    ],
                    "text_id": 18,
                    "uid": 18
                },
                {
                    "coord": [
                        150,
                        110
                    ],
                    "is_working": true,
                    "name": "Noeun",
                    "rect": [
                        102,
                        106,
                        34,
                        15
                    ],
                    "text_id": 19,
                    "uid": 19
                },
                {
                    "coord": [
                        120,
                        80
                    ],
                    "is_working": true,
                    "name": "Jijok",
                    "rect": [
                        77,
                        73,
                        26,
                        15
                    ],
                    "text_id": 20,
                    "uid": 20
                },
                {
                    "coord": [
                        90,
                        50
                    ],
                    "is_working": true,
                    "name": "Banseok",
                    "rect": [
                        33,
                        43,
                        46,
                        15
                    ],
                    "text_id": 21,
                    "uid": 21
                }
            ],
            "text_id": 22
        }
    ],
    "lines_width": 6,
    "name": "metro",
    "name_text_id": 23,
    "stations_diameter": 14.0,
    "transfers": [],
    "transports": [
        "metro"
    ],
    "type_name": "ROOT",
    "type_text_id": 24,
    "upper_case": false,
    "width": 1080,
    "word_wrap": false
}