{
    "default_transports": [
        "metro"
    ],
    "height": 950,
    "images": [
        "res/schemes/hamburg.svg"
    ],
    "is_vector": true,
    "lines": [
        {
            "labels_bg_color": "-1",
            "labels_color": "005AA4",
            "line_color": "005AA4",
            "line_width": 7,
            "name": "U1",
            "segments": [
                [
                    0,
                    1,
                    [
                        [
                            330,
                            65
                        ],
                        [
                            315,
                            50
                        ]
                    ],
                    true
                ],
                [
                    1,
                    2,
                    [
                        [
                            345,
                            80
                        ],
                        [
                            330,
                            65
                        ]
                    ],
                    true
                ],
                [
                    2,
                    3,
                    [
                        [
                            360,
                            95
                        ],
                        [
                            345,
                            80
                        ]
                    ],
                    true
                ],
                [
                    3,
                    4,
                    [
                        [
                            375,
                            110
                        ],
                        [
                            360,
                            95
                        ]
                    ],
                    true
                ],
                [
                    4,
                    5,
                    [
                        [
                            395,
                            130
                        ],
                        [
                            375,
                            110
                        ]
                    ],
                    true
                ],
                [
                    5,
                    6,
                    [
                        [
                            415,
                            150
                        ],
                        [
                            395,
                            130
                        ]
                    ],
                    true
                ],
                [
                    6,
                    7,
                    [
                        [
                            430,
                            165
                        ],
                        [
                            415,
                            150
                        ]
                    ],
                    true
                ],
                [
                    7,
                    8,
                    [
                        [
                            450,
                            185
                        ],
                        [
                            430,
                            165
                        ]
                    ],
                    true
                ],
                [
                    8,
                    9,
                    [
                        [
                            465,
                            200
                        ],
                        [
                            450,
                            185
                        ]
                    ],
                    true
                ],
                [
                    9,
                    10,
                    [
                        [
                            482,
                            218
                        ],
                        [
                            465,
                            200
                        ]
                    ],
                    true
                ],
                [
                    10,
                    11,
                    [
                        [
                            435,
                            265
                        ],
                        [
                            482,
                            218
                        ]
                    ],
                    true
                ],
                [
                    11,
                    12,
                    [
                        [
                            410,
                            290
                        ],
                        [
                            435,
                            265
                        ]
                    ],
                    true
                ],
                [
                    12,
                    13,
                    [
                        [
                            380,
                            320
                        ],
                        [
                            410,
                            290
                        ]
                    ],
                    true
                ],
                [
                    13,
                    14,
                    [
                        [
                            350,
                            350
                        ],
                        [
                            380,
                            320
                        ]
                    ],
                    true
                ],
                [
                    14,
                    15,
                    [
                        [
                            315,
                            385
                        ],
                        [
                            350,
                            350
                        ]
                    ],
                    true
                ],
                [
                    15,
                    16,
                    [
                        [
                            315,
                            440
                        ],
                        [
                            315,
                            385
                        ]
                    ],
                    true
                ],
                [
                    16,
                    17,
                    [
                        [
                            315,
                            480
                        ],
                        [
                            315,
                            440
                        ]
                    ],
                    true
                ],
                [
                    17,
                    18,
                    [
                        [
                            315,
                            575
                        ],
                        [
                            315,
                            480
                        ]
                    ],
                    true
                ],
                [
                    18,
                    19,
                    [
                        [
                            315,
                            620
                        ],
                        [
                            315,
                            575
                        ]
                    ],
                    true
                ],
                [
                    19,
                    20,
                    [
                        [
                            375,
                            740
                        ],
                        [
                            315.0,
                            740.0
                        ],
                        [
                            315,
                            620
                        ]
                    ],
                    true
                ],
                [
                    20,
                    21,
                    [
                        [
                            440,
                            740
                        ],
                        [
                            375,
                            740
                        ]
                    ],
                    true
                ],
                [
                    21,
                    22,
                    [
                        [
                            525,
                            715
                        ],
                        [
                            500.0,
                            740.0
                        ],
                        [
                            440,
                            740
                        ]
                    ],
                    true
                ],
                [
                    22,
                    23,
                    [
                        [
                            645,
                            560
                        ],
                        [
                            610.0,
                            595.0
                        ],
                        [
                            610.0,
                            715.0
                        ],
                        [
                            525,
                            715
                        ]
                    ],
                    true
                ],
                [
                    23,
                    24,
                    [
                        [
                            680,
                            525
                        ],
                        [
                            645,
                            560
                        ]
                    ],
                    true
                ],
                [
                    24,
                    25,
                    [
                        [
                            695,
                            510
                        ],
                        [
                            680,
                            525
                        ]
                    ],
                    true
                ],
                [
                    25,
                    26,
                    [
                        [
                            715,
                            490
                        ],
                        [
                            695,
                            510
                        ]
                    ],
                    true
                ],
                [
                    26,
                    27,
                    [
                        [
                            750,
                            455
                        ],
                        [
                            715,
                            490
                        ]
                    ],
                    true
                ],
                [
                    27,
                    28,
                    [
                        [
                            795,
                            410
                        ],
                        [
                            750,
                            455
                        ]
                    ],
                    true
                ],
                [
                    28,
                    29,
                    [
                        [
                            795,
                            360
                        ],
                        [
                            795,
                            410
                        ]
                    ],
                    true
                ],
                [
                    29,
                    30,
                    [
                        [
                            795,
                            320
                        ],
                        [
                            795,
                            360
                        ]
                    ],
                    true
                ],
                [
                    30,
                    31,
                    [
                        [
                            795,
                            280
                        ],
                        [
                            795,
                            320
                        ]
                    ],
                    true
                ],
                [
                    31,
                    32,
                    [
                        [
                            795,
                            250
                        ],
                        [
                            795,
                            280
                        ]
                    ],
                    true
                ],
                [
                    32,
                    33,
                    [
                        [
                            795,
                            225
                        ],
                        [
                            795,
                            250
                        ]
                    ],
                    true
                ],
                [
                    33,
                    34,
                    [
                        [
                            795,
                            200
                        ],
                        [
                            795,
                            225
                        ]
                    ],
                    true
                ],
                [
                    34,
                    35,
                    [
                        [
                            795,
                            170
                        ],
                        [
                            795,
                            200
                        ]
                    ],
                    true
                ],
                [
                    35,
                    36,
                    [
                        [
                            795,
                            145
                        ],
                        [
                            795,
                            170
                        ]
                    ],
                    true
                ],
                [
                    36,
                    37,
                    [
                        [
                            795,
                            110
                        ],
                        [
                            795,
                            145
                        ]
                    ],
                    true
                ],
                [
                    36,
                    40,
                    [
                        [
                            830,
                            145
                        ],
                        [
                            795,
                            145
                        ]
                    ],
                    true
                ],
                [
                    37,
                    38,
                    [
                        [
                            795,
                            65
                        ],
                        [
                            795,
                            110
                        ]
                    ],
                    true
                ],
                [
                    38,
                    39,
                    [
                        [
                            795,
                            15
                        ],
                        [
                            795,
                            65
                        ]
                    ],
                    true
                ],
                [
                    40,
                    41,
                    [
                        [
                            865,
                            145
                        ],
                        [
                            830,
                            145
                        ]
                    ],
                    true
                ],
                [
                    41,
                    42,
                    [
                        [
                            955,
                            145
                        ],
                        [
                            865,
                            145
                        ]
                    ],
                    true
                ],
                [
                    42,
                    43,
                    [
                        [
                            1000,
                            145
                        ],
                        [
                            955,
                            145
                        ]
                    ],
                    true
                ],
                [
                    43,
                    44,
                    [
                        [
                            1035,
                            145
                        ],
                        [
                            1000,
                            145
                        ]
                    ],
                    true
                ],
                [
                    44,
                    45,
                    [
                        [
                            1075,
                            145
                        ],
                        [
                            1035,
                            145
                        ]
                    ],
                    true
                ]
            ],
            "stations": [
                {
                    "coord": [
                        315,
                        50
                    ],
                    "is_working": true,
                    "name": "Norderstedt Mitte",
                    "rect": [
                        219,
                        43,
                        87,
                        15
                    ],
                    "text_id": 0,
                    "uid": 0
                },
                {
                    "coord": [
                        330,
                        65
                    ],
                    "is_working": true,
                    "name": "Richtweg",
                    "rect": [
                        273,
                        62,
                        48,
                        15
                    ],
                    "text_id": 1,
                    "uid": 1
                },
                {
                    "coord": [
                        345,
                        80
                    ],
                    "is_working": true,
                    "name": "Garstedt",
                    "rect": [
                        292,
                        77,
                        44,
                        15
                    ],
                    "text_id": 2,
                    "uid": 2
                },
                {
                    "coord": [
                        360,
                        95
                    ],
                    "is_working": true,
                    "name": "Ochsenzoll",
                    "rect": [
                        294,
                        92,
                        57,
                        15
                    ],
                    "text_id": 3,
                    "uid": 3
                },
                {
                    "coord": [
                        375,
                        110
                    ],
                    "is_working": true,
                    "name": "Kiwittsmoor",
                    "rect": [
                        305,
                        107,
                        61,
                        15
                    ],
                    "text_id": 4,
                    "uid": 4
                },
                {
                    "coord": [
                        395,
                        130
                    ],
                    "is_working": true,
                    "name": "Langenhorn Nord",
                    "rect": [
                        299,
                        127,
                        87,
                        15
                    ],
                    "text_id": 5,
                    "uid": 5
                },
                {
                    "coord": [
                        415,
                        150
                    ],
                    "is_working": true,
                    "name": "Langenhorn Markt",
                    "rect": [
                        315,
                        147,
                        91,
                        15
                    ],
                    "text_id": 6,
                    "uid": 6
                },
                {
                    "coord": [
                        430,
                        165
                    ],
                    "is_working": true,
                    "name": "Fuhlsbuttel Nord",
                    "rect": [
                        338,
                        162,
                        83,
                        15
                    ],
                    "text_id": 7,
                    "uid": 7
                },
                {
                    "coord": [
                        450,
                        185
                    ],
                    "is_working": true,
                    "name": "Fuhlsbuttel",
                    "rect": [
                        385,
                        182,
                        56,
                        15
                    ],
                    "text_id": 8,
                    "uid": 8
                },
                {
                    "coord": [
                        465,
                        200
                    ],
                    "is_working": true,
                    "name": "Klein Borstel",
                    "rect": [
                        389,
                        197,
                        67,
                        15
                    ],
                    "text_id": 9,
                    "uid": 9
                },
                {
                    "coord": [
                        482,
                        218
                    ],
                    "is_working": true,
                    "name": "Ohlsdorf",
                    "rect": [
                        421,
                        212,
                        44,
                        15
                    ],
                    "text_id": 10,
                    "uid": 10
                },
                {
                    "coord": [
                        435,
                        265
                    ],
                    "is_working": true,
                    "name": "Sengelmannstrasse",
                    "rect": [
                        326,
                        253,
                        100,
                        15
                    ],
                    "text_id": 11,
                    "uid": 11
                },
                {
                    "coord": [
                        410,
                        290
                    ],
                    "is_working": true,
                    "name": "Alsterdorf",
                    "rect": [
                        350,
                        278,
                        51,
                        15
                    ],
                    "text_id": 12,
                    "uid": 12
                },
                {
                    "coord": [
                        380,
                        320
                    ],
                    "is_working": true,
                    "name": "Lattenkamp",
                    "rect": [
                        312,
                        308,
                        59,
                        15
                    ],
                    "text_id": 13,
                    "uid": 13
                },
                {
                    "coord": [
                        350,
                        350
                    ],
                    "is_working": true,
                    "name": "Hudtwalckerstrasse",
                    "rect": [
                        240,
                        338,
                        101,
                        15
                    ],
                    "text_id": 14,
                    "uid": 14
                },
                {
                    "coord": [
                        315,
                        385
                    ],
                    "is_working": true,
                    "name": "Kellinghusenstrasse",
                    "rect": [
                        191,
                        375,
                        104,
                        15
                    ],
                    "text_id": 15,
                    "uid": 15
                },
                {
                    "coord": [
                        315,
                        440
                    ],
                    "is_working": true,
                    "name": "Klosterstern",
                    "rect": [
                        324,
                        433,
                        63,
                        15
                    ],
                    "text_id": 16,
                    "uid": 16
                },
                {
                    "coord": [
                        315,
                        480
                    ],
                    "is_working": true,
                    "name": "Hallerstrasse",
                    "rect": [
                        324,
                        473,
                        69,
                        15
                    ],
                    "text_id": 17,
                    "uid": 17
                },
                {
                    "coord": [
                        315,
                        575
                    ],
                    "is_working": true,
                    "name": "Stephansplatz",
                    "rect": [
                        325,
                        567,
                        71,
                        15
                    ],
                    "text_id": 18,
                    "uid": 18
                },
                {
                    "coord": [
                        315,
                        620
                    ],
                    "is_working": true,
                    "name": "Jungfernstieg",
                    "rect": [
                        327,
                        619,
                        69,
                        15
                    ],
                    "text_id": 19,
                    "uid": 19
                },
                {
                    "coord": [
                        375,
                        740
                    ],
                    "is_working": true,
                    "name": "Messberg",
                    "rect": [
                        345,
                        749,
                        51,
                        15
                    ],
                    "text_id": 20,
                    "uid": 20
                },
                {
                    "coord": [
                        440,
                        740
                    ],
                    "is_working": true,
                    "name": "Steinstrasse",
                    "rect": [
                        422,
                        749,
                        64,
                        15
                    ],
                    "text_id": 21,
                    "uid": 21
                },
                {
                    "coord": [
                        525,
                        715
                    ],
                    "is_working": true,
                    "name": "Hauptbahnhof Sud",
                    "rect": [
                        533,
                        723,
                        92,
                        15
                    ],
                    "text_id": 22,
                    "uid": 22
                },
                {
                    "coord": [
                        645,
                        560
                    ],
                    "is_working": true,
                    "name": "Lohmuhlenstrasse",
                    "rect": [
                        543,
                        548,
                        93,
                        15
                    ],
                    "text_id": 23,
                    "uid": 23
                },
                {
                    "coord": [
                        680,
                        525
                    ],
                    "is_working": true,
                    "name": "Lubecker Strasse",
                    "rect": [
                        579,
                        516,
                        89,
                        15
                    ],
                    "text_id": 24,
                    "uid": 24
                },
                {
                    "coord": [
                        695,
                        510
                    ],
                    "is_working": true,
                    "name": "Wartenau",
                    "rect": [
                        704,
                        507,
                        49,
                        15
                    ],
                    "text_id": 25,
                    "uid": 25
                },
                {
                    "coord": [
                        715,
                        490
                    ],
                    "is_working": true,
                    "name": "Ritterstrasse",
                    "rect": [
                        724,
                        487,
                        66,
                        15
                    ],
                    "text_id": 26,
                    "uid": 26
                },
                {
                    "coord": [
                        750,
                        455
                    ],
                    "is_working": true,
                    "name": "Wandsbeker Chaussee",
                    "rect": [
                        759,
                        452,
                        117,
                        15
                    ],
                    "text_id": 27,
                    "uid": 27
                },
                {
                    "coord": [
                        795,
                        410
                    ],
                    "is_working": true,
                    "name": "Wandsbek Markt",
                    "rect": [
                        804,
                        403,
                        85,
                        15
                    ],
                    "text_id": 28,
                    "uid": 28
                },
                {
                    "coord": [
                        795,
                        360
                    ],
                    "is_working": true,
                    "name": "Strassburger Strasse",
                    "rect": [
                        804,
                        353,
                        107,
                        15
                    ],
                    "text_id": 29,
                    "uid": 29
                },
                {
                    "coord": [
                        795,
                        320
                    ],
                    "is_working": true,
                    "name": "Alter Teichweg",
                    "rect": [
                        804,
                        312,
                        76,
                        15
                    ],
                    "text_id": 30,
                    "uid": 30
                },
                {
                    "coord": [
                        795,
                        280
                    ],
                    "is_working": true,
                    "name": "Wandsbek-Gartenstadt",
                    "rect": [
                        807,
                        272,
                        114,
                        15
                    ],
                    "text_id": 31,
                    "uid": 31
                },
                {
                    "coord": [
                        795,
                        250
                    ],
                    "is_working": true,
                    "name": "Trabrennbahn",
                    "rect": [
                        804,
                        243,
                        70,
                        15
                    ],
                    "text_id": 32,
                    "uid": 32
                },
                {
                    "coord": [
                        795,
                        225
                    ],
                    "is_working": true,
                    "name": "Farmsen",
                    "rect": [
                        804,
                        218,
                        45,
                        15
                    ],
                    "text_id": 33,
                    "uid": 33
                },
                {
                    "coord": [
                        795,
                        200
                    ],
                    "is_working": true,
                    "name": "Berne",
                    "rect": [
                        804,
                        193,
                        32,
                        15
                    ],
                    "text_id": 34,
                    "uid": 34
                },
                {
                    "coord": [
                        795,
                        170
                    ],
                    "is_working": true,
                    "name": "Meiendorfer Weg",
                    "rect": [
                        804,
                        163,
                        86,
                        15
                    ],
                    "text_id": 35,
                    "uid": 35
                },
                {
                    "coord": [
                        795,
                        145
                    ],
                    "is_working": true,
                    "name": "Volksdorf",
                    "rect": [
                        737,
                        138,
                        49,
                        15
                    ],
                    "text_id": 36,
                    "uid": 36
                },
                {
                    "coord": [
                        795,
                        110
                    ],
                    "is_working": true,
                    "name": "Buckhorn",
                    "rect": [
                        736,
                        103,
                        50,
                        15
                    ],
                    "text_id": 37,
                    "uid": 37
                },
                {
                    "coord": [
                        795,
                        65
                    ],
                    "is_working": true,
                    "name": "Hoisbuttel",
                    "rect": [
                        734,
                        58,
                        52,
                        15
                    ],
                    "text_id": 38,
                    "uid": 38
                },
                {
                    "coord": [
                        795,
                        15
                    ],
                    "is_working": true,
                    "name": "Ohlstedt",
                    "rect": [
                        743,
                        8,
                        43,
                        15
                    ],
                    "text_id": 39,
                    "uid": 39
                },
                {
                    "coord": [
                        830,
                        145
                    ],
                    "is_working": true,
                    "name": "Buchenkamp",
                    "rect": [
                        823,
                        69,
                        15,
                        67
                    ],
                    "text_id": 40,
                    "uid": 40
                },
                {
                    "coord": [
                        865,
                        145
                    ],
                    "is_working": true,
                    "name": "Ahrensburg West",
                    "rect": [
                        858,
                        48,
                        15,
                        88
                    ],
                    "text_id": 41,
                    "uid": 41
                },
                {
                    "coord": [
                        955,
                        145
                    ],
                    "is_working": true,
                    "name": "Ahrensburg Ost",
                    "rect": [
                        948,
                        56,
                        15,
                        80
                    ],
                    "text_id": 42,
                    "uid": 42
                },
                {
                    "coord": [
                        1000,
                        145
                    ],
                    "is_working": true,
                    "name": "Schmalenbeck",
                    "rect": [
                        993,
                        61,
                        15,
                        75
                    ],
                    "text_id": 43,
                    "uid": 43
                },
                {
                    "coord": [
                        1035,
                        145
                    ],
                    "is_working": true,
                    "name": "Kiekut",
                    "rect": [
                        1028,
                        102,
                        15,
                        34
                    ],
                    "text_id": 44,
                    "uid": 44
                },
                {
                    "coord": [
                        1075,
                        145
                    ],
                    "is_working": true,
                    "name": "Grosshansdorf",
                    "rect": [
                        1068,
                        61,
                        15,
                        75
                    ],
                    "text_id": 45,
                    "uid": 45
                }
            ],
            "text_id": 46
        },
        {
            "labels_bg_color": "-1",
            "labels_color": "ED0020",
            "line_color": "ED0020",
            "line_width": 7,
            "name": "U2",
            "segments": [
                [
                    46,
                    47,
                    [
                        [
                            165,
                            150
                        ],
                        [
                            165,
                            115
                        ]
                    ],
                    true
                ],
                [
                    47,
                    48,
                    [
                        [
                            165,
                            185
                        ],
                        [
                            165,
                            150
                        ]
                    ],
                    true
                ],
                [
                    48,
                    49,
                    [
                        [
                            165,
                            220
                        ],
                        [
                            165,
                            185
                        ]
                    ],
                    true
                ],
                [
                    49,
                    50,
                    [
                        [
                            165,
                            255
                        ],
                        [
                            165,
                            220
                        ]
                    ],
                    true
                ],
                [
                    50,
                    51,
                    [
                        [
                            165,
                            285
                        ],
                        [
                            165,
                            255
                        ]
                    ],
                    true
                ],
                [
                    51,
                    52,
                    [
                        [
                            165,
                            325
                        ],
                        [
                            165,
                            285
                        ]
                    ],
                    true
                ],
                [
                    52,
                    53,
                    [
                        [
                            165,
                            360
                        ],
                        [
                            165,
                            325
                        ]
                    ],
                    true
                ],
                [
                    53,
                    54,
                    [
                        [
                            165,
                            390
                        ],
                        [
                            165,
                            360
                        ]
                    ],
                    true
                ],
                [
                    54,
                    55,
                    [
                        [
                            165,
                            430
                        ],
                        [
                            165,
                            390
                        ]
                    ],
                    true
                ],
                [
                    55,
                    56,
                    [
                        [
                            205,
                            495
                        ],
                        [
                            165.0,
                            455.0
                        ],
                        [
                            165,
                            430
                        ]
                    ],
                    true
                ],
                [
                    56,
                    57,
                    [
                        [
                            275,
                            565
                        ],
                        [
                            205,
                            495
                        ]
                    ],
                    true
                ],
                [
                    57,
                    58,
                    [
                        [
                            295,
                            585
                        ],
                        [
                            275,
                            565
                        ]
                    ],
                    true
                ],
                [
                    58,
                    59,
                    [
                        [
                            315,
                            605
                        ],
                        [
                            295,
                            585
                        ]
                    ],
                    true
                ],
                [
                    59,
                    60,
                    [
                        [
                            525,
                            605
                        ],
                        [
                            315,
                            605
                        ]
                    ],
                    true
                ],
                [
                    60,
                    61,
                    [
                        [
                            680,
                            605
                        ],
                        [
                            525,
                            605
                        ]
                    ],
                    true
                ],
                [
                    61,
                    62,
                    [
                        [
                            765,
                            605
                        ],
                        [
                            680,
                            605
                        ]
                    ],
                    true
                ],
                [
                    62,
                    63,
                    [
                        [
                            832,
                            605
                        ],
                        [
                            765,
                            605
                        ]
                    ],
                    true
                ],
                [
                    63,
                    64,
                    [
                        [
                            871,
                            605
                        ],
                        [
                            832,
                            605
                        ]
                    ],
                    true
                ],
                [
                    64,
                    65,
                    [
                        [
                            909,
                            605
                        ],
                        [
                            871,
                            605
                        ]
                    ],
                    true
                ],
                [
                    65,
                    66,
                    [
                        [
                            947,
                            605
                        ],
                        [
                            909,
                            605
                        ]
                    ],
                    true
                ],
                [
                    66,
                    67,
                    [
                        [
                            990,
                            605
                        ],
                        [
                            947,
                            605
                        ]
                    ],
                    true
                ],
                [
                    67,
                    68,
                    [
                        [
                            1027,
                            605
                        ],
                        [
                            990,
                            605
                        ]
                    ],
                    true
                ],
                [
                    68,
                    69,
                    [
                        [
                            1064,
                            605
                        ],
                        [
                            1027,
                            605
                        ]
                    ],
                    true
                ]
            ],
            "stations": [
                {
                    "coord": [
                        165,
                        115
                    ],
                    "is_working": true,
                    "name": "Niendorf Nord",
                    "rect": [
                        85,
                        108,
                        71,
                        15
                    ],
                    "text_id": 47,
                    "uid": 46
                },
                {
                    "coord": [
                        165,
                        150
                    ],
                    "is_working": true,
                    "name": "Schippelsweg",
                    "rect": [
                        85,
                        143,
                        71,
                        15
                    ],
                    "text_id": 48,
                    "uid": 47
                },
                {
                    "coord": [
                        165,
                        185
                    ],
                    "is_working": true,
                    "name": "Joachim-Mahl-Strasse",
                    "rect": [
                        44,
                        178,
                        112,
                        15
                    ],
                    "text_id": 49,
                    "uid": 48
                },
                {
                    "coord": [
                        165,
                        220
                    ],
                    "is_working": true,
                    "name": "Niendorf Markt",
                    "rect": [
                        81,
                        213,
                        75,
                        15
                    ],
                    "text_id": 50,
                    "uid": 49
                },
                {
                    "coord": [
                        165,
                        255
                    ],
                    "is_working": true,
                    "name": "Hagendeel",
                    "rect": [
                        101,
                        248,
                        55,
                        15
                    ],
                    "text_id": 51,
                    "uid": 50
                },
                {
                    "coord": [
                        165,
                        285
                    ],
                    "is_working": true,
                    "name": "Hagenbecks Tierpark",
                    "rect": [
                        48,
                        278,
                        108,
                        15
                    ],
                    "text_id": 52,
                    "uid": 51
                },
                {
                    "coord": [
                        165,
                        325
                    ],
                    "is_working": true,
                    "name": "Lutterothstrasse",
                    "rect": [
                        74,
                        318,
                        82,
                        15
                    ],
                    "text_id": 53,
                    "uid": 52
                },
                {
                    "coord": [
                        165,
                        360
                    ],
                    "is_working": true,
                    "name": "Osterstrasse",
                    "rect": [
                        90,
                        353,
                        66,
                        15
                    ],
                    "text_id": 54,
                    "uid": 53
                },
                {
                    "coord": [
                        165,
                        390
                    ],
                    "is_working": true,
                    "name": "Emilienstrasse",
                    "rect": [
                        80,
                        383,
                        76,
                        15
                    ],
                    "text_id": 55,
                    "uid": 54
                },
                {
                    "coord": [
                        165,
                        430
                    ],
                    "is_working": true,
                    "name": "Christuskirche",
                    "rect": [
                        81,
                        423,
                        75,
                        15
                    ],
                    "text_id": 56,
                    "uid": 55
                },
                {
                    "coord": [
                        205,
                        495
                    ],
                    "is_working": true,
                    "name": "Schlump",
                    "rect": [
                        146,
                        488,
                        45,
                        15
                    ],
                    "text_id": 57,
                    "uid": 56
                },
                {
                    "coord": [
                        275,
                        565
                    ],
                    "is_working": true,
                    "name": "Messehallen",
                    "rect": [
                        201,
                        562,
                        65,
                        15
                    ],
                    "text_id": 58,
                    "uid": 57
                },
                {
                    "coord": [
                        295,
                        585
                    ],
                    "is_working": true,
                    "name": "Gansemarkt",
                    "rect": [
                        224,
                        582,
                        62,
                        15
                    ],
                    "text_id": 59,
                    "uid": 58
                },
                {
                    "coord": [
                        315,
                        605
                    ],
                    "is_working": true,
                    "name": "Jungfernstieg",
                    "rect": null,
                    "text_id": 19,
                    "uid": 59
                },
                {
                    "coord": [
                        525,
                        605
                    ],
                    "is_working": true,
                    "name": "Hauptbahnhof Nord",
                    "rect": null,
                    "text_id": 60,
                    "uid": 60
                },
                {
                    "coord": [
                        680,
                        605
                    ],
                    "is_working": true,
                    "name": "Berliner Tor",
                    "rect": [
                        689,
                        582,
                        61,
                        15
                    ],
                    "text_id": 61,
                    "uid": 61
                },
                {
                    "coord": [
                        765,
                        605
                    ],
                    "is_working": true,
                    "name": "Burgstrasse",
                    "rect": null,
                    "text_id": 62,
                    "uid": 62
                },
                {
                    "coord": [
                        832,
                        605
                    ],
                    "is_working": true,
                    "name": "Hammer Kirche",
                    "rect": [
                        825,
                        622,
                        15,
                        80
                    ],
                    "text_id": 63,
                    "uid": 63
                },
                {
                    "coord": [
                        871,
                        605
                    ],
                    "is_working": true,
                    "name": "Rauhes Haus",
                    "rect": [
                        864,
                        622,
                        15,
                        69
                    ],
                    "text_id": 64,
                    "uid": 64
                },
                {
                    "coord": [
                        909,
                        605
                    ],
                    "is_working": true,
                    "name": "Horner Rennbahn",
                    "rect": [
                        902,
                        622,
                        15,
                        89
                    ],
                    "text_id": 65,
                    "uid": 65
                },
                {
                    "coord": [
                        947,
                        605
                    ],
                    "is_working": true,
                    "name": "Legienstrasse",
                    "rect": [
                        940,
                        622,
                        15,
                        72
                    ],
                    "text_id": 66,
                    "uid": 66
                },
                {
                    "coord": [
                        990,
                        605
                    ],
                    "is_working": true,
                    "name": "Billstedt",
                    "rect": [
                        983,
                        614,
                        15,
                        43
                    ],
                    "text_id": 67,
                    "uid": 67
                },
                {
                    "coord": [
                        1027,
                        605
                    ],
                    "is_working": true,
                    "name": "Merkenstrasse",
                    "rect": [
                        1020,
                        614,
                        15,
                        76
                    ],
                    "text_id": 68,
                    "uid": 68
                },
                {
                    "coord": [
                        1064,
                        605
                    ],
                    "is_working": true,
                    "name": "Steinfurther Allee",
                    "rect": null,
                    "text_id": 69,
                    "uid": 69
                },
                {
                    "coord": null,
                    "is_working": true,
                    "name": "Mummelmannsberg",
                    "rect": null,
                    "text_id": 70,
                    "uid": 70
                }
            ],
            "text_id": 71
        },
        {
            "labels_bg_color": "-1",
            "labels_color": "F49E01",
            "line_color": "FFD600",
            "line_width": 7,
            "name": "U3",
            "segments": [
                [
                    71,
                    72,
                    [
                        [
                            535,
                            395
                        ],
                        [
                            665,
                            395
                        ]
                    ],
                    true
                ],
                [
                    72,
                    73,
                    [
                        [
                            465,
                            395
                        ],
                        [
                            535,
                            395
                        ]
                    ],
                    true
                ],
                [
                    73,
                    74,
                    [
                        [
                            390,
                            395
                        ],
                        [
                            465,
                            395
                        ]
                    ],
                    true
                ],
                [
                    74,
                    75,
                    [
                        [
                            305,
                            395
                        ],
                        [
                            390,
                            395
                        ]
                    ],
                    true
                ],
                [
                    75,
                    76,
                    [
                        [
                            284,
                            416
                        ],
                        [
                            305,
                            395
                        ]
                    ],
                    true
                ],
                [
                    76,
                    77,
                    [
                        [
                            255,
                            445
                        ],
                        [
                            284,
                            416
                        ]
                    ],
                    true
                ],
                [
                    77,
                    78,
                    [
                        [
                            215,
                            485
                        ],
                        [
                            255,
                            445
                        ]
                    ],
                    true
                ],
                [
                    78,
                    79,
                    [
                        [
                            175,
                            525
                        ],
                        [
                            215,
                            485
                        ]
                    ],
                    true
                ],
                [
                    79,
                    80,
                    [
                        [
                            175,
                            585
                        ],
                        [
                            175,
                            525
                        ]
                    ],
                    true
                ],
                [
                    80,
                    81,
                    [
                        [
                            175,
                            610
                        ],
                        [
                            175,
                            585
                        ]
                    ],
                    true
                ],
                [
                    81,
                    82,
                    [
                        [
                            175,
                            665
                        ],
                        [
                            175,
                            610
                        ]
                    ],
                    true
                ],
                [
                    82,
                    83,
                    [
                        [
                            195,
                            700
                        ],
                        [
                            175.0,
                            700.0
                        ],
                        [
                            175,
                            665
                        ]
                    ],
                    true
                ],
                [
                    83,
                    84,
                    [
                        [
                            235,
                            700
                        ],
                        [
                            195,
                            700
                        ]
                    ],
                    true
                ],
                [
                    84,
                    85,
                    [
                        [
                            339,
                            700
                        ],
                        [
                            235,
                            700
                        ]
                    ],
                    true
                ],
                [
                    85,
                    86,
                    [
                        [
                            415,
                            700
                        ],
                        [
                            339,
                            700
                        ]
                    ],
                    true
                ],
                [
                    86,
                    87,
                    [
                        [
                            525,
                            700
                        ],
                        [
                            415,
                            700
                        ]
                    ],
                    true
                ],
                [
                    87,
                    88,
                    [
                        [
                            680,
                            620
                        ],
                        [
                            680.0,
                            700.0
                        ],
                        [
                            525,
                            700
                        ]
                    ],
                    true
                ],
                [
                    88,
                    89,
                    [
                        [
                            680,
                            540
                        ],
                        [
                            680,
                            620
                        ]
                    ],
                    true
                ],
                [
                    89,
                    90,
                    [
                        [
                            680,
                            493
                        ],
                        [
                            680,
                            540
                        ]
                    ],
                    true
                ],
                [
                    90,
                    91,
                    [
                        [
                            680,
                            468
                        ],
                        [
                            680,
                            493
                        ]
                    ],
                    true
                ],
                [
                    91,
                    92,
                    [
                        [
                            680,
                            444
                        ],
                        [
                            680,
                            468
                        ]
                    ],
                    true
                ],
                [
                    92,
                    93,
                    [
                        [
                            680,
                            420
                        ],
                        [
                            680,
                            444
                        ]
                    ],
                    true
                ],
                [
                    93,
                    94,
                    [
                        [
                            680,
                            395
                        ],
                        [
                            680,
                            420
                        ]
                    ],
                    true
                ],
                [
                    94,
                    95,
                    [
                        [
                            742,
                            333
                        ],
                        [
                            680,
                            395
                        ]
                    ],
                    true
                ],
                [
                    95,
                    96,
                    [
                        [
                            786,
                            289
                        ],
                        [
                            742,
                            333
                        ]
                    ],
                    true
                ]
            ],
            "stations": [
                {
                    "coord": [
                        665,
                        395
                    ],
                    "is_working": true,
                    "name": "Barmbek",
                    "rect": null,
                    "text_id": 72,
                    "uid": 71
                },
                {
                    "coord": [
                        535,
                        395
                    ],
                    "is_working": true,
                    "name": "Saarlandstrasse",
                    "rect": [
                        504,
                        371,
                        83,
                        15
                    ],
                    "text_id": 73,
                    "uid": 72
                },
                {
                    "coord": [
                        465,
                        395
                    ],
                    "is_working": true,
                    "name": "Borgweg",
                    "rect": [
                        447,
                        404,
                        46,
                        15
                    ],
                    "text_id": 74,
                    "uid": 73
                },
                {
                    "coord": [
                        390,
                        395
                    ],
                    "is_working": true,
                    "name": "Sierichstrasse",
                    "rect": [
                        359,
                        371,
                        74,
                        15
                    ],
                    "text_id": 75,
                    "uid": 74
                },
                {
                    "coord": [
                        305,
                        395
                    ],
                    "is_working": true,
                    "name": "Kellinghusenstrasse",
                    "rect": null,
                    "text_id": 15,
                    "uid": 75
                },
                {
                    "coord": [
                        284,
                        416
                    ],
                    "is_working": true,
                    "name": "Eppendorfer Baum",
                    "rect": [
                        182,
                        403,
                        94,
                        15
                    ],
                    "text_id": 76,
                    "uid": 76
                },
                {
                    "coord": [
                        255,
                        445
                    ],
                    "is_working": true,
                    "name": "Hoheluftbrucke",
                    "rect": [
                        182,
                        421,
                        77,
                        15
                    ],
                    "text_id": 77,
                    "uid": 77
                },
                {
                    "coord": [
                        215,
                        485
                    ],
                    "is_working": true,
                    "name": "Schlump",
                    "rect": null,
                    "text_id": 57,
                    "uid": 78
                },
                {
                    "coord": [
                        175,
                        525
                    ],
                    "is_working": true,
                    "name": "Sternschanze",
                    "rect": [
                        97,
                        518,
                        69,
                        15
                    ],
                    "text_id": 78,
                    "uid": 79
                },
                {
                    "coord": [
                        175,
                        585
                    ],
                    "is_working": true,
                    "name": "Feldstrasse",
                    "rect": [
                        106,
                        577,
                        60,
                        15
                    ],
                    "text_id": 79,
                    "uid": 80
                },
                {
                    "coord": [
                        175,
                        610
                    ],
                    "is_working": true,
                    "name": "St. Pauli",
                    "rect": [
                        123,
                        603,
                        43,
                        15
                    ],
                    "text_id": 80,
                    "uid": 81
                },
                {
                    "coord": [
                        175,
                        665
                    ],
                    "is_working": true,
                    "name": "Landungsbrucken",
                    "rect": [
                        76,
                        658,
                        90,
                        15
                    ],
                    "text_id": 81,
                    "uid": 82
                },
                {
                    "coord": [
                        195,
                        700
                    ],
                    "is_working": true,
                    "name": "Baumwall",
                    "rect": [
                        171,
                        709,
                        51,
                        15
                    ],
                    "text_id": 82,
                    "uid": 83
                },
                {
                    "coord": [
                        235,
                        700
                    ],
                    "is_working": true,
                    "name": "Rodingsmarkt",
                    "rect": [
                        221,
                        676,
                        71,
                        15
                    ],
                    "text_id": 83,
                    "uid": 84
                },
                {
                    "coord": [
                        339,
                        700
                    ],
                    "is_working": true,
                    "name": "Rathaus",
                    "rect": [
                        325,
                        709,
                        43,
                        15
                    ],
                    "text_id": 84,
                    "uid": 85
                },
                {
                    "coord": [
                        415,
                        700
                    ],
                    "is_working": true,
                    "name": "Monckebergstrasse",
                    "rect": [
                        376,
                        676,
                        100,
                        15
                    ],
                    "text_id": 85,
                    "uid": 86
                },
                {
                    "coord": [
                        525,
                        700
                    ],
                    "is_working": true,
                    "name": "Hauptbahnhof Sud",
                    "rect": null,
                    "text_id": 22,
                    "uid": 87
                },
                {
                    "coord": [
                        680,
                        620
                    ],
                    "is_working": true,
                    "name": "Berliner Tor",
                    "rect": null,
                    "text_id": 61,
                    "uid": 88
                },
                {
                    "coord": [
                        680,
                        540
                    ],
                    "is_working": true,
                    "name": "Lubecker Strasse",
                    "rect": [
                        579,
                        516,
                        89,
                        15
                    ],
                    "text_id": 24,
                    "uid": 89
                },
                {
                    "coord": [
                        680,
                        493
                    ],
                    "is_working": true,
                    "name": "Uhlandstrasse",
                    "rect": [
                        597,
                        486,
                        74,
                        15
                    ],
                    "text_id": 86,
                    "uid": 90
                },
                {
                    "coord": [
                        680,
                        468
                    ],
                    "is_working": true,
                    "name": "Mundsburg",
                    "rect": [
                        614,
                        461,
                        57,
                        15
                    ],
                    "text_id": 87,
                    "uid": 91
                },
                {
                    "coord": [
                        680,
                        444
                    ],
                    "is_working": true,
                    "name": "Hamburger Strasse",
                    "rect": [
                        573,
                        437,
                        98,
                        15
                    ],
                    "text_id": 88,
                    "uid": 92
                },
                {
                    "coord": [
                        680,
                        420
                    ],
                    "is_working": true,
                    "name": "Dehnhaide",
                    "rect": [
                        616,
                        413,
                        55,
                        15
                    ],
                    "text_id": 89,
                    "uid": 93
                },
                {
                    "coord": [
                        680,
                        395
                    ],
                    "is_working": true,
                    "name": "Barmbek1",
                    "rect": [
                        639,
                        368,
                        47,
                        15
                    ],
                    "text_id": 72,
                    "uid": 94
                },
                {
                    "coord": [
                        742,
                        333
                    ],
                    "is_working": true,
                    "name": "Habichtstrasse",
                    "rect": [
                        656,
                        321,
                        77,
                        15
                    ],
                    "text_id": 90,
                    "uid": 95
                },
                {
                    "coord": [
                        786,
                        289
                    ],
                    "is_working": true,
                    "name": "Wandsbek-Gartenstadt",
                    "rect": null,
                    "text_id": 31,
                    "uid": 96
                }
            ],
            "text_id": 91
        },
        {
            "labels_bg_color": "-1",
            "labels_color": "008B8F",
            "line_color": "008B8F",
            "line_width": 7,
            "name": "U4",
            "segments": [
                [
                    97,
                    98,
                    [
                        [
                            302,
                            800
                        ],
                        [
                            380,
                            800
                        ]
                    ],
                    true
                ],
                [
                    98,
                    99,
                    [
                        [
                            302,
                            613
                        ],
                        [
                            302,
                            800
                        ]
                    ],
                    true
                ],
                [
                    99,
                    100,
                    [
                        [
                            525,
                            613
                        ],
                        [
                            302,
                            613
                        ]
                    ],
                    true
                ],
                [
                    100,
                    101,
                    [
                        [
                            667,
                            613
                        ],
                        [
                            525,
                            613
                        ]
                    ],
                    true
                ],
                [
                    101,
                    102,
                    [
                        [
                            765,
                            613
                        ],
                        [
                            667,
                            613
                        ]
                    ],
                    true
                ],
                [
                    102,
                    103,
                    [
                        [
                            832,
                            613
                        ],
                        [
                            765,
                            613
                        ]
                    ],
                    true
                ],
                [
                    103,
                    104,
                    [
                        [
                            871,
                            613
                        ],
                        [
                            832,
                            613
                        ]
                    ],
                    true
                ],
                [
                    104,
                    105,
                    [
                        [
                            909,
                            613
                        ],
                        [
                            871,
                            613
                        ]
                    ],
                    true
                ],
                [
                    105,
                    106,
                    [
                        [
                            947,
                            613
                        ],
                        [
                            909,
                            613
                        ]
                    ],
                    true
                ]
            ],
            "stations": [
                {
                    "coord": [
                        380,
                        800
                    ],
                    "is_working": true,
                    "name": "HafenCity Universitat",
                    "rect": [
                        389,
                        793,
                        108,
                        15
                    ],
                    "text_id": 92,
                    "uid": 97
                },
                {
                    "coord": [
                        302,
                        800
                    ],
                    "is_working": true,
                    "name": "Uberseequartier",
                    "rect": [
                        211,
                        792,
                        82,
                        15
                    ],
                    "text_id": 93,
                    "uid": 98
                },
                {
                    "coord": [
                        302,
                        613
                    ],
                    "is_working": true,
                    "name": "Jungfernstieg",
                    "rect": null,
                    "text_id": 19,
                    "uid": 99
                },
                {
                    "coord": [
                        525,
                        613
                    ],
                    "is_working": true,
                    "name": "Hauptbahnhof Nord",
                    "rect": [
                        479,
                        578,
                        97,
                        15
                    ],
                    "text_id": 60,
                    "uid": 100
                },
                {
                    "coord": [
                        667,
                        613
                    ],
                    "is_working": true,
                    "name": "Berliner Tor",
                    "rect": null,
                    "text_id": 61,
                    "uid": 101
                },
                {
                    "coord": [
                        765,
                        613
                    ],
                    "is_working": true,
                    "name": "Burgstrasse",
                    "rect": [
                        759,
                        622,
                        15,
                        63
                    ],
                    "text_id": 62,
                    "uid": 102
                },
                {
                    "coord": [
                        832,
                        613
                    ],
                    "is_working": true,
                    "name": "Hammer Kirche",
                    "rect": [
                        825,
                        622,
                        15,
                        80
                    ],
                    "text_id": 63,
                    "uid": 103
                },
                {
                    "coord": [
                        871,
                        613
                    ],
                    "is_working": true,
                    "name": "Rauhes Haus",
                    "rect": [
                        864,
                        622,
                        15,
                        69
                    ],
                    "text_id": 64,
                    "uid": 104
                },
                {
                    "coord": [
                        909,
                        613
                    ],
                    "is_working": true,
                    "name": "Horner Rennbahn",
                    "rect": [
                        902,
                        622,
                        15,
                        89
                    ],
                    "text_id": 65,
                    "uid": 105
                },
                {
                    "coord": [
                        947,
                        613
                    ],
                    "is_working": true,
                    "name": "Legienstrasse",
                    "rect": [
                        940,
                        622,
                        15,
                        72
                    ],
                    "text_id": 66,
                    "uid": 106
                },
                {
                    "coord": null,
                    "is_working": true,
                    "name": "Billstedt",
                    "rect": null,
                    "text_id": 67,
                    "uid": 107
                }
            ],
            "text_id": 94
        }
    ],
    "lines_width": 7,
    "name": "metro",
    "name_text_id": 95,
    "stations_diameter": 13.0,
    "transfers": [
        [
            15,
            75,
            [
                315,
                385
            ],
            [
                305,
                395
            ]
        ],
        [
            19,
            59,
            [
                315,
                620
            ],
            [
                315,
                605
            ]
        ],
        [
            22,
            60,
            [
                525,
                715
            ],
            [
                525,
                605
            ]
        ],
        [
            22,
            87,
            [
                525,
                715
            ],
            [
                525,
                700
            ]
        ],
        [
            24,
            89,
            [
                680,
                525
            ],
            [
                680,
                540
            ]
        ],
        [
            31,
            96,
            [
                795,
                280
            ],
            [
                786,
                289
            ]
        ],
        [
            56,
            78,
            [
                205,
                495
            ],
            [
                215,
                485
            ]
        ],
        [
            60,
            87,
            [
                525,
                605
            ],
            [
                525,
                700
            ]
        ],
        [
            61,
            88,
            [
                680,
                605
            ],
            [
                680,
                620
            ]
        ],
        [
            94,
            71,
            [
                680,
                395
            ],
            [
                665,
                395
            ]
        ],
        [
            99,
            59,
            [
                302,
                613
            ],
            [
                315,
                605
            ]
        ],
        [
            99,
            19,
            [
                302,
                613
            ],
            [
                315,
                620
            ]
        ],
        [
            100,
            60,
            [
                525,
                613
            ],
            [
                525,
                605
            ]
        ],
        [
            100,
            87,
            [
                525,
                613
            ],
            [
                525,
                700
            ]
        ],
        [
            100,
            22,
            [
                525,
                613
            ],
            [
                525,
                715
            ]
        ],
        [
            101,
            61,
            [
                667,
                613
            ],
            [
                680,
                605
            ]
        ],
        [
            101,
            88,
            [
                667,
                613
            ],
            [
                680,
                620
            ]
        ]
    ],
    "transports": [
        "metro"
    ],
    "type_name": "ROOT",
    "type_text_id": 96,
    "upper_case": false,
    "width": 1225,
    "word_wrap": false
}