{
    "0": "Warschauer Strasse",
    "1": "Schlesisches Tor",
    "2": "Gorlitzer Bahnhof",
    "3": "Kottbusser Tor",
    "4": "Prinzenstrasse",
    "5": "Hallesches Tor",
    "6": "Mockernbrucke",
    "7": "Gleisdreieck",
    "8": "Kurfurstenstrasse",
    "9": "Nollendorfplatz",
    "10": "Wittenbergplatz",
    "11": "Kurfurstendamm",
    "12": "Uhlandstrasse",
    "13": "U1",
    "14": "Hauptbahnhof",
    "15": "Bundestag",
    "16": "Unter den Linden",
    "17": "U55",
    "18": "Pankow",
    "19": "Vinetastrasse",
    "20": "Schonhauser Allee",
    "21": "Eberswalder Strasse",
    "22": "Senefelderplatz",
    "23": "Rosa-Luxemburg-Platz",
    "24": "Alexanderplatz",
    "25": "Klosterstrasse",
    "26": "Markisches Museum",
    "27": "Spittelmarkt",
    "28": "Hausvogteiplatz",
    "29": "Stadtmitte",
    "30": "Mohrenstrasse",
    "31": "Potsdamer Platz",
    "32": "Mendelssohn-Bartholdy-Park",
    "33": "Bulowstrasse",
    "34": "Zoologischer Garten",
    "35": "Ernst-Reuter-Platz",
    "36": "Deutsche Oper",
    "37": "Bismarckstrasse",
    "38": "Sophie-Charlotte-Platz",
    "39": "Kaiserdamm",
    "40": "Theodor-Heuss-Platz",
    "41": "Neu-Westend",
    "42": "Olympia-Stadion",
    "43": "Ruhleben",
    "44": "U2",
    "45": "Augsburger Strasse",
    "46": "Spichernstrasse",
    "47": "Hohenzollernplatz",
    "48": "Fehrbelliner Platz",
    "49": "Heidelberger Platz",
    "50": "Rudesheimer Platz",
    "51": "Breitenbachplatz",
    "52": "Podbielskiallee",
    "53": "Dahlem-Dorf",
    "54": "Thielplatz",
    "55": "Oskar-Helene-Heim",
    "56": "Onkel Toms Hutte",
    "57": "Krumme Lanke",
    "58": "U3",
    "59": "Victoria-Luise-Platz",
    "60": "Bayerischer Platz",
    "61": "Rathaus Schoneberg",
    "62": "Innsbrucker Platz",
    "63": "U4",
    "64": "Honow",
    "65": "Louis-Lewin-Strasse",
    "66": "Hellersdorf",
    "67": "Cottbusser Platz",
    "68": "Neue Grottkauer Strasse",
    "69": "Kaulsdorf-Nord",
    "70": "Wuhletal",
    "71": "Elsterwerdaer Platz",
    "72": "Biesdorf Sud",
    "73": "Tierpark",
    "74": "Friedrichsfelde",
    "75": "Lichtenberg",
    "76": "Magdalenenstrasse",
    "77": "Frankfurter Allee",
    "78": "Samariterstrasse",
    "79": "Frankfurter Tor",
    "80": "Weberwiese",
    "81": "Strausberger Platz",
    "82": "Schillingstrasse",
    "83": "U5",
    "84": "Alt-Tegel",
    "85": "Borsigwerke",
    "86": "Holzhauser Strasse",
    "87": "Otisstrasse",
    "88": "Scharnweberstrasse",
    "89": "Kurt-Schumacher-Platz",
    "90": "Afrikanische Strasse",
    "91": "Rehberge",
    "92": "Seestrasse",
    "93": "Leopoldplatz",
    "94": "Wedding",
    "95": "Reinickendorfer Strasse",
    "96": "Schwartzkopffstrasse",
    "97": "Zinnowitzer Strasse",
    "98": "Oranienburger Tor",
    "99": "Friedrichstrasse",
    "100": "Franzosische Strasse",
    "101": "Kochstrasse",
    "102": "Mehringdamm",
    "103": "Platz der Luftbrucke",
    "104": "Paradestrasse",
    "105": "Tempelhof",
    "106": "Alt-Tempelhof",
    "107": "Kaiserin-Augusta-Strasse",
    "108": "Ullsteinstrasse",
    "109": "Westphalweg",
    "110": "Alt-Mariendorf",
    "111": "U6",
    "112": "Rathaus Spandau",
    "113": "Altstadt Spandau",
    "114": "Zitadelle",
    "115": "Haselhorst",
    "116": "Paulsternstrasse",
    "117": "Rohrdamm",
    "118": "Siemensdamm",
    "119": "Halemweg",
    "120": "Jakob-Kaiser-Platz",
    "121": "Jungfernheide",
    "122": "Mierendorffplatz",
    "123": "Richard-Wagner-Platz",
    "124": "Wilmersdorfer Strasse",
    "125": "Adenauerplatz",
    "126": "Konstanzer Strasse",
    "127": "Blissestrasse",
    "128": "Berliner Strasse",
    "129": "Eisenacher Strasse",
    "130": "Kleistpark",
    "131": "Yorckstrasse",
    "132": "Gneisenaustrasse",
    "133": "Sudstern",
    "134": "Hermannplatz",
    "135": "Rathaus Neukolln",
    "136": "Karl-Marx-Strasse",
    "137": "Neukolln",
    "138": "Grenzallee",
    "139": "Blaschkoallee",
    "140": "Parchimer Allee",
    "141": "Britz-Sud",
    "142": "Johannisthaler Chaussee",
    "143": "Lipschitzallee",
    "144": "Wutzkyallee",
    "145": "Zwickauer Damm",
    "146": "Rudow",
    "147": "U7",
    "148": "Wittenau",
    "149": "Rathaus Reinickendorf",
    "150": "Karl-Bonhoeffer-Nervenklinik",
    "151": "Lindauer Allee",
    "152": "Paracelsus-Bad",
    "153": "Residenzstrasse",
    "154": "Franz-Neumann-Platz",
    "155": "Osloer Strasse",
    "156": "Pankstrasse",
    "157": "Gesundbrunnen",
    "158": "Voltastrasse",
    "159": "Bernauer Strasse",
    "160": "Rosenthaler Platz",
    "161": "Weinmeisterstrasse",
    "162": "Jannowitzbrucke",
    "163": "Heinrich-Heine-Strasse",
    "164": "Moritzplatz",
    "165": "Schonleinstrasse",
    "166": "Boddinstrasse",
    "167": "Leinestrasse",
    "168": "Hermannstrasse",
    "169": "U8",
    "170": "Nauener Platz",
    "171": "Amrumer Strasse",
    "172": "Westhafen",
    "173": "Birkenstrasse",
    "174": "Turmstrasse",
    "175": "Hansaplatz",
    "176": "Guntzelstrasse",
    "177": "Bundesplatz",
    "178": "Friedrich-Wilhelm-Platz",
    "179": "Walther-Schreiber-Platz",
    "180": "Schlossstrasse",
    "181": "Rathaus Steglitz",
    "182": "U9",
    "183": "Spandau",
    "184": "Stresow",
    "185": "Pichelsberg",
    "186": "Olympiastadion",
    "187": "Heerstrasse",
    "188": "Messe Sud",
    "189": "Westkreuz",
    "190": "Charlottenburg",
    "191": "Savignyplatz",
    "192": "Tiergarten",
    "193": "Bellevue",
    "194": "Hauptbahnhof Lehrter Bahnhof",
    "195": "Hackescher Markt",
    "196": "Ostbahnhof",
    "197": "Ostkreuz",
    "198": "Noldnerplatz",
    "199": "Friedrichsfelde Ost",
    "200": "Biesdorf",
    "201": "Kaulsdorf",
    "202": "Mahlsdorf",
    "203": "Birkenstein",
    "204": "Hoppegarten",
    "205": "Neuenhagen",
    "206": "Fredersdorf",
    "207": "Petershagen/Eggersdorf Nord",
    "208": "Strausberg",
    "209": "Hegermuhle",
    "210": "Strausberg Stadt",
    "211": "Strausberg Nord",
    "212": "Potsdam Hauptbahnhof",
    "213": "Babelsberg",
    "214": "Griebnitzsee",
    "215": "Wannsee",
    "216": "Nikolassee",
    "217": "Grunewald",
    "218": "Rummelsburg",
    "219": "Betriebsbahnhof Rummelsburg",
    "220": "Karlshorst",
    "221": "Wuhlheide",
    "222": "Kopenick",
    "223": "Hirschgarten",
    "224": "Friedrichshagen",
    "225": "Rahnsdorf",
    "226": "Wilhelmshagen",
    "227": "Erkner",
    "228": "Springpfuhl",
    "229": "Poelchaustrasse",
    "230": "Marzahn",
    "231": "Raoul-Wallenberg-Strasse",
    "232": "Mehrower Allee",
    "233": "Ahrensfelde",
    "234": "Gehrenseestrasse",
    "235": "Hohenschonhausen",
    "236": "Wartenberg",
    "237": "East-West",
    "238": "Schlachtensee",
    "239": "Mexikoplatz",
    "240": "Zehlendorf",
    "241": "Sundgauer Strasse",
    "242": "Lichterfelde West",
    "243": "Botanischer Garten",
    "244": "Feuerbachstrasse",
    "245": "Friedenau",
    "246": "Schoneberg",
    "247": "Julius-Leber-Brucke",
    "248": "Anhalter Bahnhof",
    "249": "Oranienburger Strasse",
    "250": "Nordbahnhof",
    "251": "Humboldthain",
    "252": "Bornholmer Strasse",
    "253": "Wollankstrasse",
    "254": "Schonholz",
    "255": "Wilhelmsruh",
    "256": "Waidmannslust",
    "257": "Hermsdorf",
    "258": "Frohnau",
    "259": "Hohen Neuendorf",
    "260": "Birkenwerder",
    "261": "Borgsdorf",
    "262": "Lehnitz",
    "263": "Oranienburg",
    "264": "Teltow Stadt",
    "265": "Lichterfelde Sud",
    "266": "Osdorfer Strasse",
    "267": "Lichterfelde Ost",
    "268": "Lankwitz",
    "269": "Sudende",
    "270": "Priesterweg",
    "271": "Sudkreuz",
    "272": "Blankenfelde",
    "273": "Mahlow",
    "274": "Lichtenrade",
    "275": "Schichauweg",
    "276": "Buckower Chausee",
    "277": "Marienfelde",
    "278": "Attilastrasse",
    "279": "Alt-Reinickendorf",
    "280": "Eichborndamm",
    "281": "Tegel",
    "282": "Schulzendorf",
    "283": "Heiligensee",
    "284": "Hennigsdorf",
    "285": "Pankow-Heinersdorf",
    "286": "Blankenburg",
    "287": "Karow",
    "288": "Buch",
    "289": "Rontgental",
    "290": "Zepernick",
    "291": "Bernau-Friedenstal",
    "292": "Bernau",
    "293": "Muhlenbeck-Mochmuhle",
    "294": "Schonfliess",
    "295": "Bergfelde",
    "296": "North-South",
    "297": "Prenzlauer Allee",
    "298": "Greifswalder Strasse",
    "299": "Landsberger Allee",
    "300": "Storkower Strasse",
    "301": "Treptower Park",
    "302": "Sonnenallee",
    "303": "Hohenzollerndamm",
    "304": "Halensee",
    "305": "Messe Nord / ICC",
    "306": "Westend",
    "307": "Beusselstrasse",
    "308": "Planterwald",
    "309": "Baumschulenweg",
    "310": "Schoneweide",
    "311": "Betriebsbahnhof Schoneweide",
    "312": "Adlershof",
    "313": "Grunau",
    "314": "Eichwalde",
    "315": "Zeuthen",
    "316": "Wildau",
    "317": "Konigs Wusterhausen",
    "318": "Kollnische Heide",
    "319": "Oberspree",
    "320": "Spindlersfeld",
    "321": "Altglienicke",
    "322": "Grunbergallee",
    "323": "Flughafen Berlin-Schonefeld",
    "324": "Ring",
    "325": "U-bahn",
    "326": "ROOT",
    "327": "Shema ot 18.09.2008g.\nMap version from 13.09.2006\n\nInformation about timetables: http://VBBonline.de\n\nThis map is based on the map of http://UrbanRail.net.",
    "328": "Imported from http://pmetro.su"
}