{
    "lines": [
        {
            "delays": [
                300,
                900
            ],
            "name": "Erasmuslijn",
            "scheme": "1",
            "segments": [
                [
                    0,
                    1,
                    120
                ],
                [
                    1,
                    0,
                    120
                ],
                [
                    1,
                    2,
                    120
                ],
                [
                    2,
                    1,
                    120
                ],
                [
                    2,
                    3,
                    120
                ],
                [
                    3,
                    2,
                    120
                ],
                [
                    3,
                    4,
                    120
                ],
                [
                    4,
                    3,
                    120
                ],
                [
                    4,
                    5,
                    120
                ],
                [
                    5,
                    4,
                    120
                ],
                [
                    5,
                    6,
                    120
                ],
                [
                    6,
                    5,
                    120
                ],
                [
                    6,
                    7,
                    120
                ],
                [
                    7,
                    6,
                    120
                ],
                [
                    7,
                    8,
                    120
                ],
                [
                    8,
                    7,
                    120
                ],
                [
                    8,
                    9,
                    120
                ],
                [
                    9,
                    8,
                    120
                ],
                [
                    9,
                    10,
                    120
                ],
                [
                    10,
                    9,
                    120
                ],
                [
                    10,
                    11,
                    120
                ],
                [
                    11,
                    10,
                    120
                ],
                [
                    11,
                    12,
                    120
                ],
                [
                    12,
                    11,
                    120
                ],
                [
                    12,
                    13,
                    120
                ],
                [
                    13,
                    12,
                    120
                ],
                [
                    13,
                    14,
                    120
                ],
                [
                    14,
                    13,
                    120
                ],
                [
                    14,
                    15,
                    120
                ],
                [
                    15,
                    14,
                    120
                ],
                [
                    15,
                    16,
                    120
                ],
                [
                    16,
                    15,
                    120
                ],
                [
                    16,
                    17,
                    0
                ],
                [
                    17,
                    16,
                    0
                ]
            ],
            "stations": [
                [
                    0,
                    "De Akkers",
                    0
                ],
                [
                    1,
                    "Heemraadlaan",
                    1
                ],
                [
                    2,
                    "Spijkenisse Centrum",
                    2
                ],
                [
                    3,
                    "Zlmplaat",
                    3
                ],
                [
                    4,
                    "Hoogvliet",
                    4
                ],
                [
                    5,
                    "Tussenwater",
                    5
                ],
                [
                    6,
                    "Poortugal",
                    6
                ],
                [
                    7,
                    "Rhoon",
                    7
                ],
                [
                    8,
                    "Slinge",
                    8
                ],
                [
                    9,
                    "Zuidplein",
                    9
                ],
                [
                    10,
                    "Maashaven",
                    10
                ],
                [
                    11,
                    "Rijnhaven",
                    11
                ],
                [
                    12,
                    "Wilhelminaplein",
                    12
                ],
                [
                    13,
                    "Leuvehaven",
                    13
                ],
                [
                    14,
                    "Beurs",
                    14
                ],
                [
                    15,
                    "Stadhuis",
                    15
                ],
                [
                    16,
                    "Central Station",
                    16
                ],
                [
                    17,
                    "Blijdorp",
                    17
                ]
            ],
            "text_id": 18
        },
        {
            "delays": [
                300,
                900
            ],
            "name": "Calandlijn",
            "scheme": "2",
            "segments": [
                [
                    18,
                    19,
                    120
                ],
                [
                    19,
                    18,
                    120
                ],
                [
                    19,
                    20,
                    120
                ],
                [
                    20,
                    19,
                    120
                ],
                [
                    20,
                    21,
                    120
                ],
                [
                    21,
                    20,
                    120
                ],
                [
                    21,
                    22,
                    120
                ],
                [
                    22,
                    21,
                    120
                ],
                [
                    22,
                    23,
                    120
                ],
                [
                    23,
                    22,
                    120
                ],
                [
                    23,
                    24,
                    120
                ],
                [
                    24,
                    23,
                    120
                ],
                [
                    24,
                    25,
                    120
                ],
                [
                    25,
                    24,
                    120
                ],
                [
                    25,
                    26,
                    120
                ],
                [
                    26,
                    25,
                    120
                ],
                [
                    26,
                    27,
                    120
                ],
                [
                    27,
                    26,
                    120
                ],
                [
                    27,
                    28,
                    120
                ],
                [
                    28,
                    27,
                    120
                ],
                [
                    28,
                    29,
                    120
                ],
                [
                    29,
                    28,
                    120
                ],
                [
                    29,
                    30,
                    120
                ],
                [
                    30,
                    29,
                    120
                ],
                [
                    30,
                    31,
                    120
                ],
                [
                    31,
                    30,
                    120
                ],
                [
                    31,
                    32,
                    120
                ],
                [
                    32,
                    31,
                    120
                ],
                [
                    32,
                    33,
                    120
                ],
                [
                    33,
                    32,
                    120
                ],
                [
                    33,
                    34,
                    120
                ],
                [
                    34,
                    33,
                    120
                ],
                [
                    34,
                    35,
                    120
                ],
                [
                    35,
                    34,
                    120
                ],
                [
                    35,
                    36,
                    120
                ],
                [
                    36,
                    35,
                    120
                ],
                [
                    36,
                    37,
                    120
                ],
                [
                    37,
                    36,
                    120
                ],
                [
                    37,
                    38,
                    120
                ],
                [
                    38,
                    37,
                    120
                ],
                [
                    38,
                    39,
                    120
                ],
                [
                    39,
                    38,
                    120
                ],
                [
                    39,
                    40,
                    120
                ],
                [
                    40,
                    39,
                    120
                ],
                [
                    40,
                    41,
                    120
                ],
                [
                    40,
                    44,
                    120
                ],
                [
                    41,
                    40,
                    120
                ],
                [
                    41,
                    42,
                    120
                ],
                [
                    42,
                    41,
                    120
                ],
                [
                    42,
                    43,
                    120
                ],
                [
                    43,
                    42,
                    120
                ],
                [
                    44,
                    40,
                    120
                ],
                [
                    44,
                    45,
                    120
                ],
                [
                    45,
                    44,
                    120
                ],
                [
                    45,
                    46,
                    120
                ],
                [
                    46,
                    45,
                    120
                ],
                [
                    46,
                    47,
                    120
                ],
                [
                    47,
                    46,
                    120
                ],
                [
                    47,
                    48,
                    120
                ],
                [
                    48,
                    47,
                    120
                ],
                [
                    48,
                    49,
                    120
                ],
                [
                    48,
                    54,
                    120
                ],
                [
                    49,
                    48,
                    120
                ],
                [
                    49,
                    50,
                    120
                ],
                [
                    50,
                    49,
                    120
                ],
                [
                    50,
                    51,
                    120
                ],
                [
                    51,
                    50,
                    120
                ],
                [
                    51,
                    52,
                    120
                ],
                [
                    52,
                    51,
                    120
                ],
                [
                    52,
                    53,
                    120
                ],
                [
                    53,
                    52,
                    120
                ],
                [
                    54,
                    48,
                    120
                ],
                [
                    54,
                    55,
                    120
                ]
            ],
            "stations": [
                [
                    18,
                    "De Akkers",
                    0
                ],
                [
                    19,
                    "Heemraadlaan",
                    1
                ],
                [
                    20,
                    "Spijkenisse Centrum",
                    2
                ],
                [
                    21,
                    "Zlmplaat",
                    3
                ],
                [
                    22,
                    "Hoogvliet",
                    4
                ],
                [
                    23,
                    "Tussenwater",
                    5
                ],
                [
                    24,
                    "Pernis",
                    19
                ],
                [
                    25,
                    "Vijfsluitzen",
                    20
                ],
                [
                    26,
                    "Troelstralaan",
                    21
                ],
                [
                    27,
                    "Parkweg",
                    22
                ],
                [
                    28,
                    "Sciedam Centrum",
                    23
                ],
                [
                    29,
                    "Marconiplein",
                    24
                ],
                [
                    30,
                    "Delfshafen",
                    25
                ],
                [
                    31,
                    "Coolhaven",
                    26
                ],
                [
                    32,
                    "Dijkzigt",
                    27
                ],
                [
                    33,
                    "Eendrachtsplein",
                    28
                ],
                [
                    34,
                    "Beurs",
                    14
                ],
                [
                    35,
                    "Blaak",
                    29
                ],
                [
                    36,
                    "Oostplein",
                    30
                ],
                [
                    37,
                    "Gerdesiaweg",
                    31
                ],
                [
                    38,
                    "Voorshorteer-Iann",
                    32
                ],
                [
                    39,
                    "Kranlingse Zoom",
                    33
                ],
                [
                    40,
                    "Capelsebrug",
                    34
                ],
                [
                    41,
                    "Slotlaan",
                    35
                ],
                [
                    42,
                    "Capelle Centrum",
                    36
                ],
                [
                    43,
                    "De Terp",
                    37
                ],
                [
                    44,
                    "Schenkel",
                    38
                ],
                [
                    45,
                    "Prinsenlaan",
                    39
                ],
                [
                    46,
                    "Oosterflank",
                    40
                ],
                [
                    47,
                    "Alexander",
                    41
                ],
                [
                    48,
                    "Graskruid",
                    42
                ],
                [
                    49,
                    "Heisseplaats",
                    43
                ],
                [
                    50,
                    "Nienw Verlaat",
                    44
                ],
                [
                    51,
                    "Ambachts- land",
                    45
                ],
                [
                    52,
                    "De Tochen",
                    46
                ],
                [
                    53,
                    "Nesselande",
                    47
                ],
                [
                    54,
                    "Romeynshof",
                    48
                ],
                [
                    55,
                    "Binnenhof",
                    49
                ]
            ],
            "text_id": 50
        }
    ],
    "name": "metro",
    "transfers": [
        [
            18,
            0,
            120,
            true
        ],
        [
            19,
            1,
            120,
            true
        ],
        [
            20,
            2,
            120,
            true
        ],
        [
            21,
            3,
            120,
            true
        ],
        [
            22,
            4,
            120,
            true
        ],
        [
            23,
            5,
            120,
            true
        ],
        [
            34,
            14,
            120,
            true
        ]
    ],
    "type_name": "Метро"
}