{
    "0": "Finch",
    "1": "North York Centre",
    "2": "Sheppard-Yonge",
    "3": "York Mills",
    "4": "Lawrence",
    "5": "Eglinton",
    "6": "Davisville",
    "7": "St.Clair",
    "8": "Summerhill",
    "9": "Rosedale",
    "10": "Bloor-Yonge",
    "11": "Wellesley",
    "12": "College",
    "13": "Dundas",
    "14": "Queen",
    "15": "King",
    "16": "Union",
    "17": "St.Andrew",
    "18": "Osgoode",
    "19": "St.Patrick",
    "20": "Queens Park",
    "21": "Museum",
    "22": "St.George",
    "23": "Spadina",
    "24": "Dupont",
    "25": "St.Clair West",
    "26": "Eglinton West",
    "27": "Glencairn",
    "28": "Lawrence West",
    "29": "Yorkdale",
    "30": "Wilson",
    "31": "Downsview",
    "32": "Yonge-University-Spadina",
    "33": "Kennedy",
    "34": "Warden",
    "35": "Victoria Park",
    "36": "Main Street",
    "37": "Woodbine",
    "38": "Coxwell",
    "39": "Greenwood",
    "40": "Donlands",
    "41": "Pape",
    "42": "Chester",
    "43": "Broadview",
    "44": "Castle Frank",
    "45": "Sherbourne",
    "46": "Bay",
    "47": "Bathurst",
    "48": "Christie",
    "49": "Ossington",
    "50": "Dufferin",
    "51": "Lansdowne",
    "52": "Dundas West",
    "53": "Keele",
    "54": "High Park",
    "55": "Runnymede",
    "56": "Jane",
    "57": "Old Mill",
    "58": "Royal York",
    "59": "Islington",
    "60": "Kipling",
    "61": "Bloor-Danforth",
    "62": "McCowan",
    "63": "Scarborough Centre",
    "64": "Midland",
    "65": "Ellesmere",
    "66": "Lawrence East",
    "67": "Scarborough RT",
    "68": "Don Mills",
    "69": "Leslie",
    "70": "Bessarion",
    "71": "Bayview",
    "72": "Sheppard",
    "73": "Metro",
    "74": "ROOT",
    "75": "Metro",
    "76": "Shema ot 08.06.2005g.\nInformatsija o vremeni proezda:\n- http://www.city.toronto.on.ca/\nKarta vzjata s sajta http://www.city.toronto.on.ca/.",
    "77": "Imported from http://pmetro.su"
}