[
    {
        "caption": "Схема",
        "image": "res/stations/devyatkino.svg",
        "line": "1",
        "station": "Девяткино"
    },
    {
        "caption": "Схема",
        "image": "res/stations/grazhdanskypr.svg",
        "line": "1",
        "station": "Гражданский проспект"
    },
    {
        "caption": "Схема",
        "image": "res/stations/akademicheskaya.svg",
        "line": "1",
        "station": "Академическая"
    },
    {
        "caption": "Схема",
        "image": "res/stations/polytech.svg",
        "line": "1",
        "station": "Политехническая"
    },
    {
        "caption": "Схема",
        "image": "res/stations/plmuzhestva.svg",
        "line": "1",
        "station": "Площадь Мужества"
    },
    {
        "caption": "Схема",
        "image": "res/stations/lesnaya.svg",
        "line": "1",
        "station": "Лесная"
    },
    {
        "caption": "Схема",
        "image": "res/stations/vyborgskaya.svg",
        "line": "1",
        "station": "Выборгская"
    },
    {
        "caption": "Схема",
        "image": "res/stations/pllenina.svg",
        "line": "1",
        "station": "Площадь Ленина"
    },
    {
        "caption": "Схема",
        "image": "res/stations/chernyshevskaya.svg",
        "line": "1",
        "station": "Чернышевская"
    },
    {
        "caption": "Схема",
        "image": "res/stations/plvosstania-mayakovskaya.svg",
        "line": "1",
        "station": "Площадь Восстания"
    },
    {
        "caption": "Схема",
        "image": "res/stations/vladimirskaya-dostoevskaya.svg",
        "line": "1",
        "station": "Владимирская"
    },
    {
        "caption": "Схема",
        "image": "res/stations/pushkinskayazvenigorodskaya.svg",
        "line": "1",
        "station": "Пушкинская"
    },
    {
        "caption": "Схема",
        "image": "res/stations/techinstitut.svg",
        "line": "1",
        "station": "Технологический институт-I"
    },
    {
        "caption": "Схема",
        "image": "res/stations/baltiyskaya.svg",
        "line": "1",
        "station": "Балтийская"
    },
    {
        "caption": "Схема",
        "image": "res/stations/narvskaya.svg",
        "line": "1",
        "station": "Нарвская"
    },
    {
        "caption": "Схема",
        "image": "res/stations/kirovskyzavod.svg",
        "line": "1",
        "station": "Кировский завод"
    },
    {
        "caption": "Схема",
        "image": "res/stations/avtovo.svg",
        "line": "1",
        "station": "Автово"
    },
    {
        "caption": "Схема",
        "image": "res/stations/leninskypr.svg",
        "line": "1",
        "station": "Ленинский проспект"
    },
    {
        "caption": "Схема",
        "image": "res/stations/prveteranov.svg",
        "line": "1",
        "station": "Проспект Ветеранов"
    },
    {
        "caption": "Схема",
        "image": "res/stations/parnas.svg",
        "line": "2",
        "station": "Парнас"
    },
    {
        "caption": "Схема",
        "image": "res/stations/prprosvescheniya.svg",
        "line": "2",
        "station": "Проспект Просвещения"
    },
    {
        "caption": "Схема",
        "image": "res/stations/ozerki.svg",
        "line": "2",
        "station": "Озерки"
    },
    {
        "caption": "Схема",
        "image": "res/stations/udelnaya.svg",
        "line": "2",
        "station": "Удельная"
    },
    {
        "caption": "Схема",
        "image": "res/stations/pionerskaya.svg",
        "line": "2",
        "station": "Пионерская"
    },
    {
        "caption": "Схема",
        "image": "res/stations/chernayarechka.svg",
        "line": "2",
        "station": "Чёрная речка"
    },
    {
        "caption": "Схема",
        "image": "res/stations/petrogradskaya.svg",
        "line": "2",
        "station": "Петроградская"
    },
    {
        "caption": "Схема",
        "image": "res/stations/gorkovskaya.svg",
        "line": "2",
        "station": "Горьковская"
    },
    {
        "caption": "Схема",
        "image": "res/stations/nevskipr-gostinydvor.svg",
        "line": "2",
        "station": "Невский проспект"
    },
    {
        "caption": "Схема",
        "image": "res/stations/sadovaya-sennayapl.svg",
        "line": "2",
        "station": "Сенная площадь"
    },
    {
        "caption": "Схема",
        "image": "res/stations/techinstitut.svg",
        "line": "2",
        "station": "Технологический институт-II"
    },
    {
        "caption": "Схема",
        "image": "res/stations/frunzenskaya.svg",
        "line": "2",
        "station": "Фрунзенская"
    },
    {
        "caption": "Схема",
        "image": "res/stations/moskvorota.svg",
        "line": "2",
        "station": "Московские ворота"
    },
    {
        "caption": "Схема",
        "image": "res/stations/electrosila.svg",
        "line": "2",
        "station": "Электросила"
    },
    {
        "caption": "Схема",
        "image": "res/stations/parkpobedy.svg",
        "line": "2",
        "station": "Парк Победы"
    },
    {
        "caption": "Схема",
        "image": "res/stations/moskovskaya.svg",
        "line": "2",
        "station": "Московская"
    },
    {
        "caption": "Схема",
        "image": "res/stations/zvezdnaya.svg",
        "line": "2",
        "station": "Звёздная"
    },
    {
        "caption": "Схема",
        "image": "res/stations/kupchino.svg",
        "line": "2",
        "station": "Купчино"
    },
    {
        "caption": "Схема",
        "image": "res/stations/primorskaya.svg",
        "line": "3",
        "station": "Приморская"
    },
    {
        "caption": "Схема",
        "image": "res/stations/vasileostrovskaya.svg",
        "line": "3",
        "station": "Василеостровская"
    },
    {
        "caption": "Схема",
        "image": "res/stations/nevskipr-gostinydvor.svg",
        "line": "3",
        "station": "Гостиный двор"
    },
    {
        "caption": "Схема",
        "image": "res/stations/plvosstania-mayakovskaya.svg",
        "line": "3",
        "station": "Маяковская"
    },
    {
        "caption": "Схема",
        "image": "res/stations/aleksandranevskogo.svg",
        "line": "3",
        "station": "Площадь Александра Невского-I"
    },
    {
        "caption": "Схема",
        "image": "res/stations/elizarovskaya.svg",
        "line": "3",
        "station": "Елизаровская"
    },
    {
        "caption": "Схема",
        "image": "res/stations/lomonosovskaya.svg",
        "line": "3",
        "station": "Ломоносовская"
    },
    {
        "caption": "Схема",
        "image": "res/stations/proletarskaya.svg",
        "line": "3",
        "station": "Пролетарская"
    },
    {
        "caption": "Схема",
        "image": "res/stations/obukhovo.svg",
        "line": "3",
        "station": "Обухово"
    },
    {
        "caption": "Схема",
        "image": "res/stations/rybatskoe.svg",
        "line": "3",
        "station": "Рыбацкое"
    },
    {
        "caption": "Схема",
        "image": "res/stations/sadovaya-sennayapl.svg",
        "line": "4",
        "station": "Спасская"
    },
    {
        "caption": "Схема",
        "image": "res/stations/vladimirskaya-dostoevskaya.svg",
        "line": "4",
        "station": "Достоевская"
    },
    {
        "caption": "Схема",
        "image": "res/stations/ligovskiypr.svg",
        "line": "4",
        "station": "Лиговский проспект"
    },
    {
        "caption": "Схема",
        "image": "res/stations/aleksandranevskogo.svg",
        "line": "4",
        "station": "Площадь Александра Невского-II"
    },
    {
        "caption": "Схема",
        "image": "res/stations/novocherkasskaya.svg",
        "line": "4",
        "station": "Новочеркасская"
    },
    {
        "caption": "Схема",
        "image": "res/stations/ladozhskaya.svg",
        "line": "4",
        "station": "Ладожская"
    },
    {
        "caption": "Схема",
        "image": "res/stations/prbolshevikov.svg",
        "line": "4",
        "station": "Проспект Большевиков"
    },
    {
        "caption": "Схема",
        "image": "res/stations/uldybenko.svg",
        "line": "4",
        "station": "Улица Дыбенко"
    },
    {
        "caption": "Схема",
        "image": "res/stations/komendantskypr.svg",
        "line": "5",
        "station": "Комендантский проспект"
    },
    {
        "caption": "Схема",
        "image": "res/stations/starayaderevnya.svg",
        "line": "5",
        "station": "Старая Деревня"
    },
    {
        "caption": "Схема",
        "image": "res/stations/krestovskiyostrov.svg",
        "line": "5",
        "station": "Крестовский остров"
    },
    {
        "caption": "Схема",
        "image": "res/stations/chkalovskaya.svg",
        "line": "5",
        "station": "Чкаловская"
    },
    {
        "caption": "Схема",
        "image": "res/stations/sportivnaya.svg",
        "line": "5",
        "station": "Спортивная"
    },
    {
        "caption": "Схема",
        "image": "res/stations/admiralteyskaya.svg",
        "line": "5",
        "station": "Адмиралтейская"
    },
    {
        "caption": "Схема",
        "image": "res/stations/sadovaya-sennayapl.svg",
        "line": "5",
        "station": "Садовая"
    },
    {
        "caption": "Схема",
        "image": "res/stations/pushkinskayazvenigorodskaya.svg",
        "line": "5",
        "station": "Звенигородская"
    },
    {
        "caption": "Схема",
        "image": "res/stations/obvodnycanal.svg",
        "line": "5",
        "station": "Обводный канал"
    },
    {
        "caption": "Схема",
        "image": "res/stations/volkovskaya.svg",
        "line": "5",
        "station": "Волковская"
    },
    {
        "caption": "Схема",
        "image": "res/stations/buharestskaya.svg",
        "line": "5",
        "station": "Бухарестская"
    },
    {
        "caption": "Схема",
        "image": "res/stations/mezhdunarodnaya.svg",
        "line": "5",
        "station": "Международная"
    },
    {
        "caption": "Схема",
        "image": "res/stations/kirovskyzavod.svg",
        "line": "6",
        "station": "Путиловская"
    }
]