{
    "default_transports": [
        "metro"
    ],
    "height": 709,
    "images": [
        "res/schemes/newcastle.svg"
    ],
    "is_vector": true,
    "lines": [
        {
            "labels_bg_color": "-1",
            "labels_color": "000000",
            "line_color": "FFB923",
            "line_width": 12,
            "name": "Yellow Line",
            "segments": [
                [
                    0,
                    1,
                    [
                        [
                            450,
                            261
                        ],
                        [
                            404,
                            261
                        ]
                    ],
                    true
                ],
                [
                    1,
                    2,
                    [
                        [
                            562,
                            261
                        ],
                        [
                            450,
                            261
                        ]
                    ],
                    true
                ],
                [
                    2,
                    3,
                    [
                        [
                            624,
                            261
                        ],
                        [
                            562,
                            261
                        ]
                    ],
                    true
                ],
                [
                    3,
                    4,
                    [
                        [
                            687,
                            261
                        ],
                        [
                            624,
                            261
                        ]
                    ],
                    true
                ],
                [
                    4,
                    5,
                    [
                        [
                            749,
                            261
                        ],
                        [
                            687,
                            261
                        ]
                    ],
                    true
                ],
                [
                    5,
                    6,
                    [
                        [
                            814,
                            261
                        ],
                        [
                            749,
                            261
                        ]
                    ],
                    true
                ],
                [
                    6,
                    7,
                    [
                        [
                            874,
                            261
                        ],
                        [
                            814,
                            261
                        ]
                    ],
                    true
                ],
                [
                    7,
                    8,
                    [
                        [
                            939,
                            261
                        ],
                        [
                            874,
                            261
                        ]
                    ],
                    true
                ],
                [
                    8,
                    9,
                    [
                        [
                            1002,
                            261
                        ],
                        [
                            939,
                            261
                        ]
                    ],
                    true
                ],
                [
                    9,
                    10,
                    [
                        [
                            1066,
                            261
                        ],
                        [
                            1002,
                            261
                        ]
                    ],
                    true
                ],
                [
                    10,
                    11,
                    [
                        [
                            1128,
                            261
                        ],
                        [
                            1066,
                            261
                        ]
                    ],
                    true
                ],
                [
                    11,
                    12,
                    [
                        [
                            1149.0,
                            232.0
                        ],
                        [
                            1149.68,
                            236.27
                        ],
                        [
                            1150.09,
                            240.22
                        ],
                        [
                            1150.24,
                            243.84
                        ],
                        [
                            1150.12,
                            247.12
                        ],
                        [
                            1149.74,
                            250.09
                        ],
                        [
                            1149.09,
                            252.72
                        ],
                        [
                            1148.18,
                            255.02
                        ],
                        [
                            1147.0,
                            257.0
                        ],
                        [
                            1145.55,
                            258.65
                        ],
                        [
                            1143.84,
                            259.97
                        ],
                        [
                            1141.87,
                            260.96
                        ],
                        [
                            1139.62,
                            261.62
                        ],
                        [
                            1137.12,
                            261.96
                        ],
                        [
                            1134.34,
                            261.97
                        ],
                        [
                            1131.3,
                            261.65
                        ],
                        [
                            1128.0,
                            261.0
                        ]
                    ],
                    true
                ],
                [
                    12,
                    13,
                    [
                        [
                            1149,
                            184
                        ],
                        [
                            1149,
                            232
                        ]
                    ],
                    true
                ],
                [
                    13,
                    14,
                    [
                        [
                            1149,
                            136
                        ],
                        [
                            1149,
                            184
                        ]
                    ],
                    true
                ],
                [
                    14,
                    15,
                    [
                        [
                            1071.0,
                            104.0
                        ],
                        [
                            1081.95,
                            103.84
                        ],
                        [
                            1092.06,
                            103.72
                        ],
                        [
                            1101.32,
                            103.65
                        ],
                        [
                            1109.75,
                            103.62
                        ],
                        [
                            1117.43,
                            103.65
                        ],
                        [
                            1124.25,
                            103.73
                        ],
                        [
                            1130.16,
                            103.84
                        ],
                        [
                            1135.0,
                            104.0
                        ],
                        [
                            1138.43,
                            104.18
                        ],
                        [
                            1140.88,
                            104.4
                        ],
                        [
                            1142.62,
                            104.67
                        ],
                        [
                            1143.75,
                            105.0
                        ],
                        [
                            1144.42,
                            105.41
                        ],
                        [
                            1144.76,
                            105.88
                        ],
                        [
                            1144.86,
                            106.42
                        ],
                        [
                            1145.0,
                            107.0
                        ],
                        [
                            1145.58,
                            107.59
                        ],
                        [
                            1146.3,
                            108.24
                        ],
                        [
                            1147.0,
                            109.0
                        ],
                        [
                            1147.62,
                            109.88
                        ],
                        [
                            1148.08,
                            110.89
                        ],
                        [
                            1148.45,
                            112.06
                        ],
                        [
                            1148.75,
                            113.42
                        ],
                        [
                            1149.0,
                            115.0
                        ],
                        [
                            1149.21,
                            116.88
                        ],
                        [
                            1149.37,
                            119.0
                        ],
                        [
                            1149.46,
                            121.33
                        ],
                        [
                            1149.5,
                            123.88
                        ],
                        [
                            1149.47,
                            126.6
                        ],
                        [
                            1149.38,
                            129.53
                        ],
                        [
                            1149.22,
                            132.66
                        ],
                        [
                            1149.0,
                            136.0
                        ]
                    ],
                    true
                ],
                [
                    15,
                    16,
                    [
                        [
                            983,
                            104
                        ],
                        [
                            1071,
                            104
                        ]
                    ],
                    true
                ],
                [
                    16,
                    17,
                    [
                        [
                            892,
                            104
                        ],
                        [
                            983,
                            104
                        ]
                    ],
                    true
                ],
                [
                    17,
                    18,
                    [
                        [
                            803,
                            104
                        ],
                        [
                            892,
                            104
                        ]
                    ],
                    true
                ],
                [
                    18,
                    19,
                    [
                        [
                            712,
                            104
                        ],
                        [
                            803,
                            104
                        ]
                    ],
                    true
                ],
                [
                    19,
                    20,
                    [
                        [
                            622,
                            104
                        ],
                        [
                            712,
                            104
                        ]
                    ],
                    true
                ],
                [
                    20,
                    21,
                    [
                        [
                            532,
                            104
                        ],
                        [
                            622,
                            104
                        ]
                    ],
                    true
                ],
                [
                    21,
                    22,
                    [
                        [
                            442,
                            104
                        ],
                        [
                            532,
                            104
                        ]
                    ],
                    true
                ],
                [
                    22,
                    23,
                    [
                        [
                            374.0,
                            129.0
                        ],
                        [
                            372.66,
                            127.73
                        ],
                        [
                            371.38,
                            126.44
                        ],
                        [
                            370.15,
                            125.11
                        ],
                        [
                            369.0,
                            123.75
                        ],
                        [
                            367.94,
                            122.39
                        ],
                        [
                            366.93,
                            120.99
                        ],
                        [
                            365.97,
                            119.55
                        ],
                        [
                            365.0,
                            118.0
                        ],
                        [
                            363.93,
                            116.26
                        ],
                        [
                            362.88,
                            114.45
                        ],
                        [
                            361.93,
                            112.64
                        ],
                        [
                            361.12,
                            110.88
                        ],
                        [
                            360.57,
                            109.16
                        ],
                        [
                            360.2,
                            107.57
                        ],
                        [
                            360.03,
                            106.15
                        ],
                        [
                            360.0,
                            105.0
                        ],
                        [
                            359.97,
                            104.33
                        ],
                        [
                            360.17,
                            103.96
                        ],
                        [
                            360.79,
                            103.75
                        ],
                        [
                            361.88,
                            103.69
                        ],
                        [
                            363.51,
                            103.7
                        ],
                        [
                            365.84,
                            103.77
                        ],
                        [
                            368.92,
                            103.89
                        ],
                        [
                            373.0,
                            104.0
                        ],
                        [
                            378.4,
                            103.99
                        ],
                        [
                            384.85,
                            103.95
                        ],
                        [
                            392.23,
                            103.91
                        ],
                        [
                            400.5,
                            103.88
                        ],
                        [
                            409.57,
                            103.88
                        ],
                        [
                            419.5,
                            103.91
                        ],
                        [
                            430.31,
                            103.95
                        ],
                        [
                            442.0,
                            104.0
                        ]
                    ],
                    true
                ],
                [
                    23,
                    24,
                    [
                        [
                            386,
                            153
                        ],
                        [
                            374,
                            129
                        ]
                    ],
                    true
                ],
                [
                    24,
                    25,
                    [
                        [
                            401,
                            180
                        ],
                        [
                            386,
                            153
                        ]
                    ],
                    true
                ],
                [
                    25,
                    26,
                    [
                        [
                            417,
                            207
                        ],
                        [
                            401,
                            180
                        ]
                    ],
                    true
                ],
                [
                    26,
                    27,
                    [
                        [
                            433,
                            234
                        ],
                        [
                            417,
                            207
                        ]
                    ],
                    true
                ],
                [
                    27,
                    28,
                    [
                        [
                            449,
                            261
                        ],
                        [
                            433,
                            234
                        ]
                    ],
                    true
                ],
                [
                    28,
                    29,
                    [
                        [
                            466,
                            291
                        ],
                        [
                            449,
                            261
                        ]
                    ],
                    true
                ],
                [
                    29,
                    30,
                    [
                        [
                            533.0,
                            347.0
                        ],
                        [
                            529.0,
                            347.05
                        ],
                        [
                            525.25,
                            347.09
                        ],
                        [
                            521.75,
                            347.12
                        ],
                        [
                            518.5,
                            347.12
                        ],
                        [
                            515.47,
                            347.1
                        ],
                        [
                            512.69,
                            347.06
                        ],
                        [
                            510.18,
                            347.02
                        ],
                        [
                            508.0,
                            347.0
                        ],
                        [
                            506.24,
                            347.06
                        ],
                        [
                            504.78,
                            347.12
                        ],
                        [
                            503.52,
                            347.16
                        ],
                        [
                            502.44,
                            347.12
                        ],
                        [
                            501.45,
                            346.96
                        ],
                        [
                            500.56,
                            346.71
                        ],
                        [
                            499.75,
                            346.37
                        ],
                        [
                            499.0,
                            346.0
                        ],
                        [
                            498.3,
                            345.7
                        ],
                        [
                            497.6,
                            345.29
                        ],
                        [
                            496.84,
                            344.66
                        ],
                        [
                            496.0,
                            343.75
                        ],
                        [
                            495.07,
                            342.52
                        ],
                        [
                            493.96,
                            340.87
                        ],
                        [
                            492.64,
                            338.75
                        ],
                        [
                            491.0,
                            336.0
                        ],
                        [
                            488.88,
                            332.4
                        ],
                        [
                            486.41,
                            328.13
                        ],
                        [
                            483.66,
                            323.28
                        ],
                        [
                            480.62,
                            317.88
                        ],
                        [
                            477.36,
                            311.97
                        ],
                        [
                            473.84,
                            305.53
                        ],
                        [
                            470.05,
                            298.54
                        ],
                        [
                            466.0,
                            291.0
                        ]
                    ],
                    true
                ],
                [
                    30,
                    31,
                    [
                        [
                            598,
                            347
                        ],
                        [
                            533,
                            347
                        ]
                    ],
                    true
                ],
                [
                    31,
                    32,
                    [
                        [
                            664,
                            347
                        ],
                        [
                            598,
                            347
                        ]
                    ],
                    true
                ],
                [
                    32,
                    33,
                    [
                        [
                            728,
                            347
                        ],
                        [
                            664,
                            347
                        ]
                    ],
                    true
                ],
                [
                    33,
                    34,
                    [
                        [
                            791,
                            347
                        ],
                        [
                            728,
                            347
                        ]
                    ],
                    true
                ],
                [
                    34,
                    35,
                    [
                        [
                            852,
                            347
                        ],
                        [
                            791,
                            347
                        ]
                    ],
                    true
                ],
                [
                    35,
                    36,
                    [
                        [
                            898,
                            347
                        ],
                        [
                            852,
                            347
                        ]
                    ],
                    true
                ],
                [
                    36,
                    37,
                    [
                        [
                            943,
                            347
                        ],
                        [
                            898,
                            347
                        ]
                    ],
                    true
                ],
                [
                    37,
                    38,
                    [
                        [
                            990,
                            347
                        ],
                        [
                            943,
                            347
                        ]
                    ],
                    true
                ],
                [
                    38,
                    39,
                    [
                        [
                            1035,
                            347
                        ],
                        [
                            990,
                            347
                        ]
                    ],
                    true
                ],
                [
                    39,
                    40,
                    [
                        [
                            1082,
                            347
                        ],
                        [
                            1035,
                            347
                        ]
                    ],
                    true
                ],
                [
                    40,
                    41,
                    [
                        [
                            1128,
                            347
                        ],
                        [
                            1082,
                            347
                        ]
                    ],
                    true
                ]
            ],
            "stations": [
                {
                    "coord": [
                        404,
                        261
                    ],
                    "is_working": true,
                    "name": "St.James",
                    "rect": [
                        339,
                        258,
                        53,
                        10
                    ],
                    "text_id": 0,
                    "uid": 0
                },
                {
                    "coord": [
                        450,
                        261
                    ],
                    "is_working": true,
                    "name": "Monument1",
                    "rect": [
                        456,
                        239,
                        62,
                        14
                    ],
                    "text_id": 1,
                    "uid": 1
                },
                {
                    "coord": [
                        562,
                        261
                    ],
                    "is_working": true,
                    "name": "Manors",
                    "rect": [
                        536,
                        237,
                        50,
                        10
                    ],
                    "text_id": 2,
                    "uid": 2
                },
                {
                    "coord": [
                        624,
                        261
                    ],
                    "is_working": true,
                    "name": "Byker",
                    "rect": [
                        606,
                        274,
                        40,
                        10
                    ],
                    "text_id": 3,
                    "uid": 3
                },
                {
                    "coord": [
                        687,
                        261
                    ],
                    "is_working": true,
                    "name": "Chillingham Road",
                    "rect": [
                        654,
                        223,
                        60,
                        25
                    ],
                    "text_id": 4,
                    "uid": 4
                },
                {
                    "coord": [
                        749,
                        261
                    ],
                    "is_working": true,
                    "name": "Walkergate",
                    "rect": [
                        716,
                        275,
                        70,
                        10
                    ],
                    "text_id": 5,
                    "uid": 5
                },
                {
                    "coord": [
                        814,
                        261
                    ],
                    "is_working": true,
                    "name": "Wallsend",
                    "rect": [
                        789,
                        240,
                        50,
                        10
                    ],
                    "text_id": 6,
                    "uid": 6
                },
                {
                    "coord": [
                        874,
                        261
                    ],
                    "is_working": true,
                    "name": "Hadrian Road",
                    "rect": [
                        839,
                        271,
                        50,
                        25
                    ],
                    "text_id": 7,
                    "uid": 7
                },
                {
                    "coord": [
                        939,
                        261
                    ],
                    "is_working": true,
                    "name": "Howdon",
                    "rect": [
                        916,
                        240,
                        50,
                        10
                    ],
                    "text_id": 8,
                    "uid": 8
                },
                {
                    "coord": [
                        1002,
                        261
                    ],
                    "is_working": true,
                    "name": "Percy Main",
                    "rect": [
                        979,
                        267,
                        40,
                        25
                    ],
                    "text_id": 9,
                    "uid": 9
                },
                {
                    "coord": [
                        1066,
                        261
                    ],
                    "is_working": true,
                    "name": "Meadow Well",
                    "rect": [
                        1038,
                        227,
                        50,
                        25
                    ],
                    "text_id": 10,
                    "uid": 10
                },
                {
                    "coord": [
                        1128,
                        261
                    ],
                    "is_working": true,
                    "name": "North Shields",
                    "rect": [
                        1093,
                        272,
                        50,
                        25
                    ],
                    "text_id": 11,
                    "uid": 11
                },
                {
                    "coord": [
                        1149,
                        232
                    ],
                    "is_working": true,
                    "name": "Tynemounth",
                    "rect": [
                        1161,
                        226,
                        70,
                        10
                    ],
                    "text_id": 12,
                    "uid": 12
                },
                {
                    "coord": [
                        1149,
                        184
                    ],
                    "is_working": true,
                    "name": "Cullercoats",
                    "rect": [
                        1069,
                        178,
                        70,
                        10
                    ],
                    "text_id": 13,
                    "uid": 13
                },
                {
                    "coord": [
                        1149,
                        136
                    ],
                    "is_working": true,
                    "name": "Whitley Bay",
                    "rect": [
                        1160,
                        122,
                        50,
                        25
                    ],
                    "text_id": 14,
                    "uid": 14
                },
                {
                    "coord": [
                        1071,
                        104
                    ],
                    "is_working": true,
                    "name": "Monkseaton",
                    "rect": [
                        1035,
                        116,
                        70,
                        10
                    ],
                    "text_id": 15,
                    "uid": 15
                },
                {
                    "coord": [
                        983,
                        104
                    ],
                    "is_working": true,
                    "name": "West Monkseaton",
                    "rect": [
                        947,
                        67,
                        70,
                        25
                    ],
                    "text_id": 16,
                    "uid": 16
                },
                {
                    "coord": [
                        892,
                        104
                    ],
                    "is_working": true,
                    "name": "Shiremoor",
                    "rect": [
                        861,
                        116,
                        60,
                        10
                    ],
                    "text_id": 17,
                    "uid": 17
                },
                {
                    "coord": [
                        803,
                        104
                    ],
                    "is_working": true,
                    "name": "Northhumberland Park",
                    "rect": [
                        747,
                        68,
                        100,
                        25
                    ],
                    "text_id": 18,
                    "uid": 18
                },
                {
                    "coord": [
                        712,
                        104
                    ],
                    "is_working": true,
                    "name": "Palmersville",
                    "rect": [
                        675,
                        119,
                        70,
                        10
                    ],
                    "text_id": 19,
                    "uid": 19
                },
                {
                    "coord": [
                        622,
                        104
                    ],
                    "is_working": true,
                    "name": "Benton",
                    "rect": [
                        599,
                        84,
                        50,
                        10
                    ],
                    "text_id": 20,
                    "uid": 20
                },
                {
                    "coord": [
                        532,
                        104
                    ],
                    "is_working": true,
                    "name": "Four Lane Ends",
                    "rect": [
                        502,
                        115,
                        50,
                        25
                    ],
                    "text_id": 21,
                    "uid": 21
                },
                {
                    "coord": [
                        442,
                        104
                    ],
                    "is_working": true,
                    "name": "Longbenton",
                    "rect": [
                        408,
                        81,
                        70,
                        10
                    ],
                    "text_id": 22,
                    "uid": 22
                },
                {
                    "coord": [
                        374,
                        129
                    ],
                    "is_working": true,
                    "name": "South Gosforth",
                    "rect": [
                        387,
                        116,
                        50,
                        26
                    ],
                    "text_id": 23,
                    "uid": 23
                },
                {
                    "coord": [
                        386,
                        153
                    ],
                    "is_working": true,
                    "name": "Ilford Road",
                    "rect": [
                        402,
                        141,
                        50,
                        25
                    ],
                    "text_id": 24,
                    "uid": 24
                },
                {
                    "coord": [
                        401,
                        180
                    ],
                    "is_working": true,
                    "name": "West Jesmond",
                    "rect": [
                        326,
                        169,
                        50,
                        25
                    ],
                    "text_id": 25,
                    "uid": 25
                },
                {
                    "coord": [
                        417,
                        207
                    ],
                    "is_working": true,
                    "name": "Jesmond",
                    "rect": [
                        428,
                        202,
                        50,
                        10
                    ],
                    "text_id": 26,
                    "uid": 26
                },
                {
                    "coord": [
                        433,
                        234
                    ],
                    "is_working": true,
                    "name": "Haymarket",
                    "rect": [
                        360,
                        229,
                        50,
                        11
                    ],
                    "text_id": 27,
                    "uid": 27
                },
                {
                    "coord": [
                        449,
                        261
                    ],
                    "is_working": true,
                    "name": "Monument2",
                    "rect": [
                        456,
                        239,
                        62,
                        14
                    ],
                    "text_id": 1,
                    "uid": 28
                },
                {
                    "coord": [
                        466,
                        291
                    ],
                    "is_working": true,
                    "name": "Central Station",
                    "rect": [
                        381,
                        282,
                        57,
                        26
                    ],
                    "text_id": 28,
                    "uid": 29
                },
                {
                    "coord": [
                        533,
                        347
                    ],
                    "is_working": true,
                    "name": "Gateshead",
                    "rect": [
                        512,
                        324,
                        60,
                        10
                    ],
                    "text_id": 29,
                    "uid": 30
                },
                {
                    "coord": [
                        598,
                        347
                    ],
                    "is_working": true,
                    "name": "Gateshead Stadium",
                    "rect": [
                        570,
                        367,
                        50,
                        25
                    ],
                    "text_id": 30,
                    "uid": 31
                },
                {
                    "coord": [
                        664,
                        347
                    ],
                    "is_working": true,
                    "name": "Felling",
                    "rect": [
                        642,
                        324,
                        50,
                        10
                    ],
                    "text_id": 31,
                    "uid": 32
                },
                {
                    "coord": [
                        728,
                        347
                    ],
                    "is_working": true,
                    "name": "Heworth",
                    "rect": [
                        700,
                        368,
                        53,
                        11
                    ],
                    "text_id": 32,
                    "uid": 33
                },
                {
                    "coord": [
                        791,
                        347
                    ],
                    "is_working": true,
                    "name": "Pelaw",
                    "rect": [
                        773,
                        320,
                        50,
                        15
                    ],
                    "text_id": 33,
                    "uid": 34
                },
                {
                    "coord": [
                        852,
                        347
                    ],
                    "is_working": true,
                    "name": "Hebburn",
                    "rect": [
                        828,
                        362,
                        50,
                        10
                    ],
                    "text_id": 34,
                    "uid": 35
                },
                {
                    "coord": [
                        898,
                        347
                    ],
                    "is_working": true,
                    "name": "Jarrow",
                    "rect": [
                        874,
                        324,
                        50,
                        10
                    ],
                    "text_id": 35,
                    "uid": 36
                },
                {
                    "coord": [
                        943,
                        347
                    ],
                    "is_working": true,
                    "name": "Bede",
                    "rect": [
                        929,
                        356,
                        30,
                        10
                    ],
                    "text_id": 36,
                    "uid": 37
                },
                {
                    "coord": [
                        990,
                        347
                    ],
                    "is_working": true,
                    "name": "Simonside",
                    "rect": [
                        960,
                        326,
                        60,
                        10
                    ],
                    "text_id": 37,
                    "uid": 38
                },
                {
                    "coord": [
                        1035,
                        347
                    ],
                    "is_working": true,
                    "name": "Tyne Dock",
                    "rect": [
                        1021,
                        360,
                        30,
                        25
                    ],
                    "text_id": 38,
                    "uid": 39
                },
                {
                    "coord": [
                        1082,
                        347
                    ],
                    "is_working": true,
                    "name": "Chichester",
                    "rect": [
                        1052,
                        325,
                        60,
                        10
                    ],
                    "text_id": 39,
                    "uid": 40
                },
                {
                    "coord": [
                        1128,
                        347
                    ],
                    "is_working": true,
                    "name": "South Shields",
                    "rect": [
                        1138,
                        334,
                        45,
                        25
                    ],
                    "text_id": 40,
                    "uid": 41
                }
            ],
            "text_id": 41
        },
        {
            "labels_bg_color": "-1",
            "labels_color": "000000",
            "line_color": "3BAF4A",
            "line_width": 12,
            "name": "Green Line",
            "segments": [
                [
                    42,
                    43,
                    [
                        [
                            104,
                            104
                        ],
                        [
                            57,
                            104
                        ]
                    ],
                    true
                ],
                [
                    43,
                    44,
                    [
                        [
                            148,
                            104
                        ],
                        [
                            104,
                            104
                        ]
                    ],
                    true
                ],
                [
                    44,
                    45,
                    [
                        [
                            194,
                            104
                        ],
                        [
                            148,
                            104
                        ]
                    ],
                    true
                ],
                [
                    45,
                    46,
                    [
                        [
                            239,
                            104
                        ],
                        [
                            194,
                            104
                        ]
                    ],
                    true
                ],
                [
                    46,
                    47,
                    [
                        [
                            284,
                            104
                        ],
                        [
                            239,
                            104
                        ]
                    ],
                    true
                ],
                [
                    47,
                    48,
                    [
                        [
                            329,
                            104
                        ],
                        [
                            284,
                            104
                        ]
                    ],
                    true
                ],
                [
                    48,
                    49,
                    [
                        [
                            363.0,
                            129.0
                        ],
                        [
                            361.58,
                            125.91
                        ],
                        [
                            360.06,
                            123.03
                        ],
                        [
                            358.45,
                            120.35
                        ],
                        [
                            356.75,
                            117.88
                        ],
                        [
                            354.95,
                            115.6
                        ],
                        [
                            353.06,
                            113.53
                        ],
                        [
                            351.08,
                            111.66
                        ],
                        [
                            349.0,
                            110.0
                        ],
                        [
                            346.83,
                            108.54
                        ],
                        [
                            344.56,
                            107.28
                        ],
                        [
                            342.2,
                            106.23
                        ],
                        [
                            339.75,
                            105.38
                        ],
                        [
                            337.2,
                            104.73
                        ],
                        [
                            334.56,
                            104.28
                        ],
                        [
                            331.83,
                            104.04
                        ],
                        [
                            329.0,
                            104.0
                        ]
                    ],
                    true
                ],
                [
                    49,
                    50,
                    [
                        [
                            375,
                            153
                        ],
                        [
                            363,
                            129
                        ]
                    ],
                    true
                ],
                [
                    50,
                    51,
                    [
                        [
                            391,
                            180
                        ],
                        [
                            375,
                            153
                        ]
                    ],
                    true
                ],
                [
                    51,
                    52,
                    [
                        [
                            407,
                            207
                        ],
                        [
                            391,
                            180
                        ]
                    ],
                    true
                ],
                [
                    52,
                    53,
                    [
                        [
                            423,
                            234
                        ],
                        [
                            407,
                            207
                        ]
                    ],
                    true
                ],
                [
                    53,
                    54,
                    [
                        [
                            438,
                            261
                        ],
                        [
                            423,
                            234
                        ]
                    ],
                    true
                ],
                [
                    54,
                    55,
                    [
                        [
                            454,
                            291
                        ],
                        [
                            438,
                            261
                        ]
                    ],
                    true
                ],
                [
                    55,
                    56,
                    [
                        [
                            533.0,
                            358.0
                        ],
                        [
                            528.52,
                            358.16
                        ],
                        [
                            524.31,
                            358.28
                        ],
                        [
                            520.4,
                            358.35
                        ],
                        [
                            516.75,
                            358.38
                        ],
                        [
                            513.35,
                            358.33
                        ],
                        [
                            510.23,
                            358.25
                        ],
                        [
                            507.43,
                            358.12
                        ],
                        [
                            505.0,
                            358.0
                        ],
                        [
                            503.09,
                            357.93
                        ],
                        [
                            501.52,
                            357.85
                        ],
                        [
                            500.17,
                            357.69
                        ],
                        [
                            499.0,
                            357.44
                        ],
                        [
                            497.93,
                            357.02
                        ],
                        [
                            496.93,
                            356.47
                        ],
                        [
                            495.97,
                            355.79
                        ],
                        [
                            495.0,
                            355.0
                        ],
                        [
                            493.94,
                            354.18
                        ],
                        [
                            492.79,
                            353.18
                        ],
                        [
                            491.55,
                            351.93
                        ],
                        [
                            490.19,
                            350.38
                        ],
                        [
                            488.72,
                            348.48
                        ],
                        [
                            487.07,
                            346.16
                        ],
                        [
                            485.19,
                            343.38
                        ],
                        [
                            483.0,
                            340.0
                        ],
                        [
                            480.37,
                            335.83
                        ],
                        [
                            477.4,
                            331.02
                        ],
                        [
                            474.15,
                            325.66
                        ],
                        [
                            470.62,
                            319.75
                        ],
                        [
                            466.86,
                            313.35
                        ],
                        [
                            462.84,
                            306.44
                        ],
                        [
                            458.55,
                            298.98
                        ],
                        [
                            454.0,
                            291.0
                        ]
                    ],
                    true
                ],
                [
                    56,
                    57,
                    [
                        [
                            598,
                            358
                        ],
                        [
                            533,
                            358
                        ]
                    ],
                    true
                ],
                [
                    57,
                    58,
                    [
                        [
                            664,
                            358
                        ],
                        [
                            598,
                            358
                        ]
                    ],
                    true
                ],
                [
                    58,
                    59,
                    [
                        [
                            728,
                            358
                        ],
                        [
                            664,
                            358
                        ]
                    ],
                    true
                ],
                [
                    59,
                    60,
                    [
                        [
                            791,
                            358
                        ],
                        [
                            728,
                            358
                        ]
                    ],
                    true
                ],
                [
                    60,
                    61,
                    [
                        [
                            866.0,
                            405.0
                        ],
                        [
                            862.1,
                            405.89
                        ],
                        [
                            858.28,
                            406.31
                        ],
                        [
                            854.54,
                            406.25
                        ],
                        [
                            850.88,
                            405.75
                        ],
                        [
                            847.28,
                            404.9
                        ],
                        [
                            843.77,
                            403.55
                        ],
                        [
                            840.34,
                            401.66
                        ],
                        [
                            837.0,
                            399.0
                        ],
                        [
                            833.77,
                            395.16
                        ],
                        [
                            830.64,
                            390.67
                        ],
                        [
                            827.57,
                            385.89
                        ],
                        [
                            824.56,
                            380.94
                        ],
                        [
                            821.61,
                            375.99
                        ],
                        [
                            818.71,
                            371.24
                        ],
                        [
                            815.84,
                            366.79
                        ],
                        [
                            813.0,
                            363.0
                        ],
                        [
                            810.15,
                            360.41
                        ],
                        [
                            807.32,
                            358.61
                        ],
                        [
                            804.52,
                            357.36
                        ],
                        [
                            801.75,
                            356.62
                        ],
                        [
                            799.01,
                            356.26
                        ],
                        [
                            796.31,
                            356.34
                        ],
                        [
                            793.64,
                            356.93
                        ],
                        [
                            791.0,
                            358.0
                        ]
                    ],
                    true
                ],
                [
                    61,
                    62,
                    [
                        [
                            952,
                            405
                        ],
                        [
                            866,
                            405
                        ]
                    ],
                    true
                ],
                [
                    62,
                    63,
                    [
                        [
                            1028,
                            405
                        ],
                        [
                            952,
                            405
                        ]
                    ],
                    true
                ],
                [
                    63,
                    64,
                    [
                        [
                            1149.0,
                            423.0
                        ],
                        [
                            1148.8,
                            420.7
                        ],
                        [
                            1148.44,
                            418.56
                        ],
                        [
                            1147.94,
                            416.58
                        ],
                        [
                            1147.25,
                            414.75
                        ],
                        [
                            1146.26,
                            413.06
                        ],
                        [
                            1145.15,
                            411.54
                        ],
                        [
                            1143.98,
                            410.18
                        ],
                        [
                            1143.0,
                            409.0
                        ],
                        [
                            1142.72,
                            408.05
                        ],
                        [
                            1142.5,
                            407.27
                        ],
                        [
                            1141.91,
                            406.64
                        ],
                        [
                            1140.81,
                            406.12
                        ],
                        [
                            1138.98,
                            405.72
                        ],
                        [
                            1136.21,
                            405.41
                        ],
                        [
                            1132.36,
                            405.18
                        ],
                        [
                            1127.0,
                            405.0
                        ],
                        [
                            1119.48,
                            404.81
                        ],
                        [
                            1110.32,
                            404.65
                        ],
                        [
                            1099.76,
                            404.54
                        ],
                        [
                            1087.88,
                            404.5
                        ],
                        [
                            1074.83,
                            404.53
                        ],
                        [
                            1060.53,
                            404.62
                        ],
                        [
                            1044.91,
                            404.78
                        ],
                        [
                            1028.0,
                            405.0
                        ]
                    ],
                    true
                ],
                [
                    64,
                    65,
                    [
                        [
                            1149,
                            448
                        ],
                        [
                            1149,
                            423
                        ]
                    ],
                    true
                ],
                [
                    65,
                    66,
                    [
                        [
                            1149,
                            476
                        ],
                        [
                            1149,
                            448
                        ]
                    ],
                    true
                ],
                [
                    66,
                    67,
                    [
                        [
                            1149,
                            528
                        ],
                        [
                            1149,
                            476
                        ]
                    ],
                    true
                ],
                [
                    67,
                    68,
                    [
                        [
                            1129.0,
                            558.0
                        ],
                        [
                            1132.12,
                            558.94
                        ],
                        [
                            1135.0,
                            559.5
                        ],
                        [
                            1137.62,
                            559.69
                        ],
                        [
                            1140.0,
                            559.5
                        ],
                        [
                            1142.12,
                            558.94
                        ],
                        [
                            1144.0,
                            558.0
                        ],
                        [
                            1145.62,
                            556.69
                        ],
                        [
                            1147.0,
                            555.0
                        ],
                        [
                            1148.12,
                            552.94
                        ],
                        [
                            1149.0,
                            550.5
                        ],
                        [
                            1149.62,
                            547.69
                        ],
                        [
                            1150.0,
                            544.5
                        ],
                        [
                            1150.12,
                            540.94
                        ],
                        [
                            1150.0,
                            537.0
                        ],
                        [
                            1149.62,
                            532.69
                        ],
                        [
                            1149.0,
                            528.0
                        ]
                    ],
                    true
                ],
                [
                    68,
                    69,
                    [
                        [
                            1070,
                            558
                        ],
                        [
                            1129,
                            558
                        ]
                    ],
                    true
                ],
                [
                    69,
                    70,
                    [
                        [
                            1011,
                            558
                        ],
                        [
                            1070,
                            558
                        ]
                    ],
                    true
                ],
                [
                    70,
                    71,
                    [
                        [
                            952,
                            558
                        ],
                        [
                            1011,
                            558
                        ]
                    ],
                    true
                ],
                [
                    71,
                    72,
                    [
                        [
                            892,
                            557
                        ],
                        [
                            952,
                            558
                        ]
                    ],
                    true
                ]
            ],
            "stations": [
                {
                    "coord": [
                        57,
                        104
                    ],
                    "is_working": true,
                    "name": "Airport",
                    "rect": [
                        34,
                        77,
                        50,
                        10
                    ],
                    "text_id": 42,
                    "uid": 42
                },
                {
                    "coord": [
                        104,
                        104
                    ],
                    "is_working": true,
                    "name": "Callerton Parkway",
                    "rect": [
                        78,
                        113,
                        50,
                        25
                    ],
                    "text_id": 43,
                    "uid": 43
                },
                {
                    "coord": [
                        148,
                        104
                    ],
                    "is_working": true,
                    "name": "Bank Foot",
                    "rect": [
                        134,
                        65,
                        30,
                        25
                    ],
                    "text_id": 44,
                    "uid": 44
                },
                {
                    "coord": [
                        194,
                        104
                    ],
                    "is_working": true,
                    "name": "Kingston Park",
                    "rect": [
                        168,
                        115,
                        50,
                        25
                    ],
                    "text_id": 45,
                    "uid": 45
                },
                {
                    "coord": [
                        239,
                        104
                    ],
                    "is_working": true,
                    "name": "Fawdon",
                    "rect": [
                        215,
                        82,
                        50,
                        10
                    ],
                    "text_id": 46,
                    "uid": 46
                },
                {
                    "coord": [
                        284,
                        104
                    ],
                    "is_working": true,
                    "name": "Wansbesk Road",
                    "rect": [
                        263,
                        117,
                        50,
                        25
                    ],
                    "text_id": 47,
                    "uid": 47
                },
                {
                    "coord": [
                        329,
                        104
                    ],
                    "is_working": true,
                    "name": "Regent Centre",
                    "rect": [
                        298,
                        69,
                        50,
                        25
                    ],
                    "text_id": 48,
                    "uid": 48
                },
                {
                    "coord": [
                        363,
                        129
                    ],
                    "is_working": true,
                    "name": "South Gosforth",
                    "rect": [
                        387,
                        116,
                        50,
                        26
                    ],
                    "text_id": 23,
                    "uid": 49
                },
                {
                    "coord": [
                        375,
                        153
                    ],
                    "is_working": true,
                    "name": "Ilford Road",
                    "rect": [
                        402,
                        141,
                        50,
                        25
                    ],
                    "text_id": 24,
                    "uid": 50
                },
                {
                    "coord": [
                        391,
                        180
                    ],
                    "is_working": true,
                    "name": "West Jesmond",
                    "rect": [
                        326,
                        169,
                        50,
                        25
                    ],
                    "text_id": 25,
                    "uid": 51
                },
                {
                    "coord": [
                        407,
                        207
                    ],
                    "is_working": true,
                    "name": "Jesmond",
                    "rect": [
                        428,
                        202,
                        50,
                        10
                    ],
                    "text_id": 26,
                    "uid": 52
                },
                {
                    "coord": [
                        423,
                        234
                    ],
                    "is_working": true,
                    "name": "Haymarket",
                    "rect": [
                        360,
                        229,
                        50,
                        11
                    ],
                    "text_id": 27,
                    "uid": 53
                },
                {
                    "coord": [
                        438,
                        261
                    ],
                    "is_working": true,
                    "name": "Monument",
                    "rect": [
                        456,
                        239,
                        62,
                        14
                    ],
                    "text_id": 1,
                    "uid": 54
                },
                {
                    "coord": [
                        454,
                        291
                    ],
                    "is_working": true,
                    "name": "Central Station",
                    "rect": [
                        381,
                        282,
                        57,
                        26
                    ],
                    "text_id": 28,
                    "uid": 55
                },
                {
                    "coord": [
                        533,
                        358
                    ],
                    "is_working": true,
                    "name": "Gateshead",
                    "rect": [
                        512,
                        324,
                        60,
                        10
                    ],
                    "text_id": 29,
                    "uid": 56
                },
                {
                    "coord": [
                        598,
                        358
                    ],
                    "is_working": true,
                    "name": "Gateshead Stadium",
                    "rect": [
                        570,
                        367,
                        50,
                        25
                    ],
                    "text_id": 30,
                    "uid": 57
                },
                {
                    "coord": [
                        664,
                        358
                    ],
                    "is_working": true,
                    "name": "Felling",
                    "rect": [
                        642,
                        324,
                        50,
                        10
                    ],
                    "text_id": 31,
                    "uid": 58
                },
                {
                    "coord": [
                        728,
                        358
                    ],
                    "is_working": true,
                    "name": "Heworth",
                    "rect": [
                        700,
                        368,
                        53,
                        11
                    ],
                    "text_id": 32,
                    "uid": 59
                },
                {
                    "coord": [
                        791,
                        358
                    ],
                    "is_working": true,
                    "name": "Pelaw",
                    "rect": [
                        773,
                        320,
                        50,
                        15
                    ],
                    "text_id": 33,
                    "uid": 60
                },
                {
                    "coord": [
                        866,
                        405
                    ],
                    "is_working": true,
                    "name": "Fellgate",
                    "rect": [
                        843,
                        418,
                        50,
                        10
                    ],
                    "text_id": 49,
                    "uid": 61
                },
                {
                    "coord": [
                        952,
                        405
                    ],
                    "is_working": true,
                    "name": "Brockley Whins",
                    "rect": [
                        923,
                        371,
                        50,
                        25
                    ],
                    "text_id": 50,
                    "uid": 62
                },
                {
                    "coord": [
                        1028,
                        405
                    ],
                    "is_working": true,
                    "name": "East Boldon",
                    "rect": [
                        995,
                        416,
                        50,
                        25
                    ],
                    "text_id": 51,
                    "uid": 63
                },
                {
                    "coord": [
                        1149,
                        423
                    ],
                    "is_working": true,
                    "name": "Seaburn",
                    "rect": [
                        1090,
                        418,
                        50,
                        10
                    ],
                    "text_id": 52,
                    "uid": 64
                },
                {
                    "coord": [
                        1149,
                        448
                    ],
                    "is_working": true,
                    "name": "Stadium of Light",
                    "rect": [
                        1165,
                        435,
                        50,
                        25
                    ],
                    "text_id": 53,
                    "uid": 65
                },
                {
                    "coord": [
                        1149,
                        476
                    ],
                    "is_working": true,
                    "name": "St.Peter's",
                    "rect": [
                        1078,
                        468,
                        60,
                        10
                    ],
                    "text_id": 54,
                    "uid": 66
                },
                {
                    "coord": [
                        1149,
                        528
                    ],
                    "is_working": true,
                    "name": "Sunderland",
                    "rect": [
                        1159,
                        523,
                        70,
                        10
                    ],
                    "text_id": 55,
                    "uid": 67
                },
                {
                    "coord": [
                        1129,
                        558
                    ],
                    "is_working": true,
                    "name": "Park Lane",
                    "rect": [
                        1115,
                        570,
                        30,
                        25
                    ],
                    "text_id": 56,
                    "uid": 68
                },
                {
                    "coord": [
                        1070,
                        558
                    ],
                    "is_working": true,
                    "name": "University",
                    "rect": [
                        1044,
                        536,
                        55,
                        10
                    ],
                    "text_id": 57,
                    "uid": 69
                },
                {
                    "coord": [
                        1011,
                        558
                    ],
                    "is_working": true,
                    "name": "Millfield",
                    "rect": [
                        989,
                        572,
                        50,
                        10
                    ],
                    "text_id": 58,
                    "uid": 70
                },
                {
                    "coord": [
                        952,
                        558
                    ],
                    "is_working": true,
                    "name": "Pallion",
                    "rect": [
                        926,
                        538,
                        50,
                        10
                    ],
                    "text_id": 59,
                    "uid": 71
                },
                {
                    "coord": [
                        892,
                        557
                    ],
                    "is_working": true,
                    "name": "South Hylton",
                    "rect": [
                        863,
                        570,
                        50,
                        25
                    ],
                    "text_id": 60,
                    "uid": 72
                }
            ],
            "text_id": 61
        }
    ],
    "lines_width": 12,
    "name": "metro",
    "name_text_id": 62,
    "stations_diameter": 15.0,
    "transfers": [],
    "transports": [
        "metro"
    ],
    "type_name": "ROOT",
    "type_text_id": 63,
    "upper_case": false,
    "width": 1300,
    "word_wrap": true
}