{
    "0": "Flon",
    "1": "Vigie",
    "2": "Montelly",
    "3": "Provence",
    "4": "Malley",
    "5": "Bourdonnette",
    "6": "Unil-Dorigny",
    "7": "Mouline",
    "8": "Unil-Sorge",
    "9": "EPFL",
    "10": "Bassenges",
    "11": "Cerisaie",
    "12": "Crochy",
    "13": "Epenex",
    "14": "Renens CFF",
    "15": "m1",
    "16": "Croisettes",
    "17": "Vennes",
    "18": "Fourmi",
    "19": "Sallaz",
    "20": "CHUV",
    "21": "Ours",
    "22": "Bessieres",
    "23": "Rippone",
    "24": "Gare CFF",
    "25": "Grancy",
    "26": "Delices",
    "27": "Jordils",
    "28": "Ouchy",
    "29": "m2",
    "30": "Chauderon",
    "31": "Montetan",
    "32": "Union-Prilly",
    "33": "Prilly-Chasseur",
    "34": "Cery-Fleur-de-Lys",
    "35": "LEB",
    "36": "Metro",
    "37": "ROOT",
    "38": "Shema ot 11.11.2008g.\nAvtor: Varlamov Dmitrij (www.chpeks.com)",
    "39": "Imported from http://pmetro.su"
}