{
    "0": "Chinor",
    "1": "Yangihayot",
    "2": "Sergeli",
    "3": "O'zgarish",
    "4": "Choshtepa",
    "5": "Olmazor",
    "6": "Chilonzor",
    "7": "Mirzo Ulug'bek",
    "8": "Novza",
    "9": "Milliy bog'",
    "10": "Xalqlar do'stligi",
    "11": "Paxtakor",
    "12": "Mustaqillik Maydoni",
    "13": "Amir Temur Xiyoboni",
    "14": "Hamid Olimjon",
    "15": "Pushkin",
    "16": "Buyuk Ipak Yo'li",
    "17": "Beruniy",
    "18": "Tinchlik",
    "19": "Chorsu",
    "20": "G'afur G'ulom",
    "21": "Alisher Navoiy",
    "22": "O'zbekiston",
    "23": "Kosmonavtlar",
    "24": "Oybek",
    "25": "Toshkent",
    "26": "Mashinasozlar",
    "27": "Do'stlik",
    "28": "Ming o'rik",
    "29": "Yunus Rajabiy",
    "30": "Abdulla Qodiriy",
    "31": "Minor",
    "32": "Bodomzor",
    "33": "Shaxriston",
    "34": "Yunusobod",
    "35": "Turkiston",
    "36": "Texnopark",
    "37": "Yashnobod",
    "38": "Tuzel",
    "39": "Olmos",
    "40": "Rohat",
    "41": "Yangiobod",
    "42": "Qo'yliq",
    "43": "Matonat",
    "44": "Qiyot",
    "45": "Tolariq",
    "46": "Xonobod",
    "47": "Quruvchilar",
    "48": "Turon",
    "49": "Qipchoq",
    "50": "Mustaqilligining",
    "51": "Metro",
    "52": "ROOT",
    "53": "Metro",
    "54": "Shema ot 05.02.2024g.\nShema vzjata s sajta https://ilyabirman.ru/tashkent-metro/.\nInformatsija po ctantsijam - s sajtov http://www2.naytov.com/~tourorient/tashkentmetro.html i http://www.metrotashkent.narod.ru.",
    "55": "Imported from http://pmetro.su"
}