{
    "0": "Mexikoi Ut",
    "1": "Szechenyi furdo",
    "2": "Hosok tere",
    "3": "Bajza utca",
    "4": "Kodaly korond",
    "5": "Vorosmarty utca",
    "6": "Oktogon",
    "7": "Opera",
    "8": "Bajcsy- Zsilinszky ut",
    "9": "Deak Ferenc ter",
    "10": "Vorosmarty ter",
    "11": "M1",
    "12": "Ors Vezer tere",
    "13": "Pillango utca",
    "14": "Stadionok",
    "15": "Keleti palyaudvar",
    "16": "Blaha Lujza ter",
    "17": "Astoria",
    "18": "Kossuth Lajos ter",
    "19": "Batthyany ter",
    "20": "Moszkva ter",
    "21": "Deli palyaudvar",
    "22": "M2",
    "23": "Kobanya-Kispest",
    "24": "Hatar ut",
    "25": "Pottyos utca",
    "26": "Ecseri ut",
    "27": "Nepliget",
    "28": "Nagyvarad ter",
    "29": "Klinikak",
    "30": "Ferenc Korut",
    "31": "Kalvin ter",
    "32": "Ferenciek tere",
    "33": "Arany Janos utca",
    "34": "Nyugati ter",
    "35": "Lehel ter",
    "36": "Dozsa Gyorgy ut",
    "37": "Arpad hid",
    "38": "Forgach utca",
    "39": "Gyongyosi utca",
    "40": "Ujpest Varoskapu",
    "41": "Ujpest-kozpont",
    "42": "M3",
    "43": "Metro",
    "44": "ROOT",
    "45": "Metro",
    "46": "Shema ot 09.07.2008g.\nKartu prislal Savitskij Vladislav.\n\nInformatsija - http://metro.budapest.hu/",
    "47": "Imported from http://pmetro.su"
}