{
    "0": "Waterfront",
    "1": "Burrard",
    "2": "Granville",
    "3": "Stadium",
    "4": "Main Street-Science World",
    "5": "Broadway",
    "6": "Nanaimo",
    "7": "29th Avenue",
    "8": "Joyce",
    "9": "Patterson",
    "10": "Metrotown",
    "11": "Royal Oak",
    "12": "Edmonds",
    "13": "22th Street",
    "14": "New Westminster",
    "15": "Columbia",
    "16": "Scott Road",
    "17": "Gateway",
    "18": "Surrey Central",
    "19": "King George",
    "20": "Expo Line",
    "21": "Sapperton",
    "22": "Braid",
    "23": "Lougheed Town Centre",
    "24": "Production Way-University",
    "25": "Lake City Way",
    "26": "Sperling-Burnaby Lake",
    "27": "Holdom",
    "28": "Brentwood Town Centre",
    "29": "Gilmore",
    "30": "Rupert",
    "31": "Renfrew",
    "32": "Commercial Drive",
    "33": "VCC-Clark",
    "34": "Millenium Line",
    "35": "Metro",
    "36": "ROOT",
    "37": "Shema ot 11.01.2006g.\nAvtor karty - Stepanov Igor'.\n\nIntervaly dvizhenija - zhdem Vashej pomoschi.",
    "38": "Imported from http://pmetro.su"
}