{
    "0": "Moreelse Park",
    "1": "Utrecht Centraal Station",
    "2": "Westplein",
    "3": "Graadt van Roggenweg",
    "4": "24 Oktoberplein-Zuid",
    "5": "5 Mei Plein",
    "6": "Vasco da Gamalaan",
    "7": "Kanaleneiland Zuid",
    "8": "Transferium Westraven",
    "9": "Zuilenstein",
    "10": "Batau-Noord",
    "11": "Wijkersloot",
    "12": "Nieuwegein Stadscentrum",
    "13": "Merwestein",
    "14": "Fokkesteeg",
    "15": "Wiersdijk",
    "16": "Nieuwegein-Zuid",
    "17": "St.Antonius Ziekenhuis",
    "18": "Doorslag",
    "19": "Hooghe Waerd",
    "20": "Clinckhoeff",
    "21": "Eiteren",
    "22": "Achterveld",
    "23": "Ijsselstein Binnenstad",
    "24": "Ijsselstein-Zuid",
    "25": "Sneltram",
    "26": "Электричка",
    "27": "ROOT",
    "28": "Схема от 05.06.2007г.\nАвтор: Варламов Дмитрий (www.chpeks.com)",
    "29": "Imported from http://pmetro.su"
}