{
    "0": "Leopoldau",
    "1": "Grossfeldsiedlung",
    "2": "Aderklaaer Strasse",
    "3": "Rennbahnweg",
    "4": "Karganer Platz",
    "5": "Kagran",
    "6": "Alte Donau",
    "7": "Kaisermuhlan - VIC",
    "8": "Donauinsel",
    "9": "Vorgartenstrasse",
    "10": "Praterstern",
    "11": "Nestroyplatz",
    "12": "Schweden- platz",
    "13": "Stephans- platz",
    "14": "Karls- platz",
    "15": "Taubstummengasse",
    "16": "Sudtiroler Platz",
    "17": "Keplrerplatz",
    "18": "Reumannplatz",
    "19": "U1",
    "20": "Aspernstrasse",
    "21": "Donauspital",
    "22": "Hardegggasse",
    "23": "Stadlau",
    "24": "Donaustadtbrucke",
    "25": "Donaumarina",
    "26": "Stadion",
    "27": "Krieau",
    "28": "Messe-Prater",
    "29": "Taborstrasse",
    "30": "Schottenring",
    "31": "Shottentor Universitat",
    "32": "Rathaus",
    "33": "Volks- theater",
    "34": "Museumsquartier",
    "35": "U2",
    "36": "Ottarking",
    "37": "Kendlerstrasse",
    "38": "Hutteldorfer Strasse",
    "39": "Johnstrasse",
    "40": "Schweglerstrasse",
    "41": "West- bahnhof",
    "42": "Ziegler- gasse",
    "43": "Neubau- gasse",
    "44": "Herren- gasse",
    "45": "Stephansplatz",
    "46": "Stubentor",
    "47": "Landstrasse",
    "48": "Rochusgasse",
    "49": "Kardinal-Nagl-Platz",
    "50": "Schlachthausgasse",
    "51": "Erdberg",
    "52": "Gasometer",
    "53": "Zippererstrasse",
    "54": "Enkplatz",
    "55": "Simmering",
    "56": "U3",
    "57": "Heiligenstadt",
    "58": "Spittelau",
    "59": "Friedensbrucke",
    "60": "Rossauer Lande",
    "61": "Schwedenplatz",
    "62": "Stadtpark",
    "63": "Kettenbruckengasse",
    "64": "Pilgramgasse",
    "65": "Margareten- gurtel",
    "66": "Langenfeldgasse",
    "67": "Meidling Haupstrasse",
    "68": "Schonbrunn",
    "69": "Hiezing",
    "70": "Braunschweiggasse",
    "71": "Unter St. Veit",
    "72": "Ober St.Veit",
    "73": "Hutteldorf",
    "74": "U4",
    "75": "Floridsdorf",
    "76": "Neue Donau",
    "77": "Handelskai",
    "78": "Dresdner Strasse",
    "79": "Jagerstrasse",
    "80": "Nussdorfer Strasse",
    "81": "Vahringer Strasse - Volksoper",
    "82": "Michelbeuern -AKH",
    "83": "Alser Strasse",
    "84": "Josefstadter Strasse",
    "85": "Thaliastrasse",
    "86": "Burgasse Stadthalle",
    "87": "Gumpendorfer Strasse",
    "88": "Niederhofstrasse",
    "89": "Philadelphiabrucke",
    "90": "Tscherttegasse",
    "91": "Am Schopfwerk",
    "92": "Alterlaa",
    "93": "Erlaaer Strasse",
    "94": "Perfektastrasse",
    "95": "Siebenhirten",
    "96": "U6",
    "97": "Metro",
    "98": "ROOT",
    "99": "Metro",
    "100": "Shema ot 09.10.2010g.\nKartu prislal Savitskij Vladislav.\n\nInformatsija - http://mailbox.univie.ac.at/~prillih3/metro/ i http://www.wienerlinien.co.at/",
    "101": "Imported from http://pmetro.su"
}