{
    "default_transports": [
        "metro"
    ],
    "height": 1089,
    "images": [
        "res/schemes/sochi.svg"
    ],
    "is_vector": true,
    "lines": [
        {
            "labels_bg_color": "-1",
            "labels_color": "E713E8",
            "line_color": "E713E8",
            "line_width": 7,
            "name": "Линия 1",
            "segments": [
                [
                    0,
                    1,
                    [
                        [
                            1107,
                            496
                        ],
                        [
                            1160,
                            443
                        ]
                    ],
                    true
                ],
                [
                    1,
                    2,
                    [
                        [
                            1055,
                            548
                        ],
                        [
                            1107,
                            496
                        ]
                    ],
                    true
                ],
                [
                    2,
                    3,
                    [
                        [
                            823,
                            780
                        ],
                        [
                            1055,
                            548
                        ]
                    ],
                    true
                ],
                [
                    3,
                    4,
                    [
                        [
                            714.0,
                            780.0
                        ],
                        [
                            717.8,
                            783.79
                        ],
                        [
                            721.69,
                            787.28
                        ],
                        [
                            725.67,
                            790.48
                        ],
                        [
                            729.75,
                            793.38
                        ],
                        [
                            733.9,
                            795.96
                        ],
                        [
                            738.16,
                            798.25
                        ],
                        [
                            742.51,
                            800.25
                        ],
                        [
                            747.0,
                            802.0
                        ],
                        [
                            751.68,
                            803.56
                        ],
                        [
                            756.47,
                            804.85
                        ],
                        [
                            761.33,
                            805.81
                        ],
                        [
                            766.25,
                            806.44
                        ],
                        [
                            771.2,
                            806.69
                        ],
                        [
                            776.16,
                            806.56
                        ],
                        [
                            781.11,
                            806.01
                        ],
                        [
                            786.0,
                            805.0
                        ],
                        [
                            790.77,
                            803.45
                        ],
                        [
                            795.47,
                            801.41
                        ],
                        [
                            800.13,
                            798.93
                        ],
                        [
                            804.75,
                            796.0
                        ],
                        [
                            809.36,
                            792.65
                        ],
                        [
                            813.94,
                            788.88
                        ],
                        [
                            818.48,
                            784.66
                        ],
                        [
                            823.0,
                            780.0
                        ]
                    ],
                    true
                ],
                [
                    4,
                    5,
                    [
                        [
                            678,
                            744
                        ],
                        [
                            714,
                            780
                        ]
                    ],
                    true
                ],
                [
                    5,
                    6,
                    [
                        [
                            643,
                            709
                        ],
                        [
                            678,
                            744
                        ]
                    ],
                    true
                ],
                [
                    6,
                    7,
                    [
                        [
                            606,
                            672
                        ],
                        [
                            643,
                            709
                        ]
                    ],
                    true
                ],
                [
                    7,
                    8,
                    [
                        [
                            564.0,
                            635.0
                        ],
                        [
                            566.86,
                            637.2
                        ],
                        [
                            569.69,
                            639.41
                        ],
                        [
                            572.48,
                            641.63
                        ],
                        [
                            575.25,
                            643.88
                        ],
                        [
                            577.98,
                            646.13
                        ],
                        [
                            580.69,
                            648.41
                        ],
                        [
                            583.36,
                            650.7
                        ],
                        [
                            586.0,
                            653.0
                        ],
                        [
                            588.61,
                            655.32
                        ],
                        [
                            591.19,
                            657.66
                        ],
                        [
                            593.73,
                            660.01
                        ],
                        [
                            596.25,
                            662.38
                        ],
                        [
                            598.73,
                            664.76
                        ],
                        [
                            601.19,
                            667.16
                        ],
                        [
                            603.61,
                            669.57
                        ],
                        [
                            606.0,
                            672.0
                        ]
                    ],
                    true
                ],
                [
                    8,
                    9,
                    [
                        [
                            517.0,
                            604.0
                        ],
                        [
                            519.82,
                            605.59
                        ],
                        [
                            522.66,
                            607.22
                        ],
                        [
                            525.51,
                            608.9
                        ],
                        [
                            528.38,
                            610.62
                        ],
                        [
                            531.26,
                            612.4
                        ],
                        [
                            534.16,
                            614.22
                        ],
                        [
                            537.07,
                            616.09
                        ],
                        [
                            540.0,
                            618.0
                        ],
                        [
                            542.95,
                            619.96
                        ],
                        [
                            545.91,
                            621.97
                        ],
                        [
                            548.88,
                            624.02
                        ],
                        [
                            551.88,
                            626.12
                        ],
                        [
                            554.88,
                            628.27
                        ],
                        [
                            557.91,
                            630.47
                        ],
                        [
                            560.95,
                            632.71
                        ],
                        [
                            564.0,
                            635.0
                        ]
                    ],
                    true
                ],
                [
                    9,
                    10,
                    [
                        [
                            466.0,
                            581.0
                        ],
                        [
                            468.84,
                            582.09
                        ],
                        [
                            471.72,
                            583.22
                        ],
                        [
                            474.65,
                            584.4
                        ],
                        [
                            477.62,
                            585.62
                        ],
                        [
                            480.65,
                            586.9
                        ],
                        [
                            483.72,
                            588.22
                        ],
                        [
                            486.84,
                            589.59
                        ],
                        [
                            490.0,
                            591.0
                        ],
                        [
                            493.21,
                            592.46
                        ],
                        [
                            496.47,
                            593.97
                        ],
                        [
                            499.77,
                            595.52
                        ],
                        [
                            503.12,
                            597.12
                        ],
                        [
                            506.52,
                            598.77
                        ],
                        [
                            509.97,
                            600.47
                        ],
                        [
                            513.46,
                            602.21
                        ],
                        [
                            517.0,
                            604.0
                        ]
                    ],
                    true
                ],
                [
                    10,
                    11,
                    [
                        [
                            413.0,
                            565.0
                        ],
                        [
                            415.41,
                            565.86
                        ],
                        [
                            417.78,
                            566.69
                        ],
                        [
                            420.1,
                            567.48
                        ],
                        [
                            422.38,
                            568.25
                        ],
                        [
                            424.62,
                            568.99
                        ],
                        [
                            426.81,
                            569.7
                        ],
                        [
                            428.95,
                            570.38
                        ],
                        [
                            431.0,
                            571.0
                        ],
                        [
                            432.91,
                            571.54
                        ],
                        [
                            434.75,
                            572.05
                        ],
                        [
                            436.57,
                            572.53
                        ],
                        [
                            438.38,
                            573.0
                        ],
                        [
                            440.2,
                            573.47
                        ],
                        [
                            442.06,
                            573.95
                        ],
                        [
                            443.98,
                            574.46
                        ],
                        [
                            446.0,
                            575.0
                        ],
                        [
                            448.19,
                            575.62
                        ],
                        [
                            450.5,
                            576.3
                        ],
                        [
                            452.9,
                            577.01
                        ],
                        [
                            455.38,
                            577.75
                        ],
                        [
                            457.92,
                            578.52
                        ],
                        [
                            460.53,
                            579.31
                        ],
                        [
                            463.23,
                            580.14
                        ],
                        [
                            466.0,
                            581.0
                        ]
                    ],
                    true
                ],
                [
                    11,
                    12,
                    [
                        [
                            365.0,
                            544.0
                        ],
                        [
                            368.23,
                            545.66
                        ],
                        [
                            371.44,
                            547.28
                        ],
                        [
                            374.61,
                            548.85
                        ],
                        [
                            377.75,
                            550.38
                        ],
                        [
                            380.86,
                            551.85
                        ],
                        [
                            383.94,
                            553.28
                        ],
                        [
                            386.98,
                            554.66
                        ],
                        [
                            390.0,
                            556.0
                        ],
                        [
                            392.98,
                            557.29
                        ],
                        [
                            395.94,
                            558.53
                        ],
                        [
                            398.86,
                            559.73
                        ],
                        [
                            401.75,
                            560.88
                        ],
                        [
                            404.61,
                            561.98
                        ],
                        [
                            407.44,
                            563.03
                        ],
                        [
                            410.23,
                            564.04
                        ],
                        [
                            413.0,
                            565.0
                        ]
                    ],
                    true
                ],
                [
                    12,
                    13,
                    [
                        [
                            319.0,
                            515.0
                        ],
                        [
                            321.41,
                            516.93
                        ],
                        [
                            323.88,
                            518.84
                        ],
                        [
                            326.41,
                            520.74
                        ],
                        [
                            329.0,
                            522.62
                        ],
                        [
                            331.66,
                            524.49
                        ],
                        [
                            334.38,
                            526.34
                        ],
                        [
                            337.16,
                            528.18
                        ],
                        [
                            340.0,
                            530.0
                        ],
                        [
                            342.91,
                            531.8
                        ],
                        [
                            345.88,
                            533.59
                        ],
                        [
                            348.91,
                            535.37
                        ],
                        [
                            352.0,
                            537.12
                        ],
                        [
                            355.16,
                            538.87
                        ],
                        [
                            358.38,
                            540.59
                        ],
                        [
                            361.66,
                            542.3
                        ],
                        [
                            365.0,
                            544.0
                        ]
                    ],
                    true
                ],
                [
                    13,
                    14,
                    [
                        [
                            279.0,
                            469.0
                        ],
                        [
                            281.03,
                            472.11
                        ],
                        [
                            283.12,
                            475.19
                        ],
                        [
                            285.28,
                            478.23
                        ],
                        [
                            287.5,
                            481.25
                        ],
                        [
                            289.78,
                            484.23
                        ],
                        [
                            292.12,
                            487.19
                        ],
                        [
                            294.53,
                            490.11
                        ],
                        [
                            297.0,
                            493.0
                        ],
                        [
                            299.53,
                            495.86
                        ],
                        [
                            302.12,
                            498.69
                        ],
                        [
                            304.78,
                            501.48
                        ],
                        [
                            307.5,
                            504.25
                        ],
                        [
                            310.28,
                            506.98
                        ],
                        [
                            313.12,
                            509.69
                        ],
                        [
                            316.03,
                            512.36
                        ],
                        [
                            319.0,
                            515.0
                        ]
                    ],
                    true
                ],
                [
                    14,
                    15,
                    [
                        [
                            256.0,
                            403.0
                        ],
                        [
                            256.38,
                            407.12
                        ],
                        [
                            256.91,
                            411.25
                        ],
                        [
                            257.57,
                            415.38
                        ],
                        [
                            258.38,
                            419.5
                        ],
                        [
                            259.32,
                            423.62
                        ],
                        [
                            260.41,
                            427.75
                        ],
                        [
                            261.63,
                            431.88
                        ],
                        [
                            263.0,
                            436.0
                        ],
                        [
                            264.51,
                            440.12
                        ],
                        [
                            266.16,
                            444.25
                        ],
                        [
                            267.95,
                            448.38
                        ],
                        [
                            269.88,
                            452.5
                        ],
                        [
                            271.95,
                            456.62
                        ],
                        [
                            274.16,
                            460.75
                        ],
                        [
                            276.51,
                            464.88
                        ],
                        [
                            279.0,
                            469.0
                        ]
                    ],
                    true
                ],
                [
                    15,
                    16,
                    [
                        [
                            278.0,
                            317.0
                        ],
                        [
                            275.22,
                            324.72
                        ],
                        [
                            272.62,
                            332.12
                        ],
                        [
                            270.22,
                            339.22
                        ],
                        [
                            268.0,
                            346.0
                        ],
                        [
                            265.97,
                            352.47
                        ],
                        [
                            264.12,
                            358.62
                        ],
                        [
                            262.47,
                            364.47
                        ],
                        [
                            261.0,
                            370.0
                        ],
                        [
                            259.72,
                            375.22
                        ],
                        [
                            258.62,
                            380.12
                        ],
                        [
                            257.72,
                            384.72
                        ],
                        [
                            257.0,
                            389.0
                        ],
                        [
                            256.47,
                            392.97
                        ],
                        [
                            256.12,
                            396.62
                        ],
                        [
                            255.97,
                            399.97
                        ],
                        [
                            256.0,
                            403.0
                        ]
                    ],
                    true
                ]
            ],
            "stations": [
                {
                    "coord": [
                        1160,
                        443
                    ],
                    "is_working": true,
                    "name": "Грушевая поляна",
                    "rect": [
                        1059,
                        428,
                        93,
                        15
                    ],
                    "text_id": 0,
                    "uid": 0
                },
                {
                    "coord": [
                        1107,
                        496
                    ],
                    "is_working": true,
                    "name": "Эсто-садок",
                    "rect": [
                        1040,
                        480,
                        59,
                        15
                    ],
                    "text_id": 1,
                    "uid": 1
                },
                {
                    "coord": [
                        1055,
                        548
                    ],
                    "is_working": true,
                    "name": "Красная поляна",
                    "rect": [
                        963,
                        531,
                        84,
                        15
                    ],
                    "text_id": 2,
                    "uid": 2
                },
                {
                    "coord": [
                        823,
                        780
                    ],
                    "is_working": true,
                    "name": "Аэровокзал",
                    "rect": [
                        832,
                        791,
                        63,
                        15
                    ],
                    "text_id": 3,
                    "uid": 3
                },
                {
                    "coord": [
                        714,
                        780
                    ],
                    "is_working": true,
                    "name": "Железнодорожный вокзал Адлер",
                    "rect": [
                        718,
                        758,
                        175,
                        15
                    ],
                    "text_id": 4,
                    "uid": 4
                },
                {
                    "coord": [
                        678,
                        744
                    ],
                    "is_working": true,
                    "name": "Голубые дали",
                    "rect": [
                        684,
                        726,
                        77,
                        15
                    ],
                    "text_id": 5,
                    "uid": 5
                },
                {
                    "coord": [
                        643,
                        709
                    ],
                    "is_working": true,
                    "name": "Курортный городок",
                    "rect": [
                        649,
                        689,
                        101,
                        15
                    ],
                    "text_id": 6,
                    "uid": 6
                },
                {
                    "coord": [
                        606,
                        672
                    ],
                    "is_working": true,
                    "name": "Кудепста",
                    "rect": [
                        613,
                        653,
                        50,
                        15
                    ],
                    "text_id": 7,
                    "uid": 7
                },
                {
                    "coord": [
                        564,
                        635
                    ],
                    "is_working": true,
                    "name": "Хоста",
                    "rect": [
                        572,
                        617,
                        32,
                        15
                    ],
                    "text_id": 8,
                    "uid": 8
                },
                {
                    "coord": [
                        517,
                        604
                    ],
                    "is_working": true,
                    "name": "Малый Ахун",
                    "rect": [
                        524,
                        585,
                        68,
                        15
                    ],
                    "text_id": 9,
                    "uid": 9
                },
                {
                    "coord": [
                        466,
                        581
                    ],
                    "is_working": true,
                    "name": "Приморская",
                    "rect": [
                        473,
                        561,
                        65,
                        15
                    ],
                    "text_id": 10,
                    "uid": 10
                },
                {
                    "coord": [
                        413,
                        565
                    ],
                    "is_working": true,
                    "name": "Курортная",
                    "rect": [
                        417,
                        544,
                        55,
                        15
                    ],
                    "text_id": 11,
                    "uid": 11
                },
                {
                    "coord": [
                        365,
                        544
                    ],
                    "is_working": true,
                    "name": "Мацеста",
                    "rect": [
                        370,
                        524,
                        46,
                        15
                    ],
                    "text_id": 12,
                    "uid": 12
                },
                {
                    "coord": [
                        319,
                        515
                    ],
                    "is_working": true,
                    "name": "Бытха",
                    "rect": [
                        326,
                        496,
                        36,
                        15
                    ],
                    "text_id": 13,
                    "uid": 13
                },
                {
                    "coord": [
                        279,
                        469
                    ],
                    "is_working": true,
                    "name": "Театральная",
                    "rect": [
                        288,
                        455,
                        68,
                        15
                    ],
                    "text_id": 14,
                    "uid": 14
                },
                {
                    "coord": [
                        256,
                        403
                    ],
                    "is_working": true,
                    "name": "Морской вокзал",
                    "rect": [
                        263,
                        396,
                        84,
                        15
                    ],
                    "text_id": 15,
                    "uid": 15
                },
                {
                    "coord": [
                        278,
                        317
                    ],
                    "is_working": true,
                    "name": "Железнодорожный вокзал Сочи",
                    "rect": [
                        286,
                        309,
                        167,
                        15
                    ],
                    "text_id": 16,
                    "uid": 16
                }
            ],
            "text_id": 17
        },
        {
            "labels_bg_color": "-1",
            "labels_color": "128D6F",
            "line_color": "128D6F",
            "line_width": 7,
            "name": "Линия 2",
            "segments": [
                [
                    17,
                    18,
                    [
                        [
                            819,
                            895
                        ],
                        [
                            863,
                            939
                        ]
                    ],
                    true
                ],
                [
                    18,
                    19,
                    [
                        [
                            709,
                            785
                        ],
                        [
                            819,
                            895
                        ]
                    ],
                    true
                ],
                [
                    19,
                    20,
                    [
                        [
                            673,
                            749
                        ],
                        [
                            709,
                            785
                        ]
                    ],
                    true
                ],
                [
                    20,
                    21,
                    [
                        [
                            638,
                            714
                        ],
                        [
                            673,
                            749
                        ]
                    ],
                    true
                ],
                [
                    21,
                    22,
                    [
                        [
                            601,
                            677
                        ],
                        [
                            638,
                            714
                        ]
                    ],
                    true
                ],
                [
                    22,
                    23,
                    [
                        [
                            560.0,
                            641.0
                        ],
                        [
                            562.68,
                            643.02
                        ],
                        [
                            565.34,
                            645.06
                        ],
                        [
                            567.99,
                            647.14
                        ],
                        [
                            570.62,
                            649.25
                        ],
                        [
                            573.24,
                            651.39
                        ],
                        [
                            575.84,
                            653.56
                        ],
                        [
                            578.43,
                            655.77
                        ],
                        [
                            581.0,
                            658.0
                        ],
                        [
                            583.55,
                            660.27
                        ],
                        [
                            586.09,
                            662.56
                        ],
                        [
                            588.62,
                            664.89
                        ],
                        [
                            591.12,
                            667.25
                        ],
                        [
                            593.62,
                            669.64
                        ],
                        [
                            596.09,
                            672.06
                        ],
                        [
                            598.55,
                            674.52
                        ],
                        [
                            601.0,
                            677.0
                        ]
                    ],
                    true
                ],
                [
                    23,
                    24,
                    [
                        [
                            513.0,
                            610.0
                        ],
                        [
                            515.82,
                            611.59
                        ],
                        [
                            518.66,
                            613.22
                        ],
                        [
                            521.51,
                            614.9
                        ],
                        [
                            524.38,
                            616.62
                        ],
                        [
                            527.26,
                            618.4
                        ],
                        [
                            530.16,
                            620.22
                        ],
                        [
                            533.07,
                            622.09
                        ],
                        [
                            536.0,
                            624.0
                        ],
                        [
                            538.95,
                            625.96
                        ],
                        [
                            541.91,
                            627.97
                        ],
                        [
                            544.88,
                            630.02
                        ],
                        [
                            547.88,
                            632.12
                        ],
                        [
                            550.88,
                            634.27
                        ],
                        [
                            553.91,
                            636.47
                        ],
                        [
                            556.95,
                            638.71
                        ],
                        [
                            560.0,
                            641.0
                        ]
                    ],
                    true
                ],
                [
                    24,
                    25,
                    [
                        [
                            464.0,
                            588.0
                        ],
                        [
                            466.95,
                            589.14
                        ],
                        [
                            469.91,
                            590.31
                        ],
                        [
                            472.88,
                            591.52
                        ],
                        [
                            475.88,
                            592.75
                        ],
                        [
                            478.88,
                            594.02
                        ],
                        [
                            481.91,
                            595.31
                        ],
                        [
                            484.95,
                            596.64
                        ],
                        [
                            488.0,
                            598.0
                        ],
                        [
                            491.07,
                            599.39
                        ],
                        [
                            494.16,
                            600.81
                        ],
                        [
                            497.26,
                            602.27
                        ],
                        [
                            500.38,
                            603.75
                        ],
                        [
                            503.51,
                            605.27
                        ],
                        [
                            506.66,
                            606.81
                        ],
                        [
                            509.82,
                            608.39
                        ],
                        [
                            513.0,
                            610.0
                        ]
                    ],
                    true
                ],
                [
                    25,
                    26,
                    [
                        [
                            411.0,
                            572.0
                        ],
                        [
                            413.59,
                            572.86
                        ],
                        [
                            416.12,
                            573.69
                        ],
                        [
                            418.59,
                            574.48
                        ],
                        [
                            421.0,
                            575.25
                        ],
                        [
                            423.36,
                            575.99
                        ],
                        [
                            425.66,
                            576.7
                        ],
                        [
                            427.88,
                            577.38
                        ],
                        [
                            430.0,
                            578.0
                        ],
                        [
                            431.96,
                            578.54
                        ],
                        [
                            433.84,
                            579.05
                        ],
                        [
                            435.68,
                            579.53
                        ],
                        [
                            437.5,
                            580.0
                        ],
                        [
                            439.32,
                            580.47
                        ],
                        [
                            441.16,
                            580.95
                        ],
                        [
                            443.04,
                            581.46
                        ],
                        [
                            445.0,
                            582.0
                        ],
                        [
                            447.12,
                            582.62
                        ],
                        [
                            449.34,
                            583.3
                        ],
                        [
                            451.64,
                            584.01
                        ],
                        [
                            454.0,
                            584.75
                        ],
                        [
                            456.41,
                            585.52
                        ],
                        [
                            458.88,
                            586.31
                        ],
                        [
                            461.41,
                            587.14
                        ],
                        [
                            464.0,
                            588.0
                        ]
                    ],
                    true
                ],
                [
                    26,
                    27,
                    [
                        [
                            361.0,
                            550.0
                        ],
                        [
                            364.59,
                            551.84
                        ],
                        [
                            368.12,
                            553.62
                        ],
                        [
                            371.59,
                            555.34
                        ],
                        [
                            375.0,
                            557.0
                        ],
                        [
                            378.34,
                            558.59
                        ],
                        [
                            381.62,
                            560.12
                        ],
                        [
                            384.84,
                            561.59
                        ],
                        [
                            388.0,
                            563.0
                        ],
                        [
                            391.09,
                            564.34
                        ],
                        [
                            394.12,
                            565.62
                        ],
                        [
                            397.09,
                            566.84
                        ],
                        [
                            400.0,
                            568.0
                        ],
                        [
                            402.84,
                            569.09
                        ],
                        [
                            405.62,
                            570.12
                        ],
                        [
                            408.34,
                            571.09
                        ],
                        [
                            411.0,
                            572.0
                        ]
                    ],
                    true
                ],
                [
                    27,
                    28,
                    [
                        [
                            315.0,
                            521.0
                        ],
                        [
                            317.41,
                            522.93
                        ],
                        [
                            319.88,
                            524.84
                        ],
                        [
                            322.41,
                            526.74
                        ],
                        [
                            325.0,
                            528.62
                        ],
                        [
                            327.66,
                            530.49
                        ],
                        [
                            330.38,
                            532.34
                        ],
                        [
                            333.16,
                            534.18
                        ],
                        [
                            336.0,
                            536.0
                        ],
                        [
                            338.91,
                            537.8
                        ],
                        [
                            341.88,
                            539.59
                        ],
                        [
                            344.91,
                            541.37
                        ],
                        [
                            348.0,
                            543.12
                        ],
                        [
                            351.16,
                            544.87
                        ],
                        [
                            354.38,
                            546.59
                        ],
                        [
                            357.66,
                            548.3
                        ],
                        [
                            361.0,
                            550.0
                        ]
                    ],
                    true
                ],
                [
                    28,
                    29,
                    [
                        [
                            273.0,
                            473.0
                        ],
                        [
                            275.16,
                            476.23
                        ],
                        [
                            277.38,
                            479.44
                        ],
                        [
                            279.66,
                            482.61
                        ],
                        [
                            282.0,
                            485.75
                        ],
                        [
                            284.41,
                            488.86
                        ],
                        [
                            286.88,
                            491.94
                        ],
                        [
                            289.41,
                            494.98
                        ],
                        [
                            292.0,
                            498.0
                        ],
                        [
                            294.66,
                            500.98
                        ],
                        [
                            297.38,
                            503.94
                        ],
                        [
                            300.16,
                            506.86
                        ],
                        [
                            303.0,
                            509.75
                        ],
                        [
                            305.91,
                            512.61
                        ],
                        [
                            308.88,
                            515.44
                        ],
                        [
                            311.91,
                            518.23
                        ],
                        [
                            315.0,
                            521.0
                        ]
                    ],
                    true
                ],
                [
                    29,
                    30,
                    [
                        [
                            249.0,
                            403.0
                        ],
                        [
                            249.33,
                            407.38
                        ],
                        [
                            249.81,
                            411.75
                        ],
                        [
                            250.45,
                            416.12
                        ],
                        [
                            251.25,
                            420.5
                        ],
                        [
                            252.2,
                            424.88
                        ],
                        [
                            253.31,
                            429.25
                        ],
                        [
                            254.58,
                            433.62
                        ],
                        [
                            256.0,
                            438.0
                        ],
                        [
                            257.58,
                            442.38
                        ],
                        [
                            259.31,
                            446.75
                        ],
                        [
                            261.2,
                            451.12
                        ],
                        [
                            263.25,
                            455.5
                        ],
                        [
                            265.45,
                            459.88
                        ],
                        [
                            267.81,
                            464.25
                        ],
                        [
                            270.33,
                            468.62
                        ],
                        [
                            273.0,
                            473.0
                        ]
                    ],
                    true
                ],
                [
                    30,
                    31,
                    [
                        [
                            271.0,
                            315.0
                        ],
                        [
                            268.22,
                            322.61
                        ],
                        [
                            265.62,
                            329.94
                        ],
                        [
                            263.22,
                            336.98
                        ],
                        [
                            261.0,
                            343.75
                        ],
                        [
                            258.97,
                            350.23
                        ],
                        [
                            257.12,
                            356.44
                        ],
                        [
                            255.47,
                            362.36
                        ],
                        [
                            254.0,
                            368.0
                        ],
                        [
                            252.72,
                            373.36
                        ],
                        [
                            251.62,
                            378.44
                        ],
                        [
                            250.72,
                            383.23
                        ],
                        [
                            250.0,
                            387.75
                        ],
                        [
                            249.47,
                            391.98
                        ],
                        [
                            249.12,
                            395.94
                        ],
                        [
                            248.97,
                            399.61
                        ],
                        [
                            249.0,
                            403.0
                        ]
                    ],
                    true
                ],
                [
                    31,
                    32,
                    [
                        [
                            275.0,
                            223.0
                        ],
                        [
                            277.43,
                            225.56
                        ],
                        [
                            279.59,
                            228.25
                        ],
                        [
                            281.49,
                            231.06
                        ],
                        [
                            283.12,
                            234.0
                        ],
                        [
                            284.52,
                            237.05
                        ],
                        [
                            285.64,
                            240.23
                        ],
                        [
                            286.48,
                            243.54
                        ],
                        [
                            287.0,
                            247.0
                        ],
                        [
                            287.13,
                            250.63
                        ],
                        [
                            286.96,
                            254.39
                        ],
                        [
                            286.55,
                            258.27
                        ],
                        [
                            285.94,
                            262.25
                        ],
                        [
                            285.14,
                            266.33
                        ],
                        [
                            284.2,
                            270.48
                        ],
                        [
                            283.13,
                            274.72
                        ],
                        [
                            282.0,
                            279.0
                        ],
                        [
                            280.9,
                            283.3
                        ],
                        [
                            279.77,
                            287.64
                        ],
                        [
                            278.55,
                            292.04
                        ],
                        [
                            277.25,
                            296.5
                        ],
                        [
                            275.83,
                            301.03
                        ],
                        [
                            274.31,
                            305.62
                        ],
                        [
                            272.7,
                            310.28
                        ],
                        [
                            271.0,
                            315.0
                        ]
                    ],
                    true
                ],
                [
                    32,
                    33,
                    [
                        [
                            227,
                            175
                        ],
                        [
                            275,
                            223
                        ]
                    ],
                    true
                ],
                [
                    33,
                    34,
                    [
                        [
                            244.0,
                            107.0
                        ],
                        [
                            242.73,
                            109.64
                        ],
                        [
                            241.44,
                            112.31
                        ],
                        [
                            240.1,
                            115.02
                        ],
                        [
                            238.75,
                            117.75
                        ],
                        [
                            237.41,
                            120.51
                        ],
                        [
                            236.02,
                            123.3
                        ],
                        [
                            234.58,
                            126.12
                        ],
                        [
                            233.0,
                            129.0
                        ],
                        [
                            231.13,
                            131.96
                        ],
                        [
                            229.16,
                            134.95
                        ],
                        [
                            227.23,
                            137.97
                        ],
                        [
                            225.38,
                            141.0
                        ],
                        [
                            223.66,
                            144.03
                        ],
                        [
                            222.15,
                            147.05
                        ],
                        [
                            220.89,
                            150.04
                        ],
                        [
                            220.0,
                            153.0
                        ],
                        [
                            219.68,
                            155.88
                        ],
                        [
                            219.79,
                            158.7
                        ],
                        [
                            220.23,
                            161.49
                        ],
                        [
                            221.0,
                            164.25
                        ],
                        [
                            222.04,
                            166.98
                        ],
                        [
                            223.38,
                            169.69
                        ],
                        [
                            225.03,
                            172.36
                        ],
                        [
                            227.0,
                            175.0
                        ]
                    ],
                    true
                ],
                [
                    34,
                    35,
                    [
                        [
                            194.0,
                            49.0
                        ],
                        [
                            198.66,
                            48.52
                        ],
                        [
                            203.12,
                            48.31
                        ],
                        [
                            207.41,
                            48.39
                        ],
                        [
                            211.5,
                            48.75
                        ],
                        [
                            215.38,
                            49.37
                        ],
                        [
                            219.09,
                            50.28
                        ],
                        [
                            222.61,
                            51.48
                        ],
                        [
                            226.0,
                            53.0
                        ],
                        [
                            229.32,
                            54.89
                        ],
                        [
                            232.48,
                            57.09
                        ],
                        [
                            235.42,
                            59.55
                        ],
                        [
                            238.12,
                            62.25
                        ],
                        [
                            240.57,
                            65.17
                        ],
                        [
                            242.71,
                            68.28
                        ],
                        [
                            244.54,
                            71.57
                        ],
                        [
                            246.0,
                            75.0
                        ],
                        [
                            247.0,
                            78.49
                        ],
                        [
                            247.6,
                            82.09
                        ],
                        [
                            247.85,
                            85.85
                        ],
                        [
                            247.75,
                            89.75
                        ],
                        [
                            247.33,
                            93.83
                        ],
                        [
                            246.56,
                            98.06
                        ],
                        [
                            245.45,
                            102.45
                        ],
                        [
                            244.0,
                            107.0
                        ]
                    ],
                    true
                ],
                [
                    35,
                    36,
                    [
                        [
                            130,
                            74
                        ],
                        [
                            194,
                            49
                        ]
                    ],
                    true
                ]
            ],
            "stations": [
                {
                    "coord": [
                        863,
                        939
                    ],
                    "is_working": true,
                    "name": "Олимпийская деревня",
                    "rect": [
                        875,
                        926,
                        118,
                        15
                    ],
                    "text_id": 18,
                    "uid": 17
                },
                {
                    "coord": [
                        819,
                        895
                    ],
                    "is_working": true,
                    "name": "Рынок",
                    "rect": [
                        832,
                        874,
                        35,
                        15
                    ],
                    "text_id": 19,
                    "uid": 18
                },
                {
                    "coord": [
                        709,
                        785
                    ],
                    "is_working": true,
                    "name": "Железнодорожный вокзал Адлер",
                    "rect": [
                        718,
                        758,
                        175,
                        15
                    ],
                    "text_id": 4,
                    "uid": 19
                },
                {
                    "coord": [
                        673,
                        749
                    ],
                    "is_working": true,
                    "name": "Голубые дали",
                    "rect": [
                        684,
                        726,
                        77,
                        15
                    ],
                    "text_id": 5,
                    "uid": 20
                },
                {
                    "coord": [
                        638,
                        714
                    ],
                    "is_working": true,
                    "name": "Курортный городок",
                    "rect": [
                        649,
                        689,
                        101,
                        15
                    ],
                    "text_id": 6,
                    "uid": 21
                },
                {
                    "coord": [
                        601,
                        677
                    ],
                    "is_working": true,
                    "name": "Кудепста",
                    "rect": [
                        613,
                        653,
                        50,
                        15
                    ],
                    "text_id": 7,
                    "uid": 22
                },
                {
                    "coord": [
                        560,
                        641
                    ],
                    "is_working": true,
                    "name": "Хоста",
                    "rect": [
                        572,
                        617,
                        32,
                        15
                    ],
                    "text_id": 8,
                    "uid": 23
                },
                {
                    "coord": [
                        513,
                        610
                    ],
                    "is_working": true,
                    "name": "Малый Ахун",
                    "rect": [
                        524,
                        585,
                        68,
                        15
                    ],
                    "text_id": 9,
                    "uid": 24
                },
                {
                    "coord": [
                        464,
                        588
                    ],
                    "is_working": true,
                    "name": "Приморская",
                    "rect": [
                        473,
                        561,
                        65,
                        15
                    ],
                    "text_id": 10,
                    "uid": 25
                },
                {
                    "coord": [
                        411,
                        572
                    ],
                    "is_working": true,
                    "name": "Курортная",
                    "rect": [
                        417,
                        544,
                        55,
                        15
                    ],
                    "text_id": 11,
                    "uid": 26
                },
                {
                    "coord": [
                        361,
                        550
                    ],
                    "is_working": true,
                    "name": "Мацеста",
                    "rect": [
                        370,
                        524,
                        46,
                        15
                    ],
                    "text_id": 12,
                    "uid": 27
                },
                {
                    "coord": [
                        315,
                        521
                    ],
                    "is_working": true,
                    "name": "Бытха",
                    "rect": [
                        326,
                        496,
                        36,
                        15
                    ],
                    "text_id": 13,
                    "uid": 28
                },
                {
                    "coord": [
                        273,
                        473
                    ],
                    "is_working": true,
                    "name": "Театральная",
                    "rect": [
                        288,
                        455,
                        68,
                        15
                    ],
                    "text_id": 14,
                    "uid": 29
                },
                {
                    "coord": [
                        249,
                        403
                    ],
                    "is_working": true,
                    "name": "Морской вокзал",
                    "rect": [
                        263,
                        396,
                        84,
                        15
                    ],
                    "text_id": 15,
                    "uid": 30
                },
                {
                    "coord": [
                        271,
                        315
                    ],
                    "is_working": true,
                    "name": "Железнодорожный вокзал Сочи",
                    "rect": [
                        286,
                        309,
                        167,
                        15
                    ],
                    "text_id": 16,
                    "uid": 31
                },
                {
                    "coord": [
                        275,
                        223
                    ],
                    "is_working": true,
                    "name": "Гагаринская",
                    "rect": [
                        284,
                        211,
                        65,
                        15
                    ],
                    "text_id": 20,
                    "uid": 32
                },
                {
                    "coord": [
                        227,
                        175
                    ],
                    "is_working": true,
                    "name": "Виноградная",
                    "rect": [
                        237,
                        161,
                        69,
                        15
                    ],
                    "text_id": 21,
                    "uid": 33
                },
                {
                    "coord": [
                        244,
                        107
                    ],
                    "is_working": true,
                    "name": "Донская",
                    "rect": [
                        252,
                        101,
                        44,
                        15
                    ],
                    "text_id": 22,
                    "uid": 34
                },
                {
                    "coord": [
                        194,
                        49
                    ],
                    "is_working": true,
                    "name": "Бочаров ручей",
                    "rect": [
                        150,
                        26,
                        79,
                        15
                    ],
                    "text_id": 23,
                    "uid": 35
                },
                {
                    "coord": [
                        130,
                        74
                    ],
                    "is_working": true,
                    "name": "Мамайка",
                    "rect": [
                        110,
                        82,
                        48,
                        15
                    ],
                    "text_id": 24,
                    "uid": 36
                }
            ],
            "text_id": 25
        },
        {
            "labels_bg_color": "-1",
            "labels_color": "00CDCB",
            "line_color": "30EDEB",
            "line_width": 7,
            "name": "Линия 3",
            "segments": [
                [
                    37,
                    38,
                    [
                        [
                            1112,
                            501
                        ],
                        [
                            1165,
                            448
                        ]
                    ],
                    true
                ],
                [
                    38,
                    39,
                    [
                        [
                            1060,
                            553
                        ],
                        [
                            1112,
                            501
                        ]
                    ],
                    true
                ],
                [
                    39,
                    40,
                    [
                        [
                            828,
                            785
                        ],
                        [
                            1060,
                            553
                        ]
                    ],
                    true
                ],
                [
                    40,
                    41,
                    [
                        [
                            824.0,
                            890.0
                        ],
                        [
                            819.94,
                            885.62
                        ],
                        [
                            816.25,
                            881.25
                        ],
                        [
                            812.94,
                            876.88
                        ],
                        [
                            810.0,
                            872.5
                        ],
                        [
                            807.43,
                            868.12
                        ],
                        [
                            805.24,
                            863.75
                        ],
                        [
                            803.43,
                            859.38
                        ],
                        [
                            802.0,
                            855.0
                        ],
                        [
                            800.97,
                            850.62
                        ],
                        [
                            800.32,
                            846.25
                        ],
                        [
                            800.04,
                            841.88
                        ],
                        [
                            800.12,
                            837.5
                        ],
                        [
                            800.57,
                            833.12
                        ],
                        [
                            801.37,
                            828.75
                        ],
                        [
                            802.51,
                            824.38
                        ],
                        [
                            804.0,
                            820.0
                        ],
                        [
                            805.81,
                            815.62
                        ],
                        [
                            807.95,
                            811.25
                        ],
                        [
                            810.43,
                            806.88
                        ],
                        [
                            813.25,
                            802.5
                        ],
                        [
                            816.42,
                            798.12
                        ],
                        [
                            819.94,
                            793.75
                        ],
                        [
                            823.8,
                            789.38
                        ],
                        [
                            828.0,
                            785.0
                        ]
                    ],
                    true
                ],
                [
                    41,
                    42,
                    [
                        [
                            868,
                            934
                        ],
                        [
                            824,
                            890
                        ]
                    ],
                    true
                ]
            ],
            "stations": [
                {
                    "coord": [
                        1165,
                        448
                    ],
                    "is_working": true,
                    "name": "Грушевая поляна",
                    "rect": [
                        1059,
                        428,
                        93,
                        15
                    ],
                    "text_id": 0,
                    "uid": 37
                },
                {
                    "coord": [
                        1112,
                        501
                    ],
                    "is_working": true,
                    "name": "Эсто-садок",
                    "rect": [
                        1040,
                        480,
                        59,
                        15
                    ],
                    "text_id": 1,
                    "uid": 38
                },
                {
                    "coord": [
                        1060,
                        553
                    ],
                    "is_working": true,
                    "name": "Красная поляна",
                    "rect": [
                        963,
                        531,
                        84,
                        15
                    ],
                    "text_id": 2,
                    "uid": 39
                },
                {
                    "coord": [
                        828,
                        785
                    ],
                    "is_working": true,
                    "name": "Аэровокзал",
                    "rect": [
                        832,
                        791,
                        63,
                        15
                    ],
                    "text_id": 3,
                    "uid": 40
                },
                {
                    "coord": [
                        824,
                        890
                    ],
                    "is_working": true,
                    "name": "Рынок",
                    "rect": [
                        832,
                        874,
                        35,
                        15
                    ],
                    "text_id": 19,
                    "uid": 41
                },
                {
                    "coord": [
                        868,
                        934
                    ],
                    "is_working": true,
                    "name": "Олимпийская деревня",
                    "rect": [
                        875,
                        926,
                        118,
                        15
                    ],
                    "text_id": 18,
                    "uid": 42
                }
            ],
            "text_id": 26
        }
    ],
    "lines_width": 7,
    "name": "metro",
    "name_text_id": 27,
    "stations_diameter": 10.0,
    "transfers": [],
    "transports": [
        "metro"
    ],
    "type_name": "ROOT",
    "type_text_id": 28,
    "upper_case": false,
    "width": 1315,
    "word_wrap": false
}