{
    "0": "Tucurivi",
    "1": "Parada Inglesa",
    "2": "Jardim Sao Paulo",
    "3": "Santana",
    "4": "Carandiru",
    "5": "Tiete",
    "6": "Armenia",
    "7": "Tiradentes",
    "8": "Luz",
    "9": "Sao Bento",
    "10": "Se",
    "11": "Liberdade",
    "12": "Sao Joaquim",
    "13": "Vergueiro",
    "14": "Paraiso",
    "15": "Ana Rosa",
    "16": "Vila Mariana",
    "17": "Santa Cruz",
    "18": "Praca da Arvore",
    "19": "Saude",
    "20": "Sao Judas",
    "21": "Conceicao",
    "22": "Jabaquara",
    "23": "Linea 1",
    "24": "Vila Madalena",
    "25": "Sumare",
    "26": "Clinicas",
    "27": "Consolacao",
    "28": "Trianon-Masp",
    "29": "Brigadeiro",
    "30": "Chacara Klabin",
    "31": "Imigrantes",
    "32": "Alto do Ipiranga",
    "33": "Sacoma",
    "34": "Tamanduatei",
    "35": "Vila Prudente",
    "36": "Linea 2",
    "37": "Barra Funda",
    "38": "Marechal Deodoro",
    "39": "Santa Cecilia",
    "40": "Republica",
    "41": "Anhangabau",
    "42": "Pedro II",
    "43": "Bras",
    "44": "Bresser",
    "45": "Belem",
    "46": "Tatuape",
    "47": "Carrao",
    "48": "Penha",
    "49": "Vila Matilde",
    "50": "Guilhermina-Esperanca",
    "51": "Patriarca",
    "52": "Artur Alvim",
    "53": "Corinthians-Itaquera",
    "54": "Linea 3",
    "55": "Vila Sonia",
    "56": "Sao Paulo-Morumbi",
    "57": "Butanta",
    "58": "Pinherios",
    "59": "Faria Lima",
    "60": "Paulista",
    "61": "Linea 4",
    "62": "Capao Redondo",
    "63": "Campo Limpo",
    "64": "Vila das Belezas",
    "65": "Giovanni Gronchi",
    "66": "Santo Amaro",
    "67": "Largo 13",
    "68": "Adolfo Pinheiro",
    "69": "Alto da Boa Vista",
    "70": "Borba Gato",
    "71": "Brooklin",
    "72": "Campo Belo",
    "73": "Eucaliptos",
    "74": "Moema",
    "75": "AACD-Servidor",
    "76": "Hospital San Paulo",
    "77": "Linea 5",
    "78": "Метро",
    "79": "ROOT",
    "80": "Схема от 14.05.2015г.",
    "81": "Imported from http://pmetro.su"
}