{
    "default_transports": [
        "metro"
    ],
    "height": 900,
    "images": [
        "res/schemes/m5.svg"
    ],
    "is_vector": true,
    "lines": [
        {
            "labels_bg_color": "-1",
            "labels_color": "000000",
            "line_color": "CC3333",
            "line_width": 9,
            "name": "M1",
            "segments": [],
            "stations": [
                {
                    "coord": null,
                    "is_working": true,
                    "name": "Sesto FS 1 Maggio",
                    "rect": null,
                    "text_id": 0,
                    "uid": 0
                },
                {
                    "coord": null,
                    "is_working": true,
                    "name": "Sesto Rondo",
                    "rect": null,
                    "text_id": 1,
                    "uid": 1
                },
                {
                    "coord": null,
                    "is_working": true,
                    "name": "Sesto Marelli",
                    "rect": null,
                    "text_id": 2,
                    "uid": 2
                },
                {
                    "coord": null,
                    "is_working": true,
                    "name": "Villa San Giovanni",
                    "rect": null,
                    "text_id": 3,
                    "uid": 3
                },
                {
                    "coord": null,
                    "is_working": true,
                    "name": "Precotto",
                    "rect": null,
                    "text_id": 4,
                    "uid": 4
                },
                {
                    "coord": null,
                    "is_working": true,
                    "name": "Gorla",
                    "rect": null,
                    "text_id": 5,
                    "uid": 5
                },
                {
                    "coord": null,
                    "is_working": true,
                    "name": "Turro",
                    "rect": null,
                    "text_id": 6,
                    "uid": 6
                },
                {
                    "coord": null,
                    "is_working": true,
                    "name": "Rovereto",
                    "rect": null,
                    "text_id": 7,
                    "uid": 7
                },
                {
                    "coord": null,
                    "is_working": true,
                    "name": "Pasteur",
                    "rect": null,
                    "text_id": 8,
                    "uid": 8
                },
                {
                    "coord": null,
                    "is_working": true,
                    "name": "Loreto",
                    "rect": null,
                    "text_id": 9,
                    "uid": 9
                },
                {
                    "coord": null,
                    "is_working": true,
                    "name": "Lima",
                    "rect": null,
                    "text_id": 10,
                    "uid": 10
                },
                {
                    "coord": null,
                    "is_working": true,
                    "name": "Porta Venezia",
                    "rect": null,
                    "text_id": 11,
                    "uid": 11
                },
                {
                    "coord": null,
                    "is_working": true,
                    "name": "Palestro",
                    "rect": null,
                    "text_id": 12,
                    "uid": 12
                },
                {
                    "coord": null,
                    "is_working": true,
                    "name": "San Babila",
                    "rect": null,
                    "text_id": 13,
                    "uid": 13
                },
                {
                    "coord": null,
                    "is_working": true,
                    "name": "Duomo",
                    "rect": null,
                    "text_id": 14,
                    "uid": 14
                },
                {
                    "coord": null,
                    "is_working": true,
                    "name": "Cordusio",
                    "rect": null,
                    "text_id": 15,
                    "uid": 15
                },
                {
                    "coord": null,
                    "is_working": true,
                    "name": "Cairoli",
                    "rect": null,
                    "text_id": 16,
                    "uid": 16
                },
                {
                    "coord": null,
                    "is_working": true,
                    "name": "Cadorna",
                    "rect": null,
                    "text_id": 17,
                    "uid": 17
                },
                {
                    "coord": null,
                    "is_working": true,
                    "name": "Conciliazioni",
                    "rect": null,
                    "text_id": 18,
                    "uid": 18
                },
                {
                    "coord": null,
                    "is_working": true,
                    "name": "Pagano",
                    "rect": null,
                    "text_id": 19,
                    "uid": 19
                },
                {
                    "coord": null,
                    "is_working": true,
                    "name": "Buonarroti",
                    "rect": null,
                    "text_id": 20,
                    "uid": 20
                },
                {
                    "coord": null,
                    "is_working": true,
                    "name": "Amendola Fiera",
                    "rect": null,
                    "text_id": 21,
                    "uid": 21
                },
                {
                    "coord": [
                        210,
                        630
                    ],
                    "is_working": true,
                    "name": "Lotto",
                    "rect": [
                        96,
                        621,
                        100,
                        20
                    ],
                    "text_id": 22,
                    "uid": 22
                },
                {
                    "coord": null,
                    "is_working": true,
                    "name": "Q.T.8",
                    "rect": null,
                    "text_id": 23,
                    "uid": 23
                },
                {
                    "coord": null,
                    "is_working": true,
                    "name": "Lampugnano",
                    "rect": null,
                    "text_id": 24,
                    "uid": 24
                },
                {
                    "coord": null,
                    "is_working": true,
                    "name": "Uruguay",
                    "rect": null,
                    "text_id": 25,
                    "uid": 25
                },
                {
                    "coord": null,
                    "is_working": true,
                    "name": "Bonola",
                    "rect": null,
                    "text_id": 26,
                    "uid": 26
                },
                {
                    "coord": null,
                    "is_working": true,
                    "name": "San Leonardo",
                    "rect": null,
                    "text_id": 27,
                    "uid": 27
                },
                {
                    "coord": null,
                    "is_working": true,
                    "name": "Molino Dorino",
                    "rect": null,
                    "text_id": 28,
                    "uid": 28
                },
                {
                    "coord": null,
                    "is_working": true,
                    "name": "Pero",
                    "rect": null,
                    "text_id": 29,
                    "uid": 29
                },
                {
                    "coord": null,
                    "is_working": true,
                    "name": "Rho Fiera",
                    "rect": null,
                    "text_id": 30,
                    "uid": 30
                },
                {
                    "coord": null,
                    "is_working": true,
                    "name": "Wagner",
                    "rect": null,
                    "text_id": 31,
                    "uid": 31
                },
                {
                    "coord": null,
                    "is_working": true,
                    "name": "De Angeli",
                    "rect": null,
                    "text_id": 32,
                    "uid": 32
                },
                {
                    "coord": null,
                    "is_working": true,
                    "name": "Gambara",
                    "rect": null,
                    "text_id": 33,
                    "uid": 33
                },
                {
                    "coord": null,
                    "is_working": true,
                    "name": "Bande Nere",
                    "rect": null,
                    "text_id": 34,
                    "uid": 34
                },
                {
                    "coord": null,
                    "is_working": true,
                    "name": "Primaticcio",
                    "rect": null,
                    "text_id": 35,
                    "uid": 35
                },
                {
                    "coord": null,
                    "is_working": true,
                    "name": "Inganni",
                    "rect": null,
                    "text_id": 36,
                    "uid": 36
                },
                {
                    "coord": null,
                    "is_working": true,
                    "name": "Bisceglie",
                    "rect": null,
                    "text_id": 37,
                    "uid": 37
                }
            ],
            "text_id": 38
        },
        {
            "labels_bg_color": "-1",
            "labels_color": "000000",
            "line_color": "046434",
            "line_width": 9,
            "name": "M2",
            "segments": [],
            "stations": [
                {
                    "coord": null,
                    "is_working": true,
                    "name": "Abbiategrasso",
                    "rect": null,
                    "text_id": 39,
                    "uid": 38
                },
                {
                    "coord": null,
                    "is_working": true,
                    "name": "Milanofiori Forum",
                    "rect": null,
                    "text_id": 40,
                    "uid": 39
                },
                {
                    "coord": null,
                    "is_working": true,
                    "name": "Milanofiori Nord",
                    "rect": null,
                    "text_id": 41,
                    "uid": 40
                },
                {
                    "coord": null,
                    "is_working": true,
                    "name": "Famagosta",
                    "rect": null,
                    "text_id": 42,
                    "uid": 41
                },
                {
                    "coord": null,
                    "is_working": true,
                    "name": "Romolo FS",
                    "rect": null,
                    "text_id": 43,
                    "uid": 42
                },
                {
                    "coord": null,
                    "is_working": true,
                    "name": "Porta Genova FS",
                    "rect": null,
                    "text_id": 44,
                    "uid": 43
                },
                {
                    "coord": null,
                    "is_working": true,
                    "name": "Sant Agostino",
                    "rect": null,
                    "text_id": 45,
                    "uid": 44
                },
                {
                    "coord": null,
                    "is_working": true,
                    "name": "Sant Ambrogio",
                    "rect": null,
                    "text_id": 46,
                    "uid": 45
                },
                {
                    "coord": null,
                    "is_working": true,
                    "name": "Cadorna",
                    "rect": null,
                    "text_id": 17,
                    "uid": 46
                },
                {
                    "coord": null,
                    "is_working": true,
                    "name": "Lanza",
                    "rect": null,
                    "text_id": 47,
                    "uid": 47
                },
                {
                    "coord": null,
                    "is_working": true,
                    "name": "Moscova",
                    "rect": null,
                    "text_id": 48,
                    "uid": 48
                },
                {
                    "coord": [
                        210,
                        350
                    ],
                    "is_working": true,
                    "name": "Garibaldi",
                    "rect": [
                        97,
                        339,
                        100,
                        20
                    ],
                    "text_id": 49,
                    "uid": 49
                },
                {
                    "coord": null,
                    "is_working": true,
                    "name": "Gioia",
                    "rect": null,
                    "text_id": 50,
                    "uid": 50
                },
                {
                    "coord": null,
                    "is_working": true,
                    "name": "Centrale FS",
                    "rect": null,
                    "text_id": 51,
                    "uid": 51
                },
                {
                    "coord": null,
                    "is_working": true,
                    "name": "Caiazzo",
                    "rect": null,
                    "text_id": 52,
                    "uid": 52
                },
                {
                    "coord": null,
                    "is_working": true,
                    "name": "Loreto",
                    "rect": null,
                    "text_id": 9,
                    "uid": 53
                },
                {
                    "coord": null,
                    "is_working": true,
                    "name": "Piola",
                    "rect": null,
                    "text_id": 53,
                    "uid": 54
                },
                {
                    "coord": null,
                    "is_working": true,
                    "name": "Lambrate FS",
                    "rect": null,
                    "text_id": 54,
                    "uid": 55
                },
                {
                    "coord": null,
                    "is_working": true,
                    "name": "Udine",
                    "rect": null,
                    "text_id": 55,
                    "uid": 56
                },
                {
                    "coord": null,
                    "is_working": true,
                    "name": "Cimiano",
                    "rect": null,
                    "text_id": 56,
                    "uid": 57
                },
                {
                    "coord": null,
                    "is_working": true,
                    "name": "Crescenzago",
                    "rect": null,
                    "text_id": 57,
                    "uid": 58
                },
                {
                    "coord": null,
                    "is_working": true,
                    "name": "Cascina Gobba",
                    "rect": null,
                    "text_id": 58,
                    "uid": 59
                },
                {
                    "coord": null,
                    "is_working": true,
                    "name": "Vimodrone",
                    "rect": null,
                    "text_id": 59,
                    "uid": 60
                },
                {
                    "coord": null,
                    "is_working": true,
                    "name": "Cascina Burrona",
                    "rect": null,
                    "text_id": 60,
                    "uid": 61
                },
                {
                    "coord": null,
                    "is_working": true,
                    "name": "Cernusco S.N.",
                    "rect": null,
                    "text_id": 61,
                    "uid": 62
                },
                {
                    "coord": null,
                    "is_working": true,
                    "name": "Villa Fiorita",
                    "rect": null,
                    "text_id": 62,
                    "uid": 63
                },
                {
                    "coord": null,
                    "is_working": true,
                    "name": "Cassina de' Pecchi",
                    "rect": null,
                    "text_id": 63,
                    "uid": 64
                },
                {
                    "coord": null,
                    "is_working": true,
                    "name": "Bussero",
                    "rect": null,
                    "text_id": 64,
                    "uid": 65
                },
                {
                    "coord": null,
                    "is_working": true,
                    "name": "Villa Pompea",
                    "rect": null,
                    "text_id": 65,
                    "uid": 66
                },
                {
                    "coord": null,
                    "is_working": true,
                    "name": "Gorgonzola",
                    "rect": null,
                    "text_id": 66,
                    "uid": 67
                },
                {
                    "coord": null,
                    "is_working": true,
                    "name": "Cascina Antonietta",
                    "rect": null,
                    "text_id": 67,
                    "uid": 68
                },
                {
                    "coord": null,
                    "is_working": true,
                    "name": "Gessate",
                    "rect": null,
                    "text_id": 68,
                    "uid": 69
                },
                {
                    "coord": null,
                    "is_working": true,
                    "name": "Cologno Sud",
                    "rect": null,
                    "text_id": 69,
                    "uid": 70
                },
                {
                    "coord": null,
                    "is_working": true,
                    "name": "Cologno Centro",
                    "rect": null,
                    "text_id": 70,
                    "uid": 71
                },
                {
                    "coord": null,
                    "is_working": true,
                    "name": "Cologno Nord",
                    "rect": null,
                    "text_id": 71,
                    "uid": 72
                }
            ],
            "text_id": 72
        },
        {
            "labels_bg_color": "-1",
            "labels_color": "000000",
            "line_color": "FCCC04",
            "line_width": 9,
            "name": "M3",
            "segments": [],
            "stations": [
                {
                    "coord": null,
                    "is_working": true,
                    "name": "Comasina",
                    "rect": null,
                    "text_id": 73,
                    "uid": 73
                },
                {
                    "coord": null,
                    "is_working": true,
                    "name": "Affori FN",
                    "rect": null,
                    "text_id": 74,
                    "uid": 74
                },
                {
                    "coord": null,
                    "is_working": true,
                    "name": "Affori Centro",
                    "rect": null,
                    "text_id": 75,
                    "uid": 75
                },
                {
                    "coord": null,
                    "is_working": true,
                    "name": "Dergano",
                    "rect": null,
                    "text_id": 76,
                    "uid": 76
                },
                {
                    "coord": null,
                    "is_working": true,
                    "name": "Maciachini",
                    "rect": null,
                    "text_id": 77,
                    "uid": 77
                },
                {
                    "coord": [
                        210,
                        270
                    ],
                    "is_working": true,
                    "name": "Zara",
                    "rect": [
                        100,
                        260,
                        100,
                        20
                    ],
                    "text_id": 78,
                    "uid": 78
                },
                {
                    "coord": null,
                    "is_working": true,
                    "name": "Sondrio",
                    "rect": null,
                    "text_id": 79,
                    "uid": 79
                },
                {
                    "coord": null,
                    "is_working": true,
                    "name": "Centrale FS",
                    "rect": null,
                    "text_id": 51,
                    "uid": 80
                },
                {
                    "coord": null,
                    "is_working": true,
                    "name": "Repubblica",
                    "rect": null,
                    "text_id": 80,
                    "uid": 81
                },
                {
                    "coord": null,
                    "is_working": true,
                    "name": "Turati",
                    "rect": null,
                    "text_id": 81,
                    "uid": 82
                },
                {
                    "coord": null,
                    "is_working": true,
                    "name": "Monte Napoleone",
                    "rect": null,
                    "text_id": 82,
                    "uid": 83
                },
                {
                    "coord": null,
                    "is_working": true,
                    "name": "Duomo",
                    "rect": null,
                    "text_id": 14,
                    "uid": 84
                },
                {
                    "coord": null,
                    "is_working": true,
                    "name": "Missori",
                    "rect": null,
                    "text_id": 83,
                    "uid": 85
                },
                {
                    "coord": null,
                    "is_working": true,
                    "name": "Crocetta",
                    "rect": null,
                    "text_id": 84,
                    "uid": 86
                },
                {
                    "coord": null,
                    "is_working": true,
                    "name": "Porta Romana",
                    "rect": null,
                    "text_id": 85,
                    "uid": 87
                },
                {
                    "coord": null,
                    "is_working": true,
                    "name": "Lodi T.I.B.B.",
                    "rect": null,
                    "text_id": 86,
                    "uid": 88
                },
                {
                    "coord": null,
                    "is_working": true,
                    "name": "Brenta",
                    "rect": null,
                    "text_id": 87,
                    "uid": 89
                },
                {
                    "coord": null,
                    "is_working": true,
                    "name": "Corvetto",
                    "rect": null,
                    "text_id": 88,
                    "uid": 90
                },
                {
                    "coord": null,
                    "is_working": true,
                    "name": "Porto di Mare",
                    "rect": null,
                    "text_id": 89,
                    "uid": 91
                },
                {
                    "coord": null,
                    "is_working": true,
                    "name": "Rogoredo",
                    "rect": null,
                    "text_id": 90,
                    "uid": 92
                },
                {
                    "coord": null,
                    "is_working": true,
                    "name": "S.Donato",
                    "rect": null,
                    "text_id": 91,
                    "uid": 93
                }
            ],
            "text_id": 92
        },
        {
            "labels_bg_color": "-1",
            "labels_color": "000000",
            "line_color": "8584BB",
            "line_width": 9,
            "name": "M5",
            "segments": [
                [
                    94,
                    95,
                    [
                        [
                            230,
                            70
                        ],
                        [
                            230,
                            30
                        ]
                    ],
                    true
                ],
                [
                    95,
                    96,
                    [
                        [
                            230,
                            110
                        ],
                        [
                            230,
                            70
                        ]
                    ],
                    true
                ],
                [
                    96,
                    97,
                    [
                        [
                            230,
                            150
                        ],
                        [
                            230,
                            110
                        ]
                    ],
                    true
                ],
                [
                    97,
                    98,
                    [
                        [
                            230,
                            190
                        ],
                        [
                            230,
                            150
                        ]
                    ],
                    true
                ],
                [
                    98,
                    99,
                    [
                        [
                            230,
                            230
                        ],
                        [
                            230,
                            190
                        ]
                    ],
                    true
                ],
                [
                    99,
                    100,
                    [
                        [
                            230,
                            270
                        ],
                        [
                            230,
                            230
                        ]
                    ],
                    true
                ],
                [
                    100,
                    101,
                    [
                        [
                            230,
                            310
                        ],
                        [
                            230,
                            270
                        ]
                    ],
                    true
                ],
                [
                    101,
                    102,
                    [
                        [
                            230,
                            350
                        ],
                        [
                            230,
                            310
                        ]
                    ],
                    true
                ],
                [
                    102,
                    103,
                    [
                        [
                            230,
                            390
                        ],
                        [
                            230,
                            350
                        ]
                    ],
                    true
                ],
                [
                    103,
                    104,
                    [
                        [
                            230,
                            430
                        ],
                        [
                            230,
                            390
                        ]
                    ],
                    true
                ],
                [
                    104,
                    105,
                    [
                        [
                            230,
                            470
                        ],
                        [
                            230,
                            430
                        ]
                    ],
                    true
                ],
                [
                    105,
                    106,
                    [
                        [
                            230,
                            510
                        ],
                        [
                            230,
                            470
                        ]
                    ],
                    true
                ],
                [
                    106,
                    107,
                    [
                        [
                            230,
                            550
                        ],
                        [
                            230,
                            510
                        ]
                    ],
                    true
                ],
                [
                    107,
                    108,
                    [
                        [
                            230,
                            590
                        ],
                        [
                            230,
                            550
                        ]
                    ],
                    false
                ],
                [
                    108,
                    109,
                    [
                        [
                            230,
                            630
                        ],
                        [
                            230,
                            590
                        ]
                    ],
                    true
                ],
                [
                    109,
                    110,
                    [
                        [
                            230,
                            670
                        ],
                        [
                            230,
                            630
                        ]
                    ],
                    true
                ],
                [
                    110,
                    111,
                    [
                        [
                            230,
                            710
                        ],
                        [
                            230,
                            670
                        ]
                    ],
                    true
                ],
                [
                    111,
                    112,
                    [
                        [
                            230,
                            750
                        ],
                        [
                            230,
                            710
                        ]
                    ],
                    true
                ]
            ],
            "stations": [
                {
                    "coord": [
                        230,
                        30
                    ],
                    "is_working": true,
                    "name": "Bignami",
                    "rect": [
                        245,
                        20,
                        100,
                        20
                    ],
                    "text_id": 93,
                    "uid": 94
                },
                {
                    "coord": [
                        230,
                        70
                    ],
                    "is_working": true,
                    "name": "Ponale",
                    "rect": [
                        245,
                        60,
                        100,
                        20
                    ],
                    "text_id": 94,
                    "uid": 95
                },
                {
                    "coord": [
                        230,
                        110
                    ],
                    "is_working": true,
                    "name": "Bicocca",
                    "rect": [
                        245,
                        100,
                        100,
                        20
                    ],
                    "text_id": 95,
                    "uid": 96
                },
                {
                    "coord": [
                        230,
                        150
                    ],
                    "is_working": true,
                    "name": "Ca Granda",
                    "rect": [
                        245,
                        140,
                        100,
                        20
                    ],
                    "text_id": 96,
                    "uid": 97
                },
                {
                    "coord": [
                        230,
                        190
                    ],
                    "is_working": true,
                    "name": "Istria",
                    "rect": [
                        245,
                        180,
                        100,
                        20
                    ],
                    "text_id": 97,
                    "uid": 98
                },
                {
                    "coord": [
                        230,
                        230
                    ],
                    "is_working": true,
                    "name": "Marche",
                    "rect": [
                        245,
                        220,
                        100,
                        20
                    ],
                    "text_id": 98,
                    "uid": 99
                },
                {
                    "coord": [
                        230,
                        270
                    ],
                    "is_working": true,
                    "name": "Zara",
                    "rect": [
                        245,
                        260,
                        100,
                        20
                    ],
                    "text_id": 78,
                    "uid": 100
                },
                {
                    "coord": [
                        230,
                        310
                    ],
                    "is_working": true,
                    "name": "Isola",
                    "rect": [
                        245,
                        300,
                        100,
                        20
                    ],
                    "text_id": 99,
                    "uid": 101
                },
                {
                    "coord": [
                        230,
                        350
                    ],
                    "is_working": true,
                    "name": "Garibaldi",
                    "rect": [
                        245,
                        340,
                        100,
                        20
                    ],
                    "text_id": 49,
                    "uid": 102
                },
                {
                    "coord": [
                        230,
                        390
                    ],
                    "is_working": true,
                    "name": "Monumentale",
                    "rect": [
                        245,
                        380,
                        100,
                        20
                    ],
                    "text_id": 100,
                    "uid": 103
                },
                {
                    "coord": [
                        230,
                        430
                    ],
                    "is_working": true,
                    "name": "Cenisio",
                    "rect": [
                        245,
                        420,
                        100,
                        20
                    ],
                    "text_id": 101,
                    "uid": 104
                },
                {
                    "coord": [
                        230,
                        470
                    ],
                    "is_working": true,
                    "name": "Gerusalemme",
                    "rect": [
                        245,
                        460,
                        100,
                        20
                    ],
                    "text_id": 102,
                    "uid": 105
                },
                {
                    "coord": [
                        230,
                        510
                    ],
                    "is_working": true,
                    "name": "Domodossola",
                    "rect": [
                        245,
                        500,
                        100,
                        20
                    ],
                    "text_id": 103,
                    "uid": 106
                },
                {
                    "coord": [
                        230,
                        550
                    ],
                    "is_working": true,
                    "name": "Tre Torri",
                    "rect": [
                        245,
                        540,
                        100,
                        20
                    ],
                    "text_id": 104,
                    "uid": 107
                },
                {
                    "coord": [
                        230,
                        590
                    ],
                    "is_working": true,
                    "name": "Portello",
                    "rect": [
                        245,
                        580,
                        100,
                        20
                    ],
                    "text_id": 105,
                    "uid": 108
                },
                {
                    "coord": [
                        230,
                        630
                    ],
                    "is_working": true,
                    "name": "Lotto",
                    "rect": [
                        245,
                        620,
                        100,
                        20
                    ],
                    "text_id": 22,
                    "uid": 109
                },
                {
                    "coord": [
                        230,
                        670
                    ],
                    "is_working": true,
                    "name": "Segesta",
                    "rect": [
                        245,
                        660,
                        100,
                        20
                    ],
                    "text_id": 106,
                    "uid": 110
                },
                {
                    "coord": [
                        230,
                        710
                    ],
                    "is_working": true,
                    "name": "San Siro Ippodromo",
                    "rect": [
                        245,
                        700,
                        100,
                        20
                    ],
                    "text_id": 107,
                    "uid": 111
                },
                {
                    "coord": [
                        230,
                        750
                    ],
                    "is_working": true,
                    "name": "San Siro Stadio",
                    "rect": [
                        245,
                        740,
                        100,
                        20
                    ],
                    "text_id": 108,
                    "uid": 112
                }
            ],
            "text_id": 109
        }
    ],
    "lines_width": 9,
    "name": "m5",
    "name_text_id": 109,
    "stations_diameter": 16.0,
    "transfers": [
        [
            9,
            53,
            null,
            null
        ],
        [
            14,
            84,
            null,
            null
        ],
        [
            17,
            46,
            null,
            null
        ],
        [
            51,
            80,
            null,
            null
        ],
        [
            100,
            78,
            [
                230,
                270
            ],
            [
                210,
                270
            ]
        ],
        [
            102,
            49,
            [
                230,
                350
            ],
            [
                210,
                350
            ]
        ],
        [
            22,
            109,
            [
                210,
                630
            ],
            [
                230,
                630
            ]
        ]
    ],
    "transports": [
        "metro"
    ],
    "type_name": "Метро",
    "type_text_id": 112,
    "upper_case": true,
    "width": 380,
    "word_wrap": true
}