{
    "default_transports": [
        "metro"
    ],
    "height": 900,
    "images": [
        "res/schemes/milano.svg"
    ],
    "is_vector": true,
    "lines": [
        {
            "labels_bg_color": "-1",
            "labels_color": "CC3333",
            "line_color": "CC3333",
            "line_width": 9,
            "name": "M1",
            "segments": [
                [
                    0,
                    1,
                    [
                        [
                            810,
                            90
                        ],
                        [
                            810,
                            60
                        ]
                    ],
                    true
                ],
                [
                    1,
                    2,
                    [
                        [
                            810,
                            120
                        ],
                        [
                            810,
                            90
                        ]
                    ],
                    true
                ],
                [
                    2,
                    3,
                    [
                        [
                            810,
                            150
                        ],
                        [
                            810,
                            120
                        ]
                    ],
                    true
                ],
                [
                    3,
                    4,
                    [
                        [
                            810,
                            180
                        ],
                        [
                            810,
                            150
                        ]
                    ],
                    true
                ],
                [
                    4,
                    5,
                    [
                        [
                            810,
                            210
                        ],
                        [
                            810,
                            180
                        ]
                    ],
                    true
                ],
                [
                    5,
                    6,
                    [
                        [
                            810,
                            240
                        ],
                        [
                            810,
                            210
                        ]
                    ],
                    true
                ],
                [
                    6,
                    7,
                    [
                        [
                            810,
                            270
                        ],
                        [
                            810,
                            240
                        ]
                    ],
                    true
                ],
                [
                    7,
                    8,
                    [
                        [
                            810,
                            300
                        ],
                        [
                            810,
                            270
                        ]
                    ],
                    true
                ],
                [
                    8,
                    9,
                    [
                        [
                            810,
                            330
                        ],
                        [
                            810,
                            300
                        ]
                    ],
                    true
                ],
                [
                    9,
                    10,
                    [
                        [
                            810,
                            360
                        ],
                        [
                            810,
                            330
                        ]
                    ],
                    true
                ],
                [
                    10,
                    11,
                    [
                        [
                            810,
                            390
                        ],
                        [
                            810,
                            360
                        ]
                    ],
                    true
                ],
                [
                    11,
                    12,
                    [
                        [
                            780,
                            420
                        ],
                        [
                            810,
                            390
                        ]
                    ],
                    true
                ],
                [
                    12,
                    13,
                    [
                        [
                            750,
                            450
                        ],
                        [
                            780,
                            420
                        ]
                    ],
                    true
                ],
                [
                    13,
                    14,
                    [
                        [
                            690,
                            450
                        ],
                        [
                            750,
                            450
                        ]
                    ],
                    true
                ],
                [
                    14,
                    15,
                    [
                        [
                            630,
                            450
                        ],
                        [
                            690,
                            450
                        ]
                    ],
                    true
                ],
                [
                    15,
                    16,
                    [
                        [
                            570,
                            450
                        ],
                        [
                            630,
                            450
                        ]
                    ],
                    true
                ],
                [
                    16,
                    17,
                    [
                        [
                            510,
                            450
                        ],
                        [
                            570,
                            450
                        ]
                    ],
                    true
                ],
                [
                    17,
                    18,
                    [
                        [
                            450,
                            450
                        ],
                        [
                            510,
                            450
                        ]
                    ],
                    true
                ],
                [
                    18,
                    19,
                    [
                        [
                            390,
                            450
                        ],
                        [
                            450,
                            450
                        ]
                    ],
                    true
                ],
                [
                    19,
                    20,
                    [
                        [
                            360,
                            420
                        ],
                        [
                            390,
                            450
                        ]
                    ],
                    true
                ],
                [
                    19,
                    31,
                    [
                        [
                            360,
                            480
                        ],
                        [
                            390,
                            450
                        ]
                    ],
                    true
                ],
                [
                    20,
                    21,
                    [
                        [
                            330,
                            390
                        ],
                        [
                            360,
                            420
                        ]
                    ],
                    true
                ],
                [
                    21,
                    22,
                    [
                        [
                            300,
                            360
                        ],
                        [
                            330,
                            390
                        ]
                    ],
                    true
                ],
                [
                    22,
                    23,
                    [
                        [
                            270,
                            330
                        ],
                        [
                            300,
                            360
                        ]
                    ],
                    true
                ],
                [
                    23,
                    24,
                    [
                        [
                            240,
                            300
                        ],
                        [
                            270,
                            330
                        ]
                    ],
                    true
                ],
                [
                    24,
                    25,
                    [
                        [
                            210,
                            270
                        ],
                        [
                            240,
                            300
                        ]
                    ],
                    true
                ],
                [
                    25,
                    26,
                    [
                        [
                            180,
                            240
                        ],
                        [
                            210,
                            270
                        ]
                    ],
                    true
                ],
                [
                    26,
                    27,
                    [
                        [
                            150,
                            210
                        ],
                        [
                            180,
                            240
                        ]
                    ],
                    true
                ],
                [
                    27,
                    28,
                    [
                        [
                            120,
                            180
                        ],
                        [
                            150,
                            210
                        ]
                    ],
                    true
                ],
                [
                    28,
                    29,
                    [
                        [
                            90,
                            150
                        ],
                        [
                            120,
                            180
                        ]
                    ],
                    true
                ],
                [
                    29,
                    30,
                    [
                        [
                            90,
                            120
                        ],
                        [
                            90,
                            150
                        ]
                    ],
                    true
                ],
                [
                    31,
                    32,
                    [
                        [
                            330,
                            510
                        ],
                        [
                            360,
                            480
                        ]
                    ],
                    true
                ],
                [
                    32,
                    33,
                    [
                        [
                            300,
                            540
                        ],
                        [
                            330,
                            510
                        ]
                    ],
                    true
                ],
                [
                    33,
                    34,
                    [
                        [
                            270,
                            570
                        ],
                        [
                            300,
                            540
                        ]
                    ],
                    true
                ],
                [
                    34,
                    35,
                    [
                        [
                            240,
                            600
                        ],
                        [
                            270,
                            570
                        ]
                    ],
                    true
                ],
                [
                    35,
                    36,
                    [
                        [
                            210,
                            630
                        ],
                        [
                            240,
                            600
                        ]
                    ],
                    true
                ],
                [
                    36,
                    37,
                    [
                        [
                            180,
                            660
                        ],
                        [
                            210,
                            630
                        ]
                    ],
                    true
                ]
            ],
            "stations": [
                {
                    "coord": [
                        810,
                        60
                    ],
                    "is_working": true,
                    "name": "Sesto FS 1 Maggio",
                    "rect": [
                        821,
                        53,
                        109,
                        15
                    ],
                    "text_id": 0,
                    "uid": 0
                },
                {
                    "coord": [
                        810,
                        90
                    ],
                    "is_working": true,
                    "name": "Sesto Rondo",
                    "rect": [
                        821,
                        83,
                        80,
                        15
                    ],
                    "text_id": 1,
                    "uid": 1
                },
                {
                    "coord": [
                        810,
                        120
                    ],
                    "is_working": true,
                    "name": "Sesto Marelli",
                    "rect": [
                        821,
                        113,
                        87,
                        15
                    ],
                    "text_id": 2,
                    "uid": 2
                },
                {
                    "coord": [
                        810,
                        150
                    ],
                    "is_working": true,
                    "name": "Villa San Giovanni",
                    "rect": [
                        821,
                        143,
                        114,
                        15
                    ],
                    "text_id": 3,
                    "uid": 3
                },
                {
                    "coord": [
                        810,
                        180
                    ],
                    "is_working": true,
                    "name": "Precotto",
                    "rect": [
                        821,
                        173,
                        60,
                        15
                    ],
                    "text_id": 4,
                    "uid": 4
                },
                {
                    "coord": [
                        810,
                        210
                    ],
                    "is_working": true,
                    "name": "Gorla",
                    "rect": [
                        821,
                        203,
                        40,
                        15
                    ],
                    "text_id": 5,
                    "uid": 5
                },
                {
                    "coord": [
                        810,
                        240
                    ],
                    "is_working": true,
                    "name": "Turro",
                    "rect": [
                        821,
                        233,
                        40,
                        15
                    ],
                    "text_id": 6,
                    "uid": 6
                },
                {
                    "coord": [
                        810,
                        270
                    ],
                    "is_working": true,
                    "name": "Rovereto",
                    "rect": [
                        821,
                        263,
                        61,
                        15
                    ],
                    "text_id": 7,
                    "uid": 7
                },
                {
                    "coord": [
                        810,
                        300
                    ],
                    "is_working": true,
                    "name": "Pasteur",
                    "rect": [
                        821,
                        293,
                        53,
                        15
                    ],
                    "text_id": 8,
                    "uid": 8
                },
                {
                    "coord": [
                        810,
                        330
                    ],
                    "is_working": true,
                    "name": "Loreto",
                    "rect": [
                        820,
                        308,
                        45,
                        15
                    ],
                    "text_id": 9,
                    "uid": 9
                },
                {
                    "coord": [
                        810,
                        360
                    ],
                    "is_working": true,
                    "name": "Lima",
                    "rect": [
                        823,
                        353,
                        28,
                        15
                    ],
                    "text_id": 10,
                    "uid": 10
                },
                {
                    "coord": [
                        810,
                        390
                    ],
                    "is_working": true,
                    "name": "Porta Venezia",
                    "rect": [
                        822,
                        383,
                        88,
                        15
                    ],
                    "text_id": 11,
                    "uid": 11
                },
                {
                    "coord": [
                        780,
                        420
                    ],
                    "is_working": true,
                    "name": "Palestro",
                    "rect": [
                        793,
                        416,
                        59,
                        15
                    ],
                    "text_id": 12,
                    "uid": 12
                },
                {
                    "coord": [
                        750,
                        450
                    ],
                    "is_working": true,
                    "name": "San Babila",
                    "rect": [
                        763,
                        447,
                        69,
                        15
                    ],
                    "text_id": 13,
                    "uid": 13
                },
                {
                    "coord": [
                        690,
                        450
                    ],
                    "is_working": true,
                    "name": "Duomo",
                    "rect": [
                        699,
                        461,
                        43,
                        15
                    ],
                    "text_id": 14,
                    "uid": 14
                },
                {
                    "coord": [
                        630,
                        450
                    ],
                    "is_working": true,
                    "name": "Cordusio",
                    "rect": [
                        612,
                        461,
                        60,
                        15
                    ],
                    "text_id": 15,
                    "uid": 15
                },
                {
                    "coord": [
                        570,
                        450
                    ],
                    "is_working": true,
                    "name": "Cairoli",
                    "rect": [
                        543,
                        461,
                        46,
                        15
                    ],
                    "text_id": 16,
                    "uid": 16
                },
                {
                    "coord": [
                        510,
                        450
                    ],
                    "is_working": true,
                    "name": "Cadorna",
                    "rect": [
                        446,
                        462,
                        58,
                        15
                    ],
                    "text_id": 17,
                    "uid": 17
                },
                {
                    "coord": [
                        450,
                        450
                    ],
                    "is_working": true,
                    "name": "Conciliazioni",
                    "rect": [
                        409,
                        425,
                        82,
                        15
                    ],
                    "text_id": 18,
                    "uid": 18
                },
                {
                    "coord": [
                        390,
                        450
                    ],
                    "is_working": true,
                    "name": "Pagano",
                    "rect": [
                        324,
                        443,
                        49,
                        15
                    ],
                    "text_id": 19,
                    "uid": 19
                },
                {
                    "coord": [
                        360,
                        420
                    ],
                    "is_working": true,
                    "name": "Buonarroti",
                    "rect": [
                        272,
                        415,
                        75,
                        15
                    ],
                    "text_id": 20,
                    "uid": 20
                },
                {
                    "coord": [
                        330,
                        390
                    ],
                    "is_working": true,
                    "name": "Amendola Fiera",
                    "rect": [
                        341,
                        378,
                        99,
                        15
                    ],
                    "text_id": 21,
                    "uid": 21
                },
                {
                    "coord": [
                        300,
                        360
                    ],
                    "is_working": true,
                    "name": "Lotto",
                    "rect": [
                        249,
                        353,
                        36,
                        15
                    ],
                    "text_id": 22,
                    "uid": 22
                },
                {
                    "coord": [
                        270,
                        330
                    ],
                    "is_working": true,
                    "name": "Q.T.8",
                    "rect": [
                        229,
                        325,
                        28,
                        15
                    ],
                    "text_id": 23,
                    "uid": 23
                },
                {
                    "coord": [
                        240,
                        300
                    ],
                    "is_working": true,
                    "name": "Lampugnano",
                    "rect": [
                        147,
                        295,
                        80,
                        15
                    ],
                    "text_id": 24,
                    "uid": 24
                },
                {
                    "coord": [
                        210,
                        270
                    ],
                    "is_working": true,
                    "name": "Uruguay",
                    "rect": [
                        140,
                        265,
                        57,
                        15
                    ],
                    "text_id": 25,
                    "uid": 25
                },
                {
                    "coord": [
                        180,
                        240
                    ],
                    "is_working": true,
                    "name": "Bonola",
                    "rect": [
                        119,
                        235,
                        48,
                        15
                    ],
                    "text_id": 26,
                    "uid": 26
                },
                {
                    "coord": [
                        150,
                        210
                    ],
                    "is_working": true,
                    "name": "San Leonardo",
                    "rect": [
                        48,
                        205,
                        89,
                        15
                    ],
                    "text_id": 27,
                    "uid": 27
                },
                {
                    "coord": [
                        120,
                        180
                    ],
                    "is_working": true,
                    "name": "Molino Dorino",
                    "rect": [
                        17,
                        175,
                        90,
                        15
                    ],
                    "text_id": 28,
                    "uid": 28
                },
                {
                    "coord": [
                        90,
                        150
                    ],
                    "is_working": true,
                    "name": "Pero",
                    "rect": [
                        45,
                        143,
                        32,
                        15
                    ],
                    "text_id": 29,
                    "uid": 29
                },
                {
                    "coord": [
                        90,
                        120
                    ],
                    "is_working": true,
                    "name": "Rho Fiera",
                    "rect": [
                        16,
                        112,
                        61,
                        15
                    ],
                    "text_id": 30,
                    "uid": 30
                },
                {
                    "coord": [
                        360,
                        480
                    ],
                    "is_working": true,
                    "name": "Wagner",
                    "rect": [
                        296,
                        470,
                        51,
                        15
                    ],
                    "text_id": 31,
                    "uid": 31
                },
                {
                    "coord": [
                        330,
                        510
                    ],
                    "is_working": true,
                    "name": "De Angeli",
                    "rect": [
                        257,
                        500,
                        60,
                        15
                    ],
                    "text_id": 32,
                    "uid": 32
                },
                {
                    "coord": [
                        300,
                        540
                    ],
                    "is_working": true,
                    "name": "Gambara",
                    "rect": [
                        228,
                        530,
                        59,
                        15
                    ],
                    "text_id": 33,
                    "uid": 33
                },
                {
                    "coord": [
                        270,
                        570
                    ],
                    "is_working": true,
                    "name": "Bande Nere",
                    "rect": [
                        184,
                        559,
                        74,
                        15
                    ],
                    "text_id": 34,
                    "uid": 34
                },
                {
                    "coord": [
                        240,
                        600
                    ],
                    "is_working": true,
                    "name": "Primaticcio",
                    "rect": [
                        154,
                        590,
                        73,
                        15
                    ],
                    "text_id": 35,
                    "uid": 35
                },
                {
                    "coord": [
                        210,
                        630
                    ],
                    "is_working": true,
                    "name": "Inganni",
                    "rect": [
                        149,
                        620,
                        48,
                        15
                    ],
                    "text_id": 36,
                    "uid": 36
                },
                {
                    "coord": [
                        180,
                        660
                    ],
                    "is_working": true,
                    "name": "Bisceglie",
                    "rect": [
                        108,
                        652,
                        59,
                        15
                    ],
                    "text_id": 37,
                    "uid": 37
                }
            ],
            "text_id": 38
        },
        {
            "labels_bg_color": "-1",
            "labels_color": "046434",
            "line_color": "046434",
            "line_width": 9,
            "name": "M2",
            "segments": [
                [
                    38,
                    41,
                    [
                        [
                            510,
                            630
                        ],
                        [
                            540,
                            660
                        ]
                    ],
                    true
                ],
                [
                    39,
                    40,
                    [
                        [
                            510,
                            660
                        ],
                        [
                            510,
                            690
                        ]
                    ],
                    true
                ],
                [
                    40,
                    41,
                    [
                        [
                            510,
                            630
                        ],
                        [
                            510,
                            660
                        ]
                    ],
                    true
                ],
                [
                    41,
                    42,
                    [
                        [
                            510,
                            600
                        ],
                        [
                            510,
                            630
                        ]
                    ],
                    true
                ],
                [
                    42,
                    43,
                    [
                        [
                            510,
                            570
                        ],
                        [
                            510,
                            600
                        ]
                    ],
                    true
                ],
                [
                    43,
                    44,
                    [
                        [
                            510,
                            540
                        ],
                        [
                            510,
                            570
                        ]
                    ],
                    true
                ],
                [
                    44,
                    45,
                    [
                        [
                            510,
                            510
                        ],
                        [
                            510,
                            540
                        ]
                    ],
                    true
                ],
                [
                    45,
                    46,
                    [
                        [
                            510,
                            450
                        ],
                        [
                            510,
                            510
                        ]
                    ],
                    true
                ],
                [
                    46,
                    47,
                    [
                        [
                            540,
                            420
                        ],
                        [
                            510,
                            450
                        ]
                    ],
                    true
                ],
                [
                    47,
                    48,
                    [
                        [
                            570,
                            390
                        ],
                        [
                            540,
                            420
                        ]
                    ],
                    true
                ],
                [
                    48,
                    49,
                    [
                        [
                            600,
                            360
                        ],
                        [
                            570,
                            390
                        ]
                    ],
                    true
                ],
                [
                    49,
                    50,
                    [
                        [
                            630,
                            330
                        ],
                        [
                            600,
                            360
                        ]
                    ],
                    true
                ],
                [
                    50,
                    51,
                    [
                        [
                            690,
                            330
                        ],
                        [
                            630,
                            330
                        ]
                    ],
                    true
                ],
                [
                    51,
                    52,
                    [
                        [
                            750,
                            330
                        ],
                        [
                            690,
                            330
                        ]
                    ],
                    true
                ],
                [
                    52,
                    53,
                    [
                        [
                            810,
                            330
                        ],
                        [
                            750,
                            330
                        ]
                    ],
                    true
                ],
                [
                    53,
                    54,
                    [
                        [
                            870,
                            330
                        ],
                        [
                            810,
                            330
                        ]
                    ],
                    true
                ],
                [
                    54,
                    55,
                    [
                        [
                            930,
                            330
                        ],
                        [
                            870,
                            330
                        ]
                    ],
                    true
                ],
                [
                    55,
                    56,
                    [
                        [
                            960,
                            300
                        ],
                        [
                            930,
                            330
                        ]
                    ],
                    true
                ],
                [
                    56,
                    57,
                    [
                        [
                            990,
                            270
                        ],
                        [
                            960,
                            300
                        ]
                    ],
                    true
                ],
                [
                    57,
                    58,
                    [
                        [
                            1020,
                            240
                        ],
                        [
                            990,
                            270
                        ]
                    ],
                    true
                ],
                [
                    58,
                    59,
                    [
                        [
                            1050,
                            210
                        ],
                        [
                            1020,
                            240
                        ]
                    ],
                    true
                ],
                [
                    59,
                    60,
                    [
                        [
                            1080,
                            210
                        ],
                        [
                            1050,
                            210
                        ]
                    ],
                    true
                ],
                [
                    59,
                    70,
                    [
                        [
                            1080,
                            180
                        ],
                        [
                            1050,
                            210
                        ]
                    ],
                    true
                ],
                [
                    60,
                    61,
                    [
                        [
                            1110,
                            210
                        ],
                        [
                            1080,
                            210
                        ]
                    ],
                    true
                ],
                [
                    61,
                    62,
                    [
                        [
                            1140,
                            210
                        ],
                        [
                            1110,
                            210
                        ]
                    ],
                    true
                ],
                [
                    62,
                    63,
                    [
                        [
                            1170,
                            210
                        ],
                        [
                            1140,
                            210
                        ]
                    ],
                    true
                ],
                [
                    63,
                    64,
                    [
                        [
                            1200,
                            210
                        ],
                        [
                            1170,
                            210
                        ]
                    ],
                    true
                ],
                [
                    64,
                    65,
                    [
                        [
                            1230,
                            210
                        ],
                        [
                            1200,
                            210
                        ]
                    ],
                    true
                ],
                [
                    65,
                    66,
                    [
                        [
                            1260,
                            210
                        ],
                        [
                            1230,
                            210
                        ]
                    ],
                    true
                ],
                [
                    66,
                    67,
                    [
                        [
                            1290,
                            210
                        ],
                        [
                            1260,
                            210
                        ]
                    ],
                    true
                ],
                [
                    67,
                    68,
                    [
                        [
                            1320,
                            210
                        ],
                        [
                            1290,
                            210
                        ]
                    ],
                    true
                ],
                [
                    68,
                    69,
                    [
                        [
                            1350,
                            210
                        ],
                        [
                            1320,
                            210
                        ]
                    ],
                    true
                ],
                [
                    70,
                    71,
                    [
                        [
                            1110,
                            150
                        ],
                        [
                            1080,
                            180
                        ]
                    ],
                    true
                ],
                [
                    71,
                    72,
                    [
                        [
                            1140,
                            120
                        ],
                        [
                            1110,
                            150
                        ]
                    ],
                    true
                ]
            ],
            "stations": [
                {
                    "coord": [
                        540,
                        660
                    ],
                    "is_working": true,
                    "name": "Abbiategrasso",
                    "rect": [
                        553,
                        652,
                        96,
                        15
                    ],
                    "text_id": 39,
                    "uid": 38
                },
                {
                    "coord": [
                        510,
                        690
                    ],
                    "is_working": true,
                    "name": "Milanofiori Forum",
                    "rect": [
                        384,
                        682,
                        114,
                        15
                    ],
                    "text_id": 40,
                    "uid": 39
                },
                {
                    "coord": [
                        510,
                        660
                    ],
                    "is_working": true,
                    "name": "Milanofiori Nord",
                    "rect": [
                        391,
                        652,
                        107,
                        15
                    ],
                    "text_id": 41,
                    "uid": 40
                },
                {
                    "coord": [
                        510,
                        630
                    ],
                    "is_working": true,
                    "name": "Famagosta",
                    "rect": [
                        428,
                        622,
                        70,
                        15
                    ],
                    "text_id": 42,
                    "uid": 41
                },
                {
                    "coord": [
                        510,
                        600
                    ],
                    "is_working": true,
                    "name": "Romolo FS",
                    "rect": [
                        433,
                        592,
                        65,
                        15
                    ],
                    "text_id": 43,
                    "uid": 42
                },
                {
                    "coord": [
                        510,
                        570
                    ],
                    "is_working": true,
                    "name": "Porta Genova FS",
                    "rect": [
                        394,
                        562,
                        104,
                        15
                    ],
                    "text_id": 44,
                    "uid": 43
                },
                {
                    "coord": [
                        510,
                        540
                    ],
                    "is_working": true,
                    "name": "Sant Agostino",
                    "rect": [
                        408,
                        532,
                        90,
                        15
                    ],
                    "text_id": 45,
                    "uid": 44
                },
                {
                    "coord": [
                        510,
                        510
                    ],
                    "is_working": true,
                    "name": "Sant Ambrogio",
                    "rect": [
                        404,
                        502,
                        94,
                        15
                    ],
                    "text_id": 46,
                    "uid": 45
                },
                {
                    "coord": [
                        510,
                        450
                    ],
                    "is_working": true,
                    "name": "Cadorna",
                    "rect": [
                        446,
                        462,
                        58,
                        15
                    ],
                    "text_id": 17,
                    "uid": 46
                },
                {
                    "coord": [
                        540,
                        420
                    ],
                    "is_working": true,
                    "name": "Lanza",
                    "rect": [
                        490,
                        409,
                        38,
                        15
                    ],
                    "text_id": 47,
                    "uid": 47
                },
                {
                    "coord": [
                        570,
                        390
                    ],
                    "is_working": true,
                    "name": "Moscova",
                    "rect": [
                        501,
                        379,
                        57,
                        15
                    ],
                    "text_id": 48,
                    "uid": 48
                },
                {
                    "coord": [
                        600,
                        360
                    ],
                    "is_working": true,
                    "name": "Garibaldi",
                    "rect": [
                        613,
                        356,
                        62,
                        15
                    ],
                    "text_id": 49,
                    "uid": 49
                },
                {
                    "coord": [
                        630,
                        330
                    ],
                    "is_working": true,
                    "name": "Gioia",
                    "rect": [
                        629,
                        340,
                        32,
                        15
                    ],
                    "text_id": 50,
                    "uid": 50
                },
                {
                    "coord": [
                        690,
                        330
                    ],
                    "is_working": true,
                    "name": "Centrale FS",
                    "rect": [
                        695,
                        302,
                        76,
                        15
                    ],
                    "text_id": 51,
                    "uid": 51
                },
                {
                    "coord": [
                        750,
                        330
                    ],
                    "is_working": true,
                    "name": "Caiazzo",
                    "rect": [
                        729,
                        340,
                        49,
                        15
                    ],
                    "text_id": 52,
                    "uid": 52
                },
                {
                    "coord": [
                        810,
                        330
                    ],
                    "is_working": true,
                    "name": "Loreto",
                    "rect": [
                        820,
                        308,
                        45,
                        15
                    ],
                    "text_id": 9,
                    "uid": 53
                },
                {
                    "coord": [
                        870,
                        330
                    ],
                    "is_working": true,
                    "name": "Piola",
                    "rect": [
                        856,
                        341,
                        34,
                        15
                    ],
                    "text_id": 53,
                    "uid": 54
                },
                {
                    "coord": [
                        930,
                        330
                    ],
                    "is_working": true,
                    "name": "Lambrate FS",
                    "rect": [
                        910,
                        341,
                        78,
                        15
                    ],
                    "text_id": 54,
                    "uid": 55
                },
                {
                    "coord": [
                        960,
                        300
                    ],
                    "is_working": true,
                    "name": "Udine",
                    "rect": [
                        912,
                        289,
                        36,
                        15
                    ],
                    "text_id": 55,
                    "uid": 56
                },
                {
                    "coord": [
                        990,
                        270
                    ],
                    "is_working": true,
                    "name": "Cimiano",
                    "rect": [
                        929,
                        259,
                        49,
                        15
                    ],
                    "text_id": 56,
                    "uid": 57
                },
                {
                    "coord": [
                        1020,
                        240
                    ],
                    "is_working": true,
                    "name": "Crescenzago",
                    "rect": [
                        923,
                        229,
                        85,
                        15
                    ],
                    "text_id": 57,
                    "uid": 58
                },
                {
                    "coord": [
                        1050,
                        210
                    ],
                    "is_working": true,
                    "name": "Cascina Gobba",
                    "rect": [
                        943,
                        199,
                        95,
                        15
                    ],
                    "text_id": 58,
                    "uid": 59
                },
                {
                    "coord": [
                        1080,
                        210
                    ],
                    "is_working": true,
                    "name": "Vimodrone",
                    "rect": [
                        1072,
                        222,
                        15,
                        68
                    ],
                    "text_id": 59,
                    "uid": 60
                },
                {
                    "coord": [
                        1110,
                        210
                    ],
                    "is_working": true,
                    "name": "Cascina Burrona",
                    "rect": [
                        1102,
                        222,
                        15,
                        111
                    ],
                    "text_id": 60,
                    "uid": 61
                },
                {
                    "coord": [
                        1140,
                        210
                    ],
                    "is_working": true,
                    "name": "Cernusco S.N.",
                    "rect": [
                        1132,
                        222,
                        15,
                        88
                    ],
                    "text_id": 61,
                    "uid": 62
                },
                {
                    "coord": [
                        1170,
                        210
                    ],
                    "is_working": true,
                    "name": "Villa Fiorita",
                    "rect": [
                        1162,
                        222,
                        15,
                        77
                    ],
                    "text_id": 62,
                    "uid": 63
                },
                {
                    "coord": [
                        1200,
                        210
                    ],
                    "is_working": true,
                    "name": "Cassina de' Pecchi",
                    "rect": [
                        1192,
                        222,
                        15,
                        115
                    ],
                    "text_id": 63,
                    "uid": 64
                },
                {
                    "coord": [
                        1230,
                        210
                    ],
                    "is_working": true,
                    "name": "Bussero",
                    "rect": [
                        1222,
                        222,
                        15,
                        55
                    ],
                    "text_id": 64,
                    "uid": 65
                },
                {
                    "coord": [
                        1260,
                        210
                    ],
                    "is_working": true,
                    "name": "Villa Pompea",
                    "rect": [
                        1252,
                        222,
                        15,
                        81
                    ],
                    "text_id": 65,
                    "uid": 66
                },
                {
                    "coord": [
                        1290,
                        210
                    ],
                    "is_working": true,
                    "name": "Gorgonzola",
                    "rect": [
                        1282,
                        222,
                        15,
                        78
                    ],
                    "text_id": 66,
                    "uid": 67
                },
                {
                    "coord": [
                        1320,
                        210
                    ],
                    "is_working": true,
                    "name": "Cascina Antonietta",
                    "rect": [
                        1312,
                        222,
                        15,
                        123
                    ],
                    "text_id": 67,
                    "uid": 68
                },
                {
                    "coord": [
                        1350,
                        210
                    ],
                    "is_working": true,
                    "name": "Gessate",
                    "rect": [
                        1343,
                        222,
                        15,
                        52
                    ],
                    "text_id": 68,
                    "uid": 69
                },
                {
                    "coord": [
                        1080,
                        180
                    ],
                    "is_working": true,
                    "name": "Cologno Sud",
                    "rect": [
                        986,
                        169,
                        82,
                        15
                    ],
                    "text_id": 69,
                    "uid": 70
                },
                {
                    "coord": [
                        1110,
                        150
                    ],
                    "is_working": true,
                    "name": "Cologno Centro",
                    "rect": [
                        993,
                        140,
                        104,
                        15
                    ],
                    "text_id": 70,
                    "uid": 71
                },
                {
                    "coord": [
                        1140,
                        120
                    ],
                    "is_working": true,
                    "name": "Cologno Nord",
                    "rect": [
                        1037,
                        109,
                        91,
                        15
                    ],
                    "text_id": 71,
                    "uid": 72
                }
            ],
            "text_id": 72
        },
        {
            "labels_bg_color": "-1",
            "labels_color": "FCCC04",
            "line_color": "FCCC04",
            "line_width": 9,
            "name": "M3",
            "segments": [
                [
                    73,
                    74,
                    [
                        [
                            540,
                            120
                        ],
                        [
                            510,
                            90
                        ]
                    ],
                    true
                ],
                [
                    74,
                    75,
                    [
                        [
                            570,
                            150
                        ],
                        [
                            540,
                            120
                        ]
                    ],
                    true
                ],
                [
                    75,
                    76,
                    [
                        [
                            600,
                            180
                        ],
                        [
                            570,
                            150
                        ]
                    ],
                    true
                ],
                [
                    76,
                    77,
                    [
                        [
                            630,
                            210
                        ],
                        [
                            600,
                            180
                        ]
                    ],
                    true
                ],
                [
                    77,
                    78,
                    [
                        [
                            660,
                            240
                        ],
                        [
                            630,
                            210
                        ]
                    ],
                    true
                ],
                [
                    78,
                    79,
                    [
                        [
                            690,
                            270
                        ],
                        [
                            660,
                            240
                        ]
                    ],
                    true
                ],
                [
                    79,
                    80,
                    [
                        [
                            690,
                            330
                        ],
                        [
                            690,
                            270
                        ]
                    ],
                    true
                ],
                [
                    80,
                    81,
                    [
                        [
                            690,
                            366
                        ],
                        [
                            690,
                            330
                        ]
                    ],
                    true
                ],
                [
                    81,
                    82,
                    [
                        [
                            690,
                            390
                        ],
                        [
                            690,
                            366
                        ]
                    ],
                    true
                ],
                [
                    82,
                    83,
                    [
                        [
                            690,
                            420
                        ],
                        [
                            690,
                            390
                        ]
                    ],
                    true
                ],
                [
                    83,
                    84,
                    [
                        [
                            690,
                            450
                        ],
                        [
                            690,
                            420
                        ]
                    ],
                    true
                ],
                [
                    84,
                    85,
                    [
                        [
                            690,
                            510
                        ],
                        [
                            690,
                            450
                        ]
                    ],
                    true
                ],
                [
                    85,
                    86,
                    [
                        [
                            720,
                            540
                        ],
                        [
                            690,
                            510
                        ]
                    ],
                    true
                ],
                [
                    86,
                    87,
                    [
                        [
                            750,
                            570
                        ],
                        [
                            720,
                            540
                        ]
                    ],
                    true
                ],
                [
                    87,
                    88,
                    [
                        [
                            780,
                            600
                        ],
                        [
                            750,
                            570
                        ]
                    ],
                    true
                ],
                [
                    88,
                    89,
                    [
                        [
                            810,
                            630
                        ],
                        [
                            780,
                            600
                        ]
                    ],
                    true
                ],
                [
                    89,
                    90,
                    [
                        [
                            840,
                            660
                        ],
                        [
                            810,
                            630
                        ]
                    ],
                    true
                ],
                [
                    90,
                    91,
                    [
                        [
                            870,
                            690
                        ],
                        [
                            840,
                            660
                        ]
                    ],
                    true
                ],
                [
                    91,
                    92,
                    [
                        [
                            900,
                            720
                        ],
                        [
                            870,
                            690
                        ]
                    ],
                    true
                ],
                [
                    92,
                    93,
                    [
                        [
                            930,
                            750
                        ],
                        [
                            900,
                            720
                        ]
                    ],
                    true
                ]
            ],
            "stations": [
                {
                    "coord": [
                        510,
                        90
                    ],
                    "is_working": true,
                    "name": "Comasina",
                    "rect": [
                        437,
                        83,
                        61,
                        15
                    ],
                    "text_id": 73,
                    "uid": 73
                },
                {
                    "coord": [
                        540,
                        120
                    ],
                    "is_working": true,
                    "name": "Affori FN",
                    "rect": [
                        470,
                        116,
                        58,
                        15
                    ],
                    "text_id": 74,
                    "uid": 74
                },
                {
                    "coord": [
                        570,
                        150
                    ],
                    "is_working": true,
                    "name": "Affori Centro",
                    "rect": [
                        469,
                        146,
                        89,
                        15
                    ],
                    "text_id": 75,
                    "uid": 75
                },
                {
                    "coord": [
                        600,
                        180
                    ],
                    "is_working": true,
                    "name": "Dergano",
                    "rect": [
                        531,
                        176,
                        57,
                        15
                    ],
                    "text_id": 76,
                    "uid": 76
                },
                {
                    "coord": [
                        630,
                        210
                    ],
                    "is_working": true,
                    "name": "Maciachini",
                    "rect": [
                        550,
                        206,
                        68,
                        15
                    ],
                    "text_id": 77,
                    "uid": 77
                },
                {
                    "coord": [
                        660,
                        240
                    ],
                    "is_working": true,
                    "name": "Zara",
                    "rect": [
                        673,
                        230,
                        32,
                        15
                    ],
                    "text_id": 78,
                    "uid": 78
                },
                {
                    "coord": [
                        690,
                        270
                    ],
                    "is_working": true,
                    "name": "Sondrio",
                    "rect": [
                        701,
                        263,
                        52,
                        15
                    ],
                    "text_id": 79,
                    "uid": 79
                },
                {
                    "coord": [
                        690,
                        330
                    ],
                    "is_working": true,
                    "name": "Centrale FS",
                    "rect": [
                        695,
                        302,
                        76,
                        15
                    ],
                    "text_id": 51,
                    "uid": 80
                },
                {
                    "coord": [
                        690,
                        366
                    ],
                    "is_working": true,
                    "name": "Repubblica",
                    "rect": [
                        702,
                        359,
                        73,
                        15
                    ],
                    "text_id": 80,
                    "uid": 81
                },
                {
                    "coord": [
                        690,
                        390
                    ],
                    "is_working": true,
                    "name": "Turati",
                    "rect": [
                        636,
                        382,
                        41,
                        15
                    ],
                    "text_id": 81,
                    "uid": 82
                },
                {
                    "coord": [
                        690,
                        420
                    ],
                    "is_working": true,
                    "name": "Monte Napoleone",
                    "rect": [
                        567,
                        412,
                        110,
                        15
                    ],
                    "text_id": 82,
                    "uid": 83
                },
                {
                    "coord": [
                        690,
                        450
                    ],
                    "is_working": true,
                    "name": "Duomo",
                    "rect": [
                        699,
                        461,
                        43,
                        15
                    ],
                    "text_id": 14,
                    "uid": 84
                },
                {
                    "coord": [
                        690,
                        510
                    ],
                    "is_working": true,
                    "name": "Missori",
                    "rect": [
                        703,
                        500,
                        47,
                        15
                    ],
                    "text_id": 83,
                    "uid": 85
                },
                {
                    "coord": [
                        720,
                        540
                    ],
                    "is_working": true,
                    "name": "Crocetta",
                    "rect": [
                        733,
                        530,
                        61,
                        15
                    ],
                    "text_id": 84,
                    "uid": 86
                },
                {
                    "coord": [
                        750,
                        570
                    ],
                    "is_working": true,
                    "name": "Porta Romana",
                    "rect": [
                        763,
                        560,
                        91,
                        15
                    ],
                    "text_id": 85,
                    "uid": 87
                },
                {
                    "coord": [
                        780,
                        600
                    ],
                    "is_working": true,
                    "name": "Lodi T.I.B.B.",
                    "rect": [
                        793,
                        590,
                        67,
                        15
                    ],
                    "text_id": 86,
                    "uid": 88
                },
                {
                    "coord": [
                        810,
                        630
                    ],
                    "is_working": true,
                    "name": "Brenta",
                    "rect": [
                        823,
                        620,
                        47,
                        15
                    ],
                    "text_id": 87,
                    "uid": 89
                },
                {
                    "coord": [
                        840,
                        660
                    ],
                    "is_working": true,
                    "name": "Corvetto",
                    "rect": [
                        853,
                        650,
                        60,
                        15
                    ],
                    "text_id": 88,
                    "uid": 90
                },
                {
                    "coord": [
                        870,
                        690
                    ],
                    "is_working": true,
                    "name": "Porto di Mare",
                    "rect": [
                        883,
                        680,
                        88,
                        15
                    ],
                    "text_id": 89,
                    "uid": 91
                },
                {
                    "coord": [
                        900,
                        720
                    ],
                    "is_working": true,
                    "name": "Rogoredo",
                    "rect": [
                        913,
                        710,
                        65,
                        15
                    ],
                    "text_id": 90,
                    "uid": 92
                },
                {
                    "coord": [
                        930,
                        750
                    ],
                    "is_working": true,
                    "name": "S.Donato",
                    "rect": [
                        943,
                        743,
                        58,
                        15
                    ],
                    "text_id": 91,
                    "uid": 93
                }
            ],
            "text_id": 92
        },
        {
            "labels_bg_color": "-1",
            "labels_color": "8584BB",
            "line_color": "8584BB",
            "line_width": 9,
            "name": "M5",
            "segments": [
                [
                    94,
                    95,
                    [
                        [
                            660,
                            90
                        ],
                        [
                            660,
                            60
                        ]
                    ],
                    true
                ],
                [
                    95,
                    96,
                    [
                        [
                            660,
                            120
                        ],
                        [
                            660,
                            90
                        ]
                    ],
                    true
                ],
                [
                    96,
                    97,
                    [
                        [
                            660,
                            150
                        ],
                        [
                            660,
                            120
                        ]
                    ],
                    true
                ],
                [
                    97,
                    98,
                    [
                        [
                            660,
                            180
                        ],
                        [
                            660,
                            150
                        ]
                    ],
                    true
                ],
                [
                    98,
                    99,
                    [
                        [
                            660,
                            210
                        ],
                        [
                            660,
                            180
                        ]
                    ],
                    true
                ],
                [
                    99,
                    100,
                    [
                        [
                            660,
                            240
                        ],
                        [
                            660,
                            210
                        ]
                    ],
                    true
                ],
                [
                    100,
                    101,
                    [
                        [
                            600,
                            300
                        ],
                        [
                            660,
                            240
                        ]
                    ],
                    true
                ],
                [
                    101,
                    102,
                    [
                        [
                            600,
                            360
                        ],
                        [
                            600,
                            300
                        ]
                    ],
                    true
                ],
                [
                    102,
                    103,
                    [
                        [
                            554,
                            360
                        ],
                        [
                            600,
                            360
                        ]
                    ],
                    true
                ],
                [
                    103,
                    104,
                    [
                        [
                            518,
                            324
                        ],
                        [
                            554,
                            360
                        ]
                    ],
                    true
                ],
                [
                    104,
                    105,
                    [
                        [
                            491,
                            297
                        ],
                        [
                            518,
                            324
                        ]
                    ],
                    true
                ],
                [
                    105,
                    106,
                    [
                        [
                            425,
                            297
                        ],
                        [
                            491,
                            297
                        ]
                    ],
                    true
                ],
                [
                    106,
                    107,
                    [
                        [
                            363,
                            297
                        ],
                        [
                            425,
                            297
                        ]
                    ],
                    true
                ],
                [
                    107,
                    108,
                    [
                        [
                            325,
                            335
                        ],
                        [
                            363,
                            297
                        ]
                    ],
                    false
                ],
                [
                    108,
                    109,
                    [
                        [
                            300,
                            360
                        ],
                        [
                            325,
                            335
                        ]
                    ],
                    true
                ],
                [
                    109,
                    110,
                    [
                        [
                            274,
                            386
                        ],
                        [
                            300,
                            360
                        ]
                    ],
                    true
                ],
                [
                    110,
                    111,
                    [
                        [
                            248,
                            412
                        ],
                        [
                            274,
                            386
                        ]
                    ],
                    true
                ],
                [
                    111,
                    112,
                    [
                        [
                            224,
                            436
                        ],
                        [
                            248,
                            412
                        ]
                    ],
                    true
                ]
            ],
            "stations": [
                {
                    "coord": [
                        660,
                        60
                    ],
                    "is_working": true,
                    "name": "Bignami",
                    "rect": [
                        672,
                        53,
                        49,
                        15
                    ],
                    "text_id": 93,
                    "uid": 94
                },
                {
                    "coord": [
                        660,
                        90
                    ],
                    "is_working": true,
                    "name": "Ponale",
                    "rect": [
                        672,
                        83,
                        46,
                        15
                    ],
                    "text_id": 94,
                    "uid": 95
                },
                {
                    "coord": [
                        660,
                        120
                    ],
                    "is_working": true,
                    "name": "Bicocca",
                    "rect": [
                        672,
                        114,
                        53,
                        15
                    ],
                    "text_id": 95,
                    "uid": 96
                },
                {
                    "coord": [
                        660,
                        150
                    ],
                    "is_working": true,
                    "name": "Ca Granda",
                    "rect": [
                        672,
                        143,
                        69,
                        15
                    ],
                    "text_id": 96,
                    "uid": 97
                },
                {
                    "coord": [
                        660,
                        180
                    ],
                    "is_working": true,
                    "name": "Istria",
                    "rect": [
                        672,
                        173,
                        37,
                        15
                    ],
                    "text_id": 97,
                    "uid": 98
                },
                {
                    "coord": [
                        660,
                        210
                    ],
                    "is_working": true,
                    "name": "Marche",
                    "rect": [
                        672,
                        203,
                        50,
                        15
                    ],
                    "text_id": 98,
                    "uid": 99
                },
                {
                    "coord": [
                        660,
                        240
                    ],
                    "is_working": true,
                    "name": "Zara",
                    "rect": [
                        673,
                        230,
                        32,
                        15
                    ],
                    "text_id": 78,
                    "uid": 100
                },
                {
                    "coord": [
                        600,
                        300
                    ],
                    "is_working": true,
                    "name": "Isola",
                    "rect": [
                        555,
                        293,
                        34,
                        15
                    ],
                    "text_id": 99,
                    "uid": 101
                },
                {
                    "coord": [
                        600,
                        360
                    ],
                    "is_working": true,
                    "name": "Garibaldi",
                    "rect": [
                        613,
                        356,
                        62,
                        15
                    ],
                    "text_id": 49,
                    "uid": 102
                },
                {
                    "coord": [
                        554,
                        360
                    ],
                    "is_working": true,
                    "name": "Monumentale",
                    "rect": [
                        456,
                        356,
                        86,
                        15
                    ],
                    "text_id": 100,
                    "uid": 103
                },
                {
                    "coord": [
                        518,
                        324
                    ],
                    "is_working": true,
                    "name": "Cenisio",
                    "rect": [
                        462,
                        324,
                        46,
                        15
                    ],
                    "text_id": 101,
                    "uid": 104
                },
                {
                    "coord": [
                        491,
                        297
                    ],
                    "is_working": true,
                    "name": "Gerusalemme",
                    "rect": [
                        467,
                        271,
                        86,
                        15
                    ],
                    "text_id": 102,
                    "uid": 105
                },
                {
                    "coord": [
                        425,
                        297
                    ],
                    "is_working": true,
                    "name": "Domodossola",
                    "rect": [
                        388,
                        307,
                        87,
                        15
                    ],
                    "text_id": 103,
                    "uid": 106
                },
                {
                    "coord": [
                        363,
                        297
                    ],
                    "is_working": true,
                    "name": "Tre Torri",
                    "rect": [
                        332,
                        271,
                        59,
                        15
                    ],
                    "text_id": 104,
                    "uid": 107
                },
                {
                    "coord": [
                        325,
                        335
                    ],
                    "is_working": true,
                    "name": "Portello",
                    "rect": [
                        337,
                        332,
                        58,
                        15
                    ],
                    "text_id": 105,
                    "uid": 108
                },
                {
                    "coord": [
                        300,
                        360
                    ],
                    "is_working": true,
                    "name": "Lotto",
                    "rect": [
                        249,
                        353,
                        36,
                        15
                    ],
                    "text_id": 22,
                    "uid": 109
                },
                {
                    "coord": [
                        274,
                        386
                    ],
                    "is_working": true,
                    "name": "Segesta",
                    "rect": [
                        209,
                        376,
                        52,
                        15
                    ],
                    "text_id": 106,
                    "uid": 110
                },
                {
                    "coord": [
                        248,
                        412
                    ],
                    "is_working": true,
                    "name": "San Siro Ippodromo",
                    "rect": [
                        112,
                        402,
                        123,
                        15
                    ],
                    "text_id": 107,
                    "uid": 111
                },
                {
                    "coord": [
                        224,
                        436
                    ],
                    "is_working": true,
                    "name": "San Siro Stadio",
                    "rect": [
                        116,
                        429,
                        97,
                        15
                    ],
                    "text_id": 108,
                    "uid": 112
                }
            ],
            "text_id": 109
        }
    ],
    "lines_width": 9,
    "name": "metro",
    "name_text_id": 110,
    "stations_diameter": 17.0,
    "transfers": [
        [
            9,
            53,
            [
                810,
                330
            ],
            [
                810,
                330
            ]
        ],
        [
            14,
            84,
            [
                690,
                450
            ],
            [
                690,
                450
            ]
        ],
        [
            17,
            46,
            [
                510,
                450
            ],
            [
                510,
                450
            ]
        ],
        [
            51,
            80,
            [
                690,
                330
            ],
            [
                690,
                330
            ]
        ],
        [
            100,
            78,
            [
                660,
                240
            ],
            [
                660,
                240
            ]
        ],
        [
            102,
            49,
            [
                600,
                360
            ],
            [
                600,
                360
            ]
        ],
        [
            22,
            109,
            [
                300,
                360
            ],
            [
                300,
                360
            ]
        ]
    ],
    "transports": [
        "metro"
    ],
    "type_name": "ROOT",
    "type_text_id": 111,
    "upper_case": true,
    "width": 1500,
    "word_wrap": false
}