{
    "0": "Malinovka",
    "1": "Petrovschina",
    "2": "Mihalovo",
    "3": "Grushevka",
    "4": "Institut Kul'tury",
    "5": "Ploschad' Lenina",
    "6": "Oktjabr'skaja",
    "7": "Ploschad' Pobedy",
    "8": "Ploschad' Jakuba Kolasa",
    "9": "Akademija nauk",
    "10": "Park Cheljuskintsev",
    "11": "Moskovskaja",
    "12": "Vostok",
    "13": "Borisovskij trakt",
    "14": "Uruch'e",
    "15": "Mogilevskaja",
    "16": "Avtozavodskaja",
    "17": "Partizanskaja",
    "18": "Traktornyj zavod",
    "19": "Proletarskaja",
    "20": "Pervomajskaja",
    "21": "Kupalovskaja",
    "22": "Nemiga",
    "23": "Frunzenskaja",
    "24": "Molodezhnaja",
    "25": "Pushkinskaja",
    "26": "Sportivnaja",
    "27": "Kuntsevschina",
    "28": "Kamennaja Gorka",
    "29": "Jubilejnaja ploschad'",
    "30": "Ploschad' Frantishka Bogushevicha",
    "31": "Vokzal'naja",
    "32": "Koval'skaja Sloboda",
    "33": "Aerodromnaja",
    "34": "Nemorshanskij sad",
    "35": "Slutskij gostinets",
    "36": "Zelenoluzhskaja",
    "37": "Zaslonovo",
    "38": "Pionerskaja",
    "39": "Sosnovyj Bor",
    "40": "Detskaja zh/d.",
    "41": "Minsk-Passazhirskij",
    "42": "Minsk-Vostochnyj",
    "43": "Traktornyj",
    "44": "[Tovarnyj dvor]",
    "45": "Stepjanka",
    "46": "Ozerische",
    "47": "Kolodischi",
    "48": "Sadovyj",
    "49": "Gorodische",
    "50": "Sloboda",
    "51": "Domashany",
    "52": "Zagor'e",
    "53": "Smolevichi",
    "54": "Zarechnoe",
    "55": "Krasnoe Znamja",
    "56": "Barsuki",
    "57": "Zhodino-Juzhnoe",
    "58": "Zhodino",
    "59": "Proletarskaja Pobeda",
    "60": "Pechinskij",
    "61": "Borisov",
    "62": "Berezina",
    "63": "Nemanitsa",
    "64": "Novosady",
    "65": "Zamuzhan'e",
    "66": "Prijamino",
    "67": "Berezhok",
    "68": "Krupki",
    "69": "Novaja Zhizn'",
    "70": "Bobr",
    "71": "Krasnovka",
    "72": "Slavnoe",
    "73": "Nartsizovo",
    "74": "Trotsilovo",
    "75": "Krasnaja Gorka",
    "76": "Tolochin",
    "77": "Vyderschina",
    "78": "Perevalochnyj",
    "79": "Martjuhovo",
    "80": "Kohanovo",
    "81": "Goloshevka",
    "82": "Djatlovo",
    "83": "Solnechnyj",
    "84": "Lomachino",
    "85": "Verovojsha",
    "86": "Horobrovo",
    "87": "Orsha-Tsentral'naja",
    "88": "Borisovskoe napravlenie",
    "89": "[Minsk-Sortirovochnyj]",
    "90": "Stolichnyj",
    "91": "Kurasovschina",
    "92": "Roscha",
    "93": "Pomyslische",
    "94": "Ptich'",
    "95": "Volchkovichi",
    "96": "Fanipol'",
    "97": "Berezha",
    "98": "Pjatigor'e",
    "99": "Stan'kovo",
    "100": "Kojdanovo",
    "101": "Dzerzhinsk",
    "102": "Klypovschina",
    "103": "Negoreloe",
    "104": "Energetik",
    "105": "Asino",
    "106": "Mezinovka",
    "107": "Kolosovo",
    "108": "Ottseda",
    "109": "Kuchkuny",
    "110": "Temnye Ljady",
    "111": "Stolbtsy",
    "112": "Sinjavo",
    "113": "Osipovschina",
    "114": "Vorotische",
    "115": "Gorodeja",
    "116": "Lipa",
    "117": "Hvoevo",
    "118": "Pogorel'tsy",
    "119": "Jushkevichi",
    "120": "Pobeda",
    "121": "Kroshino",
    "122": "Baranovichi-Tsentral'nye",
    "123": "Lokomotivnoe depo",
    "124": "Gritsevets",
    "125": "Lesnaja",
    "126": "Byten'",
    "127": "Domanovo",
    "128": "Borki",
    "129": "Ivatsevichi",
    "130": "Kossovo-Polesskoe",
    "131": "Bronnaja Gora",
    "132": "Bereza-gorod",
    "133": "Bereza-Kartuzskaja",
    "134": "Kabaki",
    "135": "Pavlovichi",
    "136": "Tkachi",
    "137": "Oranchitsy",
    "138": "Prilutchina",
    "139": "Ljasy",
    "140": "Tevli",
    "141": "Stolpy",
    "142": "Jakovchitsy",
    "143": "Matveechi",
    "144": "Zhabinka",
    "145": "Saharnyj Zavod",
    "146": "Nagorany",
    "147": "Haritony",
    "148": "Koshelevo",
    "149": "Brest-Vostochnyj",
    "150": "Brest-Tsentral'nyj",
    "151": "Stolbtsovskoe napravlenie",
    "152": "Minsk-Severnyj",
    "153": "Masjukovschina",
    "154": "Lebjazhij",
    "155": "Zhdanovichi",
    "156": "Minskoe more",
    "157": "Ratomka",
    "158": "Kryzhovka",
    "159": "Zelenoe",
    "160": "Belarus'",
    "161": "Hmelevka",
    "162": "Anusino",
    "163": "Radoshkovichi",
    "164": "Vjazynka",
    "165": "Praleski",
    "166": "Dubravy",
    "167": "Romany",
    "168": "Olehnovichi",
    "169": "Bojary",
    "170": "Losi",
    "171": "Usha",
    "172": "Mjasota",
    "173": "Tatarschizna",
    "174": "Krinitsa",
    "175": "Selivonovka",
    "176": "Festival'nyj",
    "177": "Molodechno",
    "178": "Molodechnenskoe napravlenie",
    "179": "Minsk-Juzhnyj",
    "180": "Loshitsa",
    "181": "Zheleznodorozhnyj",
    "182": "Koljadichi",
    "183": "Machulischi",
    "184": "Aseevka",
    "185": "Mihanovichi",
    "186": "Sedcha",
    "187": "Zazerka",
    "188": "Rybtsy",
    "189": "Ravnopol'e",
    "190": "Rudensk",
    "191": "Novoe Selo",
    "192": "Drichin",
    "193": "Vendezh",
    "194": "Tehnikum",
    "195": "Puhovichi",
    "196": "Velenskij",
    "197": "Bluzha",
    "198": "Majskij",
    "199": "Veselovskij",
    "200": "Tal'ka",
    "201": "Verhi",
    "202": "Verejtsy",
    "203": "Sovetskij",
    "204": "Jubilejnyj",
    "205": "Osipovichi",
    "206": "Osipovichskoe napravlenie",
    "207": "Pl. Mjasnikova",
    "208": "Vokzal",
    "209": "ul. Sverdlova",
    "210": "Stadion \"Dinamo\"",
    "211": "Litsej BGU",
    "212": "Park Gor'kogo",
    "213": "ul. Zaharova",
    "214": "ul. Z. Bjaduli",
    "215": "Prosp. Nezavisimosti",
    "216": "ul. Krasnaja",
    "217": "St. m. \"Pl. Jakuba Kolasa\"",
    "218": "ul. Doroshevicha",
    "219": "ul. Hmel'nitskogo",
    "220": "ul. Chernyshevskogo",
    "221": "ul. Kalinina",
    "222": "ul. Belinskogo",
    "223": "ul. Volgogradskaja",
    "224": "ul. Sevastopol'skaja",
    "225": "Magazin \"Elektronika\"",
    "226": "ul. Kol'tsova",
    "227": "ul. Sedyh",
    "228": "DS Zelenyj Lug",
    "229": "Tramvaj № 1",
    "230": "DS Serebrjanka",
    "231": "Serebrjanka-3",
    "232": "ul. Jakubova",
    "233": "Serebrjanka-9",
    "234": "Prosp. Rokossovskogo",
    "235": "ul. Gorovtsa",
    "236": "ul. Vasnetsova",
    "237": "ul. Narodnaja",
    "238": "Univermag \"Belarus'\"",
    "239": "Park im. 50-letija Oktjabrja",
    "240": "ul. Vaneeva",
    "241": "ul. Budennogo",
    "242": "ul. Ural'skaja",
    "243": "Per. Kozlova",
    "244": "ul. Botanicheskaja",
    "245": "ul. Platonova",
    "246": "ul. Berestjanskaja",
    "247": "Tramvaj № 8",
    "248": "Studgorodok BGU",
    "249": "ul. Oktjabr'skaja",
    "250": "DS Oktjabr'skaja",
    "251": "Tramvaj № 2",
    "252": "ul. Chapaeva",
    "253": "Tramvaj № 7",
    "254": "ul. Kujbysheva",
    "255": "ul. Bogdanovicha",
    "256": "Teatr molodezhi",
    "257": "Komsomol'skoe ozero",
    "258": "Dvorets detej i molodezhi",
    "259": "TD \"Starovilenskij\"",
    "260": "ul. Very Slutskoj",
    "261": "DS Ozero",
    "262": "Tramvaj № 4",
    "263": "Tramvaj № 10",
    "264": "Tramvaj № 3",
    "265": "Tramvaj № 5",
    "266": "ul. Kalinovskogo",
    "267": "BNTU",
    "268": "Tramvaj № 6",
    "269": "Tramvaj № 11",
    "270": "Metro",
    "271": "ROOT",
    "272": "Metro",
    "273": "Train",
    "274": "Tram",
    "275": "only_metro",
    "276": "OTHER",
    "277": "zd",
    "278": "Shema ot 14.12.2020g.\nInformatsija o vremeni proezda: Dmitrij Dunaev.\nVektornuju versiju podgotovil Avtor po fotografii, prislannoj Dmitriem Dunaevym.\nNazemnyj transport - Jurij Kudelin.\nInformatsiju po ctantsijam prislali: Dmitrij Dunaev, Jurij Kudelin, macho.\nKarta dvizhenija elektropoezdov prislana Zhukom Juriem.\nOsnova dlja shem stantsij vzjata s foruma www.forum.esmasoft.com (avtor - Stalker)",
    "279": "Imported from http://pmetro.su"
}