{
    "default_transports": [
        "metro"
    ],
    "height": 1310,
    "images": [
        "res/schemes/kalininskosolntsevskayaline.svg"
    ],
    "is_vector": true,
    "lines": [
        {
            "labels_bg_color": "-1",
            "labels_color": "000000",
            "line_color": "046434",
            "line_width": 9,
            "name": "Замоскворецкая",
            "segments": [],
            "stations": [
                {
                    "coord": null,
                    "is_working": true,
                    "name": "Ховрино",
                    "rect": null,
                    "text_id": 225,
                    "uid": 277
                },
                {
                    "coord": null,
                    "is_working": true,
                    "name": "Беломорская",
                    "rect": null,
                    "text_id": 252,
                    "uid": 278
                },
                {
                    "coord": null,
                    "is_working": true,
                    "name": "Речной вокзал",
                    "rect": null,
                    "text_id": 253,
                    "uid": 279
                },
                {
                    "coord": null,
                    "is_working": true,
                    "name": "Водный стадион",
                    "rect": null,
                    "text_id": 254,
                    "uid": 280
                },
                {
                    "coord": null,
                    "is_working": true,
                    "name": "Войковская",
                    "rect": null,
                    "text_id": 255,
                    "uid": 281
                },
                {
                    "coord": null,
                    "is_working": true,
                    "name": "Сокол",
                    "rect": null,
                    "text_id": 256,
                    "uid": 282
                },
                {
                    "coord": null,
                    "is_working": true,
                    "name": "Аэропорт",
                    "rect": null,
                    "text_id": 257,
                    "uid": 283
                },
                {
                    "coord": null,
                    "is_working": true,
                    "name": "Динамо",
                    "rect": null,
                    "text_id": 258,
                    "uid": 284
                },
                {
                    "coord": null,
                    "is_working": true,
                    "name": "Белорусская",
                    "rect": null,
                    "text_id": 173,
                    "uid": 285
                },
                {
                    "coord": null,
                    "is_working": true,
                    "name": "Маяковская",
                    "rect": null,
                    "text_id": 259,
                    "uid": 286
                },
                {
                    "coord": null,
                    "is_working": true,
                    "name": "Тверская",
                    "rect": null,
                    "text_id": 260,
                    "uid": 287
                },
                {
                    "coord": null,
                    "is_working": true,
                    "name": "Театральная",
                    "rect": null,
                    "text_id": 261,
                    "uid": 288
                },
                {
                    "coord": [
                        241,
                        390
                    ],
                    "is_working": true,
                    "name": "Новокузнецкая",
                    "rect": [
                        129,
                        384,
                        98,
                        15
                    ],
                    "text_id": 262,
                    "uid": 289
                },
                {
                    "coord": null,
                    "is_working": true,
                    "name": "Павелецкая",
                    "rect": null,
                    "text_id": 263,
                    "uid": 290
                },
                {
                    "coord": null,
                    "is_working": true,
                    "name": "Автозаводская",
                    "rect": null,
                    "text_id": 124,
                    "uid": 291
                },
                {
                    "coord": null,
                    "is_working": true,
                    "name": "Технопарк",
                    "rect": null,
                    "text_id": 264,
                    "uid": 292
                },
                {
                    "coord": null,
                    "is_working": true,
                    "name": "Коломенская",
                    "rect": null,
                    "text_id": 265,
                    "uid": 293
                },
                {
                    "coord": null,
                    "is_working": true,
                    "name": "Каширская",
                    "rect": null,
                    "text_id": 95,
                    "uid": 294
                },
                {
                    "coord": null,
                    "is_working": true,
                    "name": "Кантемировская",
                    "rect": null,
                    "text_id": 266,
                    "uid": 295
                },
                {
                    "coord": null,
                    "is_working": true,
                    "name": "Царицыно",
                    "rect": null,
                    "text_id": 205,
                    "uid": 296
                },
                {
                    "coord": null,
                    "is_working": true,
                    "name": "Орехово",
                    "rect": null,
                    "text_id": 267,
                    "uid": 297
                },
                {
                    "coord": null,
                    "is_working": true,
                    "name": "Домодедовская",
                    "rect": null,
                    "text_id": 268,
                    "uid": 298
                },
                {
                    "coord": null,
                    "is_working": true,
                    "name": "Красногвардейская",
                    "rect": null,
                    "text_id": 269,
                    "uid": 299
                },
                {
                    "coord": null,
                    "is_working": true,
                    "name": "Алма-Атинская",
                    "rect": null,
                    "text_id": 270,
                    "uid": 300
                }
            ],
            "text_id": 271
        },
        {
            "labels_bg_color": "-1",
            "labels_color": "000000",
            "line_color": "34349C",
            "line_width": 9,
            "name": "Арбатско-Покровская",
            "segments": [],
            "stations": [
                {
                    "coord": null,
                    "is_working": true,
                    "name": "Щелковская",
                    "rect": null,
                    "text_id": 305,
                    "uid": 342
                },
                {
                    "coord": null,
                    "is_working": true,
                    "name": "Первомайская",
                    "rect": null,
                    "text_id": 306,
                    "uid": 343
                },
                {
                    "coord": null,
                    "is_working": true,
                    "name": "Измайловская",
                    "rect": null,
                    "text_id": 307,
                    "uid": 344
                },
                {
                    "coord": null,
                    "is_working": true,
                    "name": "Партизанская",
                    "rect": null,
                    "text_id": 308,
                    "uid": 345
                },
                {
                    "coord": null,
                    "is_working": true,
                    "name": "Семеновская",
                    "rect": null,
                    "text_id": 309,
                    "uid": 346
                },
                {
                    "coord": null,
                    "is_working": true,
                    "name": "Электрозаводская",
                    "rect": null,
                    "text_id": 102,
                    "uid": 347
                },
                {
                    "coord": null,
                    "is_working": true,
                    "name": "Бауманская",
                    "rect": null,
                    "text_id": 310,
                    "uid": 348
                },
                {
                    "coord": null,
                    "is_working": true,
                    "name": "Курская",
                    "rect": null,
                    "text_id": 198,
                    "uid": 349
                },
                {
                    "coord": null,
                    "is_working": true,
                    "name": "Площадь Революции",
                    "rect": null,
                    "text_id": 311,
                    "uid": 350
                },
                {
                    "coord": null,
                    "is_working": true,
                    "name": "Арбатская",
                    "rect": null,
                    "text_id": 312,
                    "uid": 351
                },
                {
                    "coord": null,
                    "is_working": true,
                    "name": "Смоленская",
                    "rect": null,
                    "text_id": 313,
                    "uid": 352
                },
                {
                    "coord": null,
                    "is_working": true,
                    "name": "Киевская",
                    "rect": null,
                    "text_id": 314,
                    "uid": 353
                },
                {
                    "coord": [
                        241,
                        760
                    ],
                    "is_working": true,
                    "name": "Парк Победы",
                    "rect": [
                        177,
                        747,
                        50,
                        28
                    ],
                    "text_id": 315,
                    "uid": 354
                },
                {
                    "coord": null,
                    "is_working": true,
                    "name": "Славянский бульвар",
                    "rect": null,
                    "text_id": 177,
                    "uid": 355
                },
                {
                    "coord": null,
                    "is_working": true,
                    "name": "Кунцевская",
                    "rect": null,
                    "text_id": 86,
                    "uid": 356
                },
                {
                    "coord": null,
                    "is_working": true,
                    "name": "Молодёжная",
                    "rect": null,
                    "text_id": 316,
                    "uid": 357
                },
                {
                    "coord": null,
                    "is_working": true,
                    "name": "Крылатское",
                    "rect": null,
                    "text_id": 317,
                    "uid": 358
                },
                {
                    "coord": null,
                    "is_working": true,
                    "name": "Строгино",
                    "rect": null,
                    "text_id": 318,
                    "uid": 359
                },
                {
                    "coord": null,
                    "is_working": true,
                    "name": "Мякинино",
                    "rect": null,
                    "text_id": 319,
                    "uid": 360
                },
                {
                    "coord": null,
                    "is_working": true,
                    "name": "Волоколамская",
                    "rect": null,
                    "text_id": 191,
                    "uid": 361
                },
                {
                    "coord": null,
                    "is_working": true,
                    "name": "Митино",
                    "rect": null,
                    "text_id": 320,
                    "uid": 362
                },
                {
                    "coord": null,
                    "is_working": true,
                    "name": "Пятницкое шоссе",
                    "rect": null,
                    "text_id": 321,
                    "uid": 363
                }
            ],
            "text_id": 322
        },
        {
            "labels_bg_color": "-1",
            "labels_color": "000000",
            "line_color": "1C54BC",
            "line_width": 9,
            "name": "Филевская",
            "segments": [],
            "stations": [
                {
                    "coord": null,
                    "is_working": true,
                    "name": "Кунцевская",
                    "rect": null,
                    "text_id": 86,
                    "uid": 364
                },
                {
                    "coord": null,
                    "is_working": true,
                    "name": "Пионерская",
                    "rect": null,
                    "text_id": 323,
                    "uid": 365
                },
                {
                    "coord": null,
                    "is_working": true,
                    "name": "Филевский парк",
                    "rect": null,
                    "text_id": 324,
                    "uid": 366
                },
                {
                    "coord": null,
                    "is_working": true,
                    "name": "Багратионовская",
                    "rect": null,
                    "text_id": 325,
                    "uid": 367
                },
                {
                    "coord": null,
                    "is_working": true,
                    "name": "Фили",
                    "rect": null,
                    "text_id": 176,
                    "uid": 368
                },
                {
                    "coord": null,
                    "is_working": true,
                    "name": "Кутузовская",
                    "rect": null,
                    "text_id": 130,
                    "uid": 369
                },
                {
                    "coord": null,
                    "is_working": true,
                    "name": "Студенческая",
                    "rect": null,
                    "text_id": 326,
                    "uid": 370
                },
                {
                    "coord": null,
                    "is_working": true,
                    "name": "Киевская",
                    "rect": null,
                    "text_id": 314,
                    "uid": 371
                },
                {
                    "coord": null,
                    "is_working": true,
                    "name": "Смоленская",
                    "rect": null,
                    "text_id": 313,
                    "uid": 372
                },
                {
                    "coord": null,
                    "is_working": true,
                    "name": "Арбатская",
                    "rect": null,
                    "text_id": 312,
                    "uid": 373
                },
                {
                    "coord": null,
                    "is_working": true,
                    "name": "Александровский сад",
                    "rect": null,
                    "text_id": 327,
                    "uid": 374
                },
                {
                    "coord": [
                        241,
                        698
                    ],
                    "is_working": true,
                    "name": "Деловой центр",
                    "rect": [
                        138,
                        691,
                        89,
                        15
                    ],
                    "text_id": 328,
                    "uid": 375
                },
                {
                    "coord": null,
                    "is_working": true,
                    "name": "Москва-Сити",
                    "rect": null,
                    "text_id": 131,
                    "uid": 376
                }
            ],
            "text_id": 329
        },
        {
            "labels_bg_color": "-1",
            "labels_color": "000000",
            "line_color": "543C04",
            "line_width": 9,
            "name": "Кольцевая",
            "segments": [],
            "stations": [
                {
                    "coord": null,
                    "is_working": true,
                    "name": "Парк культуры",
                    "rect": null,
                    "text_id": 12,
                    "uid": 377
                },
                {
                    "coord": null,
                    "is_working": true,
                    "name": "Октябрьская",
                    "rect": null,
                    "text_id": 330,
                    "uid": 378
                },
                {
                    "coord": null,
                    "is_working": true,
                    "name": "Добрынинская",
                    "rect": null,
                    "text_id": 331,
                    "uid": 379
                },
                {
                    "coord": null,
                    "is_working": true,
                    "name": "Павелецкая",
                    "rect": null,
                    "text_id": 263,
                    "uid": 380
                },
                {
                    "coord": [
                        241,
                        306
                    ],
                    "is_working": true,
                    "name": "Таганская",
                    "rect": [
                        159,
                        298,
                        68,
                        15
                    ],
                    "text_id": 332,
                    "uid": 381
                },
                {
                    "coord": null,
                    "is_working": true,
                    "name": "Курская",
                    "rect": null,
                    "text_id": 198,
                    "uid": 382
                },
                {
                    "coord": null,
                    "is_working": true,
                    "name": "Комсомольская",
                    "rect": null,
                    "text_id": 5,
                    "uid": 383
                },
                {
                    "coord": null,
                    "is_working": true,
                    "name": "Проспект Мира",
                    "rect": null,
                    "text_id": 333,
                    "uid": 384
                },
                {
                    "coord": null,
                    "is_working": true,
                    "name": "Новослободская",
                    "rect": null,
                    "text_id": 334,
                    "uid": 385
                },
                {
                    "coord": null,
                    "is_working": true,
                    "name": "Белорусская",
                    "rect": null,
                    "text_id": 173,
                    "uid": 386
                },
                {
                    "coord": null,
                    "is_working": true,
                    "name": "Краснопресненская",
                    "rect": null,
                    "text_id": 335,
                    "uid": 387
                },
                {
                    "coord": null,
                    "is_working": true,
                    "name": "Киевская",
                    "rect": null,
                    "text_id": 314,
                    "uid": 388
                }
            ],
            "text_id": 336
        },
        {
            "labels_bg_color": "-1",
            "labels_color": "000000",
            "line_color": "FC9C54",
            "line_width": 9,
            "name": "Калужско-Рижская",
            "segments": [],
            "stations": [
                {
                    "coord": null,
                    "is_working": true,
                    "name": "Медведково",
                    "rect": null,
                    "text_id": 337,
                    "uid": 389
                },
                {
                    "coord": null,
                    "is_working": true,
                    "name": "Бабушкинская",
                    "rect": null,
                    "text_id": 338,
                    "uid": 390
                },
                {
                    "coord": null,
                    "is_working": true,
                    "name": "Свиблово",
                    "rect": null,
                    "text_id": 339,
                    "uid": 391
                },
                {
                    "coord": null,
                    "is_working": true,
                    "name": "Ботанический сад",
                    "rect": null,
                    "text_id": 114,
                    "uid": 392
                },
                {
                    "coord": null,
                    "is_working": true,
                    "name": "ВДНХ",
                    "rect": null,
                    "text_id": 340,
                    "uid": 393
                },
                {
                    "coord": null,
                    "is_working": true,
                    "name": "Алексеевская",
                    "rect": null,
                    "text_id": 341,
                    "uid": 394
                },
                {
                    "coord": null,
                    "is_working": true,
                    "name": "Рижская",
                    "rect": null,
                    "text_id": 103,
                    "uid": 395
                },
                {
                    "coord": null,
                    "is_working": true,
                    "name": "Проспект Мира",
                    "rect": null,
                    "text_id": 333,
                    "uid": 396
                },
                {
                    "coord": null,
                    "is_working": true,
                    "name": "Сухаревская",
                    "rect": null,
                    "text_id": 342,
                    "uid": 397
                },
                {
                    "coord": null,
                    "is_working": true,
                    "name": "Тургеневская",
                    "rect": null,
                    "text_id": 343,
                    "uid": 398
                },
                {
                    "coord": null,
                    "is_working": true,
                    "name": "Китай-город",
                    "rect": null,
                    "text_id": 344,
                    "uid": 399
                },
                {
                    "coord": [
                        241,
                        364
                    ],
                    "is_working": true,
                    "name": "Третьяковская",
                    "rect": [
                        131,
                        357,
                        96,
                        15
                    ],
                    "text_id": 345,
                    "uid": 400
                },
                {
                    "coord": null,
                    "is_working": true,
                    "name": "Октябрьская",
                    "rect": null,
                    "text_id": 330,
                    "uid": 401
                },
                {
                    "coord": null,
                    "is_working": true,
                    "name": "Шаболовская",
                    "rect": null,
                    "text_id": 346,
                    "uid": 402
                },
                {
                    "coord": null,
                    "is_working": true,
                    "name": "Ленинский проспект",
                    "rect": null,
                    "text_id": 347,
                    "uid": 403
                },
                {
                    "coord": null,
                    "is_working": true,
                    "name": "Академическая",
                    "rect": null,
                    "text_id": 149,
                    "uid": 404
                },
                {
                    "coord": null,
                    "is_working": true,
                    "name": "Профсоюзная",
                    "rect": null,
                    "text_id": 348,
                    "uid": 405
                },
                {
                    "coord": null,
                    "is_working": true,
                    "name": "Новые Черемушки",
                    "rect": null,
                    "text_id": 349,
                    "uid": 406
                },
                {
                    "coord": null,
                    "is_working": true,
                    "name": "Калужская",
                    "rect": null,
                    "text_id": 350,
                    "uid": 407
                },
                {
                    "coord": null,
                    "is_working": true,
                    "name": "Беляево",
                    "rect": null,
                    "text_id": 351,
                    "uid": 408
                },
                {
                    "coord": null,
                    "is_working": true,
                    "name": "Коньково",
                    "rect": null,
                    "text_id": 352,
                    "uid": 409
                },
                {
                    "coord": null,
                    "is_working": true,
                    "name": "Теплый Стан",
                    "rect": null,
                    "text_id": 353,
                    "uid": 410
                },
                {
                    "coord": null,
                    "is_working": true,
                    "name": "Ясенево",
                    "rect": null,
                    "text_id": 354,
                    "uid": 411
                },
                {
                    "coord": null,
                    "is_working": true,
                    "name": "Новоясеневская",
                    "rect": null,
                    "text_id": 355,
                    "uid": 412
                }
            ],
            "text_id": 356
        },
        {
            "labels_bg_color": "-1",
            "labels_color": "000000",
            "line_color": "AC24AC",
            "line_width": 9,
            "name": "Таганско-Краснопресненская",
            "segments": [],
            "stations": [
                {
                    "coord": null,
                    "is_working": true,
                    "name": "Планерная",
                    "rect": null,
                    "text_id": 357,
                    "uid": 413
                },
                {
                    "coord": null,
                    "is_working": true,
                    "name": "Сходненская",
                    "rect": null,
                    "text_id": 358,
                    "uid": 414
                },
                {
                    "coord": null,
                    "is_working": true,
                    "name": "Тушинская",
                    "rect": null,
                    "text_id": 193,
                    "uid": 415
                },
                {
                    "coord": null,
                    "is_working": true,
                    "name": "Спартак",
                    "rect": null,
                    "text_id": 359,
                    "uid": 416
                },
                {
                    "coord": null,
                    "is_working": true,
                    "name": "Щукинская",
                    "rect": null,
                    "text_id": 194,
                    "uid": 417
                },
                {
                    "coord": null,
                    "is_working": true,
                    "name": "Октябрьское поле",
                    "rect": null,
                    "text_id": 360,
                    "uid": 418
                },
                {
                    "coord": null,
                    "is_working": true,
                    "name": "Полежаевская",
                    "rect": null,
                    "text_id": 361,
                    "uid": 419
                },
                {
                    "coord": null,
                    "is_working": true,
                    "name": "Беговая",
                    "rect": null,
                    "text_id": 174,
                    "uid": 420
                },
                {
                    "coord": null,
                    "is_working": true,
                    "name": "Улица 1905 года",
                    "rect": null,
                    "text_id": 362,
                    "uid": 421
                },
                {
                    "coord": null,
                    "is_working": true,
                    "name": "Баррикадная",
                    "rect": null,
                    "text_id": 363,
                    "uid": 422
                },
                {
                    "coord": null,
                    "is_working": true,
                    "name": "Пушкинская",
                    "rect": null,
                    "text_id": 364,
                    "uid": 423
                },
                {
                    "coord": null,
                    "is_working": true,
                    "name": "Кузнецкий мост",
                    "rect": null,
                    "text_id": 365,
                    "uid": 424
                },
                {
                    "coord": null,
                    "is_working": true,
                    "name": "Китай-город",
                    "rect": null,
                    "text_id": 344,
                    "uid": 425
                },
                {
                    "coord": [
                        241,
                        333
                    ],
                    "is_working": true,
                    "name": "Таганская",
                    "rect": [
                        159,
                        326,
                        68,
                        15
                    ],
                    "text_id": 332,
                    "uid": 426
                },
                {
                    "coord": null,
                    "is_working": true,
                    "name": "Пролетарская",
                    "rect": null,
                    "text_id": 366,
                    "uid": 427
                },
                {
                    "coord": null,
                    "is_working": true,
                    "name": "Волгоградский проспект",
                    "rect": null,
                    "text_id": 367,
                    "uid": 428
                },
                {
                    "coord": null,
                    "is_working": true,
                    "name": "Текстильщики",
                    "rect": null,
                    "text_id": 98,
                    "uid": 429
                },
                {
                    "coord": null,
                    "is_working": true,
                    "name": "Кузьминки",
                    "rect": null,
                    "text_id": 368,
                    "uid": 430
                },
                {
                    "coord": null,
                    "is_working": true,
                    "name": "Рязанский проспект",
                    "rect": null,
                    "text_id": 369,
                    "uid": 431
                },
                {
                    "coord": null,
                    "is_working": true,
                    "name": "Выхино",
                    "rect": null,
                    "text_id": 235,
                    "uid": 432
                },
                {
                    "coord": null,
                    "is_working": true,
                    "name": "Лермонтовский проспект",
                    "rect": null,
                    "text_id": 370,
                    "uid": 433
                },
                {
                    "coord": null,
                    "is_working": true,
                    "name": "Жулебино",
                    "rect": null,
                    "text_id": 371,
                    "uid": 434
                },
                {
                    "coord": null,
                    "is_working": true,
                    "name": "Котельники",
                    "rect": null,
                    "text_id": 372,
                    "uid": 435
                }
            ],
            "text_id": 373
        },
        {
            "labels_bg_color": "-1",
            "labels_color": "000000",
            "line_color": "FCCC04",
            "line_width": 9,
            "name": "Калининско-Солнцевская",
            "segments": [
                [
                    436,
                    437,
                    [
                        [
                            263,
                            106
                        ],
                        [
                            263,
                            66
                        ]
                    ],
                    true
                ],
                [
                    437,
                    438,
                    [
                        [
                            263,
                            146
                        ],
                        [
                            263,
                            106
                        ]
                    ],
                    true
                ],
                [
                    438,
                    439,
                    [
                        [
                            263,
                            183
                        ],
                        [
                            263,
                            146
                        ]
                    ],
                    true
                ],
                [
                    439,
                    440,
                    [
                        [
                            263,
                            226
                        ],
                        [
                            263,
                            183
                        ]
                    ],
                    true
                ],
                [
                    440,
                    441,
                    [
                        [
                            263,
                            271
                        ],
                        [
                            263,
                            226
                        ]
                    ],
                    true
                ],
                [
                    441,
                    442,
                    [
                        [
                            263,
                            319
                        ],
                        [
                            263,
                            271
                        ]
                    ],
                    true
                ],
                [
                    442,
                    443,
                    [
                        [
                            263,
                            376
                        ],
                        [
                            263,
                            319
                        ]
                    ],
                    true
                ]
            ],
            "stations": [
                {
                    "coord": [
                        263,
                        66
                    ],
                    "is_working": true,
                    "name": "Новокосино",
                    "rect": [
                        280,
                        56,
                        80,
                        15
                    ],
                    "text_id": 374,
                    "uid": 436
                },
                {
                    "coord": [
                        263,
                        106
                    ],
                    "is_working": true,
                    "name": "Новогиреево",
                    "rect": [
                        280,
                        96,
                        85,
                        15
                    ],
                    "text_id": 295,
                    "uid": 437
                },
                {
                    "coord": [
                        263,
                        146
                    ],
                    "is_working": true,
                    "name": "Перово",
                    "rect": [
                        280,
                        137,
                        48,
                        15
                    ],
                    "text_id": 232,
                    "uid": 438
                },
                {
                    "coord": [
                        263,
                        183
                    ],
                    "is_working": true,
                    "name": "Шоссе Энтузиастов",
                    "rect": [
                        280,
                        172,
                        82,
                        28
                    ],
                    "text_id": 120,
                    "uid": 439
                },
                {
                    "coord": [
                        263,
                        226
                    ],
                    "is_working": true,
                    "name": "Авиамоторная",
                    "rect": [
                        280,
                        216,
                        96,
                        15
                    ],
                    "text_id": 100,
                    "uid": 440
                },
                {
                    "coord": [
                        263,
                        271
                    ],
                    "is_working": true,
                    "name": "Площадь Ильича",
                    "rect": [
                        280,
                        261,
                        61,
                        28
                    ],
                    "text_id": 375,
                    "uid": 441
                },
                {
                    "coord": [
                        263,
                        319
                    ],
                    "is_working": true,
                    "name": "Марксистская",
                    "rect": [
                        280,
                        309,
                        92,
                        15
                    ],
                    "text_id": 376,
                    "uid": 442
                },
                {
                    "coord": [
                        263,
                        376
                    ],
                    "is_working": true,
                    "name": "Третьяковская",
                    "rect": [
                        280,
                        366,
                        96,
                        15
                    ],
                    "text_id": 345,
                    "uid": 443
                }
            ],
            "text_id": 377
        },
        {
            "labels_bg_color": "-1",
            "labels_color": "000000",
            "line_color": "FCCC04",
            "line_width": 9,
            "name": "Солнцевская",
            "segments": [
                [
                    444,
                    445,
                    [
                        [
                            263,
                            760
                        ],
                        [
                            263,
                            710
                        ]
                    ],
                    true
                ],
                [
                    445,
                    446,
                    [
                        [
                            263,
                            800
                        ],
                        [
                            263,
                            760
                        ]
                    ],
                    true
                ],
                [
                    446,
                    447,
                    [
                        [
                            263,
                            840
                        ],
                        [
                            263,
                            800
                        ]
                    ],
                    true
                ],
                [
                    447,
                    448,
                    [
                        [
                            263,
                            880
                        ],
                        [
                            263,
                            840
                        ]
                    ],
                    true
                ],
                [
                    448,
                    449,
                    [
                        [
                            263,
                            920
                        ],
                        [
                            263,
                            880
                        ]
                    ],
                    true
                ],
                [
                    449,
                    450,
                    [
                        [
                            263,
                            960
                        ],
                        [
                            263,
                            920
                        ]
                    ],
                    true
                ],
                [
                    450,
                    451,
                    [
                        [
                            263,
                            1000
                        ],
                        [
                            263,
                            960
                        ]
                    ],
                    true
                ],
                [
                    451,
                    452,
                    [
                        [
                            263,
                            1040
                        ],
                        [
                            263,
                            1000
                        ]
                    ],
                    true
                ],
                [
                    452,
                    453,
                    [
                        [
                            263,
                            1080
                        ],
                        [
                            263,
                            1040
                        ]
                    ],
                    true
                ],
                [
                    453,
                    454,
                    [
                        [
                            263,
                            1120
                        ],
                        [
                            263,
                            1080
                        ]
                    ],
                    true
                ],
                [
                    454,
                    455,
                    [
                        [
                            263,
                            1160
                        ],
                        [
                            263,
                            1120
                        ]
                    ],
                    true
                ]
            ],
            "stations": [
                {
                    "coord": [
                        263,
                        710
                    ],
                    "is_working": true,
                    "name": "Деловой центр",
                    "rect": [
                        278,
                        697,
                        57,
                        28
                    ],
                    "text_id": 328,
                    "uid": 444
                },
                {
                    "coord": [
                        263,
                        760
                    ],
                    "is_working": true,
                    "name": "Парк Победы",
                    "rect": [
                        278,
                        746,
                        50,
                        28
                    ],
                    "text_id": 315,
                    "uid": 445
                },
                {
                    "coord": [
                        263,
                        800
                    ],
                    "is_working": true,
                    "name": "Минская",
                    "rect": [
                        278,
                        793,
                        57,
                        15
                    ],
                    "text_id": 286,
                    "uid": 446
                },
                {
                    "coord": [
                        263,
                        840
                    ],
                    "is_working": true,
                    "name": "Ломоносовский проспект",
                    "rect": [
                        278,
                        827,
                        106,
                        28
                    ],
                    "text_id": 378,
                    "uid": 447
                },
                {
                    "coord": [
                        263,
                        880
                    ],
                    "is_working": true,
                    "name": "Раменки",
                    "rect": [
                        278,
                        873,
                        55,
                        15
                    ],
                    "text_id": 379,
                    "uid": 448
                },
                {
                    "coord": [
                        263,
                        920
                    ],
                    "is_working": true,
                    "name": "Мичуринский проспект",
                    "rect": [
                        278,
                        907,
                        87,
                        28
                    ],
                    "text_id": 89,
                    "uid": 449
                },
                {
                    "coord": [
                        263,
                        960
                    ],
                    "is_working": true,
                    "name": "Озёрная",
                    "rect": [
                        278,
                        953,
                        55,
                        15
                    ],
                    "text_id": 380,
                    "uid": 450
                },
                {
                    "coord": [
                        263,
                        1000
                    ],
                    "is_working": true,
                    "name": "Говорово",
                    "rect": [
                        278,
                        992,
                        63,
                        15
                    ],
                    "text_id": 381,
                    "uid": 451
                },
                {
                    "coord": [
                        263,
                        1040
                    ],
                    "is_working": true,
                    "name": "Солнцево",
                    "rect": [
                        278,
                        1033,
                        64,
                        15
                    ],
                    "text_id": 382,
                    "uid": 452
                },
                {
                    "coord": [
                        263,
                        1080
                    ],
                    "is_working": true,
                    "name": "Боровское шоссе",
                    "rect": [
                        278,
                        1066,
                        72,
                        28
                    ],
                    "text_id": 383,
                    "uid": 453
                },
                {
                    "coord": [
                        263,
                        1120
                    ],
                    "is_working": true,
                    "name": "Новопеределкино",
                    "rect": [
                        278,
                        1113,
                        114,
                        15
                    ],
                    "text_id": 303,
                    "uid": 454
                },
                {
                    "coord": [
                        263,
                        1160
                    ],
                    "is_working": true,
                    "name": "Рассказовка",
                    "rect": [
                        278,
                        1153,
                        84,
                        15
                    ],
                    "text_id": 384,
                    "uid": 455
                },
                {
                    "coord": null,
                    "is_working": true,
                    "name": "Пыхтино",
                    "rect": null,
                    "text_id": 385,
                    "uid": 456
                },
                {
                    "coord": null,
                    "is_working": true,
                    "name": "Аэропорт Внуково",
                    "rect": null,
                    "text_id": 386,
                    "uid": 457
                }
            ],
            "text_id": 387
        },
        {
            "labels_bg_color": "-1",
            "labels_color": "000000",
            "line_color": "84BC54",
            "line_width": 9,
            "name": "Люблинско-Дмитровская",
            "segments": [],
            "stations": [
                {
                    "coord": null,
                    "is_working": true,
                    "name": "Физтех",
                    "rect": null,
                    "text_id": 54,
                    "uid": 52
                },
                {
                    "coord": null,
                    "is_working": true,
                    "name": "Лианозово",
                    "rect": null,
                    "text_id": 55,
                    "uid": 53
                },
                {
                    "coord": null,
                    "is_working": true,
                    "name": "Яхромская",
                    "rect": null,
                    "text_id": 56,
                    "uid": 54
                },
                {
                    "coord": null,
                    "is_working": true,
                    "name": "Селигерская",
                    "rect": null,
                    "text_id": 57,
                    "uid": 55
                },
                {
                    "coord": null,
                    "is_working": true,
                    "name": "Верхние Лихоборы",
                    "rect": null,
                    "text_id": 58,
                    "uid": 56
                },
                {
                    "coord": null,
                    "is_working": true,
                    "name": "Окружная",
                    "rect": null,
                    "text_id": 59,
                    "uid": 57
                },
                {
                    "coord": null,
                    "is_working": true,
                    "name": "Петровско-Разумовская",
                    "rect": null,
                    "text_id": 32,
                    "uid": 58
                },
                {
                    "coord": null,
                    "is_working": true,
                    "name": "Фонвизинская",
                    "rect": null,
                    "text_id": 60,
                    "uid": 59
                },
                {
                    "coord": null,
                    "is_working": true,
                    "name": "Бутырская",
                    "rect": null,
                    "text_id": 61,
                    "uid": 60
                },
                {
                    "coord": null,
                    "is_working": true,
                    "name": "Марьина роща",
                    "rect": null,
                    "text_id": 62,
                    "uid": 61
                },
                {
                    "coord": null,
                    "is_working": true,
                    "name": "Достоевская",
                    "rect": null,
                    "text_id": 63,
                    "uid": 62
                },
                {
                    "coord": null,
                    "is_working": true,
                    "name": "Трубная",
                    "rect": null,
                    "text_id": 64,
                    "uid": 63
                },
                {
                    "coord": null,
                    "is_working": true,
                    "name": "Сретенский бульвар",
                    "rect": null,
                    "text_id": 65,
                    "uid": 64
                },
                {
                    "coord": null,
                    "is_working": true,
                    "name": "Чкаловская",
                    "rect": null,
                    "text_id": 66,
                    "uid": 65
                },
                {
                    "coord": [
                        241,
                        271
                    ],
                    "is_working": true,
                    "name": "Римская",
                    "rect": [
                        171,
                        264,
                        56,
                        15
                    ],
                    "text_id": 67,
                    "uid": 66
                },
                {
                    "coord": null,
                    "is_working": true,
                    "name": "Крестьянская застава",
                    "rect": null,
                    "text_id": 68,
                    "uid": 67
                },
                {
                    "coord": null,
                    "is_working": true,
                    "name": "Дубровка",
                    "rect": null,
                    "text_id": 69,
                    "uid": 68
                },
                {
                    "coord": null,
                    "is_working": true,
                    "name": "Кожуховская",
                    "rect": null,
                    "text_id": 70,
                    "uid": 69
                },
                {
                    "coord": null,
                    "is_working": true,
                    "name": "Печатники",
                    "rect": null,
                    "text_id": 71,
                    "uid": 70
                },
                {
                    "coord": null,
                    "is_working": true,
                    "name": "Волжская",
                    "rect": null,
                    "text_id": 72,
                    "uid": 71
                },
                {
                    "coord": null,
                    "is_working": true,
                    "name": "Люблино",
                    "rect": null,
                    "text_id": 73,
                    "uid": 72
                },
                {
                    "coord": null,
                    "is_working": true,
                    "name": "Братиславская",
                    "rect": null,
                    "text_id": 74,
                    "uid": 73
                },
                {
                    "coord": null,
                    "is_working": true,
                    "name": "Марьино",
                    "rect": null,
                    "text_id": 75,
                    "uid": 74
                },
                {
                    "coord": null,
                    "is_working": true,
                    "name": "Борисово",
                    "rect": null,
                    "text_id": 76,
                    "uid": 75
                },
                {
                    "coord": null,
                    "is_working": true,
                    "name": "Шипиловская",
                    "rect": null,
                    "text_id": 77,
                    "uid": 76
                },
                {
                    "coord": null,
                    "is_working": true,
                    "name": "Зябликово",
                    "rect": null,
                    "text_id": 78,
                    "uid": 77
                }
            ],
            "text_id": 79
        },
        {
            "labels_bg_color": "-1",
            "labels_color": "000000",
            "line_color": "DE7272",
            "line_width": 9,
            "name": "МЦК",
            "segments": [],
            "stations": [
                {
                    "coord": null,
                    "is_working": true,
                    "name": "Окружная",
                    "rect": null,
                    "text_id": 59,
                    "uid": 114
                },
                {
                    "coord": null,
                    "is_working": true,
                    "name": "Владыкино",
                    "rect": null,
                    "text_id": 31,
                    "uid": 115
                },
                {
                    "coord": null,
                    "is_working": true,
                    "name": "Ботанический сад",
                    "rect": null,
                    "text_id": 114,
                    "uid": 116
                },
                {
                    "coord": null,
                    "is_working": true,
                    "name": "Ростокино",
                    "rect": null,
                    "text_id": 115,
                    "uid": 117
                },
                {
                    "coord": null,
                    "is_working": true,
                    "name": "Белокаменная",
                    "rect": null,
                    "text_id": 116,
                    "uid": 118
                },
                {
                    "coord": null,
                    "is_working": true,
                    "name": "Бульвар Рокоссовского",
                    "rect": null,
                    "text_id": 0,
                    "uid": 119
                },
                {
                    "coord": null,
                    "is_working": true,
                    "name": "Локомотив",
                    "rect": null,
                    "text_id": 117,
                    "uid": 120
                },
                {
                    "coord": null,
                    "is_working": true,
                    "name": "Измайлово",
                    "rect": null,
                    "text_id": 118,
                    "uid": 121
                },
                {
                    "coord": null,
                    "is_working": true,
                    "name": "Соколиная Гора",
                    "rect": null,
                    "text_id": 119,
                    "uid": 122
                },
                {
                    "coord": [
                        241,
                        183
                    ],
                    "is_working": true,
                    "name": "Шоссе Энтузиастов",
                    "rect": [
                        145,
                        170,
                        82,
                        28
                    ],
                    "text_id": 120,
                    "uid": 123
                },
                {
                    "coord": null,
                    "is_working": true,
                    "name": "Андроновка",
                    "rect": null,
                    "text_id": 121,
                    "uid": 124
                },
                {
                    "coord": null,
                    "is_working": true,
                    "name": "Нижегородская",
                    "rect": null,
                    "text_id": 99,
                    "uid": 125
                },
                {
                    "coord": null,
                    "is_working": true,
                    "name": "Новохохловская",
                    "rect": null,
                    "text_id": 122,
                    "uid": 126
                },
                {
                    "coord": null,
                    "is_working": true,
                    "name": "Угрешская",
                    "rect": null,
                    "text_id": 123,
                    "uid": 127
                },
                {
                    "coord": null,
                    "is_working": true,
                    "name": "Дубровка",
                    "rect": null,
                    "text_id": 69,
                    "uid": 128
                },
                {
                    "coord": null,
                    "is_working": true,
                    "name": "Автозаводская",
                    "rect": null,
                    "text_id": 124,
                    "uid": 129
                },
                {
                    "coord": null,
                    "is_working": true,
                    "name": "ЗИЛ",
                    "rect": null,
                    "text_id": 125,
                    "uid": 130
                },
                {
                    "coord": null,
                    "is_working": true,
                    "name": "Верхние Котлы",
                    "rect": null,
                    "text_id": 126,
                    "uid": 131
                },
                {
                    "coord": null,
                    "is_working": true,
                    "name": "Крымская",
                    "rect": null,
                    "text_id": 127,
                    "uid": 132
                },
                {
                    "coord": null,
                    "is_working": true,
                    "name": "Площадь Гагарина",
                    "rect": null,
                    "text_id": 128,
                    "uid": 133
                },
                {
                    "coord": null,
                    "is_working": true,
                    "name": "Лужники",
                    "rect": null,
                    "text_id": 129,
                    "uid": 134
                },
                {
                    "coord": null,
                    "is_working": true,
                    "name": "Кутузовская",
                    "rect": null,
                    "text_id": 130,
                    "uid": 135
                },
                {
                    "coord": null,
                    "is_working": true,
                    "name": "Москва-Сити",
                    "rect": null,
                    "text_id": 131,
                    "uid": 136
                },
                {
                    "coord": null,
                    "is_working": true,
                    "name": "Шелепиха",
                    "rect": null,
                    "text_id": 132,
                    "uid": 137
                },
                {
                    "coord": null,
                    "is_working": true,
                    "name": "Хорошёво",
                    "rect": null,
                    "text_id": 133,
                    "uid": 138
                },
                {
                    "coord": null,
                    "is_working": true,
                    "name": "Зорге",
                    "rect": null,
                    "text_id": 134,
                    "uid": 139
                },
                {
                    "coord": null,
                    "is_working": true,
                    "name": "Панфиловская",
                    "rect": null,
                    "text_id": 135,
                    "uid": 140
                },
                {
                    "coord": null,
                    "is_working": true,
                    "name": "Стрешнево",
                    "rect": null,
                    "text_id": 136,
                    "uid": 141
                },
                {
                    "coord": null,
                    "is_working": true,
                    "name": "Балтийская",
                    "rect": null,
                    "text_id": 137,
                    "uid": 142
                },
                {
                    "coord": null,
                    "is_working": true,
                    "name": "Коптево",
                    "rect": null,
                    "text_id": 138,
                    "uid": 143
                },
                {
                    "coord": null,
                    "is_working": true,
                    "name": "Лихоборы",
                    "rect": null,
                    "text_id": 139,
                    "uid": 144
                }
            ],
            "text_id": 140
        },
        {
            "labels_bg_color": "-1",
            "labels_color": "000000",
            "line_color": "DE64A1",
            "line_width": 9,
            "name": "Некрасовская",
            "segments": [],
            "stations": [
                {
                    "coord": null,
                    "is_working": true,
                    "name": "Некрасовка",
                    "rect": null,
                    "text_id": 141,
                    "uid": 145
                },
                {
                    "coord": null,
                    "is_working": true,
                    "name": "Лухмановская",
                    "rect": null,
                    "text_id": 142,
                    "uid": 146
                },
                {
                    "coord": null,
                    "is_working": true,
                    "name": "Улица Дмитриевского",
                    "rect": null,
                    "text_id": 143,
                    "uid": 147
                },
                {
                    "coord": null,
                    "is_working": true,
                    "name": "Косино",
                    "rect": null,
                    "text_id": 144,
                    "uid": 148
                },
                {
                    "coord": null,
                    "is_working": true,
                    "name": "Юго-Восточная",
                    "rect": null,
                    "text_id": 145,
                    "uid": 149
                },
                {
                    "coord": null,
                    "is_working": true,
                    "name": "Окская",
                    "rect": null,
                    "text_id": 146,
                    "uid": 150
                },
                {
                    "coord": null,
                    "is_working": true,
                    "name": "Стахановская",
                    "rect": null,
                    "text_id": 147,
                    "uid": 151
                },
                {
                    "coord": null,
                    "is_working": true,
                    "name": "Нижегородская",
                    "rect": null,
                    "text_id": 99,
                    "uid": 152
                }
            ],
            "text_id": 148
        },
        {
            "labels_bg_color": "-1",
            "labels_color": "000000",
            "line_color": "30D5C8",
            "line_width": 9,
            "name": "БКЛ",
            "segments": [],
            "stations": [
                {
                    "coord": null,
                    "is_working": true,
                    "name": "Савёловская",
                    "rect": null,
                    "text_id": 35,
                    "uid": 78
                },
                {
                    "coord": null,
                    "is_working": true,
                    "name": "Петровский парк",
                    "rect": null,
                    "text_id": 80,
                    "uid": 79
                },
                {
                    "coord": null,
                    "is_working": true,
                    "name": "ЦСКА",
                    "rect": null,
                    "text_id": 81,
                    "uid": 80
                },
                {
                    "coord": null,
                    "is_working": true,
                    "name": "Хорошёвская",
                    "rect": null,
                    "text_id": 82,
                    "uid": 81
                },
                {
                    "coord": null,
                    "is_working": true,
                    "name": "Народное ополчение",
                    "rect": null,
                    "text_id": 83,
                    "uid": 82
                },
                {
                    "coord": null,
                    "is_working": true,
                    "name": "Мнёвники",
                    "rect": null,
                    "text_id": 84,
                    "uid": 83
                },
                {
                    "coord": null,
                    "is_working": true,
                    "name": "Терехово",
                    "rect": null,
                    "text_id": 85,
                    "uid": 84
                },
                {
                    "coord": null,
                    "is_working": true,
                    "name": "Кунцевская",
                    "rect": null,
                    "text_id": 86,
                    "uid": 85
                },
                {
                    "coord": null,
                    "is_working": true,
                    "name": "Давыдково",
                    "rect": null,
                    "text_id": 87,
                    "uid": 86
                },
                {
                    "coord": null,
                    "is_working": true,
                    "name": "Аминьевская",
                    "rect": null,
                    "text_id": 88,
                    "uid": 87
                },
                {
                    "coord": [
                        241,
                        920
                    ],
                    "is_working": true,
                    "name": "Мичуринский проспект",
                    "rect": [
                        140,
                        907,
                        87,
                        28
                    ],
                    "text_id": 89,
                    "uid": 88
                },
                {
                    "coord": null,
                    "is_working": true,
                    "name": "Проспект Вернадского",
                    "rect": null,
                    "text_id": 17,
                    "uid": 89
                },
                {
                    "coord": null,
                    "is_working": true,
                    "name": "Новаторская",
                    "rect": null,
                    "text_id": 90,
                    "uid": 90
                },
                {
                    "coord": null,
                    "is_working": true,
                    "name": "Воронцовская",
                    "rect": null,
                    "text_id": 91,
                    "uid": 91
                },
                {
                    "coord": null,
                    "is_working": true,
                    "name": "Зюзино",
                    "rect": null,
                    "text_id": 92,
                    "uid": 92
                },
                {
                    "coord": null,
                    "is_working": true,
                    "name": "Каховская",
                    "rect": null,
                    "text_id": 93,
                    "uid": 93
                },
                {
                    "coord": null,
                    "is_working": true,
                    "name": "Варшавская",
                    "rect": null,
                    "text_id": 94,
                    "uid": 94
                },
                {
                    "coord": null,
                    "is_working": true,
                    "name": "Каширская",
                    "rect": null,
                    "text_id": 95,
                    "uid": 95
                },
                {
                    "coord": null,
                    "is_working": true,
                    "name": "Кленовый бульвар",
                    "rect": null,
                    "text_id": 96,
                    "uid": 96
                },
                {
                    "coord": null,
                    "is_working": true,
                    "name": "Нагатинский Затон",
                    "rect": null,
                    "text_id": 97,
                    "uid": 97
                },
                {
                    "coord": null,
                    "is_working": true,
                    "name": "Печатники",
                    "rect": null,
                    "text_id": 71,
                    "uid": 98
                },
                {
                    "coord": null,
                    "is_working": true,
                    "name": "Текстильщики",
                    "rect": null,
                    "text_id": 98,
                    "uid": 99
                },
                {
                    "coord": null,
                    "is_working": true,
                    "name": "Нижегородская",
                    "rect": null,
                    "text_id": 99,
                    "uid": 100
                },
                {
                    "coord": [
                        241,
                        226
                    ],
                    "is_working": true,
                    "name": "Авиамоторная",
                    "rect": [
                        131,
                        219,
                        96,
                        15
                    ],
                    "text_id": 100,
                    "uid": 101
                },
                {
                    "coord": null,
                    "is_working": true,
                    "name": "Лефортово",
                    "rect": null,
                    "text_id": 101,
                    "uid": 102
                },
                {
                    "coord": null,
                    "is_working": true,
                    "name": "Электрозаводская",
                    "rect": null,
                    "text_id": 102,
                    "uid": 103
                },
                {
                    "coord": null,
                    "is_working": true,
                    "name": "Сокольники",
                    "rect": null,
                    "text_id": 3,
                    "uid": 104
                },
                {
                    "coord": null,
                    "is_working": true,
                    "name": "Рижская",
                    "rect": null,
                    "text_id": 103,
                    "uid": 105
                },
                {
                    "coord": null,
                    "is_working": true,
                    "name": "Марьина Роща",
                    "rect": null,
                    "text_id": 104,
                    "uid": 106
                }
            ],
            "text_id": 105
        }
    ],
    "lines_width": 9,
    "name": "kalininskosolntsevskayaline",
    "name_text_id": 387,
    "stations_diameter": 16.0,
    "transfers": [
        [
            152,
            125,
            null,
            null
        ],
        [
            85,
            356,
            null,
            null
        ],
        [
            85,
            364,
            null,
            null
        ],
        [
            88,
            449,
            [
                241,
                920
            ],
            [
                263,
                920
            ]
        ],
        [
            91,
            407,
            null,
            null
        ],
        [
            106,
            61,
            null,
            null
        ],
        [
            105,
            395,
            null,
            null
        ],
        [
            103,
            347,
            null,
            null
        ],
        [
            101,
            440,
            [
                241,
                226
            ],
            [
                263,
                226
            ]
        ],
        [
            100,
            152,
            null,
            null
        ],
        [
            100,
            125,
            null,
            null
        ],
        [
            99,
            429,
            null,
            null
        ],
        [
            98,
            70,
            null,
            null
        ],
        [
            351,
            374,
            null,
            null
        ],
        [
            79,
            284,
            null,
            null
        ],
        [
            81,
            419,
            null,
            null
        ],
        [
            285,
            386,
            null,
            null
        ],
        [
            77,
            299,
            null,
            null
        ],
        [
            95,
            294,
            null,
            null
        ],
        [
            371,
            388,
            null,
            null
        ],
        [
            388,
            353,
            null,
            null
        ],
        [
            353,
            371,
            null,
            null
        ],
        [
            425,
            399,
            null,
            null
        ],
        [
            422,
            387,
            null,
            null
        ],
        [
            356,
            364,
            null,
            null
        ],
        [
            349,
            382,
            null,
            null
        ],
        [
            382,
            65,
            null,
            null
        ],
        [
            349,
            65,
            null,
            null
        ],
        [
            135,
            369,
            null,
            null
        ],
        [
            136,
            376,
            null,
            null
        ],
        [
            142,
            281,
            null,
            null
        ],
        [
            418,
            140,
            null,
            null
        ],
        [
            57,
            114,
            null,
            null
        ],
        [
            392,
            116,
            null,
            null
        ],
        [
            345,
            121,
            null,
            null
        ],
        [
            439,
            123,
            [
                263,
                183
            ],
            [
                241,
                183
            ]
        ],
        [
            68,
            128,
            null,
            null
        ],
        [
            291,
            129,
            null,
            null
        ],
        [
            133,
            403,
            null,
            null
        ],
        [
            148,
            433,
            null,
            null
        ],
        [
            401,
            378,
            null,
            null
        ],
        [
            288,
            350,
            null,
            null
        ],
        [
            290,
            380,
            null,
            null
        ],
        [
            445,
            354,
            [
                263,
                760
            ],
            [
                241,
                760
            ]
        ],
        [
            441,
            66,
            [
                263,
                271
            ],
            [
                241,
                271
            ]
        ],
        [
            67,
            427,
            null,
            null
        ],
        [
            396,
            384,
            null,
            null
        ],
        [
            423,
            287,
            null,
            null
        ],
        [
            444,
            375,
            [
                263,
                710
            ],
            [
                241,
                698
            ]
        ],
        [
            442,
            381,
            [
                263,
                319
            ],
            [
                241,
                306
            ]
        ],
        [
            381,
            426,
            [
                241,
                306
            ],
            [
                241,
                333
            ]
        ],
        [
            442,
            426,
            [
                263,
                319
            ],
            [
                241,
                333
            ]
        ],
        [
            443,
            400,
            [
                263,
                376
            ],
            [
                241,
                364
            ]
        ],
        [
            400,
            289,
            [
                241,
                364
            ],
            [
                241,
                390
            ]
        ],
        [
            443,
            289,
            [
                263,
                376
            ],
            [
                241,
                390
            ]
        ],
        [
            398,
            64,
            null,
            null
        ]
    ],
    "transports": [
        "metro",
        "trains",
        "trams",
        "tramsriver"
    ],
    "type_name": "Метро",
    "type_text_id": 1542,
    "upper_case": true,
    "width": 413,
    "word_wrap": true
}