{
    "default_transports": [
        "metro"
    ],
    "height": 840,
    "images": [
        "res/schemes/kaluzhskorizhskayaline.svg"
    ],
    "is_vector": true,
    "lines": [
        {
            "labels_bg_color": "-1",
            "labels_color": "000000",
            "line_color": "E41c0c",
            "line_width": 9,
            "name": "Сокольническая",
            "segments": [],
            "stations": [
                {
                    "coord": null,
                    "is_working": true,
                    "name": "Бульвар Рокоссовского",
                    "rect": null,
                    "text_id": 0,
                    "uid": 0
                },
                {
                    "coord": null,
                    "is_working": true,
                    "name": "Черкизовская",
                    "rect": null,
                    "text_id": 1,
                    "uid": 1
                },
                {
                    "coord": null,
                    "is_working": true,
                    "name": "Преображенская площадь",
                    "rect": null,
                    "text_id": 2,
                    "uid": 2
                },
                {
                    "coord": null,
                    "is_working": true,
                    "name": "Сокольники",
                    "rect": null,
                    "text_id": 3,
                    "uid": 3
                },
                {
                    "coord": null,
                    "is_working": true,
                    "name": "Красносельская",
                    "rect": null,
                    "text_id": 4,
                    "uid": 4
                },
                {
                    "coord": null,
                    "is_working": true,
                    "name": "Комсомольская",
                    "rect": null,
                    "text_id": 5,
                    "uid": 5
                },
                {
                    "coord": null,
                    "is_working": true,
                    "name": "Красные ворота",
                    "rect": null,
                    "text_id": 6,
                    "uid": 6
                },
                {
                    "coord": [
                        179,
                        308
                    ],
                    "is_working": true,
                    "name": "Чистые пруды",
                    "rect": [
                        115,
                        295,
                        50,
                        28
                    ],
                    "text_id": 7,
                    "uid": 7
                },
                {
                    "coord": null,
                    "is_working": true,
                    "name": "Лубянка",
                    "rect": null,
                    "text_id": 8,
                    "uid": 8
                },
                {
                    "coord": null,
                    "is_working": true,
                    "name": "Охотный ряд",
                    "rect": null,
                    "text_id": 9,
                    "uid": 9
                },
                {
                    "coord": null,
                    "is_working": true,
                    "name": "Библиотека имени Ленина",
                    "rect": null,
                    "text_id": 10,
                    "uid": 10
                },
                {
                    "coord": null,
                    "is_working": true,
                    "name": "Кропоткинская",
                    "rect": null,
                    "text_id": 11,
                    "uid": 11
                },
                {
                    "coord": null,
                    "is_working": true,
                    "name": "Парк культуры",
                    "rect": null,
                    "text_id": 12,
                    "uid": 12
                },
                {
                    "coord": null,
                    "is_working": true,
                    "name": "Фрунзенская",
                    "rect": null,
                    "text_id": 13,
                    "uid": 13
                },
                {
                    "coord": null,
                    "is_working": true,
                    "name": "Спортивная",
                    "rect": null,
                    "text_id": 14,
                    "uid": 14
                },
                {
                    "coord": null,
                    "is_working": true,
                    "name": "Воробьевы горы",
                    "rect": null,
                    "text_id": 15,
                    "uid": 15
                },
                {
                    "coord": null,
                    "is_working": true,
                    "name": "Университет",
                    "rect": null,
                    "text_id": 16,
                    "uid": 16
                },
                {
                    "coord": null,
                    "is_working": true,
                    "name": "Проспект Вернадского",
                    "rect": null,
                    "text_id": 17,
                    "uid": 17
                },
                {
                    "coord": null,
                    "is_working": true,
                    "name": "Юго-Западная",
                    "rect": null,
                    "text_id": 18,
                    "uid": 18
                },
                {
                    "coord": null,
                    "is_working": true,
                    "name": "Тропарёво",
                    "rect": null,
                    "text_id": 19,
                    "uid": 19
                },
                {
                    "coord": null,
                    "is_working": true,
                    "name": "Румянцево",
                    "rect": null,
                    "text_id": 20,
                    "uid": 20
                },
                {
                    "coord": null,
                    "is_working": true,
                    "name": "Саларьево",
                    "rect": null,
                    "text_id": 21,
                    "uid": 21
                },
                {
                    "coord": null,
                    "is_working": true,
                    "name": "Филатов луг",
                    "rect": null,
                    "text_id": 22,
                    "uid": 22
                },
                {
                    "coord": null,
                    "is_working": true,
                    "name": "Прокшино",
                    "rect": null,
                    "text_id": 23,
                    "uid": 23
                },
                {
                    "coord": null,
                    "is_working": true,
                    "name": "Ольховая",
                    "rect": null,
                    "text_id": 24,
                    "uid": 24
                },
                {
                    "coord": null,
                    "is_working": true,
                    "name": "Новомосковская",
                    "rect": null,
                    "text_id": 25,
                    "uid": 25
                },
                {
                    "coord": null,
                    "is_working": true,
                    "name": "Потапово",
                    "rect": null,
                    "text_id": 26,
                    "uid": 26
                }
            ],
            "text_id": 27
        },
        {
            "labels_bg_color": "-1",
            "labels_color": "000000",
            "line_color": "046434",
            "line_width": 9,
            "name": "Замоскворецкая",
            "segments": [],
            "stations": [
                {
                    "coord": null,
                    "is_working": true,
                    "name": "Ховрино",
                    "rect": null,
                    "text_id": 225,
                    "uid": 277
                },
                {
                    "coord": null,
                    "is_working": true,
                    "name": "Беломорская",
                    "rect": null,
                    "text_id": 252,
                    "uid": 278
                },
                {
                    "coord": null,
                    "is_working": true,
                    "name": "Речной вокзал",
                    "rect": null,
                    "text_id": 253,
                    "uid": 279
                },
                {
                    "coord": null,
                    "is_working": true,
                    "name": "Водный стадион",
                    "rect": null,
                    "text_id": 254,
                    "uid": 280
                },
                {
                    "coord": null,
                    "is_working": true,
                    "name": "Войковская",
                    "rect": null,
                    "text_id": 255,
                    "uid": 281
                },
                {
                    "coord": null,
                    "is_working": true,
                    "name": "Сокол",
                    "rect": null,
                    "text_id": 256,
                    "uid": 282
                },
                {
                    "coord": null,
                    "is_working": true,
                    "name": "Аэропорт",
                    "rect": null,
                    "text_id": 257,
                    "uid": 283
                },
                {
                    "coord": null,
                    "is_working": true,
                    "name": "Динамо",
                    "rect": null,
                    "text_id": 258,
                    "uid": 284
                },
                {
                    "coord": null,
                    "is_working": true,
                    "name": "Белорусская",
                    "rect": null,
                    "text_id": 173,
                    "uid": 285
                },
                {
                    "coord": null,
                    "is_working": true,
                    "name": "Маяковская",
                    "rect": null,
                    "text_id": 259,
                    "uid": 286
                },
                {
                    "coord": null,
                    "is_working": true,
                    "name": "Тверская",
                    "rect": null,
                    "text_id": 260,
                    "uid": 287
                },
                {
                    "coord": null,
                    "is_working": true,
                    "name": "Театральная",
                    "rect": null,
                    "text_id": 261,
                    "uid": 288
                },
                {
                    "coord": [
                        179,
                        382
                    ],
                    "is_working": true,
                    "name": "Новокузнецкая",
                    "rect": [
                        67,
                        375,
                        98,
                        15
                    ],
                    "text_id": 262,
                    "uid": 289
                },
                {
                    "coord": null,
                    "is_working": true,
                    "name": "Павелецкая",
                    "rect": null,
                    "text_id": 263,
                    "uid": 290
                },
                {
                    "coord": null,
                    "is_working": true,
                    "name": "Автозаводская",
                    "rect": null,
                    "text_id": 124,
                    "uid": 291
                },
                {
                    "coord": null,
                    "is_working": true,
                    "name": "Технопарк",
                    "rect": null,
                    "text_id": 264,
                    "uid": 292
                },
                {
                    "coord": null,
                    "is_working": true,
                    "name": "Коломенская",
                    "rect": null,
                    "text_id": 265,
                    "uid": 293
                },
                {
                    "coord": null,
                    "is_working": true,
                    "name": "Каширская",
                    "rect": null,
                    "text_id": 95,
                    "uid": 294
                },
                {
                    "coord": null,
                    "is_working": true,
                    "name": "Кантемировская",
                    "rect": null,
                    "text_id": 266,
                    "uid": 295
                },
                {
                    "coord": null,
                    "is_working": true,
                    "name": "Царицыно",
                    "rect": null,
                    "text_id": 205,
                    "uid": 296
                },
                {
                    "coord": null,
                    "is_working": true,
                    "name": "Орехово",
                    "rect": null,
                    "text_id": 267,
                    "uid": 297
                },
                {
                    "coord": null,
                    "is_working": true,
                    "name": "Домодедовская",
                    "rect": null,
                    "text_id": 268,
                    "uid": 298
                },
                {
                    "coord": null,
                    "is_working": true,
                    "name": "Красногвардейская",
                    "rect": null,
                    "text_id": 269,
                    "uid": 299
                },
                {
                    "coord": null,
                    "is_working": true,
                    "name": "Алма-Атинская",
                    "rect": null,
                    "text_id": 270,
                    "uid": 300
                }
            ],
            "text_id": 271
        },
        {
            "labels_bg_color": "-1",
            "labels_color": "000000",
            "line_color": "543C04",
            "line_width": 9,
            "name": "Кольцевая",
            "segments": [],
            "stations": [
                {
                    "coord": null,
                    "is_working": true,
                    "name": "Парк культуры",
                    "rect": null,
                    "text_id": 12,
                    "uid": 377
                },
                {
                    "coord": [
                        179,
                        407
                    ],
                    "is_working": true,
                    "name": "Октябрьская",
                    "rect": [
                        82,
                        400,
                        83,
                        15
                    ],
                    "text_id": 330,
                    "uid": 378
                },
                {
                    "coord": null,
                    "is_working": true,
                    "name": "Добрынинская",
                    "rect": null,
                    "text_id": 331,
                    "uid": 379
                },
                {
                    "coord": null,
                    "is_working": true,
                    "name": "Павелецкая",
                    "rect": null,
                    "text_id": 263,
                    "uid": 380
                },
                {
                    "coord": null,
                    "is_working": true,
                    "name": "Таганская",
                    "rect": null,
                    "text_id": 332,
                    "uid": 381
                },
                {
                    "coord": null,
                    "is_working": true,
                    "name": "Курская",
                    "rect": null,
                    "text_id": 198,
                    "uid": 382
                },
                {
                    "coord": null,
                    "is_working": true,
                    "name": "Комсомольская",
                    "rect": null,
                    "text_id": 5,
                    "uid": 383
                },
                {
                    "coord": [
                        179,
                        245
                    ],
                    "is_working": true,
                    "name": "Проспект Мира",
                    "rect": [
                        103,
                        232,
                        62,
                        28
                    ],
                    "text_id": 333,
                    "uid": 384
                },
                {
                    "coord": null,
                    "is_working": true,
                    "name": "Новослободская",
                    "rect": null,
                    "text_id": 334,
                    "uid": 385
                },
                {
                    "coord": null,
                    "is_working": true,
                    "name": "Белорусская",
                    "rect": null,
                    "text_id": 173,
                    "uid": 386
                },
                {
                    "coord": null,
                    "is_working": true,
                    "name": "Краснопресненская",
                    "rect": null,
                    "text_id": 335,
                    "uid": 387
                },
                {
                    "coord": null,
                    "is_working": true,
                    "name": "Киевская",
                    "rect": null,
                    "text_id": 314,
                    "uid": 388
                }
            ],
            "text_id": 336
        },
        {
            "labels_bg_color": "-1",
            "labels_color": "000000",
            "line_color": "FC9C54",
            "line_width": 9,
            "name": "Калужско-Рижская",
            "segments": [
                [
                    389,
                    390,
                    [
                        [
                            200,
                            79
                        ],
                        [
                            200,
                            55
                        ]
                    ],
                    true
                ],
                [
                    390,
                    391,
                    [
                        [
                            200,
                            105
                        ],
                        [
                            200,
                            79
                        ]
                    ],
                    true
                ],
                [
                    391,
                    392,
                    [
                        [
                            200,
                            131
                        ],
                        [
                            200,
                            105
                        ]
                    ],
                    true
                ],
                [
                    392,
                    393,
                    [
                        [
                            200,
                            156
                        ],
                        [
                            200,
                            131
                        ]
                    ],
                    true
                ],
                [
                    393,
                    394,
                    [
                        [
                            200,
                            179
                        ],
                        [
                            200,
                            156
                        ]
                    ],
                    true
                ],
                [
                    394,
                    395,
                    [
                        [
                            200,
                            208
                        ],
                        [
                            200,
                            179
                        ]
                    ],
                    true
                ],
                [
                    395,
                    396,
                    [
                        [
                            200,
                            245
                        ],
                        [
                            200,
                            208
                        ]
                    ],
                    true
                ],
                [
                    396,
                    397,
                    [
                        [
                            200,
                            270
                        ],
                        [
                            200,
                            245
                        ]
                    ],
                    true
                ],
                [
                    397,
                    398,
                    [
                        [
                            200,
                            295
                        ],
                        [
                            200,
                            270
                        ]
                    ],
                    true
                ],
                [
                    398,
                    399,
                    [
                        [
                            200,
                            332
                        ],
                        [
                            200,
                            295
                        ]
                    ],
                    true
                ],
                [
                    399,
                    400,
                    [
                        [
                            200,
                            370
                        ],
                        [
                            200,
                            332
                        ]
                    ],
                    true
                ],
                [
                    400,
                    401,
                    [
                        [
                            200,
                            407
                        ],
                        [
                            200,
                            370
                        ]
                    ],
                    true
                ],
                [
                    401,
                    402,
                    [
                        [
                            200,
                            431
                        ],
                        [
                            200,
                            407
                        ]
                    ],
                    true
                ],
                [
                    402,
                    403,
                    [
                        [
                            200,
                            456
                        ],
                        [
                            200,
                            431
                        ]
                    ],
                    true
                ],
                [
                    403,
                    404,
                    [
                        [
                            200,
                            482
                        ],
                        [
                            200,
                            456
                        ]
                    ],
                    true
                ],
                [
                    404,
                    405,
                    [
                        [
                            200,
                            508
                        ],
                        [
                            200,
                            482
                        ]
                    ],
                    true
                ],
                [
                    405,
                    406,
                    [
                        [
                            200,
                            536
                        ],
                        [
                            200,
                            508
                        ]
                    ],
                    true
                ],
                [
                    406,
                    407,
                    [
                        [
                            200,
                            567
                        ],
                        [
                            200,
                            536
                        ]
                    ],
                    true
                ],
                [
                    407,
                    408,
                    [
                        [
                            200,
                            592
                        ],
                        [
                            200,
                            567
                        ]
                    ],
                    true
                ],
                [
                    408,
                    409,
                    [
                        [
                            200,
                            617
                        ],
                        [
                            200,
                            592
                        ]
                    ],
                    true
                ],
                [
                    409,
                    410,
                    [
                        [
                            200,
                            640
                        ],
                        [
                            200,
                            617
                        ]
                    ],
                    true
                ],
                [
                    410,
                    411,
                    [
                        [
                            200,
                            664
                        ],
                        [
                            200,
                            640
                        ]
                    ],
                    true
                ],
                [
                    411,
                    412,
                    [
                        [
                            200,
                            690
                        ],
                        [
                            200,
                            664
                        ]
                    ],
                    true
                ]
            ],
            "stations": [
                {
                    "coord": [
                        200,
                        55
                    ],
                    "is_working": true,
                    "name": "Медведково",
                    "rect": [
                        215,
                        47,
                        77,
                        15
                    ],
                    "text_id": 337,
                    "uid": 389
                },
                {
                    "coord": [
                        200,
                        79
                    ],
                    "is_working": true,
                    "name": "Бабушкинская",
                    "rect": [
                        215,
                        72,
                        94,
                        15
                    ],
                    "text_id": 338,
                    "uid": 390
                },
                {
                    "coord": [
                        200,
                        105
                    ],
                    "is_working": true,
                    "name": "Свиблово",
                    "rect": [
                        215,
                        99,
                        65,
                        15
                    ],
                    "text_id": 339,
                    "uid": 391
                },
                {
                    "coord": [
                        200,
                        131
                    ],
                    "is_working": true,
                    "name": "Ботанический сад",
                    "rect": [
                        215,
                        118,
                        94,
                        28
                    ],
                    "text_id": 114,
                    "uid": 392
                },
                {
                    "coord": [
                        200,
                        156
                    ],
                    "is_working": true,
                    "name": "ВДНХ",
                    "rect": [
                        215,
                        149,
                        32,
                        15
                    ],
                    "text_id": 340,
                    "uid": 393
                },
                {
                    "coord": [
                        200,
                        179
                    ],
                    "is_working": true,
                    "name": "Алексеевская",
                    "rect": [
                        215,
                        172,
                        90,
                        15
                    ],
                    "text_id": 341,
                    "uid": 394
                },
                {
                    "coord": [
                        200,
                        208
                    ],
                    "is_working": true,
                    "name": "Рижская",
                    "rect": [
                        215,
                        200,
                        56,
                        15
                    ],
                    "text_id": 103,
                    "uid": 395
                },
                {
                    "coord": [
                        200,
                        245
                    ],
                    "is_working": true,
                    "name": "Проспект Мира",
                    "rect": [
                        215,
                        232,
                        62,
                        28
                    ],
                    "text_id": 333,
                    "uid": 396
                },
                {
                    "coord": [
                        200,
                        270
                    ],
                    "is_working": true,
                    "name": "Сухаревская",
                    "rect": [
                        215,
                        262,
                        83,
                        15
                    ],
                    "text_id": 342,
                    "uid": 397
                },
                {
                    "coord": [
                        200,
                        295
                    ],
                    "is_working": true,
                    "name": "Тургеневская",
                    "rect": [
                        215,
                        287,
                        87,
                        15
                    ],
                    "text_id": 343,
                    "uid": 398
                },
                {
                    "coord": [
                        200,
                        332
                    ],
                    "is_working": true,
                    "name": "Китай-город",
                    "rect": [
                        215,
                        324,
                        77,
                        15
                    ],
                    "text_id": 344,
                    "uid": 399
                },
                {
                    "coord": [
                        200,
                        370
                    ],
                    "is_working": true,
                    "name": "Третьяковская",
                    "rect": [
                        215,
                        362,
                        96,
                        15
                    ],
                    "text_id": 345,
                    "uid": 400
                },
                {
                    "coord": [
                        200,
                        407
                    ],
                    "is_working": true,
                    "name": "Октябрьская",
                    "rect": [
                        215,
                        399,
                        83,
                        15
                    ],
                    "text_id": 330,
                    "uid": 401
                },
                {
                    "coord": [
                        200,
                        431
                    ],
                    "is_working": true,
                    "name": "Шаболовская",
                    "rect": [
                        215,
                        419,
                        89,
                        15
                    ],
                    "text_id": 346,
                    "uid": 402
                },
                {
                    "coord": [
                        200,
                        456
                    ],
                    "is_working": true,
                    "name": "Ленинский проспект",
                    "rect": [
                        215,
                        442,
                        72,
                        28
                    ],
                    "text_id": 347,
                    "uid": 403
                },
                {
                    "coord": [
                        200,
                        482
                    ],
                    "is_working": true,
                    "name": "Академическая",
                    "rect": [
                        215,
                        475,
                        99,
                        15
                    ],
                    "text_id": 149,
                    "uid": 404
                },
                {
                    "coord": [
                        200,
                        508
                    ],
                    "is_working": true,
                    "name": "Профсоюзная",
                    "rect": [
                        215,
                        501,
                        92,
                        15
                    ],
                    "text_id": 348,
                    "uid": 405
                },
                {
                    "coord": [
                        200,
                        536
                    ],
                    "is_working": true,
                    "name": "Новые Черемушки",
                    "rect": [
                        215,
                        522,
                        69,
                        28
                    ],
                    "text_id": 349,
                    "uid": 406
                },
                {
                    "coord": [
                        200,
                        567
                    ],
                    "is_working": true,
                    "name": "Калужская",
                    "rect": [
                        215,
                        560,
                        68,
                        15
                    ],
                    "text_id": 350,
                    "uid": 407
                },
                {
                    "coord": [
                        200,
                        592
                    ],
                    "is_working": true,
                    "name": "Беляево",
                    "rect": [
                        215,
                        585,
                        55,
                        15
                    ],
                    "text_id": 351,
                    "uid": 408
                },
                {
                    "coord": [
                        200,
                        617
                    ],
                    "is_working": true,
                    "name": "Коньково",
                    "rect": [
                        215,
                        609,
                        62,
                        15
                    ],
                    "text_id": 352,
                    "uid": 409
                },
                {
                    "coord": [
                        200,
                        640
                    ],
                    "is_working": true,
                    "name": "Теплый Стан",
                    "rect": [
                        215,
                        627,
                        50,
                        28
                    ],
                    "text_id": 353,
                    "uid": 410
                },
                {
                    "coord": [
                        200,
                        664
                    ],
                    "is_working": true,
                    "name": "Ясенево",
                    "rect": [
                        215,
                        657,
                        56,
                        15
                    ],
                    "text_id": 354,
                    "uid": 411
                },
                {
                    "coord": [
                        200,
                        690
                    ],
                    "is_working": true,
                    "name": "Новоясеневская",
                    "rect": [
                        215,
                        684,
                        110,
                        15
                    ],
                    "text_id": 355,
                    "uid": 412
                }
            ],
            "text_id": 356
        },
        {
            "labels_bg_color": "-1",
            "labels_color": "000000",
            "line_color": "AC24AC",
            "line_width": 9,
            "name": "Таганско-Краснопресненская",
            "segments": [],
            "stations": [
                {
                    "coord": null,
                    "is_working": true,
                    "name": "Планерная",
                    "rect": null,
                    "text_id": 357,
                    "uid": 413
                },
                {
                    "coord": null,
                    "is_working": true,
                    "name": "Сходненская",
                    "rect": null,
                    "text_id": 358,
                    "uid": 414
                },
                {
                    "coord": null,
                    "is_working": true,
                    "name": "Тушинская",
                    "rect": null,
                    "text_id": 193,
                    "uid": 415
                },
                {
                    "coord": null,
                    "is_working": true,
                    "name": "Спартак",
                    "rect": null,
                    "text_id": 359,
                    "uid": 416
                },
                {
                    "coord": null,
                    "is_working": true,
                    "name": "Щукинская",
                    "rect": null,
                    "text_id": 194,
                    "uid": 417
                },
                {
                    "coord": null,
                    "is_working": true,
                    "name": "Октябрьское поле",
                    "rect": null,
                    "text_id": 360,
                    "uid": 418
                },
                {
                    "coord": null,
                    "is_working": true,
                    "name": "Полежаевская",
                    "rect": null,
                    "text_id": 361,
                    "uid": 419
                },
                {
                    "coord": null,
                    "is_working": true,
                    "name": "Беговая",
                    "rect": null,
                    "text_id": 174,
                    "uid": 420
                },
                {
                    "coord": null,
                    "is_working": true,
                    "name": "Улица 1905 года",
                    "rect": null,
                    "text_id": 362,
                    "uid": 421
                },
                {
                    "coord": null,
                    "is_working": true,
                    "name": "Баррикадная",
                    "rect": null,
                    "text_id": 363,
                    "uid": 422
                },
                {
                    "coord": null,
                    "is_working": true,
                    "name": "Пушкинская",
                    "rect": null,
                    "text_id": 364,
                    "uid": 423
                },
                {
                    "coord": null,
                    "is_working": true,
                    "name": "Кузнецкий мост",
                    "rect": null,
                    "text_id": 365,
                    "uid": 424
                },
                {
                    "coord": [
                        179,
                        332
                    ],
                    "is_working": true,
                    "name": "Китай-город",
                    "rect": [
                        88,
                        325,
                        77,
                        15
                    ],
                    "text_id": 344,
                    "uid": 425
                },
                {
                    "coord": null,
                    "is_working": true,
                    "name": "Таганская",
                    "rect": null,
                    "text_id": 332,
                    "uid": 426
                },
                {
                    "coord": null,
                    "is_working": true,
                    "name": "Пролетарская",
                    "rect": null,
                    "text_id": 366,
                    "uid": 427
                },
                {
                    "coord": null,
                    "is_working": true,
                    "name": "Волгоградский проспект",
                    "rect": null,
                    "text_id": 367,
                    "uid": 428
                },
                {
                    "coord": null,
                    "is_working": true,
                    "name": "Текстильщики",
                    "rect": null,
                    "text_id": 98,
                    "uid": 429
                },
                {
                    "coord": null,
                    "is_working": true,
                    "name": "Кузьминки",
                    "rect": null,
                    "text_id": 368,
                    "uid": 430
                },
                {
                    "coord": null,
                    "is_working": true,
                    "name": "Рязанский проспект",
                    "rect": null,
                    "text_id": 369,
                    "uid": 431
                },
                {
                    "coord": null,
                    "is_working": true,
                    "name": "Выхино",
                    "rect": null,
                    "text_id": 235,
                    "uid": 432
                },
                {
                    "coord": null,
                    "is_working": true,
                    "name": "Лермонтовский проспект",
                    "rect": null,
                    "text_id": 370,
                    "uid": 433
                },
                {
                    "coord": null,
                    "is_working": true,
                    "name": "Жулебино",
                    "rect": null,
                    "text_id": 371,
                    "uid": 434
                },
                {
                    "coord": null,
                    "is_working": true,
                    "name": "Котельники",
                    "rect": null,
                    "text_id": 372,
                    "uid": 435
                }
            ],
            "text_id": 373
        },
        {
            "labels_bg_color": "-1",
            "labels_color": "000000",
            "line_color": "FCCC04",
            "line_width": 9,
            "name": "Калининско-Солнцевская",
            "segments": [],
            "stations": [
                {
                    "coord": null,
                    "is_working": true,
                    "name": "Новокосино",
                    "rect": null,
                    "text_id": 374,
                    "uid": 436
                },
                {
                    "coord": null,
                    "is_working": true,
                    "name": "Новогиреево",
                    "rect": null,
                    "text_id": 295,
                    "uid": 437
                },
                {
                    "coord": null,
                    "is_working": true,
                    "name": "Перово",
                    "rect": null,
                    "text_id": 232,
                    "uid": 438
                },
                {
                    "coord": null,
                    "is_working": true,
                    "name": "Шоссе Энтузиастов",
                    "rect": null,
                    "text_id": 120,
                    "uid": 439
                },
                {
                    "coord": null,
                    "is_working": true,
                    "name": "Авиамоторная",
                    "rect": null,
                    "text_id": 100,
                    "uid": 440
                },
                {
                    "coord": null,
                    "is_working": true,
                    "name": "Площадь Ильича",
                    "rect": null,
                    "text_id": 375,
                    "uid": 441
                },
                {
                    "coord": null,
                    "is_working": true,
                    "name": "Марксистская",
                    "rect": null,
                    "text_id": 376,
                    "uid": 442
                },
                {
                    "coord": [
                        179,
                        357
                    ],
                    "is_working": true,
                    "name": "Третьяковская",
                    "rect": [
                        69,
                        350,
                        96,
                        15
                    ],
                    "text_id": 345,
                    "uid": 443
                }
            ],
            "text_id": 377
        },
        {
            "labels_bg_color": "-1",
            "labels_color": "000000",
            "line_color": "84BC54",
            "line_width": 9,
            "name": "Люблинско-Дмитровская",
            "segments": [],
            "stations": [
                {
                    "coord": null,
                    "is_working": true,
                    "name": "Физтех",
                    "rect": null,
                    "text_id": 54,
                    "uid": 52
                },
                {
                    "coord": null,
                    "is_working": true,
                    "name": "Лианозово",
                    "rect": null,
                    "text_id": 55,
                    "uid": 53
                },
                {
                    "coord": null,
                    "is_working": true,
                    "name": "Яхромская",
                    "rect": null,
                    "text_id": 56,
                    "uid": 54
                },
                {
                    "coord": null,
                    "is_working": true,
                    "name": "Селигерская",
                    "rect": null,
                    "text_id": 57,
                    "uid": 55
                },
                {
                    "coord": null,
                    "is_working": true,
                    "name": "Верхние Лихоборы",
                    "rect": null,
                    "text_id": 58,
                    "uid": 56
                },
                {
                    "coord": null,
                    "is_working": true,
                    "name": "Окружная",
                    "rect": null,
                    "text_id": 59,
                    "uid": 57
                },
                {
                    "coord": null,
                    "is_working": true,
                    "name": "Петровско-Разумовская",
                    "rect": null,
                    "text_id": 32,
                    "uid": 58
                },
                {
                    "coord": null,
                    "is_working": true,
                    "name": "Фонвизинская",
                    "rect": null,
                    "text_id": 60,
                    "uid": 59
                },
                {
                    "coord": null,
                    "is_working": true,
                    "name": "Бутырская",
                    "rect": null,
                    "text_id": 61,
                    "uid": 60
                },
                {
                    "coord": null,
                    "is_working": true,
                    "name": "Марьина роща",
                    "rect": null,
                    "text_id": 62,
                    "uid": 61
                },
                {
                    "coord": null,
                    "is_working": true,
                    "name": "Достоевская",
                    "rect": null,
                    "text_id": 63,
                    "uid": 62
                },
                {
                    "coord": null,
                    "is_working": true,
                    "name": "Трубная",
                    "rect": null,
                    "text_id": 64,
                    "uid": 63
                },
                {
                    "coord": [
                        179,
                        284
                    ],
                    "is_working": true,
                    "name": "Сретенский бульвар",
                    "rect": [
                        88,
                        267,
                        77,
                        28
                    ],
                    "text_id": 65,
                    "uid": 64
                },
                {
                    "coord": null,
                    "is_working": true,
                    "name": "Чкаловская",
                    "rect": null,
                    "text_id": 66,
                    "uid": 65
                },
                {
                    "coord": null,
                    "is_working": true,
                    "name": "Римская",
                    "rect": null,
                    "text_id": 67,
                    "uid": 66
                },
                {
                    "coord": null,
                    "is_working": true,
                    "name": "Крестьянская застава",
                    "rect": null,
                    "text_id": 68,
                    "uid": 67
                },
                {
                    "coord": null,
                    "is_working": true,
                    "name": "Дубровка",
                    "rect": null,
                    "text_id": 69,
                    "uid": 68
                },
                {
                    "coord": null,
                    "is_working": true,
                    "name": "Кожуховская",
                    "rect": null,
                    "text_id": 70,
                    "uid": 69
                },
                {
                    "coord": null,
                    "is_working": true,
                    "name": "Печатники",
                    "rect": null,
                    "text_id": 71,
                    "uid": 70
                },
                {
                    "coord": null,
                    "is_working": true,
                    "name": "Волжская",
                    "rect": null,
                    "text_id": 72,
                    "uid": 71
                },
                {
                    "coord": null,
                    "is_working": true,
                    "name": "Люблино",
                    "rect": null,
                    "text_id": 73,
                    "uid": 72
                },
                {
                    "coord": null,
                    "is_working": true,
                    "name": "Братиславская",
                    "rect": null,
                    "text_id": 74,
                    "uid": 73
                },
                {
                    "coord": null,
                    "is_working": true,
                    "name": "Марьино",
                    "rect": null,
                    "text_id": 75,
                    "uid": 74
                },
                {
                    "coord": null,
                    "is_working": true,
                    "name": "Борисово",
                    "rect": null,
                    "text_id": 76,
                    "uid": 75
                },
                {
                    "coord": null,
                    "is_working": true,
                    "name": "Шипиловская",
                    "rect": null,
                    "text_id": 77,
                    "uid": 76
                },
                {
                    "coord": null,
                    "is_working": true,
                    "name": "Зябликово",
                    "rect": null,
                    "text_id": 78,
                    "uid": 77
                }
            ],
            "text_id": 79
        },
        {
            "labels_bg_color": "-1",
            "labels_color": "000000",
            "line_color": "8CBCFC",
            "line_width": 9,
            "name": "Бутовская",
            "segments": [],
            "stations": [
                {
                    "coord": [
                        181,
                        690
                    ],
                    "is_working": true,
                    "name": "Битцевский парк",
                    "rect": [
                        87,
                        676,
                        79,
                        28
                    ],
                    "text_id": 106,
                    "uid": 107
                },
                {
                    "coord": null,
                    "is_working": true,
                    "name": "Лесопарковая",
                    "rect": null,
                    "text_id": 107,
                    "uid": 108
                },
                {
                    "coord": null,
                    "is_working": true,
                    "name": "Улица Старокачаловская",
                    "rect": null,
                    "text_id": 108,
                    "uid": 109
                },
                {
                    "coord": null,
                    "is_working": true,
                    "name": "Улица Скобелевская",
                    "rect": null,
                    "text_id": 109,
                    "uid": 110
                },
                {
                    "coord": null,
                    "is_working": true,
                    "name": "Бульвар Адмирала Ушакова",
                    "rect": null,
                    "text_id": 110,
                    "uid": 111
                },
                {
                    "coord": null,
                    "is_working": true,
                    "name": "Улица Горчакова",
                    "rect": null,
                    "text_id": 111,
                    "uid": 112
                },
                {
                    "coord": null,
                    "is_working": true,
                    "name": "Бунинская аллея",
                    "rect": null,
                    "text_id": 112,
                    "uid": 113
                }
            ],
            "text_id": 113
        },
        {
            "labels_bg_color": "-1",
            "labels_color": "000000",
            "line_color": "30D5C8",
            "line_width": 9,
            "name": "БКЛ",
            "segments": [],
            "stations": [
                {
                    "coord": null,
                    "is_working": true,
                    "name": "Савёловская",
                    "rect": null,
                    "text_id": 35,
                    "uid": 78
                },
                {
                    "coord": null,
                    "is_working": true,
                    "name": "Петровский парк",
                    "rect": null,
                    "text_id": 80,
                    "uid": 79
                },
                {
                    "coord": null,
                    "is_working": true,
                    "name": "ЦСКА",
                    "rect": null,
                    "text_id": 81,
                    "uid": 80
                },
                {
                    "coord": null,
                    "is_working": true,
                    "name": "Хорошёвская",
                    "rect": null,
                    "text_id": 82,
                    "uid": 81
                },
                {
                    "coord": null,
                    "is_working": true,
                    "name": "Народное ополчение",
                    "rect": null,
                    "text_id": 83,
                    "uid": 82
                },
                {
                    "coord": null,
                    "is_working": true,
                    "name": "Мнёвники",
                    "rect": null,
                    "text_id": 84,
                    "uid": 83
                },
                {
                    "coord": null,
                    "is_working": true,
                    "name": "Терехово",
                    "rect": null,
                    "text_id": 85,
                    "uid": 84
                },
                {
                    "coord": null,
                    "is_working": true,
                    "name": "Кунцевская",
                    "rect": null,
                    "text_id": 86,
                    "uid": 85
                },
                {
                    "coord": null,
                    "is_working": true,
                    "name": "Давыдково",
                    "rect": null,
                    "text_id": 87,
                    "uid": 86
                },
                {
                    "coord": null,
                    "is_working": true,
                    "name": "Аминьевская",
                    "rect": null,
                    "text_id": 88,
                    "uid": 87
                },
                {
                    "coord": null,
                    "is_working": true,
                    "name": "Мичуринский проспект",
                    "rect": null,
                    "text_id": 89,
                    "uid": 88
                },
                {
                    "coord": null,
                    "is_working": true,
                    "name": "Проспект Вернадского",
                    "rect": null,
                    "text_id": 17,
                    "uid": 89
                },
                {
                    "coord": null,
                    "is_working": true,
                    "name": "Новаторская",
                    "rect": null,
                    "text_id": 90,
                    "uid": 90
                },
                {
                    "coord": [
                        179,
                        567
                    ],
                    "is_working": true,
                    "name": "Воронцовская",
                    "rect": [
                        70,
                        560,
                        95,
                        15
                    ],
                    "text_id": 91,
                    "uid": 91
                },
                {
                    "coord": null,
                    "is_working": true,
                    "name": "Зюзино",
                    "rect": null,
                    "text_id": 92,
                    "uid": 92
                },
                {
                    "coord": null,
                    "is_working": true,
                    "name": "Каховская",
                    "rect": null,
                    "text_id": 93,
                    "uid": 93
                },
                {
                    "coord": null,
                    "is_working": true,
                    "name": "Варшавская",
                    "rect": null,
                    "text_id": 94,
                    "uid": 94
                },
                {
                    "coord": null,
                    "is_working": true,
                    "name": "Каширская",
                    "rect": null,
                    "text_id": 95,
                    "uid": 95
                },
                {
                    "coord": null,
                    "is_working": true,
                    "name": "Кленовый бульвар",
                    "rect": null,
                    "text_id": 96,
                    "uid": 96
                },
                {
                    "coord": null,
                    "is_working": true,
                    "name": "Нагатинский Затон",
                    "rect": null,
                    "text_id": 97,
                    "uid": 97
                },
                {
                    "coord": null,
                    "is_working": true,
                    "name": "Печатники",
                    "rect": null,
                    "text_id": 71,
                    "uid": 98
                },
                {
                    "coord": null,
                    "is_working": true,
                    "name": "Текстильщики",
                    "rect": null,
                    "text_id": 98,
                    "uid": 99
                },
                {
                    "coord": null,
                    "is_working": true,
                    "name": "Нижегородская",
                    "rect": null,
                    "text_id": 99,
                    "uid": 100
                },
                {
                    "coord": null,
                    "is_working": true,
                    "name": "Авиамоторная",
                    "rect": null,
                    "text_id": 100,
                    "uid": 101
                },
                {
                    "coord": null,
                    "is_working": true,
                    "name": "Лефортово",
                    "rect": null,
                    "text_id": 101,
                    "uid": 102
                },
                {
                    "coord": null,
                    "is_working": true,
                    "name": "Электрозаводская",
                    "rect": null,
                    "text_id": 102,
                    "uid": 103
                },
                {
                    "coord": null,
                    "is_working": true,
                    "name": "Сокольники",
                    "rect": null,
                    "text_id": 3,
                    "uid": 104
                },
                {
                    "coord": [
                        179,
                        220
                    ],
                    "is_working": true,
                    "name": "Рижская",
                    "rect": [
                        109,
                        214,
                        56,
                        15
                    ],
                    "text_id": 103,
                    "uid": 105
                },
                {
                    "coord": null,
                    "is_working": true,
                    "name": "Марьина Роща",
                    "rect": null,
                    "text_id": 104,
                    "uid": 106
                }
            ],
            "text_id": 105
        },
        {
            "labels_bg_color": "-1",
            "labels_color": "000000",
            "line_color": "DE7272",
            "line_width": 9,
            "name": "МЦК",
            "segments": [],
            "stations": [
                {
                    "coord": null,
                    "is_working": true,
                    "name": "Окружная",
                    "rect": null,
                    "text_id": 59,
                    "uid": 114
                },
                {
                    "coord": null,
                    "is_working": true,
                    "name": "Владыкино",
                    "rect": null,
                    "text_id": 31,
                    "uid": 115
                },
                {
                    "coord": [
                        179,
                        131
                    ],
                    "is_working": true,
                    "name": "Ботанический сад",
                    "rect": [
                        71,
                        117,
                        94,
                        28
                    ],
                    "text_id": 114,
                    "uid": 116
                },
                {
                    "coord": null,
                    "is_working": true,
                    "name": "Ростокино",
                    "rect": null,
                    "text_id": 115,
                    "uid": 117
                },
                {
                    "coord": null,
                    "is_working": true,
                    "name": "Белокаменная",
                    "rect": null,
                    "text_id": 116,
                    "uid": 118
                },
                {
                    "coord": null,
                    "is_working": true,
                    "name": "Бульвар Рокоссовского",
                    "rect": null,
                    "text_id": 0,
                    "uid": 119
                },
                {
                    "coord": null,
                    "is_working": true,
                    "name": "Локомотив",
                    "rect": null,
                    "text_id": 117,
                    "uid": 120
                },
                {
                    "coord": null,
                    "is_working": true,
                    "name": "Измайлово",
                    "rect": null,
                    "text_id": 118,
                    "uid": 121
                },
                {
                    "coord": null,
                    "is_working": true,
                    "name": "Соколиная Гора",
                    "rect": null,
                    "text_id": 119,
                    "uid": 122
                },
                {
                    "coord": null,
                    "is_working": true,
                    "name": "Шоссе Энтузиастов",
                    "rect": null,
                    "text_id": 120,
                    "uid": 123
                },
                {
                    "coord": null,
                    "is_working": true,
                    "name": "Андроновка",
                    "rect": null,
                    "text_id": 121,
                    "uid": 124
                },
                {
                    "coord": null,
                    "is_working": true,
                    "name": "Нижегородская",
                    "rect": null,
                    "text_id": 99,
                    "uid": 125
                },
                {
                    "coord": null,
                    "is_working": true,
                    "name": "Новохохловская",
                    "rect": null,
                    "text_id": 122,
                    "uid": 126
                },
                {
                    "coord": null,
                    "is_working": true,
                    "name": "Угрешская",
                    "rect": null,
                    "text_id": 123,
                    "uid": 127
                },
                {
                    "coord": null,
                    "is_working": true,
                    "name": "Дубровка",
                    "rect": null,
                    "text_id": 69,
                    "uid": 128
                },
                {
                    "coord": null,
                    "is_working": true,
                    "name": "Автозаводская",
                    "rect": null,
                    "text_id": 124,
                    "uid": 129
                },
                {
                    "coord": null,
                    "is_working": true,
                    "name": "ЗИЛ",
                    "rect": null,
                    "text_id": 125,
                    "uid": 130
                },
                {
                    "coord": null,
                    "is_working": true,
                    "name": "Верхние Котлы",
                    "rect": null,
                    "text_id": 126,
                    "uid": 131
                },
                {
                    "coord": null,
                    "is_working": true,
                    "name": "Крымская",
                    "rect": null,
                    "text_id": 127,
                    "uid": 132
                },
                {
                    "coord": [
                        179,
                        456
                    ],
                    "is_working": true,
                    "name": "Площадь Гагарина",
                    "rect": [
                        104,
                        443,
                        61,
                        28
                    ],
                    "text_id": 128,
                    "uid": 133
                },
                {
                    "coord": null,
                    "is_working": true,
                    "name": "Лужники",
                    "rect": null,
                    "text_id": 129,
                    "uid": 134
                },
                {
                    "coord": null,
                    "is_working": true,
                    "name": "Кутузовская",
                    "rect": null,
                    "text_id": 130,
                    "uid": 135
                },
                {
                    "coord": null,
                    "is_working": true,
                    "name": "Москва-Сити",
                    "rect": null,
                    "text_id": 131,
                    "uid": 136
                },
                {
                    "coord": null,
                    "is_working": true,
                    "name": "Шелепиха",
                    "rect": null,
                    "text_id": 132,
                    "uid": 137
                },
                {
                    "coord": null,
                    "is_working": true,
                    "name": "Хорошёво",
                    "rect": null,
                    "text_id": 133,
                    "uid": 138
                },
                {
                    "coord": null,
                    "is_working": true,
                    "name": "Зорге",
                    "rect": null,
                    "text_id": 134,
                    "uid": 139
                },
                {
                    "coord": null,
                    "is_working": true,
                    "name": "Панфиловская",
                    "rect": null,
                    "text_id": 135,
                    "uid": 140
                },
                {
                    "coord": null,
                    "is_working": true,
                    "name": "Стрешнево",
                    "rect": null,
                    "text_id": 136,
                    "uid": 141
                },
                {
                    "coord": null,
                    "is_working": true,
                    "name": "Балтийская",
                    "rect": null,
                    "text_id": 137,
                    "uid": 142
                },
                {
                    "coord": null,
                    "is_working": true,
                    "name": "Коптево",
                    "rect": null,
                    "text_id": 138,
                    "uid": 143
                },
                {
                    "coord": null,
                    "is_working": true,
                    "name": "Лихоборы",
                    "rect": null,
                    "text_id": 139,
                    "uid": 144
                }
            ],
            "text_id": 140
        },
        {
            "labels_bg_color": "-1",
            "labels_color": "000000",
            "line_color": "E83F83",
            "line_width": 9,
            "name": "МЦД2",
            "segments": [],
            "stations": [
                {
                    "coord": null,
                    "is_working": true,
                    "name": "Нахабино",
                    "rect": null,
                    "text_id": 185,
                    "uid": 198
                },
                {
                    "coord": null,
                    "is_working": true,
                    "name": "Аникеевка",
                    "rect": null,
                    "text_id": 186,
                    "uid": 199
                },
                {
                    "coord": null,
                    "is_working": true,
                    "name": "Опалиха",
                    "rect": null,
                    "text_id": 187,
                    "uid": 200
                },
                {
                    "coord": null,
                    "is_working": true,
                    "name": "Красногорская",
                    "rect": null,
                    "text_id": 188,
                    "uid": 201
                },
                {
                    "coord": null,
                    "is_working": true,
                    "name": "Павшино",
                    "rect": null,
                    "text_id": 189,
                    "uid": 202
                },
                {
                    "coord": null,
                    "is_working": true,
                    "name": "Пенягино",
                    "rect": null,
                    "text_id": 190,
                    "uid": 203
                },
                {
                    "coord": null,
                    "is_working": true,
                    "name": "Волоколамская",
                    "rect": null,
                    "text_id": 191,
                    "uid": 204
                },
                {
                    "coord": null,
                    "is_working": true,
                    "name": "Трикотажная",
                    "rect": null,
                    "text_id": 192,
                    "uid": 205
                },
                {
                    "coord": null,
                    "is_working": true,
                    "name": "Тушинская",
                    "rect": null,
                    "text_id": 193,
                    "uid": 206
                },
                {
                    "coord": null,
                    "is_working": true,
                    "name": "Щукинская",
                    "rect": null,
                    "text_id": 194,
                    "uid": 207
                },
                {
                    "coord": null,
                    "is_working": true,
                    "name": "Стрешнево",
                    "rect": null,
                    "text_id": 136,
                    "uid": 208
                },
                {
                    "coord": null,
                    "is_working": true,
                    "name": "Красный Балтиец",
                    "rect": null,
                    "text_id": 195,
                    "uid": 209
                },
                {
                    "coord": null,
                    "is_working": true,
                    "name": "Гражданская",
                    "rect": null,
                    "text_id": 196,
                    "uid": 210
                },
                {
                    "coord": null,
                    "is_working": true,
                    "name": "Дмитровская",
                    "rect": null,
                    "text_id": 34,
                    "uid": 211
                },
                {
                    "coord": null,
                    "is_working": true,
                    "name": "Марьина Роща",
                    "rect": null,
                    "text_id": 104,
                    "uid": 212
                },
                {
                    "coord": [
                        179,
                        196
                    ],
                    "is_working": true,
                    "name": "Рижская",
                    "rect": [
                        109,
                        189,
                        56,
                        15
                    ],
                    "text_id": 103,
                    "uid": 213
                },
                {
                    "coord": null,
                    "is_working": true,
                    "name": "Площадь трёх вокзалов",
                    "rect": null,
                    "text_id": 197,
                    "uid": 214
                },
                {
                    "coord": null,
                    "is_working": true,
                    "name": "Курская",
                    "rect": null,
                    "text_id": 198,
                    "uid": 215
                },
                {
                    "coord": null,
                    "is_working": true,
                    "name": "Москва Товарная",
                    "rect": null,
                    "text_id": 199,
                    "uid": 216
                },
                {
                    "coord": null,
                    "is_working": true,
                    "name": "Калитники",
                    "rect": null,
                    "text_id": 200,
                    "uid": 217
                },
                {
                    "coord": null,
                    "is_working": true,
                    "name": "Новохохловская",
                    "rect": null,
                    "text_id": 122,
                    "uid": 218
                },
                {
                    "coord": null,
                    "is_working": true,
                    "name": "Текстильщики",
                    "rect": null,
                    "text_id": 98,
                    "uid": 219
                },
                {
                    "coord": null,
                    "is_working": true,
                    "name": "Печатники",
                    "rect": null,
                    "text_id": 71,
                    "uid": 220
                },
                {
                    "coord": null,
                    "is_working": true,
                    "name": "Люблино",
                    "rect": null,
                    "text_id": 73,
                    "uid": 221
                },
                {
                    "coord": null,
                    "is_working": true,
                    "name": "Депо",
                    "rect": null,
                    "text_id": 201,
                    "uid": 222
                },
                {
                    "coord": null,
                    "is_working": true,
                    "name": "Перерва",
                    "rect": null,
                    "text_id": 202,
                    "uid": 223
                },
                {
                    "coord": null,
                    "is_working": true,
                    "name": "Курьяново",
                    "rect": null,
                    "text_id": 203,
                    "uid": 224
                },
                {
                    "coord": null,
                    "is_working": true,
                    "name": "Москворечье",
                    "rect": null,
                    "text_id": 204,
                    "uid": 225
                },
                {
                    "coord": null,
                    "is_working": true,
                    "name": "Царицыно",
                    "rect": null,
                    "text_id": 205,
                    "uid": 226
                },
                {
                    "coord": null,
                    "is_working": false,
                    "name": "Котляково",
                    "rect": null,
                    "text_id": 206,
                    "uid": 227
                },
                {
                    "coord": null,
                    "is_working": true,
                    "name": "Покровское",
                    "rect": null,
                    "text_id": 207,
                    "uid": 228
                },
                {
                    "coord": null,
                    "is_working": true,
                    "name": "Красный Строитель",
                    "rect": null,
                    "text_id": 208,
                    "uid": 229
                },
                {
                    "coord": null,
                    "is_working": true,
                    "name": "Битца",
                    "rect": null,
                    "text_id": 209,
                    "uid": 230
                },
                {
                    "coord": null,
                    "is_working": true,
                    "name": "Бутово",
                    "rect": null,
                    "text_id": 210,
                    "uid": 231
                },
                {
                    "coord": null,
                    "is_working": true,
                    "name": "Щербинка",
                    "rect": null,
                    "text_id": 211,
                    "uid": 232
                },
                {
                    "coord": null,
                    "is_working": true,
                    "name": "Остафьево",
                    "rect": null,
                    "text_id": 212,
                    "uid": 233
                },
                {
                    "coord": null,
                    "is_working": true,
                    "name": "Силикатная",
                    "rect": null,
                    "text_id": 213,
                    "uid": 234
                },
                {
                    "coord": null,
                    "is_working": true,
                    "name": "Подольск",
                    "rect": null,
                    "text_id": 214,
                    "uid": 235
                }
            ],
            "text_id": 215
        }
    ],
    "lines_width": 9,
    "name": "kaluzhskorizhskayaline",
    "name_text_id": 356,
    "stations_diameter": 16.0,
    "transfers": [
        [
            206,
            415,
            null,
            null
        ],
        [
            207,
            417,
            null,
            null
        ],
        [
            208,
            141,
            null,
            null
        ],
        [
            212,
            61,
            null,
            null
        ],
        [
            213,
            395,
            [
                179,
                196
            ],
            [
                200,
                208
            ]
        ],
        [
            214,
            5,
            null,
            null
        ],
        [
            214,
            383,
            null,
            null
        ],
        [
            215,
            382,
            null,
            null
        ],
        [
            215,
            65,
            null,
            null
        ],
        [
            218,
            126,
            null,
            null
        ],
        [
            219,
            429,
            null,
            null
        ],
        [
            220,
            70,
            null,
            null
        ],
        [
            226,
            296,
            null,
            null
        ],
        [
            89,
            17,
            null,
            null
        ],
        [
            91,
            407,
            [
                179,
                567
            ],
            [
                200,
                567
            ]
        ],
        [
            106,
            61,
            null,
            null
        ],
        [
            106,
            212,
            null,
            null
        ],
        [
            105,
            395,
            [
                179,
                220
            ],
            [
                200,
                208
            ]
        ],
        [
            105,
            213,
            [
                179,
                220
            ],
            [
                179,
                196
            ]
        ],
        [
            104,
            3,
            null,
            null
        ],
        [
            101,
            440,
            null,
            null
        ],
        [
            100,
            125,
            null,
            null
        ],
        [
            99,
            429,
            null,
            null
        ],
        [
            99,
            219,
            null,
            null
        ],
        [
            98,
            70,
            null,
            null
        ],
        [
            98,
            220,
            null,
            null
        ],
        [
            79,
            284,
            null,
            null
        ],
        [
            81,
            419,
            null,
            null
        ],
        [
            285,
            386,
            null,
            null
        ],
        [
            107,
            412,
            [
                181,
                690
            ],
            [
                200,
                690
            ]
        ],
        [
            77,
            299,
            null,
            null
        ],
        [
            95,
            294,
            null,
            null
        ],
        [
            425,
            399,
            [
                179,
                332
            ],
            [
                200,
                332
            ]
        ],
        [
            5,
            383,
            null,
            null
        ],
        [
            422,
            387,
            null,
            null
        ],
        [
            424,
            8,
            null,
            null
        ],
        [
            382,
            65,
            null,
            null
        ],
        [
            142,
            281,
            null,
            null
        ],
        [
            0,
            119,
            null,
            null
        ],
        [
            418,
            140,
            null,
            null
        ],
        [
            57,
            114,
            null,
            null
        ],
        [
            392,
            116,
            [
                200,
                131
            ],
            [
                179,
                131
            ]
        ],
        [
            1,
            120,
            null,
            null
        ],
        [
            439,
            123,
            null,
            null
        ],
        [
            68,
            128,
            null,
            null
        ],
        [
            291,
            129,
            null,
            null
        ],
        [
            133,
            403,
            [
                179,
                456
            ],
            [
                200,
                456
            ]
        ],
        [
            134,
            14,
            null,
            null
        ],
        [
            401,
            378,
            [
                200,
                407
            ],
            [
                179,
                407
            ]
        ],
        [
            9,
            288,
            null,
            null
        ],
        [
            290,
            380,
            null,
            null
        ],
        [
            12,
            377,
            null,
            null
        ],
        [
            441,
            66,
            null,
            null
        ],
        [
            67,
            427,
            null,
            null
        ],
        [
            396,
            384,
            [
                200,
                245
            ],
            [
                179,
                245
            ]
        ],
        [
            423,
            287,
            null,
            null
        ],
        [
            442,
            381,
            null,
            null
        ],
        [
            381,
            426,
            null,
            null
        ],
        [
            442,
            426,
            null,
            null
        ],
        [
            443,
            400,
            [
                179,
                357
            ],
            [
                200,
                370
            ]
        ],
        [
            400,
            289,
            [
                200,
                370
            ],
            [
                179,
                382
            ]
        ],
        [
            443,
            289,
            [
                179,
                357
            ],
            [
                179,
                382
            ]
        ],
        [
            398,
            7,
            [
                200,
                295
            ],
            [
                179,
                308
            ]
        ],
        [
            398,
            64,
            [
                200,
                295
            ],
            [
                179,
                284
            ]
        ],
        [
            7,
            64,
            [
                179,
                308
            ],
            [
                179,
                284
            ]
        ]
    ],
    "transports": [
        "metro",
        "trains",
        "trams",
        "tramsriver"
    ],
    "type_name": "Метро",
    "type_text_id": 1542,
    "upper_case": true,
    "width": 350,
    "word_wrap": true
}