{
    "default_transports": [
        "trains"
    ],
    "height": 960,
    "images": [
        "res/schemes/yaroslavskayazhd.svg"
    ],
    "is_vector": true,
    "lines": [
        {
            "labels_bg_color": "-1",
            "labels_color": "000000",
            "line_color": "E41c0c",
            "line_width": 6,
            "name": "Сокольническая",
            "segments": [],
            "stations": [
                {
                    "coord": null,
                    "is_working": true,
                    "name": "Бульвар Рокоссовского",
                    "rect": null,
                    "text_id": 0,
                    "uid": 0
                },
                {
                    "coord": null,
                    "is_working": true,
                    "name": "Черкизовская",
                    "rect": null,
                    "text_id": 1,
                    "uid": 1
                },
                {
                    "coord": null,
                    "is_working": true,
                    "name": "Преображенская площадь",
                    "rect": null,
                    "text_id": 2,
                    "uid": 2
                },
                {
                    "coord": null,
                    "is_working": true,
                    "name": "Сокольники",
                    "rect": null,
                    "text_id": 3,
                    "uid": 3
                },
                {
                    "coord": null,
                    "is_working": true,
                    "name": "Красносельская",
                    "rect": null,
                    "text_id": 4,
                    "uid": 4
                },
                {
                    "coord": [
                        80,
                        804
                    ],
                    "is_working": true,
                    "name": "Комсомольская",
                    "rect": [
                        95,
                        803,
                        84,
                        15
                    ],
                    "text_id": 5,
                    "uid": 5
                },
                {
                    "coord": null,
                    "is_working": true,
                    "name": "Красные ворота",
                    "rect": null,
                    "text_id": 6,
                    "uid": 6
                },
                {
                    "coord": null,
                    "is_working": true,
                    "name": "Чистые пруды",
                    "rect": null,
                    "text_id": 7,
                    "uid": 7
                },
                {
                    "coord": null,
                    "is_working": true,
                    "name": "Лубянка",
                    "rect": null,
                    "text_id": 8,
                    "uid": 8
                },
                {
                    "coord": null,
                    "is_working": true,
                    "name": "Охотный ряд",
                    "rect": null,
                    "text_id": 9,
                    "uid": 9
                },
                {
                    "coord": null,
                    "is_working": true,
                    "name": "Библиотека имени Ленина",
                    "rect": null,
                    "text_id": 10,
                    "uid": 10
                },
                {
                    "coord": null,
                    "is_working": true,
                    "name": "Кропоткинская",
                    "rect": null,
                    "text_id": 11,
                    "uid": 11
                },
                {
                    "coord": null,
                    "is_working": true,
                    "name": "Парк культуры",
                    "rect": null,
                    "text_id": 12,
                    "uid": 12
                },
                {
                    "coord": null,
                    "is_working": true,
                    "name": "Фрунзенская",
                    "rect": null,
                    "text_id": 13,
                    "uid": 13
                },
                {
                    "coord": null,
                    "is_working": true,
                    "name": "Спортивная",
                    "rect": null,
                    "text_id": 14,
                    "uid": 14
                },
                {
                    "coord": null,
                    "is_working": true,
                    "name": "Воробьевы горы",
                    "rect": null,
                    "text_id": 15,
                    "uid": 15
                },
                {
                    "coord": null,
                    "is_working": true,
                    "name": "Университет",
                    "rect": null,
                    "text_id": 16,
                    "uid": 16
                },
                {
                    "coord": null,
                    "is_working": true,
                    "name": "Проспект Вернадского",
                    "rect": null,
                    "text_id": 17,
                    "uid": 17
                },
                {
                    "coord": null,
                    "is_working": true,
                    "name": "Юго-Западная",
                    "rect": null,
                    "text_id": 18,
                    "uid": 18
                },
                {
                    "coord": null,
                    "is_working": true,
                    "name": "Тропарёво",
                    "rect": null,
                    "text_id": 19,
                    "uid": 19
                },
                {
                    "coord": null,
                    "is_working": true,
                    "name": "Румянцево",
                    "rect": null,
                    "text_id": 20,
                    "uid": 20
                },
                {
                    "coord": null,
                    "is_working": true,
                    "name": "Саларьево",
                    "rect": null,
                    "text_id": 21,
                    "uid": 21
                },
                {
                    "coord": null,
                    "is_working": true,
                    "name": "Филатов луг",
                    "rect": null,
                    "text_id": 22,
                    "uid": 22
                },
                {
                    "coord": null,
                    "is_working": true,
                    "name": "Прокшино",
                    "rect": null,
                    "text_id": 23,
                    "uid": 23
                },
                {
                    "coord": null,
                    "is_working": true,
                    "name": "Ольховая",
                    "rect": null,
                    "text_id": 24,
                    "uid": 24
                },
                {
                    "coord": null,
                    "is_working": true,
                    "name": "Новомосковская",
                    "rect": null,
                    "text_id": 25,
                    "uid": 25
                },
                {
                    "coord": null,
                    "is_working": true,
                    "name": "Потапово",
                    "rect": null,
                    "text_id": 26,
                    "uid": 26
                }
            ],
            "text_id": 27
        },
        {
            "labels_bg_color": "-1",
            "labels_color": "000000",
            "line_color": "543C04",
            "line_width": 6,
            "name": "Кольцевая",
            "segments": [],
            "stations": [
                {
                    "coord": null,
                    "is_working": true,
                    "name": "Парк культуры",
                    "rect": null,
                    "text_id": 12,
                    "uid": 377
                },
                {
                    "coord": null,
                    "is_working": true,
                    "name": "Октябрьская",
                    "rect": null,
                    "text_id": 330,
                    "uid": 378
                },
                {
                    "coord": null,
                    "is_working": true,
                    "name": "Добрынинская",
                    "rect": null,
                    "text_id": 331,
                    "uid": 379
                },
                {
                    "coord": null,
                    "is_working": true,
                    "name": "Павелецкая",
                    "rect": null,
                    "text_id": 263,
                    "uid": 380
                },
                {
                    "coord": null,
                    "is_working": true,
                    "name": "Таганская",
                    "rect": null,
                    "text_id": 332,
                    "uid": 381
                },
                {
                    "coord": null,
                    "is_working": true,
                    "name": "Курская",
                    "rect": null,
                    "text_id": 198,
                    "uid": 382
                },
                {
                    "coord": [
                        80,
                        779
                    ],
                    "is_working": true,
                    "name": "Комсомольская",
                    "rect": [
                        95,
                        778,
                        84,
                        15
                    ],
                    "text_id": 5,
                    "uid": 383
                },
                {
                    "coord": null,
                    "is_working": true,
                    "name": "Проспект Мира",
                    "rect": null,
                    "text_id": 333,
                    "uid": 384
                },
                {
                    "coord": null,
                    "is_working": true,
                    "name": "Новослободская",
                    "rect": null,
                    "text_id": 334,
                    "uid": 385
                },
                {
                    "coord": null,
                    "is_working": true,
                    "name": "Белорусская",
                    "rect": null,
                    "text_id": 173,
                    "uid": 386
                },
                {
                    "coord": null,
                    "is_working": true,
                    "name": "Краснопресненская",
                    "rect": null,
                    "text_id": 335,
                    "uid": 387
                },
                {
                    "coord": null,
                    "is_working": true,
                    "name": "Киевская",
                    "rect": null,
                    "text_id": 314,
                    "uid": 388
                }
            ],
            "text_id": 336
        },
        {
            "labels_bg_color": "-1",
            "labels_color": "000000",
            "line_color": "94541C",
            "line_width": 6,
            "name": "Ярославская",
            "segments": [
                [
                    697,
                    698,
                    [
                        [
                            105,
                            750
                        ],
                        [
                            99,
                            765
                        ]
                    ],
                    true
                ],
                [
                    698,
                    699,
                    [
                        [
                            111,
                            735
                        ],
                        [
                            105,
                            750
                        ]
                    ],
                    true
                ],
                [
                    699,
                    700,
                    [
                        [
                            117,
                            720
                        ],
                        [
                            111,
                            735
                        ]
                    ],
                    true
                ],
                [
                    700,
                    701,
                    [
                        [
                            123,
                            705
                        ],
                        [
                            117,
                            720
                        ]
                    ],
                    true
                ],
                [
                    701,
                    702,
                    [
                        [
                            129,
                            690
                        ],
                        [
                            123,
                            705
                        ]
                    ],
                    true
                ],
                [
                    702,
                    703,
                    [
                        [
                            135,
                            675
                        ],
                        [
                            129,
                            690
                        ]
                    ],
                    true
                ],
                [
                    703,
                    704,
                    [
                        [
                            141,
                            660
                        ],
                        [
                            135,
                            675
                        ]
                    ],
                    true
                ],
                [
                    704,
                    705,
                    [
                        [
                            147,
                            645
                        ],
                        [
                            141,
                            660
                        ]
                    ],
                    true
                ],
                [
                    705,
                    706,
                    [
                        [
                            153,
                            630
                        ],
                        [
                            147,
                            645
                        ]
                    ],
                    true
                ],
                [
                    706,
                    707,
                    [
                        [
                            159,
                            615
                        ],
                        [
                            153,
                            630
                        ]
                    ],
                    true
                ],
                [
                    706,
                    752,
                    [
                        [
                            183,
                            630
                        ],
                        [
                            153,
                            630
                        ]
                    ],
                    true
                ],
                [
                    707,
                    708,
                    [
                        [
                            165,
                            600
                        ],
                        [
                            159,
                            615
                        ]
                    ],
                    true
                ],
                [
                    708,
                    709,
                    [
                        [
                            171,
                            585
                        ],
                        [
                            165,
                            600
                        ]
                    ],
                    true
                ],
                [
                    709,
                    710,
                    [
                        [
                            177,
                            570
                        ],
                        [
                            171,
                            585
                        ]
                    ],
                    true
                ],
                [
                    710,
                    711,
                    [
                        [
                            183,
                            555
                        ],
                        [
                            177,
                            570
                        ]
                    ],
                    true
                ],
                [
                    711,
                    712,
                    [
                        [
                            189,
                            540
                        ],
                        [
                            183,
                            555
                        ]
                    ],
                    true
                ],
                [
                    712,
                    713,
                    [
                        [
                            195,
                            525
                        ],
                        [
                            189,
                            540
                        ]
                    ],
                    true
                ],
                [
                    713,
                    714,
                    [
                        [
                            201,
                            510
                        ],
                        [
                            195,
                            525
                        ]
                    ],
                    true
                ],
                [
                    714,
                    715,
                    [
                        [
                            207,
                            495
                        ],
                        [
                            201,
                            510
                        ]
                    ],
                    true
                ],
                [
                    715,
                    716,
                    [
                        [
                            213,
                            480
                        ],
                        [
                            207,
                            495
                        ]
                    ],
                    true
                ],
                [
                    716,
                    717,
                    [
                        [
                            219,
                            465
                        ],
                        [
                            213,
                            480
                        ]
                    ],
                    true
                ],
                [
                    717,
                    718,
                    [
                        [
                            225,
                            450
                        ],
                        [
                            219,
                            465
                        ]
                    ],
                    true
                ],
                [
                    717,
                    777,
                    [
                        [
                            242,
                            465
                        ],
                        [
                            219,
                            465
                        ]
                    ],
                    true
                ],
                [
                    718,
                    719,
                    [
                        [
                            231,
                            435
                        ],
                        [
                            225,
                            450
                        ]
                    ],
                    true
                ],
                [
                    719,
                    720,
                    [
                        [
                            237,
                            420
                        ],
                        [
                            231,
                            435
                        ]
                    ],
                    true
                ],
                [
                    720,
                    721,
                    [
                        [
                            243,
                            405
                        ],
                        [
                            237,
                            420
                        ]
                    ],
                    true
                ],
                [
                    721,
                    722,
                    [
                        [
                            249,
                            390
                        ],
                        [
                            243,
                            405
                        ]
                    ],
                    true
                ],
                [
                    722,
                    723,
                    [
                        [
                            267,
                            375
                        ],
                        [
                            249,
                            390
                        ]
                    ],
                    true
                ],
                [
                    723,
                    724,
                    [
                        [
                            285,
                            360
                        ],
                        [
                            267,
                            375
                        ]
                    ],
                    true
                ],
                [
                    724,
                    725,
                    [
                        [
                            303,
                            345
                        ],
                        [
                            285,
                            360
                        ]
                    ],
                    true
                ],
                [
                    725,
                    726,
                    [
                        [
                            321,
                            330
                        ],
                        [
                            303,
                            345
                        ]
                    ],
                    true
                ],
                [
                    726,
                    727,
                    [
                        [
                            339,
                            315
                        ],
                        [
                            321,
                            330
                        ]
                    ],
                    true
                ],
                [
                    727,
                    728,
                    [
                        [
                            357,
                            300
                        ],
                        [
                            339,
                            315
                        ]
                    ],
                    true
                ],
                [
                    728,
                    729,
                    [
                        [
                            381,
                            300
                        ],
                        [
                            357,
                            300
                        ]
                    ],
                    true
                ],
                [
                    729,
                    730,
                    [
                        [
                            405,
                            300
                        ],
                        [
                            381,
                            300
                        ]
                    ],
                    true
                ],
                [
                    730,
                    731,
                    [
                        [
                            429,
                            300
                        ],
                        [
                            405,
                            300
                        ]
                    ],
                    true
                ],
                [
                    731,
                    732,
                    [
                        [
                            453,
                            300
                        ],
                        [
                            429,
                            300
                        ]
                    ],
                    true
                ],
                [
                    732,
                    733,
                    [
                        [
                            465,
                            285
                        ],
                        [
                            453,
                            300
                        ]
                    ],
                    true
                ],
                [
                    733,
                    734,
                    [
                        [
                            477,
                            270
                        ],
                        [
                            465,
                            285
                        ]
                    ],
                    true
                ],
                [
                    734,
                    735,
                    [
                        [
                            489,
                            255
                        ],
                        [
                            477,
                            270
                        ]
                    ],
                    true
                ],
                [
                    735,
                    736,
                    [
                        [
                            501,
                            240
                        ],
                        [
                            489,
                            255
                        ]
                    ],
                    true
                ],
                [
                    736,
                    737,
                    [
                        [
                            513,
                            225
                        ],
                        [
                            501,
                            240
                        ]
                    ],
                    true
                ],
                [
                    737,
                    738,
                    [
                        [
                            525,
                            210
                        ],
                        [
                            513,
                            225
                        ]
                    ],
                    true
                ],
                [
                    738,
                    739,
                    [
                        [
                            537,
                            195
                        ],
                        [
                            525,
                            210
                        ]
                    ],
                    true
                ],
                [
                    739,
                    740,
                    [
                        [
                            549,
                            180
                        ],
                        [
                            537,
                            195
                        ]
                    ],
                    true
                ],
                [
                    740,
                    741,
                    [
                        [
                            561,
                            165
                        ],
                        [
                            549,
                            180
                        ]
                    ],
                    true
                ],
                [
                    741,
                    742,
                    [
                        [
                            573,
                            150
                        ],
                        [
                            561,
                            165
                        ]
                    ],
                    true
                ],
                [
                    742,
                    743,
                    [
                        [
                            585,
                            135
                        ],
                        [
                            573,
                            150
                        ]
                    ],
                    true
                ],
                [
                    743,
                    744,
                    [
                        [
                            597,
                            120
                        ],
                        [
                            585,
                            135
                        ]
                    ],
                    true
                ],
                [
                    744,
                    745,
                    [
                        [
                            609,
                            105
                        ],
                        [
                            597,
                            120
                        ]
                    ],
                    true
                ],
                [
                    745,
                    746,
                    [
                        [
                            621,
                            90
                        ],
                        [
                            609,
                            105
                        ]
                    ],
                    true
                ],
                [
                    746,
                    747,
                    [
                        [
                            633,
                            75
                        ],
                        [
                            621,
                            90
                        ]
                    ],
                    true
                ],
                [
                    747,
                    748,
                    [
                        [
                            645,
                            60
                        ],
                        [
                            633,
                            75
                        ]
                    ],
                    true
                ],
                [
                    748,
                    749,
                    [
                        [
                            657,
                            45
                        ],
                        [
                            645,
                            60
                        ]
                    ],
                    true
                ],
                [
                    749,
                    750,
                    [
                        [
                            669,
                            30
                        ],
                        [
                            657,
                            45
                        ]
                    ],
                    true
                ],
                [
                    750,
                    751,
                    [
                        [
                            681,
                            15
                        ],
                        [
                            669,
                            30
                        ]
                    ],
                    true
                ],
                [
                    752,
                    753,
                    [
                        [
                            201,
                            627
                        ],
                        [
                            183,
                            630
                        ]
                    ],
                    true
                ],
                [
                    752,
                    761,
                    [
                        [
                            201,
                            630
                        ],
                        [
                            183,
                            630
                        ]
                    ],
                    true
                ],
                [
                    753,
                    754,
                    [
                        [
                            213,
                            615
                        ],
                        [
                            201,
                            627
                        ]
                    ],
                    true
                ],
                [
                    754,
                    755,
                    [
                        [
                            225,
                            600
                        ],
                        [
                            213,
                            615
                        ]
                    ],
                    true
                ],
                [
                    755,
                    756,
                    [
                        [
                            249,
                            600
                        ],
                        [
                            225,
                            600
                        ]
                    ],
                    true
                ],
                [
                    756,
                    757,
                    [
                        [
                            273,
                            600
                        ],
                        [
                            249,
                            600
                        ]
                    ],
                    true
                ],
                [
                    757,
                    758,
                    [
                        [
                            297,
                            600
                        ],
                        [
                            273,
                            600
                        ]
                    ],
                    true
                ],
                [
                    758,
                    759,
                    [
                        [
                            321,
                            600
                        ],
                        [
                            297,
                            600
                        ]
                    ],
                    true
                ],
                [
                    759,
                    760,
                    [
                        [
                            345,
                            600
                        ],
                        [
                            321,
                            600
                        ]
                    ],
                    true
                ],
                [
                    761,
                    762,
                    [
                        [
                            225,
                            630
                        ],
                        [
                            201,
                            630
                        ]
                    ],
                    true
                ],
                [
                    762,
                    763,
                    [
                        [
                            249,
                            630
                        ],
                        [
                            225,
                            630
                        ]
                    ],
                    true
                ],
                [
                    763,
                    764,
                    [
                        [
                            273,
                            630
                        ],
                        [
                            249,
                            630
                        ]
                    ],
                    true
                ],
                [
                    764,
                    765,
                    [
                        [
                            297,
                            645
                        ],
                        [
                            273,
                            630
                        ]
                    ],
                    true
                ],
                [
                    765,
                    766,
                    [
                        [
                            321,
                            660
                        ],
                        [
                            297,
                            645
                        ]
                    ],
                    true
                ],
                [
                    766,
                    767,
                    [
                        [
                            345,
                            675
                        ],
                        [
                            321,
                            660
                        ]
                    ],
                    true
                ],
                [
                    767,
                    768,
                    [
                        [
                            369,
                            690
                        ],
                        [
                            345,
                            675
                        ]
                    ],
                    true
                ],
                [
                    768,
                    769,
                    [
                        [
                            393,
                            705
                        ],
                        [
                            369,
                            690
                        ]
                    ],
                    true
                ],
                [
                    769,
                    770,
                    [
                        [
                            417,
                            720
                        ],
                        [
                            393,
                            705
                        ]
                    ],
                    true
                ],
                [
                    770,
                    771,
                    [
                        [
                            441,
                            735
                        ],
                        [
                            417,
                            720
                        ]
                    ],
                    true
                ],
                [
                    771,
                    772,
                    [
                        [
                            465,
                            750
                        ],
                        [
                            441,
                            735
                        ]
                    ],
                    true
                ],
                [
                    772,
                    773,
                    [
                        [
                            489,
                            765
                        ],
                        [
                            465,
                            750
                        ]
                    ],
                    true
                ],
                [
                    773,
                    774,
                    [
                        [
                            513,
                            780
                        ],
                        [
                            489,
                            765
                        ]
                    ],
                    true
                ],
                [
                    774,
                    775,
                    [
                        [
                            537,
                            795
                        ],
                        [
                            513,
                            780
                        ]
                    ],
                    true
                ],
                [
                    775,
                    776,
                    [
                        [
                            561,
                            810
                        ],
                        [
                            537,
                            795
                        ]
                    ],
                    true
                ],
                [
                    777,
                    778,
                    [
                        [
                            266,
                            465
                        ],
                        [
                            242,
                            465
                        ]
                    ],
                    true
                ],
                [
                    778,
                    779,
                    [
                        [
                            291,
                            465
                        ],
                        [
                            266,
                            465
                        ]
                    ],
                    true
                ],
                [
                    779,
                    780,
                    [
                        [
                            309,
                            480
                        ],
                        [
                            291,
                            465
                        ]
                    ],
                    true
                ],
                [
                    780,
                    781,
                    [
                        [
                            327,
                            495
                        ],
                        [
                            309,
                            480
                        ]
                    ],
                    true
                ]
            ],
            "stations": [
                {
                    "coord": [
                        99,
                        765
                    ],
                    "is_working": true,
                    "name": "Москва Ярославская",
                    "rect": [
                        112,
                        757,
                        111,
                        15
                    ],
                    "text_id": 576,
                    "uid": 697
                },
                {
                    "coord": [
                        105,
                        750
                    ],
                    "is_working": true,
                    "name": "Москва-3",
                    "rect": [
                        43,
                        742,
                        49,
                        15
                    ],
                    "text_id": 577,
                    "uid": 698
                },
                {
                    "coord": [
                        111,
                        735
                    ],
                    "is_working": true,
                    "name": "Маленковская",
                    "rect": [
                        26,
                        726,
                        76,
                        15
                    ],
                    "text_id": 578,
                    "uid": 699
                },
                {
                    "coord": [
                        117,
                        720
                    ],
                    "is_working": true,
                    "name": "Яуза",
                    "rect": [
                        80,
                        712,
                        27,
                        15
                    ],
                    "text_id": 579,
                    "uid": 700
                },
                {
                    "coord": [
                        123,
                        705
                    ],
                    "is_working": true,
                    "name": "Северянин",
                    "rect": [
                        54,
                        697,
                        58,
                        15
                    ],
                    "text_id": 580,
                    "uid": 701
                },
                {
                    "coord": [
                        129,
                        690
                    ],
                    "is_working": true,
                    "name": "Лосиноостровская",
                    "rect": [
                        23,
                        683,
                        97,
                        15
                    ],
                    "text_id": 581,
                    "uid": 702
                },
                {
                    "coord": [
                        135,
                        675
                    ],
                    "is_working": true,
                    "name": "Лось",
                    "rect": [
                        97,
                        667,
                        27,
                        15
                    ],
                    "text_id": 582,
                    "uid": 703
                },
                {
                    "coord": [
                        141,
                        660
                    ],
                    "is_working": true,
                    "name": "Перловская",
                    "rect": [
                        67,
                        653,
                        64,
                        15
                    ],
                    "text_id": 583,
                    "uid": 704
                },
                {
                    "coord": [
                        147,
                        645
                    ],
                    "is_working": true,
                    "name": "Тайнинская",
                    "rect": [
                        77,
                        638,
                        61,
                        15
                    ],
                    "text_id": 584,
                    "uid": 705
                },
                {
                    "coord": [
                        153,
                        630
                    ],
                    "is_working": true,
                    "name": "Мытищи",
                    "rect": [
                        97,
                        623,
                        46,
                        15
                    ],
                    "text_id": 585,
                    "uid": 706
                },
                {
                    "coord": [
                        159,
                        615
                    ],
                    "is_working": true,
                    "name": "Строитель",
                    "rect": [
                        93,
                        607,
                        57,
                        15
                    ],
                    "text_id": 586,
                    "uid": 707
                },
                {
                    "coord": [
                        165,
                        600
                    ],
                    "is_working": true,
                    "name": "Челюскинская",
                    "rect": [
                        79,
                        592,
                        77,
                        15
                    ],
                    "text_id": 587,
                    "uid": 708
                },
                {
                    "coord": [
                        171,
                        585
                    ],
                    "is_working": true,
                    "name": "Тарасовская",
                    "rect": [
                        93,
                        578,
                        67,
                        15
                    ],
                    "text_id": 588,
                    "uid": 709
                },
                {
                    "coord": [
                        177,
                        570
                    ],
                    "is_working": true,
                    "name": "Клязьма",
                    "rect": [
                        121,
                        563,
                        46,
                        15
                    ],
                    "text_id": 589,
                    "uid": 710
                },
                {
                    "coord": [
                        183,
                        555
                    ],
                    "is_working": true,
                    "name": "Мамонтовская",
                    "rect": [
                        97,
                        547,
                        77,
                        15
                    ],
                    "text_id": 590,
                    "uid": 711
                },
                {
                    "coord": [
                        189,
                        540
                    ],
                    "is_working": true,
                    "name": "Пушкино",
                    "rect": [
                        131,
                        532,
                        48,
                        15
                    ],
                    "text_id": 591,
                    "uid": 712
                },
                {
                    "coord": [
                        195,
                        525
                    ],
                    "is_working": true,
                    "name": "Заветы Ильича",
                    "rect": [
                        103,
                        516,
                        83,
                        15
                    ],
                    "text_id": 592,
                    "uid": 713
                },
                {
                    "coord": [
                        201,
                        510
                    ],
                    "is_working": true,
                    "name": "Правда",
                    "rect": [
                        151,
                        501,
                        41,
                        15
                    ],
                    "text_id": 593,
                    "uid": 714
                },
                {
                    "coord": [
                        207,
                        495
                    ],
                    "is_working": true,
                    "name": "Зеленоградская",
                    "rect": [
                        112,
                        487,
                        86,
                        15
                    ],
                    "text_id": 594,
                    "uid": 715
                },
                {
                    "coord": [
                        213,
                        480
                    ],
                    "is_working": true,
                    "name": "Пл. 43 км",
                    "rect": [
                        153,
                        472,
                        51,
                        15
                    ],
                    "text_id": 430,
                    "uid": 716
                },
                {
                    "coord": [
                        219,
                        465
                    ],
                    "is_working": true,
                    "name": "Софрино",
                    "rect": [
                        160,
                        457,
                        49,
                        15
                    ],
                    "text_id": 595,
                    "uid": 717
                },
                {
                    "coord": [
                        225,
                        450
                    ],
                    "is_working": true,
                    "name": "Ашукинская",
                    "rect": [
                        150,
                        443,
                        65,
                        15
                    ],
                    "text_id": 596,
                    "uid": 718
                },
                {
                    "coord": [
                        231,
                        435
                    ],
                    "is_working": true,
                    "name": "Калистово",
                    "rect": [
                        164,
                        429,
                        56,
                        15
                    ],
                    "text_id": 597,
                    "uid": 719
                },
                {
                    "coord": [
                        237,
                        420
                    ],
                    "is_working": true,
                    "name": "Радонеж",
                    "rect": [
                        179,
                        412,
                        47,
                        15
                    ],
                    "text_id": 598,
                    "uid": 720
                },
                {
                    "coord": [
                        243,
                        405
                    ],
                    "is_working": true,
                    "name": "Абрамцево",
                    "rect": [
                        174,
                        396,
                        60,
                        15
                    ],
                    "text_id": 599,
                    "uid": 721
                },
                {
                    "coord": [
                        249,
                        390
                    ],
                    "is_working": true,
                    "name": "Хотьково",
                    "rect": [
                        190,
                        380,
                        49,
                        15
                    ],
                    "text_id": 600,
                    "uid": 722
                },
                {
                    "coord": [
                        267,
                        375
                    ],
                    "is_working": true,
                    "name": "Семхоз",
                    "rect": [
                        216,
                        366,
                        41,
                        15
                    ],
                    "text_id": 601,
                    "uid": 723
                },
                {
                    "coord": [
                        285,
                        360
                    ],
                    "is_working": true,
                    "name": "Сергиев Посад",
                    "rect": [
                        195,
                        351,
                        80,
                        15
                    ],
                    "text_id": 602,
                    "uid": 724
                },
                {
                    "coord": [
                        303,
                        345
                    ],
                    "is_working": true,
                    "name": "Пл. 76 км",
                    "rect": [
                        242,
                        335,
                        51,
                        15
                    ],
                    "text_id": 603,
                    "uid": 725
                },
                {
                    "coord": [
                        321,
                        330
                    ],
                    "is_working": true,
                    "name": "Пл. 81 км",
                    "rect": [
                        261,
                        319,
                        51,
                        15
                    ],
                    "text_id": 604,
                    "uid": 726
                },
                {
                    "coord": [
                        339,
                        315
                    ],
                    "is_working": true,
                    "name": "Пл. 83 км",
                    "rect": [
                        277,
                        303,
                        51,
                        15
                    ],
                    "text_id": 605,
                    "uid": 727
                },
                {
                    "coord": [
                        357,
                        300
                    ],
                    "is_working": true,
                    "name": "Бужаниново",
                    "rect": [
                        287,
                        279,
                        65,
                        15
                    ],
                    "text_id": 606,
                    "uid": 728
                },
                {
                    "coord": [
                        381,
                        300
                    ],
                    "is_working": true,
                    "name": "Пл. 90 км",
                    "rect": [
                        374,
                        309,
                        15,
                        51
                    ],
                    "text_id": 553,
                    "uid": 729
                },
                {
                    "coord": [
                        405,
                        300
                    ],
                    "is_working": true,
                    "name": "Арсаки",
                    "rect": [
                        398,
                        309,
                        15,
                        39
                    ],
                    "text_id": 607,
                    "uid": 730
                },
                {
                    "coord": [
                        429,
                        300
                    ],
                    "is_working": true,
                    "name": "Струнино",
                    "rect": [
                        422,
                        309,
                        15,
                        51
                    ],
                    "text_id": 608,
                    "uid": 731
                },
                {
                    "coord": [
                        453,
                        300
                    ],
                    "is_working": true,
                    "name": "Александров",
                    "rect": [
                        462,
                        302,
                        71,
                        15
                    ],
                    "text_id": 609,
                    "uid": 732
                },
                {
                    "coord": [
                        465,
                        285
                    ],
                    "is_working": true,
                    "name": "Пл. 117 км",
                    "rect": [
                        477,
                        285,
                        57,
                        15
                    ],
                    "text_id": 610,
                    "uid": 733
                },
                {
                    "coord": [
                        477,
                        270
                    ],
                    "is_working": true,
                    "name": "Мошнино",
                    "rect": [
                        487,
                        269,
                        50,
                        15
                    ],
                    "text_id": 611,
                    "uid": 734
                },
                {
                    "coord": [
                        489,
                        255
                    ],
                    "is_working": true,
                    "name": "Балакирево",
                    "rect": [
                        498,
                        254,
                        64,
                        15
                    ],
                    "text_id": 612,
                    "uid": 735
                },
                {
                    "coord": [
                        501,
                        240
                    ],
                    "is_working": true,
                    "name": "Багримово",
                    "rect": [
                        512,
                        239,
                        58,
                        15
                    ],
                    "text_id": 613,
                    "uid": 736
                },
                {
                    "coord": [
                        513,
                        225
                    ],
                    "is_working": true,
                    "name": "Пл. 142 км",
                    "rect": [
                        523,
                        222,
                        57,
                        15
                    ],
                    "text_id": 614,
                    "uid": 737
                },
                {
                    "coord": [
                        525,
                        210
                    ],
                    "is_working": true,
                    "name": "Берендеево",
                    "rect": [
                        536,
                        209,
                        65,
                        15
                    ],
                    "text_id": 615,
                    "uid": 738
                },
                {
                    "coord": [
                        537,
                        195
                    ],
                    "is_working": true,
                    "name": "Пл. 147 км",
                    "rect": [
                        547,
                        193,
                        57,
                        15
                    ],
                    "text_id": 616,
                    "uid": 739
                },
                {
                    "coord": [
                        549,
                        180
                    ],
                    "is_working": true,
                    "name": "Шушково",
                    "rect": [
                        561,
                        177,
                        50,
                        15
                    ],
                    "text_id": 617,
                    "uid": 740
                },
                {
                    "coord": [
                        561,
                        165
                    ],
                    "is_working": true,
                    "name": "Пл. 155 км",
                    "rect": [
                        572,
                        162,
                        57,
                        15
                    ],
                    "text_id": 618,
                    "uid": 741
                },
                {
                    "coord": [
                        573,
                        150
                    ],
                    "is_working": true,
                    "name": "Рокша",
                    "rect": [
                        583,
                        149,
                        35,
                        15
                    ],
                    "text_id": 619,
                    "uid": 742
                },
                {
                    "coord": [
                        585,
                        135
                    ],
                    "is_working": true,
                    "name": "Рязанцево",
                    "rect": [
                        597,
                        133,
                        56,
                        15
                    ],
                    "text_id": 620,
                    "uid": 743
                },
                {
                    "coord": [
                        597,
                        120
                    ],
                    "is_working": true,
                    "name": "Беклемишево",
                    "rect": [
                        610,
                        118,
                        75,
                        15
                    ],
                    "text_id": 621,
                    "uid": 744
                },
                {
                    "coord": [
                        609,
                        105
                    ],
                    "is_working": true,
                    "name": "Итларь",
                    "rect": [
                        621,
                        100,
                        40,
                        15
                    ],
                    "text_id": 622,
                    "uid": 745
                },
                {
                    "coord": [
                        621,
                        90
                    ],
                    "is_working": true,
                    "name": "Пл. 187 км",
                    "rect": [
                        634,
                        88,
                        57,
                        15
                    ],
                    "text_id": 623,
                    "uid": 746
                },
                {
                    "coord": [
                        633,
                        75
                    ],
                    "is_working": true,
                    "name": "Сильницы",
                    "rect": [
                        646,
                        71,
                        56,
                        15
                    ],
                    "text_id": 624,
                    "uid": 747
                },
                {
                    "coord": [
                        645,
                        60
                    ],
                    "is_working": true,
                    "name": "Петровск",
                    "rect": [
                        657,
                        58,
                        50,
                        15
                    ],
                    "text_id": 625,
                    "uid": 748
                },
                {
                    "coord": [
                        657,
                        45
                    ],
                    "is_working": true,
                    "name": "Деболовская",
                    "rect": [
                        668,
                        42,
                        69,
                        15
                    ],
                    "text_id": 626,
                    "uid": 749
                },
                {
                    "coord": [
                        669,
                        30
                    ],
                    "is_working": true,
                    "name": "Ростов",
                    "rect": [
                        683,
                        28,
                        38,
                        15
                    ],
                    "text_id": 627,
                    "uid": 750
                },
                {
                    "coord": [
                        681,
                        15
                    ],
                    "is_working": true,
                    "name": "Ярославль",
                    "rect": [
                        694,
                        8,
                        60,
                        15
                    ],
                    "text_id": 628,
                    "uid": 751
                },
                {
                    "coord": [
                        183,
                        630
                    ],
                    "is_working": true,
                    "name": "Подлипки-Дачные",
                    "rect": [
                        177,
                        640,
                        15,
                        96
                    ],
                    "text_id": 629,
                    "uid": 752
                },
                {
                    "coord": [
                        201,
                        627
                    ],
                    "is_working": true,
                    "name": "Пл. Болшево",
                    "rect": [
                        191,
                        548,
                        15,
                        71
                    ],
                    "text_id": 630,
                    "uid": 753
                },
                {
                    "coord": [
                        213,
                        615
                    ],
                    "is_working": true,
                    "name": "Фабрика 1 Мая",
                    "rect": [
                        205,
                        527,
                        15,
                        79
                    ],
                    "text_id": 631,
                    "uid": 754
                },
                {
                    "coord": [
                        225,
                        600
                    ],
                    "is_working": true,
                    "name": "Зеленый Бор",
                    "rect": [
                        219,
                        518,
                        15,
                        72
                    ],
                    "text_id": 632,
                    "uid": 755
                },
                {
                    "coord": [
                        249,
                        600
                    ],
                    "is_working": true,
                    "name": "Ивантеевка-2",
                    "rect": [
                        247,
                        521,
                        15,
                        71
                    ],
                    "text_id": 633,
                    "uid": 756
                },
                {
                    "coord": [
                        273,
                        600
                    ],
                    "is_working": true,
                    "name": "Ивантеевка",
                    "rect": [
                        267,
                        528,
                        15,
                        62
                    ],
                    "text_id": 634,
                    "uid": 757
                },
                {
                    "coord": [
                        297,
                        600
                    ],
                    "is_working": true,
                    "name": "Детская",
                    "rect": [
                        290,
                        547,
                        15,
                        43
                    ],
                    "text_id": 635,
                    "uid": 758
                },
                {
                    "coord": [
                        321,
                        600
                    ],
                    "is_working": true,
                    "name": "Фрязино Тов.",
                    "rect": [
                        314,
                        521,
                        15,
                        70
                    ],
                    "text_id": 636,
                    "uid": 759
                },
                {
                    "coord": [
                        345,
                        600
                    ],
                    "is_working": true,
                    "name": "Фрязино Пасс.",
                    "rect": [
                        338,
                        513,
                        15,
                        78
                    ],
                    "text_id": 637,
                    "uid": 760
                },
                {
                    "coord": [
                        201,
                        630
                    ],
                    "is_working": true,
                    "name": "Болшево",
                    "rect": [
                        195,
                        640,
                        15,
                        50
                    ],
                    "text_id": 638,
                    "uid": 761
                },
                {
                    "coord": [
                        225,
                        630
                    ],
                    "is_working": true,
                    "name": "Валентиновка",
                    "rect": [
                        219,
                        640,
                        15,
                        75
                    ],
                    "text_id": 639,
                    "uid": 762
                },
                {
                    "coord": [
                        249,
                        630
                    ],
                    "is_working": true,
                    "name": "Загорянская",
                    "rect": [
                        242,
                        640,
                        15,
                        66
                    ],
                    "text_id": 640,
                    "uid": 763
                },
                {
                    "coord": [
                        273,
                        630
                    ],
                    "is_working": true,
                    "name": "Соколовская",
                    "rect": [
                        283,
                        618,
                        69,
                        15
                    ],
                    "text_id": 641,
                    "uid": 764
                },
                {
                    "coord": [
                        297,
                        645
                    ],
                    "is_working": true,
                    "name": "Воронок",
                    "rect": [
                        307,
                        631,
                        45,
                        15
                    ],
                    "text_id": 642,
                    "uid": 765
                },
                {
                    "coord": [
                        321,
                        660
                    ],
                    "is_working": true,
                    "name": "Щелково",
                    "rect": [
                        332,
                        647,
                        49,
                        15
                    ],
                    "text_id": 643,
                    "uid": 766
                },
                {
                    "coord": [
                        345,
                        675
                    ],
                    "is_working": true,
                    "name": "Гагаринская",
                    "rect": [
                        356,
                        661,
                        65,
                        15
                    ],
                    "text_id": 644,
                    "uid": 767
                },
                {
                    "coord": [
                        369,
                        690
                    ],
                    "is_working": true,
                    "name": "Чкаловская",
                    "rect": [
                        381,
                        677,
                        62,
                        15
                    ],
                    "text_id": 66,
                    "uid": 768
                },
                {
                    "coord": [
                        393,
                        705
                    ],
                    "is_working": true,
                    "name": "Бахчиванджи",
                    "rect": [
                        404,
                        693,
                        72,
                        15
                    ],
                    "text_id": 645,
                    "uid": 769
                },
                {
                    "coord": [
                        417,
                        720
                    ],
                    "is_working": true,
                    "name": "Циолковская",
                    "rect": [
                        428,
                        708,
                        69,
                        15
                    ],
                    "text_id": 646,
                    "uid": 770
                },
                {
                    "coord": [
                        441,
                        735
                    ],
                    "is_working": true,
                    "name": "Осеевская",
                    "rect": [
                        452,
                        723,
                        57,
                        15
                    ],
                    "text_id": 647,
                    "uid": 771
                },
                {
                    "coord": [
                        465,
                        750
                    ],
                    "is_working": true,
                    "name": "Монино",
                    "rect": [
                        476,
                        738,
                        41,
                        15
                    ],
                    "text_id": 648,
                    "uid": 772
                },
                {
                    "coord": [
                        489,
                        765
                    ],
                    "is_working": true,
                    "name": "Кашино",
                    "rect": [
                        499,
                        753,
                        41,
                        15
                    ],
                    "text_id": 649,
                    "uid": 773
                },
                {
                    "coord": [
                        513,
                        780
                    ],
                    "is_working": true,
                    "name": "Колонтаево",
                    "rect": [
                        524,
                        768,
                        62,
                        15
                    ],
                    "text_id": 650,
                    "uid": 774
                },
                {
                    "coord": [
                        537,
                        795
                    ],
                    "is_working": true,
                    "name": "Лесная",
                    "rect": [
                        547,
                        783,
                        39,
                        15
                    ],
                    "text_id": 651,
                    "uid": 775
                },
                {
                    "coord": [
                        561,
                        810
                    ],
                    "is_working": true,
                    "name": "Фрязево",
                    "rect": [
                        572,
                        803,
                        46,
                        15
                    ],
                    "text_id": 433,
                    "uid": 776
                },
                {
                    "coord": [
                        242,
                        465
                    ],
                    "is_working": true,
                    "name": "пос. Дальний",
                    "rect": [
                        233,
                        474,
                        15,
                        70
                    ],
                    "text_id": 652,
                    "uid": 777
                },
                {
                    "coord": [
                        266,
                        465
                    ],
                    "is_working": true,
                    "name": "Рахманово",
                    "rect": [
                        260,
                        397,
                        15,
                        59
                    ],
                    "text_id": 653,
                    "uid": 778
                },
                {
                    "coord": [
                        291,
                        465
                    ],
                    "is_working": true,
                    "name": "Федоровское",
                    "rect": [
                        283,
                        385,
                        15,
                        71
                    ],
                    "text_id": 654,
                    "uid": 779
                },
                {
                    "coord": [
                        309,
                        480
                    ],
                    "is_working": true,
                    "name": "Путилово",
                    "rect": [
                        304,
                        418,
                        15,
                        52
                    ],
                    "text_id": 655,
                    "uid": 780
                },
                {
                    "coord": [
                        327,
                        495
                    ],
                    "is_working": true,
                    "name": "Красноармейск",
                    "rect": [
                        324,
                        404,
                        15,
                        81
                    ],
                    "text_id": 656,
                    "uid": 781
                }
            ],
            "text_id": 657
        },
        {
            "labels_bg_color": "-1",
            "labels_color": "000000",
            "line_color": "DE7272",
            "line_width": 6,
            "name": "МЦК",
            "segments": [],
            "stations": [
                {
                    "coord": null,
                    "is_working": true,
                    "name": "Окружная",
                    "rect": null,
                    "text_id": 59,
                    "uid": 114
                },
                {
                    "coord": null,
                    "is_working": true,
                    "name": "Владыкино",
                    "rect": null,
                    "text_id": 31,
                    "uid": 115
                },
                {
                    "coord": null,
                    "is_working": true,
                    "name": "Ботанический сад",
                    "rect": null,
                    "text_id": 114,
                    "uid": 116
                },
                {
                    "coord": [
                        139,
                        712
                    ],
                    "is_working": true,
                    "name": "Ростокино",
                    "rect": [
                        132,
                        723,
                        55,
                        15
                    ],
                    "text_id": 115,
                    "uid": 117
                },
                {
                    "coord": null,
                    "is_working": true,
                    "name": "Белокаменная",
                    "rect": null,
                    "text_id": 116,
                    "uid": 118
                },
                {
                    "coord": null,
                    "is_working": true,
                    "name": "Бульвар Рокоссовского",
                    "rect": null,
                    "text_id": 0,
                    "uid": 119
                },
                {
                    "coord": null,
                    "is_working": true,
                    "name": "Локомотив",
                    "rect": null,
                    "text_id": 117,
                    "uid": 120
                },
                {
                    "coord": null,
                    "is_working": true,
                    "name": "Измайлово",
                    "rect": null,
                    "text_id": 118,
                    "uid": 121
                },
                {
                    "coord": null,
                    "is_working": true,
                    "name": "Соколиная Гора",
                    "rect": null,
                    "text_id": 119,
                    "uid": 122
                },
                {
                    "coord": null,
                    "is_working": true,
                    "name": "Шоссе Энтузиастов",
                    "rect": null,
                    "text_id": 120,
                    "uid": 123
                },
                {
                    "coord": null,
                    "is_working": true,
                    "name": "Андроновка",
                    "rect": null,
                    "text_id": 121,
                    "uid": 124
                },
                {
                    "coord": null,
                    "is_working": true,
                    "name": "Нижегородская",
                    "rect": null,
                    "text_id": 99,
                    "uid": 125
                },
                {
                    "coord": null,
                    "is_working": true,
                    "name": "Новохохловская",
                    "rect": null,
                    "text_id": 122,
                    "uid": 126
                },
                {
                    "coord": null,
                    "is_working": true,
                    "name": "Угрешская",
                    "rect": null,
                    "text_id": 123,
                    "uid": 127
                },
                {
                    "coord": null,
                    "is_working": true,
                    "name": "Дубровка",
                    "rect": null,
                    "text_id": 69,
                    "uid": 128
                },
                {
                    "coord": null,
                    "is_working": true,
                    "name": "Автозаводская",
                    "rect": null,
                    "text_id": 124,
                    "uid": 129
                },
                {
                    "coord": null,
                    "is_working": true,
                    "name": "ЗИЛ",
                    "rect": null,
                    "text_id": 125,
                    "uid": 130
                },
                {
                    "coord": null,
                    "is_working": true,
                    "name": "Верхние Котлы",
                    "rect": null,
                    "text_id": 126,
                    "uid": 131
                },
                {
                    "coord": null,
                    "is_working": true,
                    "name": "Крымская",
                    "rect": null,
                    "text_id": 127,
                    "uid": 132
                },
                {
                    "coord": null,
                    "is_working": true,
                    "name": "Площадь Гагарина",
                    "rect": null,
                    "text_id": 128,
                    "uid": 133
                },
                {
                    "coord": null,
                    "is_working": true,
                    "name": "Лужники",
                    "rect": null,
                    "text_id": 129,
                    "uid": 134
                },
                {
                    "coord": null,
                    "is_working": true,
                    "name": "Кутузовская",
                    "rect": null,
                    "text_id": 130,
                    "uid": 135
                },
                {
                    "coord": null,
                    "is_working": true,
                    "name": "Москва-Сити",
                    "rect": null,
                    "text_id": 131,
                    "uid": 136
                },
                {
                    "coord": null,
                    "is_working": true,
                    "name": "Шелепиха",
                    "rect": null,
                    "text_id": 132,
                    "uid": 137
                },
                {
                    "coord": null,
                    "is_working": true,
                    "name": "Хорошёво",
                    "rect": null,
                    "text_id": 133,
                    "uid": 138
                },
                {
                    "coord": null,
                    "is_working": true,
                    "name": "Зорге",
                    "rect": null,
                    "text_id": 134,
                    "uid": 139
                },
                {
                    "coord": null,
                    "is_working": true,
                    "name": "Панфиловская",
                    "rect": null,
                    "text_id": 135,
                    "uid": 140
                },
                {
                    "coord": null,
                    "is_working": true,
                    "name": "Стрешнево",
                    "rect": null,
                    "text_id": 136,
                    "uid": 141
                },
                {
                    "coord": null,
                    "is_working": true,
                    "name": "Балтийская",
                    "rect": null,
                    "text_id": 137,
                    "uid": 142
                },
                {
                    "coord": null,
                    "is_working": true,
                    "name": "Коптево",
                    "rect": null,
                    "text_id": 138,
                    "uid": 143
                },
                {
                    "coord": null,
                    "is_working": true,
                    "name": "Лихоборы",
                    "rect": null,
                    "text_id": 139,
                    "uid": 144
                }
            ],
            "text_id": 140
        }
    ],
    "lines_width": 6,
    "name": "yaroslavskayazhd",
    "name_text_id": 657,
    "stations_diameter": 12.0,
    "transfers": [
        [
            5,
            383,
            [
                80,
                804
            ],
            [
                80,
                779
            ]
        ],
        [
            0,
            119,
            null,
            null
        ],
        [
            1,
            120,
            null,
            null
        ],
        [
            134,
            14,
            null,
            null
        ],
        [
            12,
            377,
            null,
            null
        ],
        [
            117,
            701,
            [
                139,
                712
            ],
            [
                123,
                705
            ]
        ]
    ],
    "transports": [
        "metro",
        "trains",
        "trams",
        "tramsriver"
    ],
    "type_name": "Электричка",
    "type_text_id": 1543,
    "upper_case": false,
    "width": 831,
    "word_wrap": false
}