[
    {
        "caption": "Схема",
        "image": "res/stations/alabinakaya.svg",
        "line": "1",
        "station": "Алабинская"
    },
    {
        "caption": "Схема",
        "image": "res/stations/rossiyskaya.svg",
        "line": "1",
        "station": "Российская"
    },
    {
        "caption": "Схема",
        "image": "res/stations/moskovskaya.svg",
        "line": "1",
        "station": "Московская"
    },
    {
        "caption": "Схема",
        "image": "res/stations/gagarinskaya.svg",
        "line": "1",
        "station": "Гагаринская"
    },
    {
        "caption": "Схема",
        "image": "res/stations/sportivnaya.svg",
        "line": "1",
        "station": "Спортивная"
    },
    {
        "caption": "Схема",
        "image": "res/stations/sovetskaya.svg",
        "line": "1",
        "station": "Советская"
    },
    {
        "caption": "Схема",
        "image": "res/stations/pobeda.svg",
        "line": "1",
        "station": "Победа"
    },
    {
        "caption": "Схема",
        "image": "res/stations/bezymyanka.svg",
        "line": "1",
        "station": "Безымянка"
    },
    {
        "caption": "Схема",
        "image": "res/stations/kirovskaya.svg",
        "line": "1",
        "station": "Кировская"
    },
    {
        "caption": "Схема",
        "image": "res/stations/yungorodok.svg",
        "line": "1",
        "station": "Юнгородок"
    },
    {
        "caption": "Схема",
        "image": "res/stations/krylyasovetov.svg",
        "line": "1",
        "station": "Крылья Советов"
    }
]