{
    "default_transports": [
        "metro"
    ],
    "height": 570,
    "images": [
        "res/schemes/3.svg"
    ],
    "is_vector": true,
    "lines": [
        {
            "labels_bg_color": "-1",
            "labels_color": "000000",
            "line_color": "DC004B",
            "line_width": 9,
            "name": "Линия 1",
            "segments": [],
            "stations": [
                {
                    "coord": null,
                    "is_working": true,
                    "name": "Девяткино",
                    "rect": null,
                    "text_id": 0,
                    "uid": 0
                },
                {
                    "coord": null,
                    "is_working": true,
                    "name": "Гражданский пр.",
                    "rect": null,
                    "text_id": 1,
                    "uid": 1
                },
                {
                    "coord": null,
                    "is_working": true,
                    "name": "Академическая",
                    "rect": null,
                    "text_id": 2,
                    "uid": 2
                },
                {
                    "coord": null,
                    "is_working": true,
                    "name": "Политехническая",
                    "rect": null,
                    "text_id": 3,
                    "uid": 3
                },
                {
                    "coord": null,
                    "is_working": true,
                    "name": "пл.Мужества",
                    "rect": null,
                    "text_id": 4,
                    "uid": 4
                },
                {
                    "coord": null,
                    "is_working": true,
                    "name": "Лесная",
                    "rect": null,
                    "text_id": 5,
                    "uid": 5
                },
                {
                    "coord": null,
                    "is_working": true,
                    "name": "Выборгская",
                    "rect": null,
                    "text_id": 6,
                    "uid": 6
                },
                {
                    "coord": null,
                    "is_working": true,
                    "name": "пл.Ленина",
                    "rect": null,
                    "text_id": 7,
                    "uid": 7
                },
                {
                    "coord": null,
                    "is_working": true,
                    "name": "Чернышевская",
                    "rect": null,
                    "text_id": 8,
                    "uid": 8
                },
                {
                    "coord": [
                        221,
                        180
                    ],
                    "is_working": true,
                    "name": "пл.Восстания",
                    "rect": [
                        100,
                        185,
                        75,
                        10
                    ],
                    "text_id": 9,
                    "uid": 9
                },
                {
                    "coord": null,
                    "is_working": true,
                    "name": "Владимирская",
                    "rect": null,
                    "text_id": 10,
                    "uid": 10
                },
                {
                    "coord": null,
                    "is_working": true,
                    "name": "Пушкинская",
                    "rect": null,
                    "text_id": 11,
                    "uid": 11
                },
                {
                    "coord": null,
                    "is_working": true,
                    "name": "Технологический институт-I",
                    "rect": null,
                    "text_id": 12,
                    "uid": 12
                },
                {
                    "coord": null,
                    "is_working": true,
                    "name": "Балтийская",
                    "rect": null,
                    "text_id": 13,
                    "uid": 13
                },
                {
                    "coord": null,
                    "is_working": true,
                    "name": "Нарвская",
                    "rect": null,
                    "text_id": 14,
                    "uid": 14
                },
                {
                    "coord": null,
                    "is_working": true,
                    "name": "Кировский завод",
                    "rect": null,
                    "text_id": 15,
                    "uid": 15
                },
                {
                    "coord": null,
                    "is_working": true,
                    "name": "Автово",
                    "rect": null,
                    "text_id": 16,
                    "uid": 16
                },
                {
                    "coord": null,
                    "is_working": true,
                    "name": "Ленинский пр.",
                    "rect": null,
                    "text_id": 17,
                    "uid": 17
                },
                {
                    "coord": null,
                    "is_working": true,
                    "name": "пр.Ветеранов",
                    "rect": null,
                    "text_id": 18,
                    "uid": 18
                }
            ],
            "text_id": 19
        },
        {
            "labels_bg_color": "-1",
            "labels_color": "000000",
            "line_color": "0071B9",
            "line_width": 9,
            "name": "Линия 2",
            "segments": [],
            "stations": [
                {
                    "coord": null,
                    "is_working": true,
                    "name": "Парнас",
                    "rect": null,
                    "text_id": 20,
                    "uid": 19
                },
                {
                    "coord": null,
                    "is_working": true,
                    "name": "пр.Просвещения",
                    "rect": null,
                    "text_id": 21,
                    "uid": 20
                },
                {
                    "coord": null,
                    "is_working": true,
                    "name": "Озерки",
                    "rect": null,
                    "text_id": 22,
                    "uid": 21
                },
                {
                    "coord": null,
                    "is_working": true,
                    "name": "Удельная",
                    "rect": null,
                    "text_id": 23,
                    "uid": 22
                },
                {
                    "coord": null,
                    "is_working": true,
                    "name": "Пионерская",
                    "rect": null,
                    "text_id": 24,
                    "uid": 23
                },
                {
                    "coord": null,
                    "is_working": true,
                    "name": "Чёрная речка",
                    "rect": null,
                    "text_id": 25,
                    "uid": 24
                },
                {
                    "coord": null,
                    "is_working": true,
                    "name": "Петроградская",
                    "rect": null,
                    "text_id": 26,
                    "uid": 25
                },
                {
                    "coord": null,
                    "is_working": false,
                    "name": "Горьковская",
                    "rect": null,
                    "text_id": 27,
                    "uid": 26
                },
                {
                    "coord": [
                        221,
                        140
                    ],
                    "is_working": true,
                    "name": "Невский пр.",
                    "rect": [
                        105,
                        140,
                        100,
                        10
                    ],
                    "text_id": 28,
                    "uid": 27
                },
                {
                    "coord": null,
                    "is_working": true,
                    "name": "Сенная площадь",
                    "rect": null,
                    "text_id": 29,
                    "uid": 28
                },
                {
                    "coord": null,
                    "is_working": true,
                    "name": "Технологический институт-II",
                    "rect": null,
                    "text_id": 30,
                    "uid": 29
                },
                {
                    "coord": null,
                    "is_working": true,
                    "name": "Фрунзенская",
                    "rect": null,
                    "text_id": 31,
                    "uid": 30
                },
                {
                    "coord": null,
                    "is_working": true,
                    "name": "Московские ворота",
                    "rect": null,
                    "text_id": 32,
                    "uid": 31
                },
                {
                    "coord": null,
                    "is_working": true,
                    "name": "Электросила",
                    "rect": null,
                    "text_id": 33,
                    "uid": 32
                },
                {
                    "coord": null,
                    "is_working": true,
                    "name": "Парк Победы",
                    "rect": null,
                    "text_id": 34,
                    "uid": 33
                },
                {
                    "coord": null,
                    "is_working": true,
                    "name": "Московская",
                    "rect": null,
                    "text_id": 35,
                    "uid": 34
                },
                {
                    "coord": null,
                    "is_working": true,
                    "name": "Звёздная",
                    "rect": null,
                    "text_id": 36,
                    "uid": 35
                },
                {
                    "coord": null,
                    "is_working": true,
                    "name": "Купчино",
                    "rect": null,
                    "text_id": 37,
                    "uid": 36
                }
            ],
            "text_id": 38
        },
        {
            "labels_bg_color": "-1",
            "labels_color": "000000",
            "line_color": "00873A",
            "line_width": 9,
            "name": "Линия 3",
            "segments": [
                [
                    37,
                    38,
                    [
                        [
                            240,
                            100
                        ],
                        [
                            240,
                            60
                        ]
                    ],
                    true
                ],
                [
                    38,
                    39,
                    [
                        [
                            240,
                            140
                        ],
                        [
                            240,
                            100
                        ]
                    ],
                    true
                ],
                [
                    39,
                    40,
                    [
                        [
                            240,
                            180
                        ],
                        [
                            240,
                            140
                        ]
                    ],
                    true
                ],
                [
                    40,
                    41,
                    [
                        [
                            240,
                            220
                        ],
                        [
                            240,
                            180
                        ]
                    ],
                    true
                ],
                [
                    41,
                    42,
                    [
                        [
                            240,
                            260
                        ],
                        [
                            240,
                            220
                        ]
                    ],
                    true
                ],
                [
                    42,
                    43,
                    [
                        [
                            240,
                            300
                        ],
                        [
                            240,
                            260
                        ]
                    ],
                    true
                ],
                [
                    43,
                    44,
                    [
                        [
                            240,
                            340
                        ],
                        [
                            240,
                            300
                        ]
                    ],
                    true
                ],
                [
                    44,
                    45,
                    [
                        [
                            240,
                            380
                        ],
                        [
                            240,
                            340
                        ]
                    ],
                    true
                ],
                [
                    45,
                    46,
                    [
                        [
                            240,
                            420
                        ],
                        [
                            240,
                            380
                        ]
                    ],
                    true
                ]
            ],
            "stations": [
                {
                    "coord": [
                        240,
                        60
                    ],
                    "is_working": true,
                    "name": "Приморская",
                    "rect": [
                        255,
                        50,
                        100,
                        20
                    ],
                    "text_id": 39,
                    "uid": 37
                },
                {
                    "coord": [
                        240,
                        100
                    ],
                    "is_working": true,
                    "name": "Василеостровская",
                    "rect": [
                        255,
                        90,
                        100,
                        20
                    ],
                    "text_id": 40,
                    "uid": 38
                },
                {
                    "coord": [
                        240,
                        140
                    ],
                    "is_working": true,
                    "name": "Гостиный двор",
                    "rect": [
                        255,
                        130,
                        100,
                        20
                    ],
                    "text_id": 41,
                    "uid": 39
                },
                {
                    "coord": [
                        240,
                        180
                    ],
                    "is_working": true,
                    "name": "Маяковская",
                    "rect": [
                        255,
                        170,
                        100,
                        20
                    ],
                    "text_id": 42,
                    "uid": 40
                },
                {
                    "coord": [
                        240,
                        220
                    ],
                    "is_working": true,
                    "name": "пл.Ал.Невского-I",
                    "rect": [
                        255,
                        210,
                        100,
                        20
                    ],
                    "text_id": 43,
                    "uid": 41
                },
                {
                    "coord": [
                        240,
                        260
                    ],
                    "is_working": true,
                    "name": "Елизаровская",
                    "rect": [
                        255,
                        250,
                        100,
                        20
                    ],
                    "text_id": 44,
                    "uid": 42
                },
                {
                    "coord": [
                        240,
                        300
                    ],
                    "is_working": true,
                    "name": "Ломоносовская",
                    "rect": [
                        255,
                        290,
                        100,
                        20
                    ],
                    "text_id": 45,
                    "uid": 43
                },
                {
                    "coord": [
                        240,
                        340
                    ],
                    "is_working": true,
                    "name": "Пролетарская",
                    "rect": [
                        255,
                        330,
                        100,
                        20
                    ],
                    "text_id": 46,
                    "uid": 44
                },
                {
                    "coord": [
                        240,
                        380
                    ],
                    "is_working": true,
                    "name": "Обухово",
                    "rect": [
                        255,
                        370,
                        100,
                        20
                    ],
                    "text_id": 47,
                    "uid": 45
                },
                {
                    "coord": [
                        240,
                        420
                    ],
                    "is_working": true,
                    "name": "Рыбацкое",
                    "rect": [
                        255,
                        410,
                        100,
                        20
                    ],
                    "text_id": 48,
                    "uid": 46
                }
            ],
            "text_id": 49
        },
        {
            "labels_bg_color": "-1",
            "labels_color": "000000",
            "line_color": "EA7B16",
            "line_width": 9,
            "name": "Линия 4",
            "segments": [],
            "stations": [
                {
                    "coord": null,
                    "is_working": true,
                    "name": "Комендантский пр.",
                    "rect": null,
                    "text_id": 50,
                    "uid": 47
                },
                {
                    "coord": null,
                    "is_working": true,
                    "name": "Старая деревня",
                    "rect": null,
                    "text_id": 51,
                    "uid": 48
                },
                {
                    "coord": null,
                    "is_working": true,
                    "name": "Крестовский остров",
                    "rect": null,
                    "text_id": 52,
                    "uid": 49
                },
                {
                    "coord": null,
                    "is_working": true,
                    "name": "Чкаловская",
                    "rect": null,
                    "text_id": 53,
                    "uid": 50
                },
                {
                    "coord": null,
                    "is_working": true,
                    "name": "Спортивная",
                    "rect": null,
                    "text_id": 54,
                    "uid": 51
                },
                {
                    "coord": null,
                    "is_working": true,
                    "name": "Садовая",
                    "rect": null,
                    "text_id": 55,
                    "uid": 52
                },
                {
                    "coord": null,
                    "is_working": true,
                    "name": "Достоевская",
                    "rect": null,
                    "text_id": 56,
                    "uid": 53
                },
                {
                    "coord": null,
                    "is_working": true,
                    "name": "Лиговский пр.",
                    "rect": null,
                    "text_id": 57,
                    "uid": 54
                },
                {
                    "coord": [
                        221,
                        220
                    ],
                    "is_working": true,
                    "name": "пл.Ал.Невского-II",
                    "rect": [
                        105,
                        220,
                        100,
                        10
                    ],
                    "text_id": 58,
                    "uid": 55
                },
                {
                    "coord": null,
                    "is_working": true,
                    "name": "Новочеркасская",
                    "rect": null,
                    "text_id": 59,
                    "uid": 56
                },
                {
                    "coord": null,
                    "is_working": true,
                    "name": "Ладожская",
                    "rect": null,
                    "text_id": 60,
                    "uid": 57
                },
                {
                    "coord": null,
                    "is_working": true,
                    "name": "пр.Большевиков",
                    "rect": null,
                    "text_id": 61,
                    "uid": 58
                },
                {
                    "coord": null,
                    "is_working": true,
                    "name": "ул.Дыбенко",
                    "rect": null,
                    "text_id": 62,
                    "uid": 59
                }
            ],
            "text_id": 63
        },
        {
            "labels_bg_color": "-1",
            "labels_color": "000000",
            "line_color": "009999",
            "line_width": 9,
            "name": "Электричка: Московский",
            "segments": [
                [
                    199,
                    272,
                    [
                        [
                            210,
                            420
                        ],
                        [
                            210,
                            380
                        ]
                    ],
                    true
                ]
            ],
            "stations": [
                {
                    "coord": [
                        190,
                        180
                    ],
                    "is_working": true,
                    "name": "Московский вокзал",
                    "rect": [
                        100,
                        165,
                        75,
                        10
                    ],
                    "text_id": 195,
                    "uid": 194
                },
                {
                    "coord": null,
                    "is_working": true,
                    "name": "Навалочная",
                    "rect": null,
                    "text_id": 196,
                    "uid": 195
                },
                {
                    "coord": null,
                    "is_working": true,
                    "name": "5 км",
                    "rect": null,
                    "text_id": 197,
                    "uid": 196
                },
                {
                    "coord": null,
                    "is_working": true,
                    "name": "Фарфоровская",
                    "rect": null,
                    "text_id": 198,
                    "uid": 197
                },
                {
                    "coord": null,
                    "is_working": true,
                    "name": "Сортировочная",
                    "rect": null,
                    "text_id": 199,
                    "uid": 198
                },
                {
                    "coord": [
                        210,
                        380
                    ],
                    "is_working": true,
                    "name": "Обухово",
                    "rect": [
                        145,
                        380,
                        50,
                        10
                    ],
                    "text_id": 47,
                    "uid": 199
                },
                {
                    "coord": null,
                    "is_working": true,
                    "name": "Славянка",
                    "rect": null,
                    "text_id": 200,
                    "uid": 200
                },
                {
                    "coord": null,
                    "is_working": true,
                    "name": "Металлострой",
                    "rect": null,
                    "text_id": 201,
                    "uid": 201
                },
                {
                    "coord": null,
                    "is_working": true,
                    "name": "Ижорский Завод",
                    "rect": null,
                    "text_id": 202,
                    "uid": 202
                },
                {
                    "coord": null,
                    "is_working": true,
                    "name": "Колпино",
                    "rect": null,
                    "text_id": 203,
                    "uid": 203
                },
                {
                    "coord": null,
                    "is_working": true,
                    "name": "Поповка",
                    "rect": null,
                    "text_id": 204,
                    "uid": 204
                },
                {
                    "coord": null,
                    "is_working": true,
                    "name": "Саблино",
                    "rect": null,
                    "text_id": 205,
                    "uid": 205
                },
                {
                    "coord": null,
                    "is_working": true,
                    "name": "Тосно-II",
                    "rect": null,
                    "text_id": 206,
                    "uid": 206
                },
                {
                    "coord": null,
                    "is_working": true,
                    "name": "Тосно-I",
                    "rect": null,
                    "text_id": 207,
                    "uid": 207
                },
                {
                    "coord": null,
                    "is_working": true,
                    "name": "Ушаки",
                    "rect": null,
                    "text_id": 208,
                    "uid": 208
                },
                {
                    "coord": null,
                    "is_working": true,
                    "name": "Георгиевская",
                    "rect": null,
                    "text_id": 209,
                    "uid": 209
                },
                {
                    "coord": null,
                    "is_working": true,
                    "name": "Рябово",
                    "rect": null,
                    "text_id": 210,
                    "uid": 210
                },
                {
                    "coord": null,
                    "is_working": true,
                    "name": "Соколов Ручей",
                    "rect": null,
                    "text_id": 211,
                    "uid": 211
                },
                {
                    "coord": null,
                    "is_working": true,
                    "name": "Болотницкая",
                    "rect": null,
                    "text_id": 212,
                    "uid": 212
                },
                {
                    "coord": null,
                    "is_working": true,
                    "name": "Любань",
                    "rect": null,
                    "text_id": 213,
                    "uid": 213
                },
                {
                    "coord": null,
                    "is_working": true,
                    "name": "Померанье",
                    "rect": null,
                    "text_id": 214,
                    "uid": 214
                },
                {
                    "coord": null,
                    "is_working": true,
                    "name": "93 км",
                    "rect": null,
                    "text_id": 215,
                    "uid": 215
                },
                {
                    "coord": null,
                    "is_working": true,
                    "name": "Трубниково",
                    "rect": null,
                    "text_id": 216,
                    "uid": 216
                },
                {
                    "coord": null,
                    "is_working": true,
                    "name": "Бабино",
                    "rect": null,
                    "text_id": 217,
                    "uid": 217
                },
                {
                    "coord": null,
                    "is_working": true,
                    "name": "Бабино-2",
                    "rect": null,
                    "text_id": 218,
                    "uid": 218
                },
                {
                    "coord": null,
                    "is_working": true,
                    "name": "106 км",
                    "rect": null,
                    "text_id": 219,
                    "uid": 219
                },
                {
                    "coord": null,
                    "is_working": true,
                    "name": "Торфяное",
                    "rect": null,
                    "text_id": 220,
                    "uid": 220
                },
                {
                    "coord": null,
                    "is_working": true,
                    "name": "Чудово",
                    "rect": null,
                    "text_id": 221,
                    "uid": 221
                },
                {
                    "coord": null,
                    "is_working": true,
                    "name": "Волхово",
                    "rect": null,
                    "text_id": 222,
                    "uid": 222
                },
                {
                    "coord": null,
                    "is_working": true,
                    "name": "Волхов Мост",
                    "rect": null,
                    "text_id": 223,
                    "uid": 223
                },
                {
                    "coord": null,
                    "is_working": true,
                    "name": "130 км",
                    "rect": null,
                    "text_id": 224,
                    "uid": 224
                },
                {
                    "coord": null,
                    "is_working": true,
                    "name": "Дубцы",
                    "rect": null,
                    "text_id": 225,
                    "uid": 225
                },
                {
                    "coord": null,
                    "is_working": true,
                    "name": "Гряды",
                    "rect": null,
                    "text_id": 226,
                    "uid": 226
                },
                {
                    "coord": null,
                    "is_working": true,
                    "name": "144 км",
                    "rect": null,
                    "text_id": 227,
                    "uid": 227
                },
                {
                    "coord": null,
                    "is_working": true,
                    "name": "Большая Вишера",
                    "rect": null,
                    "text_id": 228,
                    "uid": 228
                },
                {
                    "coord": null,
                    "is_working": true,
                    "name": "157 км",
                    "rect": null,
                    "text_id": 229,
                    "uid": 229
                },
                {
                    "coord": null,
                    "is_working": true,
                    "name": "Малая Вишера",
                    "rect": null,
                    "text_id": 230,
                    "uid": 230
                },
                {
                    "coord": null,
                    "is_working": true,
                    "name": "167 км",
                    "rect": null,
                    "text_id": 231,
                    "uid": 231
                },
                {
                    "coord": null,
                    "is_working": true,
                    "name": "170 км",
                    "rect": null,
                    "text_id": 232,
                    "uid": 232
                },
                {
                    "coord": null,
                    "is_working": true,
                    "name": "172 км",
                    "rect": null,
                    "text_id": 233,
                    "uid": 233
                },
                {
                    "coord": null,
                    "is_working": true,
                    "name": "Красненка",
                    "rect": null,
                    "text_id": 234,
                    "uid": 234
                },
                {
                    "coord": null,
                    "is_working": true,
                    "name": "179 км",
                    "rect": null,
                    "text_id": 235,
                    "uid": 235
                },
                {
                    "coord": null,
                    "is_working": true,
                    "name": "Бурга",
                    "rect": null,
                    "text_id": 236,
                    "uid": 236
                },
                {
                    "coord": null,
                    "is_working": true,
                    "name": "186 км",
                    "rect": null,
                    "text_id": 237,
                    "uid": 237
                },
                {
                    "coord": null,
                    "is_working": true,
                    "name": "Мстинский Мост",
                    "rect": null,
                    "text_id": 238,
                    "uid": 238
                },
                {
                    "coord": null,
                    "is_working": true,
                    "name": "190 км",
                    "rect": null,
                    "text_id": 239,
                    "uid": 239
                },
                {
                    "coord": null,
                    "is_working": true,
                    "name": "198 км",
                    "rect": null,
                    "text_id": 240,
                    "uid": 240
                },
                {
                    "coord": null,
                    "is_working": true,
                    "name": "204 км",
                    "rect": null,
                    "text_id": 241,
                    "uid": 241
                },
                {
                    "coord": null,
                    "is_working": true,
                    "name": "211 км",
                    "rect": null,
                    "text_id": 242,
                    "uid": 242
                },
                {
                    "coord": null,
                    "is_working": true,
                    "name": "213 км",
                    "rect": null,
                    "text_id": 243,
                    "uid": 243
                },
                {
                    "coord": null,
                    "is_working": true,
                    "name": "Торбино",
                    "rect": null,
                    "text_id": 244,
                    "uid": 244
                },
                {
                    "coord": null,
                    "is_working": true,
                    "name": "220 км",
                    "rect": null,
                    "text_id": 245,
                    "uid": 245
                },
                {
                    "coord": null,
                    "is_working": true,
                    "name": "Вялка",
                    "rect": null,
                    "text_id": 246,
                    "uid": 246
                },
                {
                    "coord": null,
                    "is_working": true,
                    "name": "226 км",
                    "rect": null,
                    "text_id": 247,
                    "uid": 247
                },
                {
                    "coord": null,
                    "is_working": true,
                    "name": "Боровенка",
                    "rect": null,
                    "text_id": 248,
                    "uid": 248
                },
                {
                    "coord": null,
                    "is_working": true,
                    "name": "Заозерье",
                    "rect": null,
                    "text_id": 249,
                    "uid": 249
                },
                {
                    "coord": null,
                    "is_working": true,
                    "name": "243 км",
                    "rect": null,
                    "text_id": 250,
                    "uid": 250
                },
                {
                    "coord": null,
                    "is_working": true,
                    "name": "246 км",
                    "rect": null,
                    "text_id": 251,
                    "uid": 251
                },
                {
                    "coord": null,
                    "is_working": true,
                    "name": "Окуловка",
                    "rect": null,
                    "text_id": 252,
                    "uid": 252
                },
                {
                    "coord": null,
                    "is_working": true,
                    "name": "253 км",
                    "rect": null,
                    "text_id": 253,
                    "uid": 253
                },
                {
                    "coord": null,
                    "is_working": true,
                    "name": "256 км",
                    "rect": null,
                    "text_id": 254,
                    "uid": 254
                },
                {
                    "coord": null,
                    "is_working": true,
                    "name": "Яблоновка",
                    "rect": null,
                    "text_id": 255,
                    "uid": 255
                },
                {
                    "coord": null,
                    "is_working": true,
                    "name": "265 км",
                    "rect": null,
                    "text_id": 256,
                    "uid": 256
                },
                {
                    "coord": null,
                    "is_working": true,
                    "name": "Угловка",
                    "rect": null,
                    "text_id": 257,
                    "uid": 257
                },
                {
                    "coord": null,
                    "is_working": true,
                    "name": "271 км",
                    "rect": null,
                    "text_id": 258,
                    "uid": 258
                },
                {
                    "coord": null,
                    "is_working": true,
                    "name": "274 км",
                    "rect": null,
                    "text_id": 259,
                    "uid": 259
                },
                {
                    "coord": null,
                    "is_working": true,
                    "name": "Селище",
                    "rect": null,
                    "text_id": 260,
                    "uid": 260
                },
                {
                    "coord": null,
                    "is_working": true,
                    "name": "281 км",
                    "rect": null,
                    "text_id": 261,
                    "uid": 261
                },
                {
                    "coord": null,
                    "is_working": true,
                    "name": "284 км",
                    "rect": null,
                    "text_id": 262,
                    "uid": 262
                },
                {
                    "coord": null,
                    "is_working": true,
                    "name": "Лыкошино",
                    "rect": null,
                    "text_id": 263,
                    "uid": 263
                },
                {
                    "coord": null,
                    "is_working": true,
                    "name": "Заключье",
                    "rect": null,
                    "text_id": 264,
                    "uid": 264
                },
                {
                    "coord": null,
                    "is_working": true,
                    "name": "Алешинка",
                    "rect": null,
                    "text_id": 265,
                    "uid": 265
                },
                {
                    "coord": null,
                    "is_working": true,
                    "name": "301 км",
                    "rect": null,
                    "text_id": 266,
                    "uid": 266
                },
                {
                    "coord": null,
                    "is_working": true,
                    "name": "Березайка",
                    "rect": null,
                    "text_id": 267,
                    "uid": 267
                },
                {
                    "coord": null,
                    "is_working": true,
                    "name": "Гузятино",
                    "rect": null,
                    "text_id": 268,
                    "uid": 268
                },
                {
                    "coord": null,
                    "is_working": true,
                    "name": "Поплавенец",
                    "rect": null,
                    "text_id": 269,
                    "uid": 269
                },
                {
                    "coord": null,
                    "is_working": true,
                    "name": "Родионовская 318 км",
                    "rect": null,
                    "text_id": 270,
                    "uid": 270
                },
                {
                    "coord": null,
                    "is_working": true,
                    "name": "Бологое",
                    "rect": null,
                    "text_id": 271,
                    "uid": 271
                },
                {
                    "coord": [
                        210,
                        420
                    ],
                    "is_working": true,
                    "name": "Рыбацкое",
                    "rect": [
                        145,
                        420,
                        50,
                        10
                    ],
                    "text_id": 48,
                    "uid": 272
                },
                {
                    "coord": null,
                    "is_working": true,
                    "name": "Ижоры",
                    "rect": null,
                    "text_id": 272,
                    "uid": 273
                },
                {
                    "coord": null,
                    "is_working": true,
                    "name": "Понтонная",
                    "rect": null,
                    "text_id": 273,
                    "uid": 274
                },
                {
                    "coord": null,
                    "is_working": true,
                    "name": "Сапёрная",
                    "rect": null,
                    "text_id": 274,
                    "uid": 275
                },
                {
                    "coord": null,
                    "is_working": true,
                    "name": "29 км",
                    "rect": null,
                    "text_id": 275,
                    "uid": 276
                },
                {
                    "coord": null,
                    "is_working": true,
                    "name": "Ивановская",
                    "rect": null,
                    "text_id": 276,
                    "uid": 277
                },
                {
                    "coord": null,
                    "is_working": true,
                    "name": "Пелла",
                    "rect": null,
                    "text_id": 277,
                    "uid": 278
                },
                {
                    "coord": null,
                    "is_working": true,
                    "name": "Горы",
                    "rect": null,
                    "text_id": 278,
                    "uid": 279
                },
                {
                    "coord": null,
                    "is_working": true,
                    "name": "45 км",
                    "rect": null,
                    "text_id": 279,
                    "uid": 280
                },
                {
                    "coord": null,
                    "is_working": true,
                    "name": "Мга",
                    "rect": null,
                    "text_id": 280,
                    "uid": 281
                },
                {
                    "coord": null,
                    "is_working": true,
                    "name": "3 км",
                    "rect": null,
                    "text_id": 281,
                    "uid": 282
                },
                {
                    "coord": null,
                    "is_working": true,
                    "name": "Сологубовка",
                    "rect": null,
                    "text_id": 282,
                    "uid": 283
                },
                {
                    "coord": null,
                    "is_working": true,
                    "name": "Турышкино",
                    "rect": null,
                    "text_id": 283,
                    "uid": 284
                },
                {
                    "coord": null,
                    "is_working": true,
                    "name": "Старая Малукса",
                    "rect": null,
                    "text_id": 284,
                    "uid": 285
                },
                {
                    "coord": null,
                    "is_working": true,
                    "name": "Малукса",
                    "rect": null,
                    "text_id": 285,
                    "uid": 286
                },
                {
                    "coord": null,
                    "is_working": true,
                    "name": "Погостье",
                    "rect": null,
                    "text_id": 286,
                    "uid": 287
                },
                {
                    "coord": null,
                    "is_working": true,
                    "name": "Жарок",
                    "rect": null,
                    "text_id": 287,
                    "uid": 288
                },
                {
                    "coord": null,
                    "is_working": true,
                    "name": "52 км",
                    "rect": null,
                    "text_id": 288,
                    "uid": 289
                },
                {
                    "coord": null,
                    "is_working": true,
                    "name": "55 км",
                    "rect": null,
                    "text_id": 289,
                    "uid": 290
                },
                {
                    "coord": null,
                    "is_working": true,
                    "name": "Посадниково",
                    "rect": null,
                    "text_id": 290,
                    "uid": 291
                },
                {
                    "coord": null,
                    "is_working": true,
                    "name": "Путепровод",
                    "rect": null,
                    "text_id": 291,
                    "uid": 292
                },
                {
                    "coord": null,
                    "is_working": true,
                    "name": "Волхов-Пристань",
                    "rect": null,
                    "text_id": 292,
                    "uid": 293
                },
                {
                    "coord": null,
                    "is_working": true,
                    "name": "Кириши",
                    "rect": null,
                    "text_id": 293,
                    "uid": 294
                },
                {
                    "coord": null,
                    "is_working": true,
                    "name": "74 км",
                    "rect": null,
                    "text_id": 294,
                    "uid": 295
                },
                {
                    "coord": null,
                    "is_working": true,
                    "name": "83 км",
                    "rect": null,
                    "text_id": 295,
                    "uid": 296
                },
                {
                    "coord": null,
                    "is_working": true,
                    "name": "Пчевжа",
                    "rect": null,
                    "text_id": 296,
                    "uid": 297
                },
                {
                    "coord": null,
                    "is_working": true,
                    "name": "92 км",
                    "rect": null,
                    "text_id": 176,
                    "uid": 298
                },
                {
                    "coord": null,
                    "is_working": true,
                    "name": "Будогощь",
                    "rect": null,
                    "text_id": 297,
                    "uid": 299
                },
                {
                    "coord": null,
                    "is_working": true,
                    "name": "Михайловская",
                    "rect": null,
                    "text_id": 298,
                    "uid": 300
                },
                {
                    "coord": null,
                    "is_working": true,
                    "name": "Апраксин",
                    "rect": null,
                    "text_id": 299,
                    "uid": 301
                },
                {
                    "coord": null,
                    "is_working": true,
                    "name": "63 км",
                    "rect": null,
                    "text_id": 171,
                    "uid": 302
                },
                {
                    "coord": null,
                    "is_working": true,
                    "name": "Назия",
                    "rect": null,
                    "text_id": 300,
                    "uid": 303
                },
                {
                    "coord": null,
                    "is_working": true,
                    "name": "Поляны",
                    "rect": null,
                    "text_id": 301,
                    "uid": 304
                },
                {
                    "coord": null,
                    "is_working": true,
                    "name": "75 км",
                    "rect": null,
                    "text_id": 91,
                    "uid": 305
                },
                {
                    "coord": null,
                    "is_working": true,
                    "name": "77 км",
                    "rect": null,
                    "text_id": 173,
                    "uid": 306
                },
                {
                    "coord": null,
                    "is_working": true,
                    "name": "Жихарево",
                    "rect": null,
                    "text_id": 302,
                    "uid": 307
                },
                {
                    "coord": null,
                    "is_working": true,
                    "name": "Плитняки",
                    "rect": null,
                    "text_id": 303,
                    "uid": 308
                },
                {
                    "coord": null,
                    "is_working": true,
                    "name": "Войбокало",
                    "rect": null,
                    "text_id": 304,
                    "uid": 309
                },
                {
                    "coord": null,
                    "is_working": true,
                    "name": "95 км",
                    "rect": null,
                    "text_id": 305,
                    "uid": 310
                },
                {
                    "coord": null,
                    "is_working": true,
                    "name": "Новый Быт",
                    "rect": null,
                    "text_id": 306,
                    "uid": 311
                },
                {
                    "coord": null,
                    "is_working": true,
                    "name": "106км",
                    "rect": null,
                    "text_id": 307,
                    "uid": 312
                },
                {
                    "coord": null,
                    "is_working": true,
                    "name": "Пупышево",
                    "rect": null,
                    "text_id": 308,
                    "uid": 313
                },
                {
                    "coord": null,
                    "is_working": true,
                    "name": "115 км",
                    "rect": null,
                    "text_id": 309,
                    "uid": 314
                },
                {
                    "coord": null,
                    "is_working": true,
                    "name": "119 км",
                    "rect": null,
                    "text_id": 310,
                    "uid": 315
                },
                {
                    "coord": null,
                    "is_working": true,
                    "name": "Волховстрой-I",
                    "rect": null,
                    "text_id": 311,
                    "uid": 316
                },
                {
                    "coord": null,
                    "is_working": true,
                    "name": "Волховстрой-II",
                    "rect": null,
                    "text_id": 312,
                    "uid": 317
                },
                {
                    "coord": null,
                    "is_working": true,
                    "name": "Мурманские Ворота",
                    "rect": null,
                    "text_id": 313,
                    "uid": 318
                },
                {
                    "coord": null,
                    "is_working": true,
                    "name": "Георгиевский",
                    "rect": null,
                    "text_id": 314,
                    "uid": 319
                },
                {
                    "coord": null,
                    "is_working": true,
                    "name": "141 км Хамонтово",
                    "rect": null,
                    "text_id": 315,
                    "uid": 320
                },
                {
                    "coord": null,
                    "is_working": true,
                    "name": "143 км",
                    "rect": null,
                    "text_id": 187,
                    "uid": 321
                },
                {
                    "coord": null,
                    "is_working": true,
                    "name": "Колчаново",
                    "rect": null,
                    "text_id": 316,
                    "uid": 322
                },
                {
                    "coord": null,
                    "is_working": true,
                    "name": "Лунгачи",
                    "rect": null,
                    "text_id": 317,
                    "uid": 323
                },
                {
                    "coord": null,
                    "is_working": true,
                    "name": "159 км",
                    "rect": null,
                    "text_id": 318,
                    "uid": 324
                },
                {
                    "coord": null,
                    "is_working": true,
                    "name": "165 км",
                    "rect": null,
                    "text_id": 319,
                    "uid": 325
                },
                {
                    "coord": null,
                    "is_working": true,
                    "name": "Юги",
                    "rect": null,
                    "text_id": 320,
                    "uid": 326
                },
                {
                    "coord": null,
                    "is_working": true,
                    "name": "Сидорово",
                    "rect": null,
                    "text_id": 321,
                    "uid": 327
                },
                {
                    "coord": null,
                    "is_working": true,
                    "name": "184 км",
                    "rect": null,
                    "text_id": 322,
                    "uid": 328
                },
                {
                    "coord": null,
                    "is_working": true,
                    "name": "187 км",
                    "rect": null,
                    "text_id": 323,
                    "uid": 329
                },
                {
                    "coord": null,
                    "is_working": true,
                    "name": "191 км",
                    "rect": null,
                    "text_id": 324,
                    "uid": 330
                },
                {
                    "coord": null,
                    "is_working": true,
                    "name": "Паша",
                    "rect": null,
                    "text_id": 325,
                    "uid": 331
                },
                {
                    "coord": null,
                    "is_working": true,
                    "name": "Оять-Волховстроевский",
                    "rect": null,
                    "text_id": 326,
                    "uid": 332
                },
                {
                    "coord": null,
                    "is_working": true,
                    "name": "Шоткуса",
                    "rect": null,
                    "text_id": 327,
                    "uid": 333
                },
                {
                    "coord": null,
                    "is_working": true,
                    "name": "Заостровье",
                    "rect": null,
                    "text_id": 328,
                    "uid": 334
                },
                {
                    "coord": null,
                    "is_working": true,
                    "name": "229 км",
                    "rect": null,
                    "text_id": 329,
                    "uid": 335
                },
                {
                    "coord": null,
                    "is_working": true,
                    "name": "Шамокша",
                    "rect": null,
                    "text_id": 330,
                    "uid": 336
                },
                {
                    "coord": null,
                    "is_working": true,
                    "name": "Лодейное Поле",
                    "rect": null,
                    "text_id": 331,
                    "uid": 337
                },
                {
                    "coord": null,
                    "is_working": true,
                    "name": "Янега",
                    "rect": null,
                    "text_id": 332,
                    "uid": 338
                },
                {
                    "coord": null,
                    "is_working": true,
                    "name": "259 км",
                    "rect": null,
                    "text_id": 333,
                    "uid": 339
                },
                {
                    "coord": null,
                    "is_working": true,
                    "name": "Яндеба",
                    "rect": null,
                    "text_id": 334,
                    "uid": 340
                },
                {
                    "coord": null,
                    "is_working": true,
                    "name": "Переезд 274 км",
                    "rect": null,
                    "text_id": 335,
                    "uid": 341
                },
                {
                    "coord": null,
                    "is_working": true,
                    "name": "Подпорожье",
                    "rect": null,
                    "text_id": 336,
                    "uid": 342
                },
                {
                    "coord": null,
                    "is_working": true,
                    "name": "284км",
                    "rect": null,
                    "text_id": 337,
                    "uid": 343
                },
                {
                    "coord": null,
                    "is_working": true,
                    "name": "Свирь",
                    "rect": null,
                    "text_id": 338,
                    "uid": 344
                },
                {
                    "coord": null,
                    "is_working": true,
                    "name": "Новгород",
                    "rect": null,
                    "text_id": 162,
                    "uid": 345
                },
                {
                    "coord": null,
                    "is_working": true,
                    "name": "Новгород пост",
                    "rect": null,
                    "text_id": 161,
                    "uid": 346
                },
                {
                    "coord": null,
                    "is_working": true,
                    "name": "Предузловая-Павловская",
                    "rect": null,
                    "text_id": 339,
                    "uid": 347
                },
                {
                    "coord": null,
                    "is_working": true,
                    "name": "64 км",
                    "rect": null,
                    "text_id": 340,
                    "uid": 348
                },
                {
                    "coord": null,
                    "is_working": true,
                    "name": "58 км",
                    "rect": null,
                    "text_id": 341,
                    "uid": 349
                },
                {
                    "coord": null,
                    "is_working": true,
                    "name": "Подберезье",
                    "rect": null,
                    "text_id": 342,
                    "uid": 350
                },
                {
                    "coord": null,
                    "is_working": true,
                    "name": "Мясной Бор",
                    "rect": null,
                    "text_id": 343,
                    "uid": 351
                },
                {
                    "coord": null,
                    "is_working": true,
                    "name": "Спасская Полисть",
                    "rect": null,
                    "text_id": 344,
                    "uid": 352
                },
                {
                    "coord": null,
                    "is_working": true,
                    "name": "Трегубово",
                    "rect": null,
                    "text_id": 345,
                    "uid": 353
                },
                {
                    "coord": null,
                    "is_working": true,
                    "name": "Чудово-II",
                    "rect": null,
                    "text_id": 346,
                    "uid": 354
                },
                {
                    "coord": null,
                    "is_working": true,
                    "name": "Зареченская",
                    "rect": null,
                    "text_id": 347,
                    "uid": 355
                },
                {
                    "coord": null,
                    "is_working": true,
                    "name": "Нурма",
                    "rect": null,
                    "text_id": 348,
                    "uid": 356
                },
                {
                    "coord": null,
                    "is_working": true,
                    "name": "13 км",
                    "rect": null,
                    "text_id": 349,
                    "uid": 357
                },
                {
                    "coord": null,
                    "is_working": true,
                    "name": "Шапки",
                    "rect": null,
                    "text_id": 350,
                    "uid": 358
                },
                {
                    "coord": null,
                    "is_working": true,
                    "name": "Невдубстрой",
                    "rect": null,
                    "text_id": 351,
                    "uid": 359
                },
                {
                    "coord": null,
                    "is_working": true,
                    "name": "11 км",
                    "rect": null,
                    "text_id": 352,
                    "uid": 360
                },
                {
                    "coord": null,
                    "is_working": true,
                    "name": "Грибное",
                    "rect": null,
                    "text_id": 353,
                    "uid": 361
                },
                {
                    "coord": null,
                    "is_working": true,
                    "name": "6км",
                    "rect": null,
                    "text_id": 354,
                    "uid": 362
                },
                {
                    "coord": null,
                    "is_working": true,
                    "name": "4км",
                    "rect": null,
                    "text_id": 355,
                    "uid": 363
                },
                {
                    "coord": null,
                    "is_working": true,
                    "name": "Павлово-на-Неве",
                    "rect": null,
                    "text_id": 356,
                    "uid": 364
                },
                {
                    "coord": null,
                    "is_working": true,
                    "name": "Геройская",
                    "rect": null,
                    "text_id": 357,
                    "uid": 365
                },
                {
                    "coord": null,
                    "is_working": true,
                    "name": "26км",
                    "rect": null,
                    "text_id": 358,
                    "uid": 366
                },
                {
                    "coord": null,
                    "is_working": true,
                    "name": "Островная",
                    "rect": null,
                    "text_id": 359,
                    "uid": 367
                },
                {
                    "coord": null,
                    "is_working": true,
                    "name": "Манушкино",
                    "rect": null,
                    "text_id": 360,
                    "uid": 368
                },
                {
                    "coord": null,
                    "is_working": true,
                    "name": "16км",
                    "rect": null,
                    "text_id": 361,
                    "uid": 369
                },
                {
                    "coord": null,
                    "is_working": true,
                    "name": "Колтуши",
                    "rect": null,
                    "text_id": 362,
                    "uid": 370
                },
                {
                    "coord": null,
                    "is_working": true,
                    "name": "11км",
                    "rect": null,
                    "text_id": 363,
                    "uid": 371
                },
                {
                    "coord": null,
                    "is_working": true,
                    "name": "Мяглово",
                    "rect": null,
                    "text_id": 364,
                    "uid": 372
                },
                {
                    "coord": null,
                    "is_working": true,
                    "name": "7км",
                    "rect": null,
                    "text_id": 365,
                    "uid": 373
                },
                {
                    "coord": null,
                    "is_working": true,
                    "name": "5км",
                    "rect": null,
                    "text_id": 366,
                    "uid": 374
                },
                {
                    "coord": null,
                    "is_working": true,
                    "name": "Ладожский вокзал",
                    "rect": null,
                    "text_id": 367,
                    "uid": 375
                },
                {
                    "coord": null,
                    "is_working": true,
                    "name": "Пискарёвка",
                    "rect": null,
                    "text_id": 368,
                    "uid": 376
                },
                {
                    "coord": null,
                    "is_working": true,
                    "name": "Кушелевка",
                    "rect": null,
                    "text_id": 369,
                    "uid": 377
                },
                {
                    "coord": null,
                    "is_working": true,
                    "name": "Финляндский вокзал",
                    "rect": null,
                    "text_id": 370,
                    "uid": 378
                },
                {
                    "coord": null,
                    "is_working": true,
                    "name": "Чудово-3",
                    "rect": null,
                    "text_id": 371,
                    "uid": 379
                },
                {
                    "coord": null,
                    "is_working": true,
                    "name": "96 км",
                    "rect": null,
                    "text_id": 372,
                    "uid": 380
                },
                {
                    "coord": null,
                    "is_working": true,
                    "name": "93км",
                    "rect": null,
                    "text_id": 373,
                    "uid": 381
                },
                {
                    "coord": null,
                    "is_working": true,
                    "name": "Водос",
                    "rect": null,
                    "text_id": 374,
                    "uid": 382
                },
                {
                    "coord": null,
                    "is_working": true,
                    "name": "85 км",
                    "rect": null,
                    "text_id": 375,
                    "uid": 383
                },
                {
                    "coord": null,
                    "is_working": true,
                    "name": "83км",
                    "rect": null,
                    "text_id": 376,
                    "uid": 384
                },
                {
                    "coord": null,
                    "is_working": true,
                    "name": "Тигода",
                    "rect": null,
                    "text_id": 377,
                    "uid": 385
                },
                {
                    "coord": null,
                    "is_working": true,
                    "name": "Ирса",
                    "rect": null,
                    "text_id": 378,
                    "uid": 386
                },
                {
                    "coord": null,
                    "is_working": true,
                    "name": "Андреево",
                    "rect": null,
                    "text_id": 379,
                    "uid": 387
                },
                {
                    "coord": null,
                    "is_working": true,
                    "name": "46 км",
                    "rect": null,
                    "text_id": 166,
                    "uid": 388
                },
                {
                    "coord": null,
                    "is_working": true,
                    "name": "42 км",
                    "rect": null,
                    "text_id": 380,
                    "uid": 389
                },
                {
                    "coord": null,
                    "is_working": true,
                    "name": "Глажево",
                    "rect": null,
                    "text_id": 381,
                    "uid": 390
                },
                {
                    "coord": null,
                    "is_working": true,
                    "name": "35 км",
                    "rect": null,
                    "text_id": 382,
                    "uid": 391
                },
                {
                    "coord": null,
                    "is_working": true,
                    "name": "30 км",
                    "rect": null,
                    "text_id": 383,
                    "uid": 392
                },
                {
                    "coord": null,
                    "is_working": true,
                    "name": "Теребочево",
                    "rect": null,
                    "text_id": 384,
                    "uid": 393
                },
                {
                    "coord": null,
                    "is_working": true,
                    "name": "23 км",
                    "rect": null,
                    "text_id": 385,
                    "uid": 394
                },
                {
                    "coord": null,
                    "is_working": true,
                    "name": "15 км",
                    "rect": null,
                    "text_id": 386,
                    "uid": 395
                },
                {
                    "coord": null,
                    "is_working": true,
                    "name": "Гостинополье",
                    "rect": null,
                    "text_id": 387,
                    "uid": 396
                },
                {
                    "coord": null,
                    "is_working": true,
                    "name": "10 км",
                    "rect": null,
                    "text_id": 388,
                    "uid": 397
                },
                {
                    "coord": null,
                    "is_working": true,
                    "name": "Пороги",
                    "rect": null,
                    "text_id": 389,
                    "uid": 398
                },
                {
                    "coord": null,
                    "is_working": true,
                    "name": "6 км",
                    "rect": null,
                    "text_id": 390,
                    "uid": 399
                },
                {
                    "coord": null,
                    "is_working": true,
                    "name": "4 км",
                    "rect": null,
                    "text_id": 391,
                    "uid": 400
                },
                {
                    "coord": null,
                    "is_working": true,
                    "name": "Новооктябрьский",
                    "rect": null,
                    "text_id": 392,
                    "uid": 401
                },
                {
                    "coord": null,
                    "is_working": true,
                    "name": "Тихвин",
                    "rect": null,
                    "text_id": 393,
                    "uid": 402
                },
                {
                    "coord": null,
                    "is_working": true,
                    "name": "Пикалево-2",
                    "rect": null,
                    "text_id": 394,
                    "uid": 403
                },
                {
                    "coord": null,
                    "is_working": true,
                    "name": "Ефимовская",
                    "rect": null,
                    "text_id": 395,
                    "uid": 404
                },
                {
                    "coord": null,
                    "is_working": true,
                    "name": "Подборовье",
                    "rect": null,
                    "text_id": 396,
                    "uid": 405
                },
                {
                    "coord": null,
                    "is_working": true,
                    "name": "Заборье",
                    "rect": null,
                    "text_id": 397,
                    "uid": 406
                },
                {
                    "coord": null,
                    "is_working": true,
                    "name": "Верхневольский",
                    "rect": null,
                    "text_id": 398,
                    "uid": 407
                },
                {
                    "coord": null,
                    "is_working": true,
                    "name": "Тешемля",
                    "rect": null,
                    "text_id": 399,
                    "uid": 408
                },
                {
                    "coord": null,
                    "is_working": true,
                    "name": "Бабаево",
                    "rect": null,
                    "text_id": 400,
                    "uid": 409
                }
            ],
            "text_id": 401
        }
    ],
    "lines_width": 9,
    "name": "3",
    "name_text_id": 49,
    "stations_diameter": 16.0,
    "transfers": [
        [
            27,
            39,
            [
                221,
                140
            ],
            [
                240,
                140
            ]
        ],
        [
            41,
            55,
            [
                240,
                220
            ],
            [
                221,
                220
            ]
        ],
        [
            53,
            10,
            null,
            null
        ],
        [
            9,
            40,
            [
                221,
                180
            ],
            [
                240,
                180
            ]
        ],
        [
            52,
            28,
            null,
            null
        ],
        [
            12,
            29,
            null,
            null
        ],
        [
            57,
            375,
            null,
            null
        ],
        [
            9,
            194,
            [
                221,
                180
            ],
            [
                190,
                180
            ]
        ],
        [
            40,
            194,
            [
                240,
                180
            ],
            [
                190,
                180
            ]
        ],
        [
            45,
            199,
            [
                240,
                380
            ],
            [
                210,
                380
            ]
        ],
        [
            46,
            272,
            [
                240,
                420
            ],
            [
                210,
                420
            ]
        ],
        [
            7,
            378,
            null,
            null
        ]
    ],
    "transports": [
        "metro",
        "train"
    ],
    "type_name": "Метро",
    "type_text_id": 553,
    "upper_case": true,
    "width": 390,
    "word_wrap": true
}