{
    "default_transports": [
        "metro"
    ],
    "height": 690,
    "images": [
        "res/schemes/4.svg"
    ],
    "is_vector": true,
    "lines": [
        {
            "labels_bg_color": "-1",
            "labels_color": "000000",
            "line_color": "DC004B",
            "line_width": 9,
            "name": "Линия 1",
            "segments": [],
            "stations": [
                {
                    "coord": null,
                    "is_working": true,
                    "name": "Девяткино",
                    "rect": null,
                    "text_id": 0,
                    "uid": 0
                },
                {
                    "coord": null,
                    "is_working": true,
                    "name": "Гражданский пр.",
                    "rect": null,
                    "text_id": 1,
                    "uid": 1
                },
                {
                    "coord": null,
                    "is_working": true,
                    "name": "Академическая",
                    "rect": null,
                    "text_id": 2,
                    "uid": 2
                },
                {
                    "coord": null,
                    "is_working": true,
                    "name": "Политехническая",
                    "rect": null,
                    "text_id": 3,
                    "uid": 3
                },
                {
                    "coord": null,
                    "is_working": true,
                    "name": "пл.Мужества",
                    "rect": null,
                    "text_id": 4,
                    "uid": 4
                },
                {
                    "coord": null,
                    "is_working": true,
                    "name": "Лесная",
                    "rect": null,
                    "text_id": 5,
                    "uid": 5
                },
                {
                    "coord": null,
                    "is_working": true,
                    "name": "Выборгская",
                    "rect": null,
                    "text_id": 6,
                    "uid": 6
                },
                {
                    "coord": null,
                    "is_working": true,
                    "name": "пл.Ленина",
                    "rect": null,
                    "text_id": 7,
                    "uid": 7
                },
                {
                    "coord": null,
                    "is_working": true,
                    "name": "Чернышевская",
                    "rect": null,
                    "text_id": 8,
                    "uid": 8
                },
                {
                    "coord": null,
                    "is_working": true,
                    "name": "пл.Восстания",
                    "rect": null,
                    "text_id": 9,
                    "uid": 9
                },
                {
                    "coord": [
                        221,
                        300
                    ],
                    "is_working": true,
                    "name": "Владимирская",
                    "rect": [
                        105,
                        300,
                        100,
                        20
                    ],
                    "text_id": 10,
                    "uid": 10
                },
                {
                    "coord": null,
                    "is_working": true,
                    "name": "Пушкинская",
                    "rect": null,
                    "text_id": 11,
                    "uid": 11
                },
                {
                    "coord": null,
                    "is_working": true,
                    "name": "Технологический институт-I",
                    "rect": null,
                    "text_id": 12,
                    "uid": 12
                },
                {
                    "coord": null,
                    "is_working": true,
                    "name": "Балтийская",
                    "rect": null,
                    "text_id": 13,
                    "uid": 13
                },
                {
                    "coord": null,
                    "is_working": true,
                    "name": "Нарвская",
                    "rect": null,
                    "text_id": 14,
                    "uid": 14
                },
                {
                    "coord": null,
                    "is_working": true,
                    "name": "Кировский завод",
                    "rect": null,
                    "text_id": 15,
                    "uid": 15
                },
                {
                    "coord": null,
                    "is_working": true,
                    "name": "Автово",
                    "rect": null,
                    "text_id": 16,
                    "uid": 16
                },
                {
                    "coord": null,
                    "is_working": true,
                    "name": "Ленинский пр.",
                    "rect": null,
                    "text_id": 17,
                    "uid": 17
                },
                {
                    "coord": null,
                    "is_working": true,
                    "name": "пр.Ветеранов",
                    "rect": null,
                    "text_id": 18,
                    "uid": 18
                }
            ],
            "text_id": 19
        },
        {
            "labels_bg_color": "-1",
            "labels_color": "000000",
            "line_color": "0071B9",
            "line_width": 9,
            "name": "Линия 2",
            "segments": [],
            "stations": [
                {
                    "coord": null,
                    "is_working": true,
                    "name": "Парнас",
                    "rect": null,
                    "text_id": 20,
                    "uid": 19
                },
                {
                    "coord": null,
                    "is_working": true,
                    "name": "пр.Просвещения",
                    "rect": null,
                    "text_id": 21,
                    "uid": 20
                },
                {
                    "coord": null,
                    "is_working": true,
                    "name": "Озерки",
                    "rect": null,
                    "text_id": 22,
                    "uid": 21
                },
                {
                    "coord": null,
                    "is_working": true,
                    "name": "Удельная",
                    "rect": null,
                    "text_id": 23,
                    "uid": 22
                },
                {
                    "coord": null,
                    "is_working": true,
                    "name": "Пионерская",
                    "rect": null,
                    "text_id": 24,
                    "uid": 23
                },
                {
                    "coord": null,
                    "is_working": true,
                    "name": "Чёрная речка",
                    "rect": null,
                    "text_id": 25,
                    "uid": 24
                },
                {
                    "coord": null,
                    "is_working": true,
                    "name": "Петроградская",
                    "rect": null,
                    "text_id": 26,
                    "uid": 25
                },
                {
                    "coord": null,
                    "is_working": false,
                    "name": "Горьковская",
                    "rect": null,
                    "text_id": 27,
                    "uid": 26
                },
                {
                    "coord": null,
                    "is_working": true,
                    "name": "Невский пр.",
                    "rect": null,
                    "text_id": 28,
                    "uid": 27
                },
                {
                    "coord": [
                        221,
                        260
                    ],
                    "is_working": true,
                    "name": "Сенная площадь",
                    "rect": [
                        105,
                        260,
                        100,
                        20
                    ],
                    "text_id": 29,
                    "uid": 28
                },
                {
                    "coord": null,
                    "is_working": true,
                    "name": "Технологический институт-II",
                    "rect": null,
                    "text_id": 30,
                    "uid": 29
                },
                {
                    "coord": null,
                    "is_working": true,
                    "name": "Фрунзенская",
                    "rect": null,
                    "text_id": 31,
                    "uid": 30
                },
                {
                    "coord": null,
                    "is_working": true,
                    "name": "Московские ворота",
                    "rect": null,
                    "text_id": 32,
                    "uid": 31
                },
                {
                    "coord": null,
                    "is_working": true,
                    "name": "Электросила",
                    "rect": null,
                    "text_id": 33,
                    "uid": 32
                },
                {
                    "coord": null,
                    "is_working": true,
                    "name": "Парк Победы",
                    "rect": null,
                    "text_id": 34,
                    "uid": 33
                },
                {
                    "coord": null,
                    "is_working": true,
                    "name": "Московская",
                    "rect": null,
                    "text_id": 35,
                    "uid": 34
                },
                {
                    "coord": null,
                    "is_working": true,
                    "name": "Звёздная",
                    "rect": null,
                    "text_id": 36,
                    "uid": 35
                },
                {
                    "coord": null,
                    "is_working": true,
                    "name": "Купчино",
                    "rect": null,
                    "text_id": 37,
                    "uid": 36
                }
            ],
            "text_id": 38
        },
        {
            "labels_bg_color": "-1",
            "labels_color": "000000",
            "line_color": "00873A",
            "line_width": 9,
            "name": "Линия 3",
            "segments": [],
            "stations": [
                {
                    "coord": null,
                    "is_working": true,
                    "name": "Приморская",
                    "rect": null,
                    "text_id": 39,
                    "uid": 37
                },
                {
                    "coord": null,
                    "is_working": true,
                    "name": "Василеостровская",
                    "rect": null,
                    "text_id": 40,
                    "uid": 38
                },
                {
                    "coord": null,
                    "is_working": true,
                    "name": "Гостиный двор",
                    "rect": null,
                    "text_id": 41,
                    "uid": 39
                },
                {
                    "coord": null,
                    "is_working": true,
                    "name": "Маяковская",
                    "rect": null,
                    "text_id": 42,
                    "uid": 40
                },
                {
                    "coord": [
                        221,
                        380
                    ],
                    "is_working": true,
                    "name": "пл.Ал.Невского-I",
                    "rect": [
                        105,
                        380,
                        100,
                        20
                    ],
                    "text_id": 43,
                    "uid": 41
                },
                {
                    "coord": null,
                    "is_working": true,
                    "name": "Елизаровская",
                    "rect": null,
                    "text_id": 44,
                    "uid": 42
                },
                {
                    "coord": null,
                    "is_working": true,
                    "name": "Ломоносовская",
                    "rect": null,
                    "text_id": 45,
                    "uid": 43
                },
                {
                    "coord": null,
                    "is_working": true,
                    "name": "Пролетарская",
                    "rect": null,
                    "text_id": 46,
                    "uid": 44
                },
                {
                    "coord": null,
                    "is_working": true,
                    "name": "Обухово",
                    "rect": null,
                    "text_id": 47,
                    "uid": 45
                },
                {
                    "coord": null,
                    "is_working": true,
                    "name": "Рыбацкое",
                    "rect": null,
                    "text_id": 48,
                    "uid": 46
                }
            ],
            "text_id": 49
        },
        {
            "labels_bg_color": "-1",
            "labels_color": "000000",
            "line_color": "EA7B16",
            "line_width": 9,
            "name": "Линия 4",
            "segments": [
                [
                    47,
                    48,
                    [
                        [
                            240,
                            100
                        ],
                        [
                            240,
                            60
                        ]
                    ],
                    true
                ],
                [
                    48,
                    49,
                    [
                        [
                            240,
                            140
                        ],
                        [
                            240,
                            100
                        ]
                    ],
                    true
                ],
                [
                    49,
                    50,
                    [
                        [
                            240,
                            180
                        ],
                        [
                            240,
                            140
                        ]
                    ],
                    true
                ],
                [
                    50,
                    51,
                    [
                        [
                            240,
                            220
                        ],
                        [
                            240,
                            180
                        ]
                    ],
                    true
                ],
                [
                    51,
                    52,
                    [
                        [
                            240,
                            260
                        ],
                        [
                            240,
                            220
                        ]
                    ],
                    true
                ],
                [
                    52,
                    53,
                    [
                        [
                            240,
                            300
                        ],
                        [
                            240,
                            260
                        ]
                    ],
                    true
                ],
                [
                    53,
                    54,
                    [
                        [
                            240,
                            340
                        ],
                        [
                            240,
                            300
                        ]
                    ],
                    true
                ],
                [
                    54,
                    55,
                    [
                        [
                            240,
                            380
                        ],
                        [
                            240,
                            340
                        ]
                    ],
                    true
                ],
                [
                    55,
                    56,
                    [
                        [
                            240,
                            420
                        ],
                        [
                            240,
                            380
                        ]
                    ],
                    true
                ],
                [
                    56,
                    57,
                    [
                        [
                            240,
                            460
                        ],
                        [
                            240,
                            420
                        ]
                    ],
                    true
                ],
                [
                    57,
                    58,
                    [
                        [
                            240,
                            500
                        ],
                        [
                            240,
                            460
                        ]
                    ],
                    true
                ],
                [
                    58,
                    59,
                    [
                        [
                            240,
                            540
                        ],
                        [
                            240,
                            500
                        ]
                    ],
                    true
                ]
            ],
            "stations": [
                {
                    "coord": [
                        240,
                        60
                    ],
                    "is_working": true,
                    "name": "Комендантский пр.",
                    "rect": [
                        255,
                        50,
                        100,
                        20
                    ],
                    "text_id": 50,
                    "uid": 47
                },
                {
                    "coord": [
                        240,
                        100
                    ],
                    "is_working": true,
                    "name": "Старая деревня",
                    "rect": [
                        255,
                        90,
                        100,
                        20
                    ],
                    "text_id": 51,
                    "uid": 48
                },
                {
                    "coord": [
                        240,
                        140
                    ],
                    "is_working": true,
                    "name": "Крестовский остров",
                    "rect": [
                        255,
                        130,
                        100,
                        20
                    ],
                    "text_id": 52,
                    "uid": 49
                },
                {
                    "coord": [
                        240,
                        180
                    ],
                    "is_working": true,
                    "name": "Чкаловская",
                    "rect": [
                        255,
                        170,
                        100,
                        20
                    ],
                    "text_id": 53,
                    "uid": 50
                },
                {
                    "coord": [
                        240,
                        220
                    ],
                    "is_working": true,
                    "name": "Спортивная",
                    "rect": [
                        255,
                        210,
                        100,
                        20
                    ],
                    "text_id": 54,
                    "uid": 51
                },
                {
                    "coord": [
                        240,
                        260
                    ],
                    "is_working": true,
                    "name": "Садовая",
                    "rect": [
                        255,
                        250,
                        100,
                        20
                    ],
                    "text_id": 55,
                    "uid": 52
                },
                {
                    "coord": [
                        240,
                        300
                    ],
                    "is_working": true,
                    "name": "Достоевская",
                    "rect": [
                        255,
                        290,
                        100,
                        20
                    ],
                    "text_id": 56,
                    "uid": 53
                },
                {
                    "coord": [
                        240,
                        340
                    ],
                    "is_working": true,
                    "name": "Лиговский пр.",
                    "rect": [
                        255,
                        330,
                        100,
                        20
                    ],
                    "text_id": 57,
                    "uid": 54
                },
                {
                    "coord": [
                        240,
                        380
                    ],
                    "is_working": true,
                    "name": "пл.Ал.Невского-II",
                    "rect": [
                        255,
                        370,
                        100,
                        20
                    ],
                    "text_id": 58,
                    "uid": 55
                },
                {
                    "coord": [
                        240,
                        420
                    ],
                    "is_working": true,
                    "name": "Новочеркасская",
                    "rect": [
                        255,
                        410,
                        100,
                        20
                    ],
                    "text_id": 59,
                    "uid": 56
                },
                {
                    "coord": [
                        240,
                        460
                    ],
                    "is_working": true,
                    "name": "Ладожская",
                    "rect": [
                        255,
                        450,
                        100,
                        20
                    ],
                    "text_id": 60,
                    "uid": 57
                },
                {
                    "coord": [
                        240,
                        500
                    ],
                    "is_working": true,
                    "name": "пр.Большевиков",
                    "rect": [
                        255,
                        490,
                        100,
                        20
                    ],
                    "text_id": 61,
                    "uid": 58
                },
                {
                    "coord": [
                        240,
                        540
                    ],
                    "is_working": true,
                    "name": "ул.Дыбенко",
                    "rect": [
                        255,
                        530,
                        100,
                        20
                    ],
                    "text_id": 62,
                    "uid": 59
                }
            ],
            "text_id": 63
        },
        {
            "labels_bg_color": "-1",
            "labels_color": "000000",
            "line_color": "666666",
            "line_width": 9,
            "name": "Электричка: Финляндский",
            "segments": [],
            "stations": [
                {
                    "coord": null,
                    "is_working": true,
                    "name": "Финляндский вокзал",
                    "rect": null,
                    "text_id": 370,
                    "uid": 410
                },
                {
                    "coord": null,
                    "is_working": true,
                    "name": "Кушелевка",
                    "rect": null,
                    "text_id": 369,
                    "uid": 411
                },
                {
                    "coord": null,
                    "is_working": true,
                    "name": "Пискарёвка",
                    "rect": null,
                    "text_id": 368,
                    "uid": 412
                },
                {
                    "coord": null,
                    "is_working": true,
                    "name": "Ручьи",
                    "rect": null,
                    "text_id": 402,
                    "uid": 413
                },
                {
                    "coord": null,
                    "is_working": true,
                    "name": "Мурино",
                    "rect": null,
                    "text_id": 403,
                    "uid": 414
                },
                {
                    "coord": null,
                    "is_working": true,
                    "name": "Девяткино",
                    "rect": null,
                    "text_id": 0,
                    "uid": 415
                },
                {
                    "coord": null,
                    "is_working": true,
                    "name": "Лаврики",
                    "rect": null,
                    "text_id": 404,
                    "uid": 416
                },
                {
                    "coord": null,
                    "is_working": true,
                    "name": "Капитолово",
                    "rect": null,
                    "text_id": 405,
                    "uid": 417
                },
                {
                    "coord": null,
                    "is_working": true,
                    "name": "Кузьмолово",
                    "rect": null,
                    "text_id": 406,
                    "uid": 418
                },
                {
                    "coord": null,
                    "is_working": true,
                    "name": "Токсово",
                    "rect": null,
                    "text_id": 407,
                    "uid": 419
                },
                {
                    "coord": null,
                    "is_working": true,
                    "name": "Кавголово",
                    "rect": null,
                    "text_id": 408,
                    "uid": 420
                },
                {
                    "coord": null,
                    "is_working": true,
                    "name": "Осельки",
                    "rect": null,
                    "text_id": 409,
                    "uid": 421
                },
                {
                    "coord": null,
                    "is_working": true,
                    "name": "Пери",
                    "rect": null,
                    "text_id": 410,
                    "uid": 422
                },
                {
                    "coord": null,
                    "is_working": true,
                    "name": "39 км",
                    "rect": null,
                    "text_id": 411,
                    "uid": 423
                },
                {
                    "coord": null,
                    "is_working": true,
                    "name": "Грузино",
                    "rect": null,
                    "text_id": 412,
                    "uid": 424
                },
                {
                    "coord": null,
                    "is_working": true,
                    "name": "47 км",
                    "rect": null,
                    "text_id": 413,
                    "uid": 425
                },
                {
                    "coord": null,
                    "is_working": true,
                    "name": "Васкелово",
                    "rect": null,
                    "text_id": 414,
                    "uid": 426
                },
                {
                    "coord": null,
                    "is_working": true,
                    "name": "54 км",
                    "rect": null,
                    "text_id": 415,
                    "uid": 427
                },
                {
                    "coord": null,
                    "is_working": true,
                    "name": "Лемболово",
                    "rect": null,
                    "text_id": 416,
                    "uid": 428
                },
                {
                    "coord": null,
                    "is_working": true,
                    "name": "Орехово",
                    "rect": null,
                    "text_id": 417,
                    "uid": 429
                },
                {
                    "coord": null,
                    "is_working": true,
                    "name": "67 км",
                    "rect": null,
                    "text_id": 418,
                    "uid": 430
                },
                {
                    "coord": null,
                    "is_working": true,
                    "name": "69 км",
                    "rect": null,
                    "text_id": 419,
                    "uid": 431
                },
                {
                    "coord": null,
                    "is_working": true,
                    "name": "Сосново",
                    "rect": null,
                    "text_id": 420,
                    "uid": 432
                },
                {
                    "coord": null,
                    "is_working": true,
                    "name": "78 км",
                    "rect": null,
                    "text_id": 421,
                    "uid": 433
                },
                {
                    "coord": null,
                    "is_working": true,
                    "name": "Петяярви",
                    "rect": null,
                    "text_id": 422,
                    "uid": 434
                },
                {
                    "coord": null,
                    "is_working": true,
                    "name": "Лосево",
                    "rect": null,
                    "text_id": 423,
                    "uid": 435
                },
                {
                    "coord": null,
                    "is_working": true,
                    "name": "Громово",
                    "rect": null,
                    "text_id": 424,
                    "uid": 436
                },
                {
                    "coord": null,
                    "is_working": true,
                    "name": "Суходолье",
                    "rect": null,
                    "text_id": 425,
                    "uid": 437
                },
                {
                    "coord": null,
                    "is_working": true,
                    "name": "Отрадное",
                    "rect": null,
                    "text_id": 426,
                    "uid": 438
                },
                {
                    "coord": null,
                    "is_working": true,
                    "name": "Мюллюпельто",
                    "rect": null,
                    "text_id": 427,
                    "uid": 439
                },
                {
                    "coord": null,
                    "is_working": true,
                    "name": "Синево",
                    "rect": null,
                    "text_id": 428,
                    "uid": 440
                },
                {
                    "coord": null,
                    "is_working": true,
                    "name": "Приозерск",
                    "rect": null,
                    "text_id": 429,
                    "uid": 441
                },
                {
                    "coord": null,
                    "is_working": true,
                    "name": "148 км",
                    "rect": null,
                    "text_id": 430,
                    "uid": 442
                },
                {
                    "coord": null,
                    "is_working": true,
                    "name": "152 км Боровое",
                    "rect": null,
                    "text_id": 431,
                    "uid": 443
                },
                {
                    "coord": null,
                    "is_working": true,
                    "name": "Кузнечное",
                    "rect": null,
                    "text_id": 432,
                    "uid": 444
                },
                {
                    "coord": null,
                    "is_working": true,
                    "name": "Ланская",
                    "rect": null,
                    "text_id": 433,
                    "uid": 445
                },
                {
                    "coord": null,
                    "is_working": true,
                    "name": "Удельная",
                    "rect": null,
                    "text_id": 23,
                    "uid": 446
                },
                {
                    "coord": null,
                    "is_working": true,
                    "name": "Озерки",
                    "rect": null,
                    "text_id": 22,
                    "uid": 447
                },
                {
                    "coord": null,
                    "is_working": true,
                    "name": "Шувалово",
                    "rect": null,
                    "text_id": 434,
                    "uid": 448
                },
                {
                    "coord": null,
                    "is_working": true,
                    "name": "Парголово",
                    "rect": null,
                    "text_id": 435,
                    "uid": 449
                },
                {
                    "coord": null,
                    "is_working": true,
                    "name": "Левашово",
                    "rect": null,
                    "text_id": 436,
                    "uid": 450
                },
                {
                    "coord": null,
                    "is_working": true,
                    "name": "Песочная",
                    "rect": null,
                    "text_id": 437,
                    "uid": 451
                },
                {
                    "coord": null,
                    "is_working": true,
                    "name": "Дибуны",
                    "rect": null,
                    "text_id": 438,
                    "uid": 452
                },
                {
                    "coord": null,
                    "is_working": true,
                    "name": "Белоостров",
                    "rect": null,
                    "text_id": 439,
                    "uid": 453
                },
                {
                    "coord": null,
                    "is_working": true,
                    "name": "Солнечное",
                    "rect": null,
                    "text_id": 440,
                    "uid": 454
                },
                {
                    "coord": null,
                    "is_working": true,
                    "name": "Репино",
                    "rect": null,
                    "text_id": 441,
                    "uid": 455
                },
                {
                    "coord": null,
                    "is_working": true,
                    "name": "Комарово",
                    "rect": null,
                    "text_id": 442,
                    "uid": 456
                },
                {
                    "coord": null,
                    "is_working": true,
                    "name": "Зеленогорск",
                    "rect": null,
                    "text_id": 443,
                    "uid": 457
                },
                {
                    "coord": null,
                    "is_working": true,
                    "name": "Ушково",
                    "rect": null,
                    "text_id": 444,
                    "uid": 458
                },
                {
                    "coord": null,
                    "is_working": true,
                    "name": "Рощино",
                    "rect": null,
                    "text_id": 445,
                    "uid": 459
                },
                {
                    "coord": null,
                    "is_working": true,
                    "name": "63 км",
                    "rect": null,
                    "text_id": 171,
                    "uid": 460
                },
                {
                    "coord": null,
                    "is_working": true,
                    "name": "Горьковское",
                    "rect": null,
                    "text_id": 446,
                    "uid": 461
                },
                {
                    "coord": null,
                    "is_working": true,
                    "name": "Шевелево",
                    "rect": null,
                    "text_id": 447,
                    "uid": 462
                },
                {
                    "coord": null,
                    "is_working": true,
                    "name": "Каннельярви",
                    "rect": null,
                    "text_id": 448,
                    "uid": 463
                },
                {
                    "coord": null,
                    "is_working": true,
                    "name": "Заходское",
                    "rect": null,
                    "text_id": 449,
                    "uid": 464
                },
                {
                    "coord": null,
                    "is_working": true,
                    "name": "Кирилловское",
                    "rect": null,
                    "text_id": 450,
                    "uid": 465
                },
                {
                    "coord": null,
                    "is_working": true,
                    "name": "Лейпясуо",
                    "rect": null,
                    "text_id": 451,
                    "uid": 466
                },
                {
                    "coord": null,
                    "is_working": true,
                    "name": "Гаврилово",
                    "rect": null,
                    "text_id": 452,
                    "uid": 467
                },
                {
                    "coord": null,
                    "is_working": true,
                    "name": "Лебедевка",
                    "rect": null,
                    "text_id": 453,
                    "uid": 468
                },
                {
                    "coord": null,
                    "is_working": true,
                    "name": "117 км",
                    "rect": null,
                    "text_id": 181,
                    "uid": 469
                },
                {
                    "coord": null,
                    "is_working": true,
                    "name": "Верхне-Черкасово",
                    "rect": null,
                    "text_id": 454,
                    "uid": 470
                },
                {
                    "coord": null,
                    "is_working": true,
                    "name": "Лазаревка",
                    "rect": null,
                    "text_id": 455,
                    "uid": 471
                },
                {
                    "coord": null,
                    "is_working": true,
                    "name": "Выборг",
                    "rect": null,
                    "text_id": 456,
                    "uid": 472
                },
                {
                    "coord": null,
                    "is_working": true,
                    "name": "Новая Деревня",
                    "rect": null,
                    "text_id": 457,
                    "uid": 473
                },
                {
                    "coord": [
                        210,
                        100
                    ],
                    "is_working": true,
                    "name": "Старая Деревня",
                    "rect": [
                        95,
                        90,
                        100,
                        20
                    ],
                    "text_id": 458,
                    "uid": 474
                },
                {
                    "coord": null,
                    "is_working": true,
                    "name": "Яхтенная",
                    "rect": null,
                    "text_id": 459,
                    "uid": 475
                },
                {
                    "coord": null,
                    "is_working": true,
                    "name": "Лахта",
                    "rect": null,
                    "text_id": 460,
                    "uid": 476
                },
                {
                    "coord": null,
                    "is_working": true,
                    "name": "Ольгино",
                    "rect": null,
                    "text_id": 461,
                    "uid": 477
                },
                {
                    "coord": null,
                    "is_working": true,
                    "name": "Лисий Нос",
                    "rect": null,
                    "text_id": 462,
                    "uid": 478
                },
                {
                    "coord": null,
                    "is_working": true,
                    "name": "Горская",
                    "rect": null,
                    "text_id": 463,
                    "uid": 479
                },
                {
                    "coord": null,
                    "is_working": true,
                    "name": "Александровская",
                    "rect": null,
                    "text_id": 110,
                    "uid": 480
                },
                {
                    "coord": null,
                    "is_working": true,
                    "name": "Тарховка",
                    "rect": null,
                    "text_id": 464,
                    "uid": 481
                },
                {
                    "coord": null,
                    "is_working": true,
                    "name": "Разлив",
                    "rect": null,
                    "text_id": 465,
                    "uid": 482
                },
                {
                    "coord": null,
                    "is_working": true,
                    "name": "Сестрорецк",
                    "rect": null,
                    "text_id": 466,
                    "uid": 483
                },
                {
                    "coord": null,
                    "is_working": true,
                    "name": "Курорт",
                    "rect": null,
                    "text_id": 467,
                    "uid": 484
                },
                {
                    "coord": [
                        210,
                        460
                    ],
                    "is_working": true,
                    "name": "Ладожский вокзал",
                    "rect": [
                        95,
                        450,
                        100,
                        20
                    ],
                    "text_id": 367,
                    "uid": 485
                },
                {
                    "coord": null,
                    "is_working": true,
                    "name": "Молодёжная",
                    "rect": null,
                    "text_id": 468,
                    "uid": 486
                },
                {
                    "coord": null,
                    "is_working": true,
                    "name": "Приветненское",
                    "rect": null,
                    "text_id": 469,
                    "uid": 487
                },
                {
                    "coord": null,
                    "is_working": true,
                    "name": "70 км",
                    "rect": null,
                    "text_id": 470,
                    "uid": 488
                },
                {
                    "coord": null,
                    "is_working": true,
                    "name": "72 км",
                    "rect": null,
                    "text_id": 471,
                    "uid": 489
                },
                {
                    "coord": null,
                    "is_working": true,
                    "name": "Местерьярви",
                    "rect": null,
                    "text_id": 472,
                    "uid": 490
                },
                {
                    "coord": null,
                    "is_working": true,
                    "name": "Яппиля",
                    "rect": null,
                    "text_id": 473,
                    "uid": 491
                },
                {
                    "coord": null,
                    "is_working": true,
                    "name": "86 км",
                    "rect": null,
                    "text_id": 474,
                    "uid": 492
                },
                {
                    "coord": null,
                    "is_working": true,
                    "name": "Тарасовское",
                    "rect": null,
                    "text_id": 475,
                    "uid": 493
                },
                {
                    "coord": null,
                    "is_working": true,
                    "name": "Куолемаярви",
                    "rect": null,
                    "text_id": 476,
                    "uid": 494
                },
                {
                    "coord": null,
                    "is_working": true,
                    "name": "106 км",
                    "rect": null,
                    "text_id": 219,
                    "uid": 495
                },
                {
                    "coord": null,
                    "is_working": true,
                    "name": "Ермилово",
                    "rect": null,
                    "text_id": 477,
                    "uid": 496
                },
                {
                    "coord": null,
                    "is_working": true,
                    "name": "Приморск",
                    "rect": null,
                    "text_id": 478,
                    "uid": 497
                },
                {
                    "coord": null,
                    "is_working": true,
                    "name": "Бор",
                    "rect": null,
                    "text_id": 479,
                    "uid": 498
                },
                {
                    "coord": null,
                    "is_working": true,
                    "name": "Прибылово",
                    "rect": null,
                    "text_id": 480,
                    "uid": 499
                },
                {
                    "coord": null,
                    "is_working": true,
                    "name": "Советский",
                    "rect": null,
                    "text_id": 481,
                    "uid": 500
                },
                {
                    "coord": null,
                    "is_working": true,
                    "name": "Попово",
                    "rect": null,
                    "text_id": 482,
                    "uid": 501
                },
                {
                    "coord": null,
                    "is_working": true,
                    "name": "Матросово",
                    "rect": null,
                    "text_id": 483,
                    "uid": 502
                },
                {
                    "coord": null,
                    "is_working": true,
                    "name": "Соколинское",
                    "rect": null,
                    "text_id": 484,
                    "uid": 503
                },
                {
                    "coord": null,
                    "is_working": true,
                    "name": "Ржевка",
                    "rect": null,
                    "text_id": 485,
                    "uid": 504
                },
                {
                    "coord": null,
                    "is_working": true,
                    "name": "Ковалёво Пост",
                    "rect": null,
                    "text_id": 486,
                    "uid": 505
                },
                {
                    "coord": null,
                    "is_working": true,
                    "name": "Ковалёво",
                    "rect": null,
                    "text_id": 487,
                    "uid": 506
                },
                {
                    "coord": null,
                    "is_working": true,
                    "name": "Бернгардовка",
                    "rect": null,
                    "text_id": 488,
                    "uid": 507
                },
                {
                    "coord": null,
                    "is_working": true,
                    "name": "Всеволожская",
                    "rect": null,
                    "text_id": 489,
                    "uid": 508
                },
                {
                    "coord": null,
                    "is_working": true,
                    "name": "Мельничный Ручей",
                    "rect": null,
                    "text_id": 490,
                    "uid": 509
                },
                {
                    "coord": null,
                    "is_working": true,
                    "name": "Романовка",
                    "rect": null,
                    "text_id": 491,
                    "uid": 510
                },
                {
                    "coord": null,
                    "is_working": true,
                    "name": "Корнево",
                    "rect": null,
                    "text_id": 492,
                    "uid": 511
                },
                {
                    "coord": null,
                    "is_working": true,
                    "name": "Проба",
                    "rect": null,
                    "text_id": 493,
                    "uid": 512
                },
                {
                    "coord": null,
                    "is_working": true,
                    "name": "Рахья",
                    "rect": null,
                    "text_id": 494,
                    "uid": 513
                },
                {
                    "coord": null,
                    "is_working": true,
                    "name": "Ириновка",
                    "rect": null,
                    "text_id": 495,
                    "uid": 514
                },
                {
                    "coord": null,
                    "is_working": true,
                    "name": "Борисова Грива",
                    "rect": null,
                    "text_id": 496,
                    "uid": 515
                },
                {
                    "coord": null,
                    "is_working": true,
                    "name": "Ваганово",
                    "rect": null,
                    "text_id": 497,
                    "uid": 516
                },
                {
                    "coord": null,
                    "is_working": true,
                    "name": "44 км",
                    "rect": null,
                    "text_id": 498,
                    "uid": 517
                },
                {
                    "coord": null,
                    "is_working": true,
                    "name": "Ладожское Озеро",
                    "rect": null,
                    "text_id": 499,
                    "uid": 518
                },
                {
                    "coord": null,
                    "is_working": true,
                    "name": "Щеглово",
                    "rect": null,
                    "text_id": 500,
                    "uid": 519
                },
                {
                    "coord": null,
                    "is_working": true,
                    "name": "Кирпичный Завод",
                    "rect": null,
                    "text_id": 501,
                    "uid": 520
                },
                {
                    "coord": null,
                    "is_working": true,
                    "name": "Радченко",
                    "rect": null,
                    "text_id": 502,
                    "uid": 521
                },
                {
                    "coord": null,
                    "is_working": true,
                    "name": "Дунай",
                    "rect": null,
                    "text_id": 503,
                    "uid": 522
                },
                {
                    "coord": null,
                    "is_working": true,
                    "name": "19 км",
                    "rect": null,
                    "text_id": 504,
                    "uid": 523
                },
                {
                    "coord": null,
                    "is_working": true,
                    "name": "21 км",
                    "rect": null,
                    "text_id": 138,
                    "uid": 524
                },
                {
                    "coord": null,
                    "is_working": true,
                    "name": "Петрокрепость",
                    "rect": null,
                    "text_id": 505,
                    "uid": 525
                },
                {
                    "coord": null,
                    "is_working": true,
                    "name": "Сады",
                    "rect": null,
                    "text_id": 506,
                    "uid": 526
                },
                {
                    "coord": null,
                    "is_working": true,
                    "name": "Чёрная Речка",
                    "rect": null,
                    "text_id": 507,
                    "uid": 527
                },
                {
                    "coord": null,
                    "is_working": true,
                    "name": "Теплобетонная",
                    "rect": null,
                    "text_id": 508,
                    "uid": 528
                },
                {
                    "coord": null,
                    "is_working": true,
                    "name": "37 км",
                    "rect": null,
                    "text_id": 509,
                    "uid": 529
                },
                {
                    "coord": null,
                    "is_working": true,
                    "name": "Невская Дубровка",
                    "rect": null,
                    "text_id": 510,
                    "uid": 530
                }
            ],
            "text_id": 511
        }
    ],
    "lines_width": 9,
    "name": "4",
    "name_text_id": 63,
    "stations_diameter": 16.0,
    "transfers": [
        [
            27,
            39,
            null,
            null
        ],
        [
            41,
            55,
            [
                221,
                380
            ],
            [
                240,
                380
            ]
        ],
        [
            53,
            10,
            [
                240,
                300
            ],
            [
                221,
                300
            ]
        ],
        [
            9,
            40,
            null,
            null
        ],
        [
            52,
            28,
            [
                240,
                260
            ],
            [
                221,
                260
            ]
        ],
        [
            12,
            29,
            null,
            null
        ],
        [
            0,
            415,
            null,
            null
        ],
        [
            57,
            485,
            [
                240,
                460
            ],
            [
                210,
                460
            ]
        ],
        [
            48,
            474,
            [
                240,
                100
            ],
            [
                210,
                100
            ]
        ],
        [
            22,
            446,
            null,
            null
        ],
        [
            7,
            410,
            null,
            null
        ]
    ],
    "transports": [
        "metro",
        "train"
    ],
    "type_name": "Метро",
    "type_text_id": 553,
    "upper_case": true,
    "width": 390,
    "word_wrap": true
}