{
    "default_transports": [
        "train"
    ],
    "height": 827,
    "images": [
        "res/schemes/railways_bologoe.svg"
    ],
    "is_vector": true,
    "lines": [
        {
            "labels_bg_color": "-1",
            "labels_color": "000000",
            "line_color": "009999",
            "line_width": 9,
            "name": "Электричка: Московский",
            "segments": [
                [
                    230,
                    231,
                    [
                        [
                            50,
                            40
                        ],
                        [
                            50,
                            10
                        ]
                    ],
                    true
                ],
                [
                    231,
                    232,
                    [
                        [
                            50,
                            70
                        ],
                        [
                            50,
                            40
                        ]
                    ],
                    true
                ],
                [
                    232,
                    233,
                    [
                        [
                            50,
                            100
                        ],
                        [
                            50,
                            70
                        ]
                    ],
                    true
                ],
                [
                    233,
                    234,
                    [
                        [
                            50,
                            130
                        ],
                        [
                            50,
                            100
                        ]
                    ],
                    true
                ],
                [
                    234,
                    235,
                    [
                        [
                            50,
                            160
                        ],
                        [
                            50,
                            130
                        ]
                    ],
                    true
                ],
                [
                    235,
                    236,
                    [
                        [
                            50,
                            190
                        ],
                        [
                            50,
                            160
                        ]
                    ],
                    true
                ],
                [
                    236,
                    237,
                    [
                        [
                            50,
                            220
                        ],
                        [
                            50,
                            190
                        ]
                    ],
                    true
                ],
                [
                    237,
                    238,
                    [
                        [
                            50,
                            250
                        ],
                        [
                            50,
                            220
                        ]
                    ],
                    true
                ],
                [
                    238,
                    239,
                    [
                        [
                            50,
                            280
                        ],
                        [
                            50,
                            250
                        ]
                    ],
                    true
                ],
                [
                    239,
                    240,
                    [
                        [
                            50,
                            310
                        ],
                        [
                            50,
                            280
                        ]
                    ],
                    true
                ],
                [
                    240,
                    241,
                    [
                        [
                            50,
                            340
                        ],
                        [
                            50,
                            310
                        ]
                    ],
                    true
                ],
                [
                    241,
                    242,
                    [
                        [
                            50,
                            370
                        ],
                        [
                            50,
                            340
                        ]
                    ],
                    true
                ],
                [
                    242,
                    243,
                    [
                        [
                            50,
                            400
                        ],
                        [
                            50,
                            370
                        ]
                    ],
                    true
                ],
                [
                    243,
                    244,
                    [
                        [
                            50,
                            430
                        ],
                        [
                            50,
                            400
                        ]
                    ],
                    true
                ],
                [
                    244,
                    245,
                    [
                        [
                            50,
                            460
                        ],
                        [
                            50,
                            430
                        ]
                    ],
                    true
                ],
                [
                    245,
                    246,
                    [
                        [
                            50,
                            490
                        ],
                        [
                            50,
                            460
                        ]
                    ],
                    true
                ],
                [
                    246,
                    247,
                    [
                        [
                            50,
                            520
                        ],
                        [
                            50,
                            490
                        ]
                    ],
                    true
                ],
                [
                    247,
                    248,
                    [
                        [
                            50,
                            550
                        ],
                        [
                            50,
                            520
                        ]
                    ],
                    true
                ],
                [
                    248,
                    249,
                    [
                        [
                            50,
                            580
                        ],
                        [
                            50,
                            550
                        ]
                    ],
                    true
                ],
                [
                    249,
                    250,
                    [
                        [
                            50,
                            610
                        ],
                        [
                            50,
                            580
                        ]
                    ],
                    true
                ],
                [
                    250,
                    251,
                    [
                        [
                            50,
                            640
                        ],
                        [
                            50,
                            610
                        ]
                    ],
                    true
                ],
                [
                    251,
                    252,
                    [
                        [
                            50,
                            670
                        ],
                        [
                            50,
                            640
                        ]
                    ],
                    true
                ],
                [
                    252,
                    253,
                    [
                        [
                            250.0,
                            70.0
                        ],
                        [
                            242.27,
                            68.44
                        ],
                        [
                            234.81,
                            68.0
                        ],
                        [
                            227.64,
                            68.67
                        ],
                        [
                            220.75,
                            70.5
                        ],
                        [
                            214.16,
                            73.57
                        ],
                        [
                            207.84,
                            77.73
                        ],
                        [
                            201.8,
                            82.95
                        ],
                        [
                            196.0,
                            89.0
                        ],
                        [
                            190.39,
                            95.47
                        ],
                        [
                            185.03,
                            102.89
                        ],
                        [
                            179.99,
                            111.65
                        ],
                        [
                            175.25,
                            121.75
                        ],
                        [
                            170.81,
                            133.11
                        ],
                        [
                            166.75,
                            146.33
                        ],
                        [
                            163.1,
                            161.63
                        ],
                        [
                            160.0,
                            180.0
                        ],
                        [
                            157.7,
                            203.1
                        ],
                        [
                            155.91,
                            229.05
                        ],
                        [
                            154.47,
                            256.66
                        ],
                        [
                            153.31,
                            285.5
                        ],
                        [
                            152.3,
                            314.83
                        ],
                        [
                            151.43,
                            344.43
                        ],
                        [
                            150.68,
                            374.06
                        ],
                        [
                            150.0,
                            403.0
                        ],
                        [
                            149.35,
                            430.27
                        ],
                        [
                            148.67,
                            456.38
                        ],
                        [
                            147.9,
                            481.5
                        ],
                        [
                            147.0,
                            505.62
                        ],
                        [
                            145.97,
                            529.01
                        ],
                        [
                            144.69,
                            551.1
                        ],
                        [
                            143.08,
                            571.61
                        ],
                        [
                            141.0,
                            590.0
                        ],
                        [
                            138.2,
                            605.39
                        ],
                        [
                            134.88,
                            618.59
                        ],
                        [
                            131.13,
                            630.08
                        ],
                        [
                            127.0,
                            640.0
                        ],
                        [
                            122.54,
                            648.62
                        ],
                        [
                            117.73,
                            655.95
                        ],
                        [
                            112.54,
                            662.0
                        ],
                        [
                            107.0,
                            667.0
                        ],
                        [
                            101.12,
                            671.26
                        ],
                        [
                            94.9,
                            674.55
                        ],
                        [
                            88.32,
                            676.72
                        ],
                        [
                            81.38,
                            677.75
                        ],
                        [
                            74.07,
                            677.56
                        ],
                        [
                            66.41,
                            676.19
                        ],
                        [
                            58.38,
                            673.67
                        ],
                        [
                            50.0,
                            670.0
                        ]
                    ],
                    true
                ],
                [
                    253,
                    254,
                    [
                        [
                            250,
                            100
                        ],
                        [
                            250,
                            70
                        ]
                    ],
                    true
                ],
                [
                    254,
                    255,
                    [
                        [
                            250,
                            130
                        ],
                        [
                            250,
                            100
                        ]
                    ],
                    true
                ],
                [
                    255,
                    256,
                    [
                        [
                            250,
                            160
                        ],
                        [
                            250,
                            130
                        ]
                    ],
                    true
                ],
                [
                    256,
                    257,
                    [
                        [
                            250,
                            190
                        ],
                        [
                            250,
                            160
                        ]
                    ],
                    true
                ],
                [
                    257,
                    258,
                    [
                        [
                            250,
                            220
                        ],
                        [
                            250,
                            190
                        ]
                    ],
                    true
                ],
                [
                    258,
                    259,
                    [
                        [
                            250,
                            250
                        ],
                        [
                            250,
                            220
                        ]
                    ],
                    true
                ],
                [
                    259,
                    260,
                    [
                        [
                            250,
                            280
                        ],
                        [
                            250,
                            250
                        ]
                    ],
                    true
                ],
                [
                    260,
                    261,
                    [
                        [
                            250,
                            310
                        ],
                        [
                            250,
                            280
                        ]
                    ],
                    true
                ],
                [
                    261,
                    262,
                    [
                        [
                            250,
                            340
                        ],
                        [
                            250,
                            310
                        ]
                    ],
                    true
                ],
                [
                    262,
                    263,
                    [
                        [
                            250,
                            370
                        ],
                        [
                            250,
                            340
                        ]
                    ],
                    true
                ],
                [
                    263,
                    264,
                    [
                        [
                            250,
                            400
                        ],
                        [
                            250,
                            370
                        ]
                    ],
                    true
                ],
                [
                    264,
                    265,
                    [
                        [
                            250,
                            430
                        ],
                        [
                            250,
                            400
                        ]
                    ],
                    true
                ],
                [
                    265,
                    266,
                    [
                        [
                            250,
                            460
                        ],
                        [
                            250,
                            430
                        ]
                    ],
                    true
                ],
                [
                    266,
                    267,
                    [
                        [
                            250,
                            490
                        ],
                        [
                            250,
                            460
                        ]
                    ],
                    true
                ],
                [
                    267,
                    268,
                    [
                        [
                            250,
                            520
                        ],
                        [
                            250,
                            490
                        ]
                    ],
                    true
                ],
                [
                    268,
                    269,
                    [
                        [
                            250,
                            550
                        ],
                        [
                            250,
                            520
                        ]
                    ],
                    true
                ],
                [
                    269,
                    270,
                    [
                        [
                            250,
                            580
                        ],
                        [
                            250,
                            550
                        ]
                    ],
                    true
                ],
                [
                    270,
                    271,
                    [
                        [
                            250,
                            610
                        ],
                        [
                            250,
                            580
                        ]
                    ],
                    true
                ]
            ],
            "stations": [
                {
                    "coord": null,
                    "is_working": true,
                    "name": "Московский вокзал",
                    "rect": null,
                    "text_id": 195,
                    "uid": 194
                },
                {
                    "coord": null,
                    "is_working": true,
                    "name": "Навалочная",
                    "rect": null,
                    "text_id": 196,
                    "uid": 195
                },
                {
                    "coord": null,
                    "is_working": true,
                    "name": "5 км",
                    "rect": null,
                    "text_id": 197,
                    "uid": 196
                },
                {
                    "coord": null,
                    "is_working": true,
                    "name": "Фарфоровская",
                    "rect": null,
                    "text_id": 198,
                    "uid": 197
                },
                {
                    "coord": null,
                    "is_working": true,
                    "name": "Сортировочная",
                    "rect": null,
                    "text_id": 199,
                    "uid": 198
                },
                {
                    "coord": null,
                    "is_working": true,
                    "name": "Обухово",
                    "rect": null,
                    "text_id": 47,
                    "uid": 199
                },
                {
                    "coord": null,
                    "is_working": true,
                    "name": "Славянка",
                    "rect": null,
                    "text_id": 200,
                    "uid": 200
                },
                {
                    "coord": null,
                    "is_working": true,
                    "name": "Металлострой",
                    "rect": null,
                    "text_id": 201,
                    "uid": 201
                },
                {
                    "coord": null,
                    "is_working": true,
                    "name": "Ижорский Завод",
                    "rect": null,
                    "text_id": 202,
                    "uid": 202
                },
                {
                    "coord": null,
                    "is_working": true,
                    "name": "Колпино",
                    "rect": null,
                    "text_id": 203,
                    "uid": 203
                },
                {
                    "coord": null,
                    "is_working": true,
                    "name": "Поповка",
                    "rect": null,
                    "text_id": 204,
                    "uid": 204
                },
                {
                    "coord": null,
                    "is_working": true,
                    "name": "Саблино",
                    "rect": null,
                    "text_id": 205,
                    "uid": 205
                },
                {
                    "coord": null,
                    "is_working": true,
                    "name": "Тосно-II",
                    "rect": null,
                    "text_id": 206,
                    "uid": 206
                },
                {
                    "coord": null,
                    "is_working": true,
                    "name": "Тосно-I",
                    "rect": null,
                    "text_id": 207,
                    "uid": 207
                },
                {
                    "coord": null,
                    "is_working": true,
                    "name": "Ушаки",
                    "rect": null,
                    "text_id": 208,
                    "uid": 208
                },
                {
                    "coord": null,
                    "is_working": true,
                    "name": "Георгиевская",
                    "rect": null,
                    "text_id": 209,
                    "uid": 209
                },
                {
                    "coord": null,
                    "is_working": true,
                    "name": "Рябово",
                    "rect": null,
                    "text_id": 210,
                    "uid": 210
                },
                {
                    "coord": null,
                    "is_working": true,
                    "name": "Соколов Ручей",
                    "rect": null,
                    "text_id": 211,
                    "uid": 211
                },
                {
                    "coord": null,
                    "is_working": true,
                    "name": "Болотницкая",
                    "rect": null,
                    "text_id": 212,
                    "uid": 212
                },
                {
                    "coord": null,
                    "is_working": true,
                    "name": "Любань",
                    "rect": null,
                    "text_id": 213,
                    "uid": 213
                },
                {
                    "coord": null,
                    "is_working": true,
                    "name": "Померанье",
                    "rect": null,
                    "text_id": 214,
                    "uid": 214
                },
                {
                    "coord": null,
                    "is_working": true,
                    "name": "93 км",
                    "rect": null,
                    "text_id": 215,
                    "uid": 215
                },
                {
                    "coord": null,
                    "is_working": true,
                    "name": "Трубниково",
                    "rect": null,
                    "text_id": 216,
                    "uid": 216
                },
                {
                    "coord": null,
                    "is_working": true,
                    "name": "Бабино",
                    "rect": null,
                    "text_id": 217,
                    "uid": 217
                },
                {
                    "coord": null,
                    "is_working": true,
                    "name": "Бабино-2",
                    "rect": null,
                    "text_id": 218,
                    "uid": 218
                },
                {
                    "coord": null,
                    "is_working": true,
                    "name": "106 км",
                    "rect": null,
                    "text_id": 219,
                    "uid": 219
                },
                {
                    "coord": null,
                    "is_working": true,
                    "name": "Торфяное",
                    "rect": null,
                    "text_id": 220,
                    "uid": 220
                },
                {
                    "coord": null,
                    "is_working": true,
                    "name": "Чудово",
                    "rect": null,
                    "text_id": 221,
                    "uid": 221
                },
                {
                    "coord": null,
                    "is_working": true,
                    "name": "Волхово",
                    "rect": null,
                    "text_id": 222,
                    "uid": 222
                },
                {
                    "coord": null,
                    "is_working": true,
                    "name": "Волхов Мост",
                    "rect": null,
                    "text_id": 223,
                    "uid": 223
                },
                {
                    "coord": null,
                    "is_working": true,
                    "name": "130 км",
                    "rect": null,
                    "text_id": 224,
                    "uid": 224
                },
                {
                    "coord": null,
                    "is_working": true,
                    "name": "Дубцы",
                    "rect": null,
                    "text_id": 225,
                    "uid": 225
                },
                {
                    "coord": null,
                    "is_working": true,
                    "name": "Гряды",
                    "rect": null,
                    "text_id": 226,
                    "uid": 226
                },
                {
                    "coord": null,
                    "is_working": true,
                    "name": "144 км",
                    "rect": null,
                    "text_id": 227,
                    "uid": 227
                },
                {
                    "coord": null,
                    "is_working": true,
                    "name": "Большая Вишера",
                    "rect": null,
                    "text_id": 228,
                    "uid": 228
                },
                {
                    "coord": null,
                    "is_working": true,
                    "name": "157 км",
                    "rect": null,
                    "text_id": 229,
                    "uid": 229
                },
                {
                    "coord": [
                        50,
                        10
                    ],
                    "is_working": true,
                    "name": "Малая Вишера",
                    "rect": [
                        65,
                        0,
                        100,
                        20
                    ],
                    "text_id": 230,
                    "uid": 230
                },
                {
                    "coord": [
                        50,
                        40
                    ],
                    "is_working": true,
                    "name": "167 км",
                    "rect": [
                        65,
                        30,
                        100,
                        20
                    ],
                    "text_id": 231,
                    "uid": 231
                },
                {
                    "coord": [
                        50,
                        70
                    ],
                    "is_working": true,
                    "name": "170 км",
                    "rect": [
                        65,
                        60,
                        100,
                        20
                    ],
                    "text_id": 232,
                    "uid": 232
                },
                {
                    "coord": [
                        50,
                        100
                    ],
                    "is_working": true,
                    "name": "172 км",
                    "rect": [
                        65,
                        90,
                        100,
                        20
                    ],
                    "text_id": 233,
                    "uid": 233
                },
                {
                    "coord": [
                        50,
                        130
                    ],
                    "is_working": true,
                    "name": "Красненка",
                    "rect": [
                        65,
                        120,
                        100,
                        20
                    ],
                    "text_id": 234,
                    "uid": 234
                },
                {
                    "coord": [
                        50,
                        160
                    ],
                    "is_working": true,
                    "name": "179 км",
                    "rect": [
                        65,
                        150,
                        100,
                        20
                    ],
                    "text_id": 235,
                    "uid": 235
                },
                {
                    "coord": [
                        50,
                        190
                    ],
                    "is_working": true,
                    "name": "Бурга",
                    "rect": [
                        65,
                        180,
                        100,
                        20
                    ],
                    "text_id": 236,
                    "uid": 236
                },
                {
                    "coord": [
                        50,
                        220
                    ],
                    "is_working": true,
                    "name": "186 км",
                    "rect": [
                        65,
                        210,
                        100,
                        20
                    ],
                    "text_id": 237,
                    "uid": 237
                },
                {
                    "coord": [
                        50,
                        250
                    ],
                    "is_working": true,
                    "name": "Мстинский Мост",
                    "rect": [
                        65,
                        240,
                        100,
                        20
                    ],
                    "text_id": 238,
                    "uid": 238
                },
                {
                    "coord": [
                        50,
                        280
                    ],
                    "is_working": true,
                    "name": "190 км",
                    "rect": [
                        65,
                        270,
                        100,
                        20
                    ],
                    "text_id": 239,
                    "uid": 239
                },
                {
                    "coord": [
                        50,
                        310
                    ],
                    "is_working": true,
                    "name": "198 км",
                    "rect": [
                        65,
                        300,
                        100,
                        20
                    ],
                    "text_id": 240,
                    "uid": 240
                },
                {
                    "coord": [
                        50,
                        340
                    ],
                    "is_working": true,
                    "name": "204 км",
                    "rect": [
                        65,
                        330,
                        100,
                        20
                    ],
                    "text_id": 241,
                    "uid": 241
                },
                {
                    "coord": [
                        50,
                        370
                    ],
                    "is_working": true,
                    "name": "211 км",
                    "rect": [
                        65,
                        360,
                        100,
                        20
                    ],
                    "text_id": 242,
                    "uid": 242
                },
                {
                    "coord": [
                        50,
                        400
                    ],
                    "is_working": true,
                    "name": "213 км",
                    "rect": [
                        65,
                        390,
                        100,
                        20
                    ],
                    "text_id": 243,
                    "uid": 243
                },
                {
                    "coord": [
                        50,
                        430
                    ],
                    "is_working": true,
                    "name": "Торбино",
                    "rect": [
                        65,
                        420,
                        100,
                        20
                    ],
                    "text_id": 244,
                    "uid": 244
                },
                {
                    "coord": [
                        50,
                        460
                    ],
                    "is_working": true,
                    "name": "220 км",
                    "rect": [
                        65,
                        450,
                        100,
                        20
                    ],
                    "text_id": 245,
                    "uid": 245
                },
                {
                    "coord": [
                        50,
                        490
                    ],
                    "is_working": true,
                    "name": "Вялка",
                    "rect": [
                        65,
                        480,
                        100,
                        20
                    ],
                    "text_id": 246,
                    "uid": 246
                },
                {
                    "coord": [
                        50,
                        520
                    ],
                    "is_working": true,
                    "name": "226 км",
                    "rect": [
                        65,
                        510,
                        100,
                        20
                    ],
                    "text_id": 247,
                    "uid": 247
                },
                {
                    "coord": [
                        50,
                        550
                    ],
                    "is_working": true,
                    "name": "Боровенка",
                    "rect": [
                        65,
                        540,
                        100,
                        20
                    ],
                    "text_id": 248,
                    "uid": 248
                },
                {
                    "coord": [
                        50,
                        580
                    ],
                    "is_working": true,
                    "name": "Заозерье",
                    "rect": [
                        65,
                        569,
                        100,
                        20
                    ],
                    "text_id": 249,
                    "uid": 249
                },
                {
                    "coord": [
                        50,
                        610
                    ],
                    "is_working": true,
                    "name": "243 км",
                    "rect": [
                        65,
                        600,
                        100,
                        20
                    ],
                    "text_id": 250,
                    "uid": 250
                },
                {
                    "coord": [
                        50,
                        640
                    ],
                    "is_working": true,
                    "name": "246 км",
                    "rect": [
                        65,
                        630,
                        100,
                        20
                    ],
                    "text_id": 251,
                    "uid": 251
                },
                {
                    "coord": [
                        50,
                        670
                    ],
                    "is_working": true,
                    "name": "Окуловка",
                    "rect": [
                        65,
                        660,
                        100,
                        20
                    ],
                    "text_id": 252,
                    "uid": 252
                },
                {
                    "coord": [
                        250,
                        70
                    ],
                    "is_working": true,
                    "name": "253 км",
                    "rect": [
                        265,
                        60,
                        100,
                        20
                    ],
                    "text_id": 253,
                    "uid": 253
                },
                {
                    "coord": [
                        250,
                        100
                    ],
                    "is_working": true,
                    "name": "256 км",
                    "rect": [
                        265,
                        90,
                        100,
                        20
                    ],
                    "text_id": 254,
                    "uid": 254
                },
                {
                    "coord": [
                        250,
                        130
                    ],
                    "is_working": true,
                    "name": "Яблоновка",
                    "rect": [
                        265,
                        120,
                        100,
                        20
                    ],
                    "text_id": 255,
                    "uid": 255
                },
                {
                    "coord": [
                        250,
                        160
                    ],
                    "is_working": true,
                    "name": "265 км",
                    "rect": [
                        265,
                        150,
                        100,
                        20
                    ],
                    "text_id": 256,
                    "uid": 256
                },
                {
                    "coord": [
                        250,
                        190
                    ],
                    "is_working": true,
                    "name": "Угловка",
                    "rect": [
                        265,
                        180,
                        100,
                        20
                    ],
                    "text_id": 257,
                    "uid": 257
                },
                {
                    "coord": [
                        250,
                        220
                    ],
                    "is_working": true,
                    "name": "271 км",
                    "rect": [
                        265,
                        210,
                        100,
                        20
                    ],
                    "text_id": 258,
                    "uid": 258
                },
                {
                    "coord": [
                        250,
                        250
                    ],
                    "is_working": true,
                    "name": "274 км",
                    "rect": [
                        265,
                        240,
                        100,
                        20
                    ],
                    "text_id": 259,
                    "uid": 259
                },
                {
                    "coord": [
                        250,
                        280
                    ],
                    "is_working": true,
                    "name": "Селище",
                    "rect": [
                        265,
                        270,
                        100,
                        20
                    ],
                    "text_id": 260,
                    "uid": 260
                },
                {
                    "coord": [
                        250,
                        310
                    ],
                    "is_working": true,
                    "name": "281 км",
                    "rect": [
                        265,
                        300,
                        100,
                        20
                    ],
                    "text_id": 261,
                    "uid": 261
                },
                {
                    "coord": [
                        250,
                        340
                    ],
                    "is_working": true,
                    "name": "284 км",
                    "rect": [
                        265,
                        330,
                        100,
                        20
                    ],
                    "text_id": 262,
                    "uid": 262
                },
                {
                    "coord": [
                        250,
                        370
                    ],
                    "is_working": true,
                    "name": "Лыкошино",
                    "rect": [
                        265,
                        360,
                        100,
                        20
                    ],
                    "text_id": 263,
                    "uid": 263
                },
                {
                    "coord": [
                        250,
                        400
                    ],
                    "is_working": true,
                    "name": "Заключье",
                    "rect": [
                        265,
                        390,
                        100,
                        20
                    ],
                    "text_id": 264,
                    "uid": 264
                },
                {
                    "coord": [
                        250,
                        430
                    ],
                    "is_working": true,
                    "name": "Алешинка",
                    "rect": [
                        265,
                        420,
                        100,
                        20
                    ],
                    "text_id": 265,
                    "uid": 265
                },
                {
                    "coord": [
                        250,
                        460
                    ],
                    "is_working": true,
                    "name": "301 км",
                    "rect": [
                        265,
                        450,
                        100,
                        20
                    ],
                    "text_id": 266,
                    "uid": 266
                },
                {
                    "coord": [
                        250,
                        490
                    ],
                    "is_working": true,
                    "name": "Березайка",
                    "rect": [
                        265,
                        480,
                        100,
                        20
                    ],
                    "text_id": 267,
                    "uid": 267
                },
                {
                    "coord": [
                        250,
                        520
                    ],
                    "is_working": true,
                    "name": "Гузятино",
                    "rect": [
                        265,
                        510,
                        100,
                        20
                    ],
                    "text_id": 268,
                    "uid": 268
                },
                {
                    "coord": [
                        250,
                        550
                    ],
                    "is_working": true,
                    "name": "Поплавенец",
                    "rect": [
                        265,
                        540,
                        100,
                        20
                    ],
                    "text_id": 269,
                    "uid": 269
                },
                {
                    "coord": [
                        250,
                        580
                    ],
                    "is_working": true,
                    "name": "Родионовская 318 км",
                    "rect": [
                        265,
                        570,
                        150,
                        20
                    ],
                    "text_id": 270,
                    "uid": 270
                },
                {
                    "coord": [
                        250,
                        610
                    ],
                    "is_working": true,
                    "name": "Бологое",
                    "rect": [
                        265,
                        600,
                        100,
                        20
                    ],
                    "text_id": 271,
                    "uid": 271
                },
                {
                    "coord": null,
                    "is_working": true,
                    "name": "Рыбацкое",
                    "rect": null,
                    "text_id": 48,
                    "uid": 272
                },
                {
                    "coord": null,
                    "is_working": true,
                    "name": "Ижоры",
                    "rect": null,
                    "text_id": 272,
                    "uid": 273
                },
                {
                    "coord": null,
                    "is_working": true,
                    "name": "Понтонная",
                    "rect": null,
                    "text_id": 273,
                    "uid": 274
                },
                {
                    "coord": null,
                    "is_working": true,
                    "name": "Сапёрная",
                    "rect": null,
                    "text_id": 274,
                    "uid": 275
                },
                {
                    "coord": null,
                    "is_working": true,
                    "name": "29 км",
                    "rect": null,
                    "text_id": 275,
                    "uid": 276
                },
                {
                    "coord": null,
                    "is_working": true,
                    "name": "Ивановская",
                    "rect": null,
                    "text_id": 276,
                    "uid": 277
                },
                {
                    "coord": null,
                    "is_working": true,
                    "name": "Пелла",
                    "rect": null,
                    "text_id": 277,
                    "uid": 278
                },
                {
                    "coord": null,
                    "is_working": true,
                    "name": "Горы",
                    "rect": null,
                    "text_id": 278,
                    "uid": 279
                },
                {
                    "coord": null,
                    "is_working": true,
                    "name": "45 км",
                    "rect": null,
                    "text_id": 279,
                    "uid": 280
                },
                {
                    "coord": null,
                    "is_working": true,
                    "name": "Мга",
                    "rect": null,
                    "text_id": 280,
                    "uid": 281
                },
                {
                    "coord": null,
                    "is_working": true,
                    "name": "3 км",
                    "rect": null,
                    "text_id": 281,
                    "uid": 282
                },
                {
                    "coord": null,
                    "is_working": true,
                    "name": "Сологубовка",
                    "rect": null,
                    "text_id": 282,
                    "uid": 283
                },
                {
                    "coord": null,
                    "is_working": true,
                    "name": "Турышкино",
                    "rect": null,
                    "text_id": 283,
                    "uid": 284
                },
                {
                    "coord": null,
                    "is_working": true,
                    "name": "Старая Малукса",
                    "rect": null,
                    "text_id": 284,
                    "uid": 285
                },
                {
                    "coord": null,
                    "is_working": true,
                    "name": "Малукса",
                    "rect": null,
                    "text_id": 285,
                    "uid": 286
                },
                {
                    "coord": null,
                    "is_working": true,
                    "name": "Погостье",
                    "rect": null,
                    "text_id": 286,
                    "uid": 287
                },
                {
                    "coord": null,
                    "is_working": true,
                    "name": "Жарок",
                    "rect": null,
                    "text_id": 287,
                    "uid": 288
                },
                {
                    "coord": null,
                    "is_working": true,
                    "name": "52 км",
                    "rect": null,
                    "text_id": 288,
                    "uid": 289
                },
                {
                    "coord": null,
                    "is_working": true,
                    "name": "55 км",
                    "rect": null,
                    "text_id": 289,
                    "uid": 290
                },
                {
                    "coord": null,
                    "is_working": true,
                    "name": "Посадниково",
                    "rect": null,
                    "text_id": 290,
                    "uid": 291
                },
                {
                    "coord": null,
                    "is_working": true,
                    "name": "Путепровод",
                    "rect": null,
                    "text_id": 291,
                    "uid": 292
                },
                {
                    "coord": null,
                    "is_working": true,
                    "name": "Волхов-Пристань",
                    "rect": null,
                    "text_id": 292,
                    "uid": 293
                },
                {
                    "coord": null,
                    "is_working": true,
                    "name": "Кириши",
                    "rect": null,
                    "text_id": 293,
                    "uid": 294
                },
                {
                    "coord": null,
                    "is_working": true,
                    "name": "74 км",
                    "rect": null,
                    "text_id": 294,
                    "uid": 295
                },
                {
                    "coord": null,
                    "is_working": true,
                    "name": "83 км",
                    "rect": null,
                    "text_id": 295,
                    "uid": 296
                },
                {
                    "coord": null,
                    "is_working": true,
                    "name": "Пчевжа",
                    "rect": null,
                    "text_id": 296,
                    "uid": 297
                },
                {
                    "coord": null,
                    "is_working": true,
                    "name": "92 км",
                    "rect": null,
                    "text_id": 176,
                    "uid": 298
                },
                {
                    "coord": null,
                    "is_working": true,
                    "name": "Будогощь",
                    "rect": null,
                    "text_id": 297,
                    "uid": 299
                },
                {
                    "coord": null,
                    "is_working": true,
                    "name": "Михайловская",
                    "rect": null,
                    "text_id": 298,
                    "uid": 300
                },
                {
                    "coord": null,
                    "is_working": true,
                    "name": "Апраксин",
                    "rect": null,
                    "text_id": 299,
                    "uid": 301
                },
                {
                    "coord": null,
                    "is_working": true,
                    "name": "63 км",
                    "rect": null,
                    "text_id": 171,
                    "uid": 302
                },
                {
                    "coord": null,
                    "is_working": true,
                    "name": "Назия",
                    "rect": null,
                    "text_id": 300,
                    "uid": 303
                },
                {
                    "coord": null,
                    "is_working": true,
                    "name": "Поляны",
                    "rect": null,
                    "text_id": 301,
                    "uid": 304
                },
                {
                    "coord": null,
                    "is_working": true,
                    "name": "75 км",
                    "rect": null,
                    "text_id": 91,
                    "uid": 305
                },
                {
                    "coord": null,
                    "is_working": true,
                    "name": "77 км",
                    "rect": null,
                    "text_id": 173,
                    "uid": 306
                },
                {
                    "coord": null,
                    "is_working": true,
                    "name": "Жихарево",
                    "rect": null,
                    "text_id": 302,
                    "uid": 307
                },
                {
                    "coord": null,
                    "is_working": true,
                    "name": "Плитняки",
                    "rect": null,
                    "text_id": 303,
                    "uid": 308
                },
                {
                    "coord": null,
                    "is_working": true,
                    "name": "Войбокало",
                    "rect": null,
                    "text_id": 304,
                    "uid": 309
                },
                {
                    "coord": null,
                    "is_working": true,
                    "name": "95 км",
                    "rect": null,
                    "text_id": 305,
                    "uid": 310
                },
                {
                    "coord": null,
                    "is_working": true,
                    "name": "Новый Быт",
                    "rect": null,
                    "text_id": 306,
                    "uid": 311
                },
                {
                    "coord": null,
                    "is_working": true,
                    "name": "106км",
                    "rect": null,
                    "text_id": 307,
                    "uid": 312
                },
                {
                    "coord": null,
                    "is_working": true,
                    "name": "Пупышево",
                    "rect": null,
                    "text_id": 308,
                    "uid": 313
                },
                {
                    "coord": null,
                    "is_working": true,
                    "name": "115 км",
                    "rect": null,
                    "text_id": 309,
                    "uid": 314
                },
                {
                    "coord": null,
                    "is_working": true,
                    "name": "119 км",
                    "rect": null,
                    "text_id": 310,
                    "uid": 315
                },
                {
                    "coord": null,
                    "is_working": true,
                    "name": "Волховстрой-I",
                    "rect": null,
                    "text_id": 311,
                    "uid": 316
                },
                {
                    "coord": null,
                    "is_working": true,
                    "name": "Волховстрой-II",
                    "rect": null,
                    "text_id": 312,
                    "uid": 317
                },
                {
                    "coord": null,
                    "is_working": true,
                    "name": "Мурманские Ворота",
                    "rect": null,
                    "text_id": 313,
                    "uid": 318
                },
                {
                    "coord": null,
                    "is_working": true,
                    "name": "Георгиевский",
                    "rect": null,
                    "text_id": 314,
                    "uid": 319
                },
                {
                    "coord": null,
                    "is_working": true,
                    "name": "141 км Хамонтово",
                    "rect": null,
                    "text_id": 315,
                    "uid": 320
                },
                {
                    "coord": null,
                    "is_working": true,
                    "name": "143 км",
                    "rect": null,
                    "text_id": 187,
                    "uid": 321
                },
                {
                    "coord": null,
                    "is_working": true,
                    "name": "Колчаново",
                    "rect": null,
                    "text_id": 316,
                    "uid": 322
                },
                {
                    "coord": null,
                    "is_working": true,
                    "name": "Лунгачи",
                    "rect": null,
                    "text_id": 317,
                    "uid": 323
                },
                {
                    "coord": null,
                    "is_working": true,
                    "name": "159 км",
                    "rect": null,
                    "text_id": 318,
                    "uid": 324
                },
                {
                    "coord": null,
                    "is_working": true,
                    "name": "165 км",
                    "rect": null,
                    "text_id": 319,
                    "uid": 325
                },
                {
                    "coord": null,
                    "is_working": true,
                    "name": "Юги",
                    "rect": null,
                    "text_id": 320,
                    "uid": 326
                },
                {
                    "coord": null,
                    "is_working": true,
                    "name": "Сидорово",
                    "rect": null,
                    "text_id": 321,
                    "uid": 327
                },
                {
                    "coord": null,
                    "is_working": true,
                    "name": "184 км",
                    "rect": null,
                    "text_id": 322,
                    "uid": 328
                },
                {
                    "coord": null,
                    "is_working": true,
                    "name": "187 км",
                    "rect": null,
                    "text_id": 323,
                    "uid": 329
                },
                {
                    "coord": null,
                    "is_working": true,
                    "name": "191 км",
                    "rect": null,
                    "text_id": 324,
                    "uid": 330
                },
                {
                    "coord": null,
                    "is_working": true,
                    "name": "Паша",
                    "rect": null,
                    "text_id": 325,
                    "uid": 331
                },
                {
                    "coord": null,
                    "is_working": true,
                    "name": "Оять-Волховстроевский",
                    "rect": null,
                    "text_id": 326,
                    "uid": 332
                },
                {
                    "coord": null,
                    "is_working": true,
                    "name": "Шоткуса",
                    "rect": null,
                    "text_id": 327,
                    "uid": 333
                },
                {
                    "coord": null,
                    "is_working": true,
                    "name": "Заостровье",
                    "rect": null,
                    "text_id": 328,
                    "uid": 334
                },
                {
                    "coord": null,
                    "is_working": true,
                    "name": "229 км",
                    "rect": null,
                    "text_id": 329,
                    "uid": 335
                },
                {
                    "coord": null,
                    "is_working": true,
                    "name": "Шамокша",
                    "rect": null,
                    "text_id": 330,
                    "uid": 336
                },
                {
                    "coord": null,
                    "is_working": true,
                    "name": "Лодейное Поле",
                    "rect": null,
                    "text_id": 331,
                    "uid": 337
                },
                {
                    "coord": null,
                    "is_working": true,
                    "name": "Янега",
                    "rect": null,
                    "text_id": 332,
                    "uid": 338
                },
                {
                    "coord": null,
                    "is_working": true,
                    "name": "259 км",
                    "rect": null,
                    "text_id": 333,
                    "uid": 339
                },
                {
                    "coord": null,
                    "is_working": true,
                    "name": "Яндеба",
                    "rect": null,
                    "text_id": 334,
                    "uid": 340
                },
                {
                    "coord": null,
                    "is_working": true,
                    "name": "Переезд 274 км",
                    "rect": null,
                    "text_id": 335,
                    "uid": 341
                },
                {
                    "coord": null,
                    "is_working": true,
                    "name": "Подпорожье",
                    "rect": null,
                    "text_id": 336,
                    "uid": 342
                },
                {
                    "coord": null,
                    "is_working": true,
                    "name": "284км",
                    "rect": null,
                    "text_id": 337,
                    "uid": 343
                },
                {
                    "coord": null,
                    "is_working": true,
                    "name": "Свирь",
                    "rect": null,
                    "text_id": 338,
                    "uid": 344
                },
                {
                    "coord": null,
                    "is_working": true,
                    "name": "Новгород",
                    "rect": null,
                    "text_id": 162,
                    "uid": 345
                },
                {
                    "coord": null,
                    "is_working": true,
                    "name": "Новгород пост",
                    "rect": null,
                    "text_id": 161,
                    "uid": 346
                },
                {
                    "coord": null,
                    "is_working": true,
                    "name": "Предузловая-Павловская",
                    "rect": null,
                    "text_id": 339,
                    "uid": 347
                },
                {
                    "coord": null,
                    "is_working": true,
                    "name": "64 км",
                    "rect": null,
                    "text_id": 340,
                    "uid": 348
                },
                {
                    "coord": null,
                    "is_working": true,
                    "name": "58 км",
                    "rect": null,
                    "text_id": 341,
                    "uid": 349
                },
                {
                    "coord": null,
                    "is_working": true,
                    "name": "Подберезье",
                    "rect": null,
                    "text_id": 342,
                    "uid": 350
                },
                {
                    "coord": null,
                    "is_working": true,
                    "name": "Мясной Бор",
                    "rect": null,
                    "text_id": 343,
                    "uid": 351
                },
                {
                    "coord": null,
                    "is_working": true,
                    "name": "Спасская Полисть",
                    "rect": null,
                    "text_id": 344,
                    "uid": 352
                },
                {
                    "coord": null,
                    "is_working": true,
                    "name": "Трегубово",
                    "rect": null,
                    "text_id": 345,
                    "uid": 353
                },
                {
                    "coord": null,
                    "is_working": true,
                    "name": "Чудово-II",
                    "rect": null,
                    "text_id": 346,
                    "uid": 354
                },
                {
                    "coord": null,
                    "is_working": true,
                    "name": "Зареченская",
                    "rect": null,
                    "text_id": 347,
                    "uid": 355
                },
                {
                    "coord": null,
                    "is_working": true,
                    "name": "Нурма",
                    "rect": null,
                    "text_id": 348,
                    "uid": 356
                },
                {
                    "coord": null,
                    "is_working": true,
                    "name": "13 км",
                    "rect": null,
                    "text_id": 349,
                    "uid": 357
                },
                {
                    "coord": null,
                    "is_working": true,
                    "name": "Шапки",
                    "rect": null,
                    "text_id": 350,
                    "uid": 358
                },
                {
                    "coord": null,
                    "is_working": true,
                    "name": "Невдубстрой",
                    "rect": null,
                    "text_id": 351,
                    "uid": 359
                },
                {
                    "coord": null,
                    "is_working": true,
                    "name": "11 км",
                    "rect": null,
                    "text_id": 352,
                    "uid": 360
                },
                {
                    "coord": null,
                    "is_working": true,
                    "name": "Грибное",
                    "rect": null,
                    "text_id": 353,
                    "uid": 361
                },
                {
                    "coord": null,
                    "is_working": true,
                    "name": "6км",
                    "rect": null,
                    "text_id": 354,
                    "uid": 362
                },
                {
                    "coord": null,
                    "is_working": true,
                    "name": "4км",
                    "rect": null,
                    "text_id": 355,
                    "uid": 363
                },
                {
                    "coord": null,
                    "is_working": true,
                    "name": "Павлово-на-Неве",
                    "rect": null,
                    "text_id": 356,
                    "uid": 364
                },
                {
                    "coord": null,
                    "is_working": true,
                    "name": "Геройская",
                    "rect": null,
                    "text_id": 357,
                    "uid": 365
                },
                {
                    "coord": null,
                    "is_working": true,
                    "name": "26км",
                    "rect": null,
                    "text_id": 358,
                    "uid": 366
                },
                {
                    "coord": null,
                    "is_working": true,
                    "name": "Островная",
                    "rect": null,
                    "text_id": 359,
                    "uid": 367
                },
                {
                    "coord": null,
                    "is_working": true,
                    "name": "Манушкино",
                    "rect": null,
                    "text_id": 360,
                    "uid": 368
                },
                {
                    "coord": null,
                    "is_working": true,
                    "name": "16км",
                    "rect": null,
                    "text_id": 361,
                    "uid": 369
                },
                {
                    "coord": null,
                    "is_working": true,
                    "name": "Колтуши",
                    "rect": null,
                    "text_id": 362,
                    "uid": 370
                },
                {
                    "coord": null,
                    "is_working": true,
                    "name": "11км",
                    "rect": null,
                    "text_id": 363,
                    "uid": 371
                },
                {
                    "coord": null,
                    "is_working": true,
                    "name": "Мяглово",
                    "rect": null,
                    "text_id": 364,
                    "uid": 372
                },
                {
                    "coord": null,
                    "is_working": true,
                    "name": "7км",
                    "rect": null,
                    "text_id": 365,
                    "uid": 373
                },
                {
                    "coord": null,
                    "is_working": true,
                    "name": "5км",
                    "rect": null,
                    "text_id": 366,
                    "uid": 374
                },
                {
                    "coord": null,
                    "is_working": true,
                    "name": "Ладожский вокзал",
                    "rect": null,
                    "text_id": 367,
                    "uid": 375
                },
                {
                    "coord": null,
                    "is_working": true,
                    "name": "Пискарёвка",
                    "rect": null,
                    "text_id": 368,
                    "uid": 376
                },
                {
                    "coord": null,
                    "is_working": true,
                    "name": "Кушелевка",
                    "rect": null,
                    "text_id": 369,
                    "uid": 377
                },
                {
                    "coord": null,
                    "is_working": true,
                    "name": "Финляндский вокзал",
                    "rect": null,
                    "text_id": 370,
                    "uid": 378
                },
                {
                    "coord": null,
                    "is_working": true,
                    "name": "Чудово-3",
                    "rect": null,
                    "text_id": 371,
                    "uid": 379
                },
                {
                    "coord": null,
                    "is_working": true,
                    "name": "96 км",
                    "rect": null,
                    "text_id": 372,
                    "uid": 380
                },
                {
                    "coord": null,
                    "is_working": true,
                    "name": "93км",
                    "rect": null,
                    "text_id": 373,
                    "uid": 381
                },
                {
                    "coord": null,
                    "is_working": true,
                    "name": "Водос",
                    "rect": null,
                    "text_id": 374,
                    "uid": 382
                },
                {
                    "coord": null,
                    "is_working": true,
                    "name": "85 км",
                    "rect": null,
                    "text_id": 375,
                    "uid": 383
                },
                {
                    "coord": null,
                    "is_working": true,
                    "name": "83км",
                    "rect": null,
                    "text_id": 376,
                    "uid": 384
                },
                {
                    "coord": null,
                    "is_working": true,
                    "name": "Тигода",
                    "rect": null,
                    "text_id": 377,
                    "uid": 385
                },
                {
                    "coord": null,
                    "is_working": true,
                    "name": "Ирса",
                    "rect": null,
                    "text_id": 378,
                    "uid": 386
                },
                {
                    "coord": null,
                    "is_working": true,
                    "name": "Андреево",
                    "rect": null,
                    "text_id": 379,
                    "uid": 387
                },
                {
                    "coord": null,
                    "is_working": true,
                    "name": "46 км",
                    "rect": null,
                    "text_id": 166,
                    "uid": 388
                },
                {
                    "coord": null,
                    "is_working": true,
                    "name": "42 км",
                    "rect": null,
                    "text_id": 380,
                    "uid": 389
                },
                {
                    "coord": null,
                    "is_working": true,
                    "name": "Глажево",
                    "rect": null,
                    "text_id": 381,
                    "uid": 390
                },
                {
                    "coord": null,
                    "is_working": true,
                    "name": "35 км",
                    "rect": null,
                    "text_id": 382,
                    "uid": 391
                },
                {
                    "coord": null,
                    "is_working": true,
                    "name": "30 км",
                    "rect": null,
                    "text_id": 383,
                    "uid": 392
                },
                {
                    "coord": null,
                    "is_working": true,
                    "name": "Теребочево",
                    "rect": null,
                    "text_id": 384,
                    "uid": 393
                },
                {
                    "coord": null,
                    "is_working": true,
                    "name": "23 км",
                    "rect": null,
                    "text_id": 385,
                    "uid": 394
                },
                {
                    "coord": null,
                    "is_working": true,
                    "name": "15 км",
                    "rect": null,
                    "text_id": 386,
                    "uid": 395
                },
                {
                    "coord": null,
                    "is_working": true,
                    "name": "Гостинополье",
                    "rect": null,
                    "text_id": 387,
                    "uid": 396
                },
                {
                    "coord": null,
                    "is_working": true,
                    "name": "10 км",
                    "rect": null,
                    "text_id": 388,
                    "uid": 397
                },
                {
                    "coord": null,
                    "is_working": true,
                    "name": "Пороги",
                    "rect": null,
                    "text_id": 389,
                    "uid": 398
                },
                {
                    "coord": null,
                    "is_working": true,
                    "name": "6 км",
                    "rect": null,
                    "text_id": 390,
                    "uid": 399
                },
                {
                    "coord": null,
                    "is_working": true,
                    "name": "4 км",
                    "rect": null,
                    "text_id": 391,
                    "uid": 400
                },
                {
                    "coord": null,
                    "is_working": true,
                    "name": "Новооктябрьский",
                    "rect": null,
                    "text_id": 392,
                    "uid": 401
                },
                {
                    "coord": null,
                    "is_working": true,
                    "name": "Тихвин",
                    "rect": null,
                    "text_id": 393,
                    "uid": 402
                },
                {
                    "coord": null,
                    "is_working": true,
                    "name": "Пикалево-2",
                    "rect": null,
                    "text_id": 394,
                    "uid": 403
                },
                {
                    "coord": null,
                    "is_working": true,
                    "name": "Ефимовская",
                    "rect": null,
                    "text_id": 395,
                    "uid": 404
                },
                {
                    "coord": null,
                    "is_working": true,
                    "name": "Подборовье",
                    "rect": null,
                    "text_id": 396,
                    "uid": 405
                },
                {
                    "coord": null,
                    "is_working": true,
                    "name": "Заборье",
                    "rect": null,
                    "text_id": 397,
                    "uid": 406
                },
                {
                    "coord": null,
                    "is_working": true,
                    "name": "Верхневольский",
                    "rect": null,
                    "text_id": 398,
                    "uid": 407
                },
                {
                    "coord": null,
                    "is_working": true,
                    "name": "Тешемля",
                    "rect": null,
                    "text_id": 399,
                    "uid": 408
                },
                {
                    "coord": null,
                    "is_working": true,
                    "name": "Бабаево",
                    "rect": null,
                    "text_id": 400,
                    "uid": 409
                }
            ],
            "text_id": 401
        }
    ],
    "lines_width": 9,
    "name": "railways_bologoe",
    "name_text_id": 555,
    "stations_diameter": 19.0,
    "transfers": [],
    "transports": [
        "metro",
        "train"
    ],
    "type_name": "OTHER",
    "type_text_id": 556,
    "upper_case": true,
    "width": 400,
    "word_wrap": false
}