{
    "default_transports": [
        "train"
    ],
    "height": 804,
    "images": [
        "res/schemes/railways_vitebsk.svg"
    ],
    "is_vector": true,
    "lines": [
        {
            "labels_bg_color": "-1",
            "labels_color": "000000",
            "line_color": "DC004B",
            "line_width": 9,
            "name": "Линия 1",
            "segments": [],
            "stations": [
                {
                    "coord": null,
                    "is_working": true,
                    "name": "Девяткино",
                    "rect": null,
                    "text_id": 0,
                    "uid": 0
                },
                {
                    "coord": null,
                    "is_working": true,
                    "name": "Гражданский пр.",
                    "rect": null,
                    "text_id": 1,
                    "uid": 1
                },
                {
                    "coord": null,
                    "is_working": true,
                    "name": "Академическая",
                    "rect": null,
                    "text_id": 2,
                    "uid": 2
                },
                {
                    "coord": null,
                    "is_working": true,
                    "name": "Политехническая",
                    "rect": null,
                    "text_id": 3,
                    "uid": 3
                },
                {
                    "coord": null,
                    "is_working": true,
                    "name": "пл.Мужества",
                    "rect": null,
                    "text_id": 4,
                    "uid": 4
                },
                {
                    "coord": null,
                    "is_working": true,
                    "name": "Лесная",
                    "rect": null,
                    "text_id": 5,
                    "uid": 5
                },
                {
                    "coord": null,
                    "is_working": true,
                    "name": "Выборгская",
                    "rect": null,
                    "text_id": 6,
                    "uid": 6
                },
                {
                    "coord": null,
                    "is_working": true,
                    "name": "пл.Ленина",
                    "rect": null,
                    "text_id": 7,
                    "uid": 7
                },
                {
                    "coord": null,
                    "is_working": true,
                    "name": "Чернышевская",
                    "rect": null,
                    "text_id": 8,
                    "uid": 8
                },
                {
                    "coord": null,
                    "is_working": true,
                    "name": "пл.Восстания",
                    "rect": null,
                    "text_id": 9,
                    "uid": 9
                },
                {
                    "coord": null,
                    "is_working": true,
                    "name": "Владимирская",
                    "rect": null,
                    "text_id": 10,
                    "uid": 10
                },
                {
                    "coord": [
                        34,
                        14
                    ],
                    "is_working": true,
                    "name": "Пушкинская",
                    "rect": [
                        51,
                        8,
                        78,
                        15
                    ],
                    "text_id": 11,
                    "uid": 11
                },
                {
                    "coord": null,
                    "is_working": true,
                    "name": "Технологический институт-I",
                    "rect": null,
                    "text_id": 12,
                    "uid": 12
                },
                {
                    "coord": null,
                    "is_working": true,
                    "name": "Балтийская",
                    "rect": null,
                    "text_id": 13,
                    "uid": 13
                },
                {
                    "coord": null,
                    "is_working": true,
                    "name": "Нарвская",
                    "rect": null,
                    "text_id": 14,
                    "uid": 14
                },
                {
                    "coord": null,
                    "is_working": true,
                    "name": "Кировский завод",
                    "rect": null,
                    "text_id": 15,
                    "uid": 15
                },
                {
                    "coord": null,
                    "is_working": true,
                    "name": "Автово",
                    "rect": null,
                    "text_id": 16,
                    "uid": 16
                },
                {
                    "coord": null,
                    "is_working": true,
                    "name": "Ленинский пр.",
                    "rect": null,
                    "text_id": 17,
                    "uid": 17
                },
                {
                    "coord": null,
                    "is_working": true,
                    "name": "пр.Ветеранов",
                    "rect": null,
                    "text_id": 18,
                    "uid": 18
                }
            ],
            "text_id": 19
        },
        {
            "labels_bg_color": "-1",
            "labels_color": "000000",
            "line_color": "0071B9",
            "line_width": 9,
            "name": "Линия 2",
            "segments": [],
            "stations": [
                {
                    "coord": null,
                    "is_working": true,
                    "name": "Парнас",
                    "rect": null,
                    "text_id": 20,
                    "uid": 19
                },
                {
                    "coord": null,
                    "is_working": true,
                    "name": "пр.Просвещения",
                    "rect": null,
                    "text_id": 21,
                    "uid": 20
                },
                {
                    "coord": null,
                    "is_working": true,
                    "name": "Озерки",
                    "rect": null,
                    "text_id": 22,
                    "uid": 21
                },
                {
                    "coord": null,
                    "is_working": true,
                    "name": "Удельная",
                    "rect": null,
                    "text_id": 23,
                    "uid": 22
                },
                {
                    "coord": null,
                    "is_working": true,
                    "name": "Пионерская",
                    "rect": null,
                    "text_id": 24,
                    "uid": 23
                },
                {
                    "coord": null,
                    "is_working": true,
                    "name": "Чёрная речка",
                    "rect": null,
                    "text_id": 25,
                    "uid": 24
                },
                {
                    "coord": null,
                    "is_working": true,
                    "name": "Петроградская",
                    "rect": null,
                    "text_id": 26,
                    "uid": 25
                },
                {
                    "coord": null,
                    "is_working": false,
                    "name": "Горьковская",
                    "rect": null,
                    "text_id": 27,
                    "uid": 26
                },
                {
                    "coord": null,
                    "is_working": true,
                    "name": "Невский пр.",
                    "rect": null,
                    "text_id": 28,
                    "uid": 27
                },
                {
                    "coord": null,
                    "is_working": true,
                    "name": "Сенная площадь",
                    "rect": null,
                    "text_id": 29,
                    "uid": 28
                },
                {
                    "coord": null,
                    "is_working": true,
                    "name": "Технологический институт-II",
                    "rect": null,
                    "text_id": 30,
                    "uid": 29
                },
                {
                    "coord": null,
                    "is_working": true,
                    "name": "Фрунзенская",
                    "rect": null,
                    "text_id": 31,
                    "uid": 30
                },
                {
                    "coord": null,
                    "is_working": true,
                    "name": "Московские ворота",
                    "rect": null,
                    "text_id": 32,
                    "uid": 31
                },
                {
                    "coord": null,
                    "is_working": true,
                    "name": "Электросила",
                    "rect": null,
                    "text_id": 33,
                    "uid": 32
                },
                {
                    "coord": null,
                    "is_working": true,
                    "name": "Парк Победы",
                    "rect": null,
                    "text_id": 34,
                    "uid": 33
                },
                {
                    "coord": null,
                    "is_working": true,
                    "name": "Московская",
                    "rect": null,
                    "text_id": 35,
                    "uid": 34
                },
                {
                    "coord": null,
                    "is_working": true,
                    "name": "Звёздная",
                    "rect": null,
                    "text_id": 36,
                    "uid": 35
                },
                {
                    "coord": [
                        79,
                        129
                    ],
                    "is_working": true,
                    "name": "Купчино",
                    "rect": [
                        12,
                        138,
                        53,
                        15
                    ],
                    "text_id": 37,
                    "uid": 36
                }
            ],
            "text_id": 38
        },
        {
            "labels_bg_color": "-1",
            "labels_color": "000000",
            "line_color": "006600",
            "line_width": 9,
            "name": "Электричка: Витебский",
            "segments": [
                [
                    130,
                    131,
                    [
                        [
                            34,
                            54
                        ],
                        [
                            14,
                            34
                        ]
                    ],
                    true
                ],
                [
                    131,
                    132,
                    [
                        [
                            54,
                            74
                        ],
                        [
                            34,
                            54
                        ]
                    ],
                    true
                ],
                [
                    132,
                    133,
                    [
                        [
                            74,
                            94
                        ],
                        [
                            54,
                            74
                        ]
                    ],
                    true
                ],
                [
                    133,
                    134,
                    [
                        [
                            94,
                            114
                        ],
                        [
                            74,
                            94
                        ]
                    ],
                    true
                ],
                [
                    134,
                    135,
                    [
                        [
                            114,
                            134
                        ],
                        [
                            94,
                            114
                        ]
                    ],
                    true
                ],
                [
                    135,
                    136,
                    [
                        [
                            134,
                            154
                        ],
                        [
                            114,
                            134
                        ]
                    ],
                    true
                ],
                [
                    136,
                    137,
                    [
                        [
                            154,
                            174
                        ],
                        [
                            134,
                            154
                        ]
                    ],
                    true
                ],
                [
                    137,
                    138,
                    [
                        [
                            174,
                            194
                        ],
                        [
                            154,
                            174
                        ]
                    ],
                    true
                ],
                [
                    138,
                    139,
                    [
                        [
                            194,
                            214
                        ],
                        [
                            174,
                            194
                        ]
                    ],
                    true
                ],
                [
                    139,
                    140,
                    [
                        [
                            214,
                            234
                        ],
                        [
                            194,
                            214
                        ]
                    ],
                    true
                ],
                [
                    139,
                    162,
                    [
                        [
                            174,
                            234
                        ],
                        [
                            194,
                            214
                        ]
                    ],
                    true
                ],
                [
                    140,
                    141,
                    [
                        [
                            234,
                            254
                        ],
                        [
                            214,
                            234
                        ]
                    ],
                    true
                ],
                [
                    141,
                    142,
                    [
                        [
                            254,
                            274
                        ],
                        [
                            234,
                            254
                        ]
                    ],
                    true
                ],
                [
                    142,
                    143,
                    [
                        [
                            274,
                            294
                        ],
                        [
                            254,
                            274
                        ]
                    ],
                    true
                ],
                [
                    143,
                    144,
                    [
                        [
                            294,
                            314
                        ],
                        [
                            274,
                            294
                        ]
                    ],
                    true
                ],
                [
                    144,
                    145,
                    [
                        [
                            314,
                            334
                        ],
                        [
                            294,
                            314
                        ]
                    ],
                    true
                ],
                [
                    145,
                    146,
                    [
                        [
                            334,
                            354
                        ],
                        [
                            314,
                            334
                        ]
                    ],
                    true
                ],
                [
                    146,
                    147,
                    [
                        [
                            354,
                            374
                        ],
                        [
                            334,
                            354
                        ]
                    ],
                    true
                ],
                [
                    147,
                    148,
                    [
                        [
                            374,
                            394
                        ],
                        [
                            354,
                            374
                        ]
                    ],
                    true
                ],
                [
                    148,
                    149,
                    [
                        [
                            394,
                            414
                        ],
                        [
                            374,
                            394
                        ]
                    ],
                    true
                ],
                [
                    149,
                    150,
                    [
                        [
                            414,
                            434
                        ],
                        [
                            394,
                            414
                        ]
                    ],
                    true
                ],
                [
                    150,
                    151,
                    [
                        [
                            434,
                            454
                        ],
                        [
                            414,
                            434
                        ]
                    ],
                    true
                ],
                [
                    151,
                    152,
                    [
                        [
                            454,
                            474
                        ],
                        [
                            434,
                            454
                        ]
                    ],
                    true
                ],
                [
                    152,
                    153,
                    [
                        [
                            474,
                            494
                        ],
                        [
                            454,
                            474
                        ]
                    ],
                    true
                ],
                [
                    153,
                    154,
                    [
                        [
                            494,
                            514
                        ],
                        [
                            474,
                            494
                        ]
                    ],
                    true
                ],
                [
                    154,
                    155,
                    [
                        [
                            514,
                            534
                        ],
                        [
                            494,
                            514
                        ]
                    ],
                    true
                ],
                [
                    155,
                    156,
                    [
                        [
                            534,
                            554
                        ],
                        [
                            514,
                            534
                        ]
                    ],
                    true
                ],
                [
                    156,
                    157,
                    [
                        [
                            554,
                            574
                        ],
                        [
                            534,
                            554
                        ]
                    ],
                    true
                ],
                [
                    157,
                    158,
                    [
                        [
                            574,
                            594
                        ],
                        [
                            554,
                            574
                        ]
                    ],
                    true
                ],
                [
                    158,
                    159,
                    [
                        [
                            594,
                            614
                        ],
                        [
                            574,
                            594
                        ]
                    ],
                    true
                ],
                [
                    159,
                    160,
                    [
                        [
                            614,
                            634
                        ],
                        [
                            594,
                            614
                        ]
                    ],
                    true
                ],
                [
                    160,
                    161,
                    [
                        [
                            634,
                            654
                        ],
                        [
                            614,
                            634
                        ]
                    ],
                    true
                ],
                [
                    162,
                    163,
                    [
                        [
                            154,
                            254
                        ],
                        [
                            174,
                            234
                        ]
                    ],
                    true
                ],
                [
                    163,
                    164,
                    [
                        [
                            134,
                            274
                        ],
                        [
                            154,
                            254
                        ]
                    ],
                    true
                ],
                [
                    164,
                    165,
                    [
                        [
                            114,
                            294
                        ],
                        [
                            134,
                            274
                        ]
                    ],
                    true
                ],
                [
                    165,
                    166,
                    [
                        [
                            94,
                            314
                        ],
                        [
                            114,
                            294
                        ]
                    ],
                    true
                ],
                [
                    166,
                    167,
                    [
                        [
                            74,
                            334
                        ],
                        [
                            94,
                            314
                        ]
                    ],
                    true
                ],
                [
                    167,
                    168,
                    [
                        [
                            54,
                            354
                        ],
                        [
                            74,
                            334
                        ]
                    ],
                    true
                ],
                [
                    168,
                    169,
                    [
                        [
                            34,
                            374
                        ],
                        [
                            54,
                            354
                        ]
                    ],
                    true
                ],
                [
                    169,
                    170,
                    [
                        [
                            54,
                            394
                        ],
                        [
                            34,
                            374
                        ]
                    ],
                    true
                ],
                [
                    169,
                    190,
                    [
                        [
                            34,
                            454
                        ],
                        [
                            34,
                            374
                        ]
                    ],
                    true
                ],
                [
                    170,
                    171,
                    [
                        [
                            74,
                            414
                        ],
                        [
                            54,
                            394
                        ]
                    ],
                    true
                ],
                [
                    171,
                    172,
                    [
                        [
                            94,
                            434
                        ],
                        [
                            74,
                            414
                        ]
                    ],
                    true
                ],
                [
                    172,
                    173,
                    [
                        [
                            114,
                            454
                        ],
                        [
                            94,
                            434
                        ]
                    ],
                    true
                ],
                [
                    173,
                    174,
                    [
                        [
                            134,
                            474
                        ],
                        [
                            114,
                            454
                        ]
                    ],
                    true
                ],
                [
                    174,
                    175,
                    [
                        [
                            154,
                            494
                        ],
                        [
                            134,
                            474
                        ]
                    ],
                    true
                ],
                [
                    175,
                    176,
                    [
                        [
                            174,
                            514
                        ],
                        [
                            154,
                            494
                        ]
                    ],
                    true
                ],
                [
                    176,
                    177,
                    [
                        [
                            194,
                            534
                        ],
                        [
                            174,
                            514
                        ]
                    ],
                    true
                ],
                [
                    177,
                    178,
                    [
                        [
                            214,
                            554
                        ],
                        [
                            194,
                            534
                        ]
                    ],
                    true
                ],
                [
                    178,
                    179,
                    [
                        [
                            234,
                            574
                        ],
                        [
                            214,
                            554
                        ]
                    ],
                    true
                ],
                [
                    179,
                    180,
                    [
                        [
                            254,
                            594
                        ],
                        [
                            234,
                            574
                        ]
                    ],
                    true
                ],
                [
                    180,
                    181,
                    [
                        [
                            274,
                            614
                        ],
                        [
                            254,
                            594
                        ]
                    ],
                    true
                ],
                [
                    181,
                    182,
                    [
                        [
                            294,
                            634
                        ],
                        [
                            274,
                            614
                        ]
                    ],
                    true
                ],
                [
                    182,
                    183,
                    [
                        [
                            314,
                            654
                        ],
                        [
                            294,
                            634
                        ]
                    ],
                    true
                ],
                [
                    183,
                    184,
                    [
                        [
                            344,
                            654
                        ],
                        [
                            314,
                            654
                        ]
                    ],
                    true
                ],
                [
                    190,
                    191,
                    [
                        [
                            34,
                            484
                        ],
                        [
                            34,
                            454
                        ]
                    ],
                    true
                ],
                [
                    191,
                    192,
                    [
                        [
                            34,
                            514
                        ],
                        [
                            34,
                            484
                        ]
                    ],
                    true
                ],
                [
                    192,
                    193,
                    [
                        [
                            34,
                            544
                        ],
                        [
                            34,
                            514
                        ]
                    ],
                    true
                ]
            ],
            "stations": [
                {
                    "coord": [
                        14,
                        34
                    ],
                    "is_working": true,
                    "name": "Витебский вокзал",
                    "rect": [
                        33,
                        27,
                        116,
                        15
                    ],
                    "text_id": 132,
                    "uid": 130
                },
                {
                    "coord": [
                        34,
                        54
                    ],
                    "is_working": true,
                    "name": "Боровая",
                    "rect": [
                        48,
                        42,
                        57,
                        15
                    ],
                    "text_id": 133,
                    "uid": 131
                },
                {
                    "coord": [
                        54,
                        74
                    ],
                    "is_working": true,
                    "name": "Воздухоплавательный Парк",
                    "rect": [
                        65,
                        60,
                        178,
                        15
                    ],
                    "text_id": 134,
                    "uid": 132
                },
                {
                    "coord": [
                        74,
                        94
                    ],
                    "is_working": true,
                    "name": "Проспект Славы",
                    "rect": [
                        86,
                        80,
                        104,
                        15
                    ],
                    "text_id": 135,
                    "uid": 133
                },
                {
                    "coord": [
                        94,
                        114
                    ],
                    "is_working": true,
                    "name": "Купчино",
                    "rect": [
                        111,
                        99,
                        53,
                        15
                    ],
                    "text_id": 37,
                    "uid": 134
                },
                {
                    "coord": [
                        114,
                        134
                    ],
                    "is_working": true,
                    "name": "Шушары",
                    "rect": [
                        127,
                        119,
                        53,
                        15
                    ],
                    "text_id": 136,
                    "uid": 135
                },
                {
                    "coord": [
                        134,
                        154
                    ],
                    "is_working": true,
                    "name": "Паровозный Музей",
                    "rect": [
                        148,
                        140,
                        122,
                        15
                    ],
                    "text_id": 137,
                    "uid": 136
                },
                {
                    "coord": [
                        154,
                        174
                    ],
                    "is_working": true,
                    "name": "21 км",
                    "rect": [
                        167,
                        161,
                        32,
                        15
                    ],
                    "text_id": 138,
                    "uid": 137
                },
                {
                    "coord": [
                        174,
                        194
                    ],
                    "is_working": true,
                    "name": "Детское Село",
                    "rect": [
                        187,
                        179,
                        84,
                        15
                    ],
                    "text_id": 139,
                    "uid": 138
                },
                {
                    "coord": [
                        194,
                        214
                    ],
                    "is_working": true,
                    "name": "Павловск",
                    "rect": [
                        207,
                        201,
                        63,
                        15
                    ],
                    "text_id": 140,
                    "uid": 139
                },
                {
                    "coord": [
                        214,
                        234
                    ],
                    "is_working": true,
                    "name": "34 км",
                    "rect": [
                        226,
                        218,
                        32,
                        15
                    ],
                    "text_id": 141,
                    "uid": 140
                },
                {
                    "coord": [
                        234,
                        254
                    ],
                    "is_working": true,
                    "name": "36 км",
                    "rect": [
                        246,
                        238,
                        32,
                        15
                    ],
                    "text_id": 142,
                    "uid": 141
                },
                {
                    "coord": [
                        254,
                        274
                    ],
                    "is_working": true,
                    "name": "40 км",
                    "rect": [
                        267,
                        261,
                        32,
                        15
                    ],
                    "text_id": 143,
                    "uid": 142
                },
                {
                    "coord": [
                        274,
                        294
                    ],
                    "is_working": true,
                    "name": "Новолисино",
                    "rect": [
                        284,
                        278,
                        81,
                        15
                    ],
                    "text_id": 144,
                    "uid": 143
                },
                {
                    "coord": [
                        294,
                        314
                    ],
                    "is_working": true,
                    "name": "46км",
                    "rect": [
                        305,
                        298,
                        29,
                        15
                    ],
                    "text_id": 145,
                    "uid": 144
                },
                {
                    "coord": [
                        314,
                        334
                    ],
                    "is_working": true,
                    "name": "53 км",
                    "rect": [
                        327,
                        318,
                        32,
                        15
                    ],
                    "text_id": 146,
                    "uid": 145
                },
                {
                    "coord": [
                        334,
                        354
                    ],
                    "is_working": true,
                    "name": "Лустовка",
                    "rect": [
                        346,
                        338,
                        59,
                        15
                    ],
                    "text_id": 147,
                    "uid": 146
                },
                {
                    "coord": [
                        354,
                        374
                    ],
                    "is_working": true,
                    "name": "Кастенская",
                    "rect": [
                        366,
                        358,
                        75,
                        15
                    ],
                    "text_id": 148,
                    "uid": 147
                },
                {
                    "coord": [
                        374,
                        394
                    ],
                    "is_working": true,
                    "name": "77км",
                    "rect": [
                        386,
                        378,
                        29,
                        15
                    ],
                    "text_id": 149,
                    "uid": 148
                },
                {
                    "coord": [
                        394,
                        414
                    ],
                    "is_working": true,
                    "name": "Еглино",
                    "rect": [
                        407,
                        398,
                        46,
                        15
                    ],
                    "text_id": 150,
                    "uid": 149
                },
                {
                    "coord": [
                        414,
                        434
                    ],
                    "is_working": true,
                    "name": "Радофинниково",
                    "rect": [
                        425,
                        417,
                        103,
                        15
                    ],
                    "text_id": 151,
                    "uid": 150
                },
                {
                    "coord": [
                        434,
                        454
                    ],
                    "is_working": true,
                    "name": "101км",
                    "rect": [
                        445,
                        437,
                        35,
                        15
                    ],
                    "text_id": 152,
                    "uid": 151
                },
                {
                    "coord": [
                        454,
                        474
                    ],
                    "is_working": true,
                    "name": "104 км",
                    "rect": [
                        464,
                        458,
                        38,
                        15
                    ],
                    "text_id": 153,
                    "uid": 152
                },
                {
                    "coord": [
                        474,
                        494
                    ],
                    "is_working": true,
                    "name": "Огорелье",
                    "rect": [
                        485,
                        476,
                        60,
                        15
                    ],
                    "text_id": 154,
                    "uid": 153
                },
                {
                    "coord": [
                        494,
                        514
                    ],
                    "is_working": true,
                    "name": "Рогавка",
                    "rect": [
                        503,
                        495,
                        53,
                        15
                    ],
                    "text_id": 155,
                    "uid": 154
                },
                {
                    "coord": [
                        514,
                        534
                    ],
                    "is_working": true,
                    "name": "Кересть",
                    "rect": [
                        525,
                        516,
                        51,
                        15
                    ],
                    "text_id": 156,
                    "uid": 155
                },
                {
                    "coord": [
                        534,
                        554
                    ],
                    "is_working": true,
                    "name": "Горенка",
                    "rect": [
                        544,
                        538,
                        52,
                        15
                    ],
                    "text_id": 157,
                    "uid": 156
                },
                {
                    "coord": [
                        554,
                        574
                    ],
                    "is_working": true,
                    "name": "Татино",
                    "rect": [
                        566,
                        556,
                        46,
                        15
                    ],
                    "text_id": 158,
                    "uid": 157
                },
                {
                    "coord": [
                        574,
                        594
                    ],
                    "is_working": true,
                    "name": "Вяжище",
                    "rect": [
                        584,
                        577,
                        53,
                        15
                    ],
                    "text_id": 159,
                    "uid": 158
                },
                {
                    "coord": [
                        594,
                        614
                    ],
                    "is_working": true,
                    "name": "Предузловая-Павловская",
                    "rect": [
                        606,
                        600,
                        163,
                        15
                    ],
                    "text_id": 160,
                    "uid": 159
                },
                {
                    "coord": [
                        614,
                        634
                    ],
                    "is_working": true,
                    "name": "Новгород пост",
                    "rect": [
                        626,
                        618,
                        95,
                        15
                    ],
                    "text_id": 161,
                    "uid": 160
                },
                {
                    "coord": [
                        634,
                        654
                    ],
                    "is_working": true,
                    "name": "Новгород",
                    "rect": [
                        647,
                        644,
                        62,
                        15
                    ],
                    "text_id": 162,
                    "uid": 161
                },
                {
                    "coord": [
                        174,
                        234
                    ],
                    "is_working": true,
                    "name": "Антропшино",
                    "rect": [
                        76,
                        221,
                        81,
                        15
                    ],
                    "text_id": 163,
                    "uid": 162
                },
                {
                    "coord": [
                        154,
                        254
                    ],
                    "is_working": true,
                    "name": "Кобралово",
                    "rect": [
                        75,
                        237,
                        70,
                        15
                    ],
                    "text_id": 164,
                    "uid": 163
                },
                {
                    "coord": [
                        134,
                        274
                    ],
                    "is_working": true,
                    "name": "Семрино",
                    "rect": [
                        68,
                        258,
                        57,
                        15
                    ],
                    "text_id": 165,
                    "uid": 164
                },
                {
                    "coord": [
                        114,
                        294
                    ],
                    "is_working": true,
                    "name": "46 км",
                    "rect": [
                        72,
                        280,
                        32,
                        15
                    ],
                    "text_id": 166,
                    "uid": 165
                },
                {
                    "coord": [
                        94,
                        314
                    ],
                    "is_working": true,
                    "name": "Сусанино",
                    "rect": [
                        17,
                        301,
                        64,
                        15
                    ],
                    "text_id": 167,
                    "uid": 166
                },
                {
                    "coord": [
                        74,
                        334
                    ],
                    "is_working": true,
                    "name": "Красницы",
                    "rect": [
                        85,
                        331,
                        65,
                        15
                    ],
                    "text_id": 168,
                    "uid": 167
                },
                {
                    "coord": [
                        54,
                        354
                    ],
                    "is_working": true,
                    "name": "Михайловка",
                    "rect": [
                        77,
                        350,
                        79,
                        15
                    ],
                    "text_id": 169,
                    "uid": 168
                },
                {
                    "coord": [
                        34,
                        374
                    ],
                    "is_working": true,
                    "name": "Вырица",
                    "rect": [
                        48,
                        366,
                        51,
                        15
                    ],
                    "text_id": 170,
                    "uid": 169
                },
                {
                    "coord": [
                        54,
                        394
                    ],
                    "is_working": true,
                    "name": "63 км",
                    "rect": [
                        66,
                        379,
                        32,
                        15
                    ],
                    "text_id": 171,
                    "uid": 170
                },
                {
                    "coord": [
                        74,
                        414
                    ],
                    "is_working": true,
                    "name": "Слудицы",
                    "rect": [
                        84,
                        397,
                        56,
                        15
                    ],
                    "text_id": 172,
                    "uid": 171
                },
                {
                    "coord": [
                        94,
                        434
                    ],
                    "is_working": true,
                    "name": "77 км",
                    "rect": [
                        104,
                        416,
                        32,
                        15
                    ],
                    "text_id": 173,
                    "uid": 172
                },
                {
                    "coord": [
                        114,
                        454
                    ],
                    "is_working": true,
                    "name": "80 км",
                    "rect": [
                        125,
                        436,
                        32,
                        15
                    ],
                    "text_id": 92,
                    "uid": 173
                },
                {
                    "coord": [
                        134,
                        474
                    ],
                    "is_working": true,
                    "name": "Новинка",
                    "rect": [
                        143,
                        456,
                        56,
                        15
                    ],
                    "text_id": 174,
                    "uid": 174
                },
                {
                    "coord": [
                        154,
                        494
                    ],
                    "is_working": true,
                    "name": "90 км",
                    "rect": [
                        164,
                        475,
                        32,
                        15
                    ],
                    "text_id": 175,
                    "uid": 175
                },
                {
                    "coord": [
                        174,
                        514
                    ],
                    "is_working": true,
                    "name": "92 км",
                    "rect": [
                        184,
                        494,
                        32,
                        15
                    ],
                    "text_id": 176,
                    "uid": 176
                },
                {
                    "coord": [
                        194,
                        534
                    ],
                    "is_working": true,
                    "name": "Чаща",
                    "rect": [
                        202,
                        513,
                        36,
                        15
                    ],
                    "text_id": 177,
                    "uid": 177
                },
                {
                    "coord": [
                        214,
                        554
                    ],
                    "is_working": true,
                    "name": "100 км",
                    "rect": [
                        221,
                        534,
                        38,
                        15
                    ],
                    "text_id": 178,
                    "uid": 178
                },
                {
                    "coord": [
                        234,
                        574
                    ],
                    "is_working": true,
                    "name": "101 км",
                    "rect": [
                        245,
                        557,
                        38,
                        15
                    ],
                    "text_id": 179,
                    "uid": 179
                },
                {
                    "coord": [
                        254,
                        594
                    ],
                    "is_working": true,
                    "name": "Чолово",
                    "rect": [
                        266,
                        575,
                        48,
                        15
                    ],
                    "text_id": 180,
                    "uid": 180
                },
                {
                    "coord": [
                        274,
                        614
                    ],
                    "is_working": true,
                    "name": "117 км",
                    "rect": [
                        284,
                        599,
                        38,
                        15
                    ],
                    "text_id": 181,
                    "uid": 181
                },
                {
                    "coord": [
                        294,
                        634
                    ],
                    "is_working": true,
                    "name": "Тарковичи",
                    "rect": [
                        306,
                        620,
                        68,
                        15
                    ],
                    "text_id": 182,
                    "uid": 182
                },
                {
                    "coord": [
                        314,
                        654
                    ],
                    "is_working": true,
                    "name": "125 км",
                    "rect": [
                        264,
                        655,
                        38,
                        15
                    ],
                    "text_id": 183,
                    "uid": 183
                },
                {
                    "coord": [
                        344,
                        654
                    ],
                    "is_working": true,
                    "name": "Оредеж",
                    "rect": [
                        358,
                        650,
                        47,
                        15
                    ],
                    "text_id": 184,
                    "uid": 184
                },
                {
                    "coord": null,
                    "is_working": true,
                    "name": "133 км",
                    "rect": null,
                    "text_id": 185,
                    "uid": 185
                },
                {
                    "coord": null,
                    "is_working": true,
                    "name": "Заклинье",
                    "rect": null,
                    "text_id": 186,
                    "uid": 186
                },
                {
                    "coord": null,
                    "is_working": true,
                    "name": "143 км",
                    "rect": null,
                    "text_id": 187,
                    "uid": 187
                },
                {
                    "coord": null,
                    "is_working": true,
                    "name": "144км",
                    "rect": null,
                    "text_id": 188,
                    "uid": 188
                },
                {
                    "coord": null,
                    "is_working": true,
                    "name": "Батецкая",
                    "rect": null,
                    "text_id": 189,
                    "uid": 189
                },
                {
                    "coord": [
                        34,
                        454
                    ],
                    "is_working": true,
                    "name": "1-я пл.",
                    "rect": [
                        44,
                        447,
                        40,
                        15
                    ],
                    "text_id": 190,
                    "uid": 190
                },
                {
                    "coord": [
                        34,
                        484
                    ],
                    "is_working": true,
                    "name": "2-я пл.",
                    "rect": [
                        44,
                        477,
                        40,
                        15
                    ],
                    "text_id": 191,
                    "uid": 191
                },
                {
                    "coord": [
                        34,
                        514
                    ],
                    "is_working": true,
                    "name": "3-я пл.",
                    "rect": [
                        44,
                        507,
                        40,
                        15
                    ],
                    "text_id": 192,
                    "uid": 192
                },
                {
                    "coord": [
                        34,
                        544
                    ],
                    "is_working": true,
                    "name": "Посёлок",
                    "rect": [
                        5,
                        553,
                        54,
                        15
                    ],
                    "text_id": 193,
                    "uid": 193
                }
            ],
            "text_id": 194
        }
    ],
    "lines_width": 9,
    "name": "railways_vitebsk",
    "name_text_id": 194,
    "stations_diameter": 19.0,
    "transfers": [
        [
            12,
            29,
            null,
            null
        ],
        [
            11,
            130,
            [
                34,
                14
            ],
            [
                14,
                34
            ]
        ],
        [
            36,
            134,
            [
                79,
                129
            ],
            [
                94,
                114
            ]
        ]
    ],
    "transports": [
        "metro",
        "train"
    ],
    "type_name": "Электричка",
    "type_text_id": 554,
    "upper_case": true,
    "width": 784,
    "word_wrap": false
}