{
    "default_transports": [
        "train"
    ],
    "height": 1000,
    "images": [
        "res/schemes/railways_baltic.svg"
    ],
    "is_vector": true,
    "lines": [
        {
            "labels_bg_color": "-1",
            "labels_color": "000000",
            "line_color": "DC004B",
            "line_width": 9,
            "name": "Линия 1",
            "segments": [],
            "stations": [
                {
                    "coord": null,
                    "is_working": true,
                    "name": "Девяткино",
                    "rect": null,
                    "text_id": 0,
                    "uid": 0
                },
                {
                    "coord": null,
                    "is_working": true,
                    "name": "Гражданский пр.",
                    "rect": null,
                    "text_id": 1,
                    "uid": 1
                },
                {
                    "coord": null,
                    "is_working": true,
                    "name": "Академическая",
                    "rect": null,
                    "text_id": 2,
                    "uid": 2
                },
                {
                    "coord": null,
                    "is_working": true,
                    "name": "Политехническая",
                    "rect": null,
                    "text_id": 3,
                    "uid": 3
                },
                {
                    "coord": null,
                    "is_working": true,
                    "name": "пл.Мужества",
                    "rect": null,
                    "text_id": 4,
                    "uid": 4
                },
                {
                    "coord": null,
                    "is_working": true,
                    "name": "Лесная",
                    "rect": null,
                    "text_id": 5,
                    "uid": 5
                },
                {
                    "coord": null,
                    "is_working": true,
                    "name": "Выборгская",
                    "rect": null,
                    "text_id": 6,
                    "uid": 6
                },
                {
                    "coord": null,
                    "is_working": true,
                    "name": "пл.Ленина",
                    "rect": null,
                    "text_id": 7,
                    "uid": 7
                },
                {
                    "coord": null,
                    "is_working": true,
                    "name": "Чернышевская",
                    "rect": null,
                    "text_id": 8,
                    "uid": 8
                },
                {
                    "coord": null,
                    "is_working": true,
                    "name": "пл.Восстания",
                    "rect": null,
                    "text_id": 9,
                    "uid": 9
                },
                {
                    "coord": null,
                    "is_working": true,
                    "name": "Владимирская",
                    "rect": null,
                    "text_id": 10,
                    "uid": 10
                },
                {
                    "coord": null,
                    "is_working": true,
                    "name": "Пушкинская",
                    "rect": null,
                    "text_id": 11,
                    "uid": 11
                },
                {
                    "coord": null,
                    "is_working": true,
                    "name": "Технологический институт-I",
                    "rect": null,
                    "text_id": 12,
                    "uid": 12
                },
                {
                    "coord": [
                        340,
                        10
                    ],
                    "is_working": true,
                    "name": "Балтийская",
                    "rect": [
                        280,
                        5,
                        50,
                        10
                    ],
                    "text_id": 13,
                    "uid": 13
                },
                {
                    "coord": null,
                    "is_working": true,
                    "name": "Нарвская",
                    "rect": null,
                    "text_id": 14,
                    "uid": 14
                },
                {
                    "coord": null,
                    "is_working": true,
                    "name": "Кировский завод",
                    "rect": null,
                    "text_id": 15,
                    "uid": 15
                },
                {
                    "coord": null,
                    "is_working": true,
                    "name": "Автово",
                    "rect": null,
                    "text_id": 16,
                    "uid": 16
                },
                {
                    "coord": [
                        315,
                        95
                    ],
                    "is_working": true,
                    "name": "Ленинский пр.",
                    "rect": [
                        257,
                        88,
                        50,
                        10
                    ],
                    "text_id": 17,
                    "uid": 17
                },
                {
                    "coord": null,
                    "is_working": true,
                    "name": "пр.Ветеранов",
                    "rect": null,
                    "text_id": 18,
                    "uid": 18
                }
            ],
            "text_id": 19
        },
        {
            "labels_bg_color": "-1",
            "labels_color": "000000",
            "line_color": "990000",
            "line_width": 9,
            "name": "Электричка: Калище и Гатчина",
            "segments": [
                [
                    62,
                    63,
                    [
                        [
                            365,
                            40
                        ],
                        [
                            365,
                            10
                        ]
                    ],
                    true
                ],
                [
                    63,
                    64,
                    [
                        [
                            365,
                            70
                        ],
                        [
                            365,
                            40
                        ]
                    ],
                    true
                ],
                [
                    64,
                    65,
                    [
                        [
                            365,
                            100
                        ],
                        [
                            365,
                            70
                        ]
                    ],
                    true
                ],
                [
                    65,
                    66,
                    [
                        [
                            150,
                            130
                        ],
                        [
                            365,
                            100
                        ]
                    ],
                    true
                ],
                [
                    66,
                    67,
                    [
                        [
                            150,
                            160
                        ],
                        [
                            150,
                            130
                        ]
                    ],
                    true
                ],
                [
                    67,
                    68,
                    [
                        [
                            150,
                            190
                        ],
                        [
                            150,
                            160
                        ]
                    ],
                    true
                ],
                [
                    68,
                    69,
                    [
                        [
                            150,
                            220
                        ],
                        [
                            150,
                            190
                        ]
                    ],
                    true
                ],
                [
                    68,
                    91,
                    [
                        [
                            350,
                            250
                        ],
                        [
                            150,
                            190
                        ]
                    ],
                    true
                ],
                [
                    69,
                    70,
                    [
                        [
                            150,
                            250
                        ],
                        [
                            150,
                            220
                        ]
                    ],
                    true
                ],
                [
                    70,
                    71,
                    [
                        [
                            150,
                            280
                        ],
                        [
                            150,
                            250
                        ]
                    ],
                    true
                ],
                [
                    71,
                    72,
                    [
                        [
                            150,
                            310
                        ],
                        [
                            150,
                            280
                        ]
                    ],
                    true
                ],
                [
                    72,
                    73,
                    [
                        [
                            150,
                            340
                        ],
                        [
                            150,
                            310
                        ]
                    ],
                    true
                ],
                [
                    73,
                    74,
                    [
                        [
                            150,
                            370
                        ],
                        [
                            150,
                            340
                        ]
                    ],
                    true
                ],
                [
                    74,
                    75,
                    [
                        [
                            150,
                            400
                        ],
                        [
                            150,
                            370
                        ]
                    ],
                    true
                ],
                [
                    75,
                    76,
                    [
                        [
                            150,
                            430
                        ],
                        [
                            150,
                            400
                        ]
                    ],
                    true
                ],
                [
                    76,
                    77,
                    [
                        [
                            150,
                            460
                        ],
                        [
                            150,
                            430
                        ]
                    ],
                    true
                ],
                [
                    77,
                    78,
                    [
                        [
                            150,
                            490
                        ],
                        [
                            150,
                            460
                        ]
                    ],
                    true
                ],
                [
                    78,
                    79,
                    [
                        [
                            150,
                            520
                        ],
                        [
                            150,
                            490
                        ]
                    ],
                    true
                ],
                [
                    79,
                    80,
                    [
                        [
                            150,
                            550
                        ],
                        [
                            150,
                            520
                        ]
                    ],
                    true
                ],
                [
                    80,
                    81,
                    [
                        [
                            150,
                            580
                        ],
                        [
                            150,
                            550
                        ]
                    ],
                    true
                ],
                [
                    81,
                    82,
                    [
                        [
                            150,
                            610
                        ],
                        [
                            150,
                            580
                        ]
                    ],
                    true
                ],
                [
                    82,
                    83,
                    [
                        [
                            150,
                            640
                        ],
                        [
                            150,
                            610
                        ]
                    ],
                    true
                ],
                [
                    83,
                    84,
                    [
                        [
                            150,
                            670
                        ],
                        [
                            150,
                            640
                        ]
                    ],
                    true
                ],
                [
                    84,
                    85,
                    [
                        [
                            150,
                            700
                        ],
                        [
                            150,
                            670
                        ]
                    ],
                    true
                ],
                [
                    84,
                    89,
                    [
                        [
                            10,
                            700
                        ],
                        [
                            150,
                            670
                        ]
                    ],
                    true
                ],
                [
                    85,
                    86,
                    [
                        [
                            150,
                            730
                        ],
                        [
                            150,
                            700
                        ]
                    ],
                    true
                ],
                [
                    86,
                    87,
                    [
                        [
                            150,
                            760
                        ],
                        [
                            150,
                            730
                        ]
                    ],
                    true
                ],
                [
                    87,
                    88,
                    [
                        [
                            150,
                            790
                        ],
                        [
                            150,
                            760
                        ]
                    ],
                    true
                ],
                [
                    89,
                    90,
                    [
                        [
                            10,
                            730
                        ],
                        [
                            10,
                            700
                        ]
                    ],
                    true
                ],
                [
                    91,
                    92,
                    [
                        [
                            350,
                            280
                        ],
                        [
                            350,
                            250
                        ]
                    ],
                    true
                ],
                [
                    92,
                    93,
                    [
                        [
                            350,
                            310
                        ],
                        [
                            350,
                            280
                        ]
                    ],
                    true
                ],
                [
                    93,
                    94,
                    [
                        [
                            350,
                            340
                        ],
                        [
                            350,
                            310
                        ]
                    ],
                    true
                ],
                [
                    94,
                    95,
                    [
                        [
                            350,
                            370
                        ],
                        [
                            350,
                            340
                        ]
                    ],
                    true
                ],
                [
                    95,
                    96,
                    [
                        [
                            350,
                            400
                        ],
                        [
                            350,
                            370
                        ]
                    ],
                    true
                ],
                [
                    96,
                    97,
                    [
                        [
                            350,
                            430
                        ],
                        [
                            350,
                            400
                        ]
                    ],
                    true
                ],
                [
                    97,
                    98,
                    [
                        [
                            350,
                            460
                        ],
                        [
                            350,
                            430
                        ]
                    ],
                    true
                ],
                [
                    98,
                    99,
                    [
                        [
                            465,
                            430
                        ],
                        [
                            350,
                            460
                        ]
                    ],
                    true
                ],
                [
                    99,
                    100,
                    [
                        [
                            580,
                            400
                        ],
                        [
                            465,
                            430
                        ]
                    ],
                    true
                ]
            ],
            "stations": [
                {
                    "coord": [
                        365,
                        10
                    ],
                    "is_working": true,
                    "name": "Балтийский вокзал",
                    "rect": [
                        395,
                        0,
                        150,
                        20
                    ],
                    "text_id": 67,
                    "uid": 62
                },
                {
                    "coord": [
                        365,
                        40
                    ],
                    "is_working": true,
                    "name": "Электродепо",
                    "rect": [
                        395,
                        30,
                        100,
                        20
                    ],
                    "text_id": 68,
                    "uid": 63
                },
                {
                    "coord": [
                        365,
                        70
                    ],
                    "is_working": true,
                    "name": "Броневая",
                    "rect": [
                        395,
                        60,
                        100,
                        20
                    ],
                    "text_id": 69,
                    "uid": 64
                },
                {
                    "coord": [
                        365,
                        100
                    ],
                    "is_working": true,
                    "name": "Ленинский Проспект",
                    "rect": [
                        395,
                        90,
                        150,
                        20
                    ],
                    "text_id": 70,
                    "uid": 65
                },
                {
                    "coord": [
                        150,
                        130
                    ],
                    "is_working": true,
                    "name": "Дачное",
                    "rect": [
                        165,
                        120,
                        100,
                        20
                    ],
                    "text_id": 71,
                    "uid": 66
                },
                {
                    "coord": [
                        150,
                        160
                    ],
                    "is_working": true,
                    "name": "Ульянка",
                    "rect": [
                        165,
                        150,
                        100,
                        20
                    ],
                    "text_id": 72,
                    "uid": 67
                },
                {
                    "coord": [
                        150,
                        190
                    ],
                    "is_working": true,
                    "name": "Лигово",
                    "rect": [
                        165,
                        180,
                        100,
                        20
                    ],
                    "text_id": 73,
                    "uid": 68
                },
                {
                    "coord": [
                        150,
                        220
                    ],
                    "is_working": true,
                    "name": "Сосновая Поляна",
                    "rect": [
                        165,
                        210,
                        120,
                        20
                    ],
                    "text_id": 74,
                    "uid": 69
                },
                {
                    "coord": [
                        150,
                        250
                    ],
                    "is_working": true,
                    "name": "Володарская",
                    "rect": [
                        165,
                        240,
                        100,
                        20
                    ],
                    "text_id": 75,
                    "uid": 70
                },
                {
                    "coord": [
                        150,
                        280
                    ],
                    "is_working": true,
                    "name": "Стрельна",
                    "rect": [
                        165,
                        270,
                        100,
                        20
                    ],
                    "text_id": 76,
                    "uid": 71
                },
                {
                    "coord": [
                        150,
                        310
                    ],
                    "is_working": true,
                    "name": "Красные Зори",
                    "rect": [
                        165,
                        300,
                        100,
                        20
                    ],
                    "text_id": 77,
                    "uid": 72
                },
                {
                    "coord": [
                        150,
                        340
                    ],
                    "is_working": true,
                    "name": "Новый Петергоф",
                    "rect": [
                        165,
                        330,
                        120,
                        20
                    ],
                    "text_id": 78,
                    "uid": 73
                },
                {
                    "coord": [
                        150,
                        370
                    ],
                    "is_working": true,
                    "name": "Старый Петергоф",
                    "rect": [
                        165,
                        363,
                        130,
                        20
                    ],
                    "text_id": 79,
                    "uid": 74
                },
                {
                    "coord": [
                        150,
                        400
                    ],
                    "is_working": true,
                    "name": "Университет",
                    "rect": [
                        165,
                        390,
                        100,
                        20
                    ],
                    "text_id": 80,
                    "uid": 75
                },
                {
                    "coord": [
                        150,
                        430
                    ],
                    "is_working": true,
                    "name": "Мартышкино",
                    "rect": [
                        165,
                        420,
                        100,
                        20
                    ],
                    "text_id": 81,
                    "uid": 76
                },
                {
                    "coord": [
                        150,
                        460
                    ],
                    "is_working": true,
                    "name": "Ораниенбаум-I",
                    "rect": [
                        165,
                        450,
                        100,
                        20
                    ],
                    "text_id": 82,
                    "uid": 77
                },
                {
                    "coord": [
                        150,
                        490
                    ],
                    "is_working": true,
                    "name": "Ораниенбаум-II",
                    "rect": [
                        165,
                        480,
                        100,
                        20
                    ],
                    "text_id": 83,
                    "uid": 78
                },
                {
                    "coord": [
                        150,
                        520
                    ],
                    "is_working": true,
                    "name": "Кронштадтская Колония",
                    "rect": [
                        165,
                        510,
                        170,
                        20
                    ],
                    "text_id": 84,
                    "uid": 79
                },
                {
                    "coord": [
                        150,
                        550
                    ],
                    "is_working": true,
                    "name": "Бронка",
                    "rect": [
                        165,
                        540,
                        100,
                        20
                    ],
                    "text_id": 85,
                    "uid": 80
                },
                {
                    "coord": [
                        150,
                        580
                    ],
                    "is_working": true,
                    "name": "Дубочки",
                    "rect": [
                        165,
                        570,
                        100,
                        20
                    ],
                    "text_id": 86,
                    "uid": 81
                },
                {
                    "coord": [
                        150,
                        610
                    ],
                    "is_working": true,
                    "name": "Большая Ижора",
                    "rect": [
                        165,
                        600,
                        110,
                        20
                    ],
                    "text_id": 87,
                    "uid": 82
                },
                {
                    "coord": [
                        150,
                        640
                    ],
                    "is_working": true,
                    "name": "Чайка",
                    "rect": [
                        165,
                        630,
                        100,
                        20
                    ],
                    "text_id": 88,
                    "uid": 83
                },
                {
                    "coord": [
                        150,
                        670
                    ],
                    "is_working": true,
                    "name": "Лебяжье",
                    "rect": [
                        165,
                        660,
                        100,
                        20
                    ],
                    "text_id": 89,
                    "uid": 84
                },
                {
                    "coord": [
                        150,
                        700
                    ],
                    "is_working": true,
                    "name": "68 км",
                    "rect": [
                        165,
                        690,
                        100,
                        20
                    ],
                    "text_id": 90,
                    "uid": 85
                },
                {
                    "coord": [
                        150,
                        730
                    ],
                    "is_working": true,
                    "name": "75 км",
                    "rect": [
                        165,
                        720,
                        100,
                        20
                    ],
                    "text_id": 91,
                    "uid": 86
                },
                {
                    "coord": [
                        150,
                        760
                    ],
                    "is_working": true,
                    "name": "80 км",
                    "rect": [
                        165,
                        750,
                        100,
                        20
                    ],
                    "text_id": 92,
                    "uid": 87
                },
                {
                    "coord": [
                        150,
                        790
                    ],
                    "is_working": true,
                    "name": "Калище",
                    "rect": [
                        165,
                        780,
                        100,
                        20
                    ],
                    "text_id": 93,
                    "uid": 88
                },
                {
                    "coord": [
                        10,
                        700
                    ],
                    "is_working": true,
                    "name": "Красная Горка",
                    "rect": [
                        24,
                        695,
                        100,
                        20
                    ],
                    "text_id": 94,
                    "uid": 89
                },
                {
                    "coord": [
                        10,
                        730
                    ],
                    "is_working": true,
                    "name": "Краснофлотск",
                    "rect": [
                        25,
                        720,
                        100,
                        20
                    ],
                    "text_id": 95,
                    "uid": 90
                },
                {
                    "coord": [
                        350,
                        250
                    ],
                    "is_working": true,
                    "name": "Горелово",
                    "rect": [
                        365,
                        240,
                        100,
                        20
                    ],
                    "text_id": 96,
                    "uid": 91
                },
                {
                    "coord": [
                        350,
                        280
                    ],
                    "is_working": true,
                    "name": "Скачки",
                    "rect": [
                        365,
                        270,
                        100,
                        20
                    ],
                    "text_id": 97,
                    "uid": 92
                },
                {
                    "coord": [
                        350,
                        310
                    ],
                    "is_working": true,
                    "name": "Красное Село",
                    "rect": [
                        365,
                        300,
                        100,
                        20
                    ],
                    "text_id": 98,
                    "uid": 93
                },
                {
                    "coord": [
                        350,
                        340
                    ],
                    "is_working": true,
                    "name": "Можайская",
                    "rect": [
                        365,
                        330,
                        100,
                        20
                    ],
                    "text_id": 99,
                    "uid": 94
                },
                {
                    "coord": [
                        350,
                        370
                    ],
                    "is_working": true,
                    "name": "Тайцы",
                    "rect": [
                        365,
                        360,
                        100,
                        20
                    ],
                    "text_id": 100,
                    "uid": 95
                },
                {
                    "coord": [
                        350,
                        400
                    ],
                    "is_working": true,
                    "name": "Пудость",
                    "rect": [
                        365,
                        390,
                        100,
                        20
                    ],
                    "text_id": 101,
                    "uid": 96
                },
                {
                    "coord": [
                        350,
                        430
                    ],
                    "is_working": true,
                    "name": "Мариенбург",
                    "rect": [
                        365,
                        420,
                        80,
                        20
                    ],
                    "text_id": 102,
                    "uid": 97
                },
                {
                    "coord": [
                        350,
                        460
                    ],
                    "is_working": true,
                    "name": "Гатчина-Балтийская",
                    "rect": [
                        291,
                        465,
                        150,
                        20
                    ],
                    "text_id": 103,
                    "uid": 98
                },
                {
                    "coord": [
                        465,
                        430
                    ],
                    "is_working": true,
                    "name": "Гатчина-Товарная",
                    "rect": [
                        459,
                        431,
                        125,
                        20
                    ],
                    "text_id": 104,
                    "uid": 99
                },
                {
                    "coord": [
                        580,
                        400
                    ],
                    "is_working": true,
                    "name": "Гатчина-Варшавская",
                    "rect": [
                        605,
                        390,
                        150,
                        20
                    ],
                    "text_id": 105,
                    "uid": 100
                }
            ],
            "text_id": 106
        },
        {
            "labels_bg_color": "-1",
            "labels_color": "000000",
            "line_color": "000099",
            "line_width": 9,
            "name": "Электричка: Луга",
            "segments": [
                [
                    101,
                    102,
                    [
                        [
                            380,
                            40
                        ],
                        [
                            380,
                            10
                        ]
                    ],
                    true
                ],
                [
                    102,
                    103,
                    [
                        [
                            380,
                            70
                        ],
                        [
                            380,
                            40
                        ]
                    ],
                    true
                ],
                [
                    103,
                    104,
                    [
                        [
                            380,
                            100
                        ],
                        [
                            380,
                            70
                        ]
                    ],
                    true
                ],
                [
                    104,
                    105,
                    [
                        [
                            590,
                            130
                        ],
                        [
                            380,
                            100
                        ]
                    ],
                    true
                ],
                [
                    105,
                    106,
                    [
                        [
                            590,
                            160
                        ],
                        [
                            590,
                            130
                        ]
                    ],
                    true
                ],
                [
                    106,
                    107,
                    [
                        [
                            590,
                            190
                        ],
                        [
                            590,
                            160
                        ]
                    ],
                    true
                ],
                [
                    107,
                    108,
                    [
                        [
                            590,
                            220
                        ],
                        [
                            590,
                            190
                        ]
                    ],
                    true
                ],
                [
                    108,
                    109,
                    [
                        [
                            590,
                            250
                        ],
                        [
                            590,
                            220
                        ]
                    ],
                    true
                ],
                [
                    109,
                    110,
                    [
                        [
                            590,
                            280
                        ],
                        [
                            590,
                            250
                        ]
                    ],
                    true
                ],
                [
                    110,
                    111,
                    [
                        [
                            590,
                            310
                        ],
                        [
                            590,
                            280
                        ]
                    ],
                    true
                ],
                [
                    111,
                    112,
                    [
                        [
                            590,
                            340
                        ],
                        [
                            590,
                            310
                        ]
                    ],
                    true
                ],
                [
                    112,
                    113,
                    [
                        [
                            590,
                            370
                        ],
                        [
                            590,
                            340
                        ]
                    ],
                    true
                ],
                [
                    113,
                    114,
                    [
                        [
                            590,
                            400
                        ],
                        [
                            590,
                            370
                        ]
                    ],
                    true
                ],
                [
                    114,
                    115,
                    [
                        [
                            590,
                            430
                        ],
                        [
                            590,
                            400
                        ]
                    ],
                    true
                ],
                [
                    115,
                    116,
                    [
                        [
                            590,
                            460
                        ],
                        [
                            590,
                            430
                        ]
                    ],
                    true
                ],
                [
                    116,
                    117,
                    [
                        [
                            590,
                            490
                        ],
                        [
                            590,
                            460
                        ]
                    ],
                    true
                ],
                [
                    117,
                    118,
                    [
                        [
                            590,
                            520
                        ],
                        [
                            590,
                            490
                        ]
                    ],
                    true
                ],
                [
                    118,
                    119,
                    [
                        [
                            590,
                            550
                        ],
                        [
                            590,
                            520
                        ]
                    ],
                    true
                ],
                [
                    119,
                    120,
                    [
                        [
                            590,
                            580
                        ],
                        [
                            590,
                            550
                        ]
                    ],
                    true
                ],
                [
                    120,
                    121,
                    [
                        [
                            590,
                            610
                        ],
                        [
                            590,
                            580
                        ]
                    ],
                    true
                ],
                [
                    121,
                    122,
                    [
                        [
                            590,
                            640
                        ],
                        [
                            590,
                            610
                        ]
                    ],
                    true
                ],
                [
                    122,
                    123,
                    [
                        [
                            590,
                            670
                        ],
                        [
                            590,
                            640
                        ]
                    ],
                    true
                ],
                [
                    123,
                    124,
                    [
                        [
                            590,
                            700
                        ],
                        [
                            590,
                            670
                        ]
                    ],
                    true
                ],
                [
                    124,
                    125,
                    [
                        [
                            590,
                            730
                        ],
                        [
                            590,
                            700
                        ]
                    ],
                    true
                ],
                [
                    125,
                    126,
                    [
                        [
                            590,
                            760
                        ],
                        [
                            590,
                            730
                        ]
                    ],
                    true
                ],
                [
                    126,
                    127,
                    [
                        [
                            590,
                            790
                        ],
                        [
                            590,
                            760
                        ]
                    ],
                    true
                ],
                [
                    127,
                    128,
                    [
                        [
                            590,
                            820
                        ],
                        [
                            590,
                            790
                        ]
                    ],
                    true
                ],
                [
                    128,
                    129,
                    [
                        [
                            590,
                            850
                        ],
                        [
                            590,
                            820
                        ]
                    ],
                    true
                ]
            ],
            "stations": [
                {
                    "coord": [
                        380,
                        10
                    ],
                    "is_working": true,
                    "name": "Балтийский вокзал",
                    "rect": [
                        395,
                        0,
                        150,
                        20
                    ],
                    "text_id": 67,
                    "uid": 101
                },
                {
                    "coord": [
                        380,
                        40
                    ],
                    "is_working": true,
                    "name": "Электродепо",
                    "rect": [
                        395,
                        30,
                        100,
                        20
                    ],
                    "text_id": 68,
                    "uid": 102
                },
                {
                    "coord": [
                        380,
                        70
                    ],
                    "is_working": true,
                    "name": "Броневая",
                    "rect": [
                        395,
                        60,
                        100,
                        20
                    ],
                    "text_id": 69,
                    "uid": 103
                },
                {
                    "coord": [
                        380,
                        100
                    ],
                    "is_working": true,
                    "name": "Ленинский Проспект",
                    "rect": [
                        395,
                        90,
                        150,
                        20
                    ],
                    "text_id": 70,
                    "uid": 104
                },
                {
                    "coord": [
                        590,
                        130
                    ],
                    "is_working": true,
                    "name": "Предпортовая",
                    "rect": [
                        605,
                        120,
                        100,
                        20
                    ],
                    "text_id": 107,
                    "uid": 105
                },
                {
                    "coord": [
                        590,
                        160
                    ],
                    "is_working": true,
                    "name": "Аэропорт",
                    "rect": [
                        605,
                        150,
                        100,
                        20
                    ],
                    "text_id": 108,
                    "uid": 106
                },
                {
                    "coord": [
                        590,
                        190
                    ],
                    "is_working": true,
                    "name": "Шоссейная",
                    "rect": [
                        605,
                        180,
                        100,
                        20
                    ],
                    "text_id": 109,
                    "uid": 107
                },
                {
                    "coord": [
                        590,
                        220
                    ],
                    "is_working": true,
                    "name": "Александровская",
                    "rect": [
                        605,
                        210,
                        150,
                        20
                    ],
                    "text_id": 110,
                    "uid": 108
                },
                {
                    "coord": [
                        590,
                        250
                    ],
                    "is_working": true,
                    "name": "Кондакопшино",
                    "rect": [
                        605,
                        240,
                        100,
                        20
                    ],
                    "text_id": 111,
                    "uid": 109
                },
                {
                    "coord": [
                        590,
                        280
                    ],
                    "is_working": true,
                    "name": "Верево",
                    "rect": [
                        605,
                        270,
                        100,
                        20
                    ],
                    "text_id": 112,
                    "uid": 110
                },
                {
                    "coord": [
                        590,
                        310
                    ],
                    "is_working": true,
                    "name": "Старое Мозино",
                    "rect": [
                        605,
                        300,
                        100,
                        20
                    ],
                    "text_id": 113,
                    "uid": 111
                },
                {
                    "coord": [
                        590,
                        340
                    ],
                    "is_working": true,
                    "name": "Новое Мозино",
                    "rect": [
                        605,
                        330,
                        100,
                        20
                    ],
                    "text_id": 114,
                    "uid": 112
                },
                {
                    "coord": [
                        590,
                        370
                    ],
                    "is_working": true,
                    "name": "Татьянино",
                    "rect": [
                        605,
                        360,
                        100,
                        20
                    ],
                    "text_id": 115,
                    "uid": 113
                },
                {
                    "coord": [
                        590,
                        400
                    ],
                    "is_working": true,
                    "name": "Гатчина-Варшавская",
                    "rect": [
                        605,
                        390,
                        150,
                        20
                    ],
                    "text_id": 105,
                    "uid": 114
                },
                {
                    "coord": [
                        590,
                        430
                    ],
                    "is_working": true,
                    "name": "Суйда",
                    "rect": [
                        605,
                        420,
                        100,
                        20
                    ],
                    "text_id": 116,
                    "uid": 115
                },
                {
                    "coord": [
                        590,
                        460
                    ],
                    "is_working": true,
                    "name": "Прибытково",
                    "rect": [
                        605,
                        450,
                        100,
                        20
                    ],
                    "text_id": 117,
                    "uid": 116
                },
                {
                    "coord": [
                        590,
                        490
                    ],
                    "is_working": true,
                    "name": "Карташевская",
                    "rect": [
                        605,
                        480,
                        100,
                        20
                    ],
                    "text_id": 118,
                    "uid": 117
                },
                {
                    "coord": [
                        590,
                        520
                    ],
                    "is_working": true,
                    "name": "Сиверская",
                    "rect": [
                        605,
                        510,
                        100,
                        20
                    ],
                    "text_id": 119,
                    "uid": 118
                },
                {
                    "coord": [
                        590,
                        550
                    ],
                    "is_working": true,
                    "name": "Лампово",
                    "rect": [
                        605,
                        540,
                        100,
                        20
                    ],
                    "text_id": 120,
                    "uid": 119
                },
                {
                    "coord": [
                        590,
                        580
                    ],
                    "is_working": true,
                    "name": "Строганово",
                    "rect": [
                        605,
                        570,
                        100,
                        20
                    ],
                    "text_id": 121,
                    "uid": 120
                },
                {
                    "coord": [
                        590,
                        610
                    ],
                    "is_working": true,
                    "name": "Дивенская",
                    "rect": [
                        605,
                        600,
                        100,
                        20
                    ],
                    "text_id": 122,
                    "uid": 121
                },
                {
                    "coord": [
                        590,
                        640
                    ],
                    "is_working": true,
                    "name": "Низовская",
                    "rect": [
                        605,
                        630,
                        100,
                        20
                    ],
                    "text_id": 123,
                    "uid": 122
                },
                {
                    "coord": [
                        590,
                        670
                    ],
                    "is_working": true,
                    "name": "Росинка",
                    "rect": [
                        605,
                        660,
                        100,
                        20
                    ],
                    "text_id": 124,
                    "uid": 123
                },
                {
                    "coord": [
                        590,
                        700
                    ],
                    "is_working": true,
                    "name": "Мшинская",
                    "rect": [
                        605,
                        690,
                        100,
                        20
                    ],
                    "text_id": 125,
                    "uid": 124
                },
                {
                    "coord": [
                        590,
                        730
                    ],
                    "is_working": true,
                    "name": "Разъезд Антонины Петровой",
                    "rect": [
                        605,
                        720,
                        210,
                        20
                    ],
                    "text_id": 126,
                    "uid": 125
                },
                {
                    "coord": [
                        590,
                        760
                    ],
                    "is_working": true,
                    "name": "Толмачево",
                    "rect": [
                        605,
                        750,
                        100,
                        20
                    ],
                    "text_id": 127,
                    "uid": 126
                },
                {
                    "coord": [
                        590,
                        790
                    ],
                    "is_working": true,
                    "name": "Партизанская",
                    "rect": [
                        605,
                        780,
                        100,
                        20
                    ],
                    "text_id": 128,
                    "uid": 127
                },
                {
                    "coord": [
                        590,
                        820
                    ],
                    "is_working": true,
                    "name": "Разъезд Генерала Омельченко",
                    "rect": [
                        605,
                        810,
                        210,
                        20
                    ],
                    "text_id": 129,
                    "uid": 128
                },
                {
                    "coord": [
                        590,
                        850
                    ],
                    "is_working": true,
                    "name": "Луга",
                    "rect": [
                        605,
                        844,
                        100,
                        10
                    ],
                    "text_id": 130,
                    "uid": 129
                }
            ],
            "text_id": 131
        }
    ],
    "lines_width": 9,
    "name": "railways_baltic",
    "name_text_id": 131,
    "stations_diameter": 19.0,
    "transfers": [
        [
            13,
            101,
            [
                340,
                10
            ],
            [
                380,
                10
            ]
        ],
        [
            13,
            62,
            [
                340,
                10
            ],
            [
                365,
                10
            ]
        ],
        [
            101,
            62,
            [
                380,
                10
            ],
            [
                365,
                10
            ]
        ],
        [
            102,
            63,
            [
                380,
                40
            ],
            [
                365,
                40
            ]
        ],
        [
            103,
            64,
            [
                380,
                70
            ],
            [
                365,
                70
            ]
        ],
        [
            104,
            65,
            [
                380,
                100
            ],
            [
                365,
                100
            ]
        ],
        [
            114,
            100,
            [
                590,
                400
            ],
            [
                580,
                400
            ]
        ],
        [
            17,
            104,
            [
                315,
                95
            ],
            [
                380,
                100
            ]
        ],
        [
            17,
            65,
            [
                315,
                95
            ],
            [
                365,
                100
            ]
        ]
    ],
    "transports": [
        "metro",
        "train"
    ],
    "type_name": "Электричка",
    "type_text_id": 554,
    "upper_case": true,
    "width": 740,
    "word_wrap": false
}