{
    "lines": [
        {
            "delays": [
                180,
                360
            ],
            "name": "Expo Line",
            "scheme": null,
            "segments": [
                [
                    0,
                    1,
                    120
                ],
                [
                    1,
                    0,
                    120
                ],
                [
                    1,
                    2,
                    120
                ],
                [
                    2,
                    1,
                    120
                ],
                [
                    2,
                    3,
                    120
                ],
                [
                    3,
                    2,
                    120
                ],
                [
                    3,
                    4,
                    120
                ],
                [
                    4,
                    3,
                    120
                ],
                [
                    4,
                    5,
                    120
                ],
                [
                    5,
                    4,
                    120
                ],
                [
                    5,
                    6,
                    120
                ],
                [
                    6,
                    5,
                    120
                ],
                [
                    6,
                    7,
                    120
                ],
                [
                    7,
                    6,
                    120
                ],
                [
                    7,
                    8,
                    120
                ],
                [
                    8,
                    7,
                    120
                ],
                [
                    8,
                    9,
                    120
                ],
                [
                    9,
                    8,
                    120
                ],
                [
                    9,
                    10,
                    120
                ],
                [
                    10,
                    9,
                    120
                ],
                [
                    10,
                    11,
                    120
                ],
                [
                    11,
                    10,
                    120
                ],
                [
                    11,
                    12,
                    120
                ],
                [
                    12,
                    11,
                    120
                ],
                [
                    12,
                    13,
                    120
                ],
                [
                    13,
                    12,
                    120
                ],
                [
                    13,
                    14,
                    120
                ],
                [
                    14,
                    13,
                    120
                ],
                [
                    14,
                    15,
                    120
                ],
                [
                    15,
                    14,
                    120
                ],
                [
                    15,
                    16,
                    120
                ],
                [
                    16,
                    15,
                    120
                ],
                [
                    16,
                    17,
                    120
                ],
                [
                    17,
                    16,
                    120
                ],
                [
                    17,
                    18,
                    120
                ],
                [
                    18,
                    17,
                    120
                ],
                [
                    18,
                    19,
                    120
                ],
                [
                    19,
                    18,
                    120
                ]
            ],
            "stations": [
                [
                    0,
                    "Waterfront",
                    0
                ],
                [
                    1,
                    "Burrard",
                    1
                ],
                [
                    2,
                    "Granville",
                    2
                ],
                [
                    3,
                    "Stadium",
                    3
                ],
                [
                    4,
                    "Main Street-Science World",
                    4
                ],
                [
                    5,
                    "Broadway",
                    5
                ],
                [
                    6,
                    "Nanaimo",
                    6
                ],
                [
                    7,
                    "29th Avenue",
                    7
                ],
                [
                    8,
                    "Joyce",
                    8
                ],
                [
                    9,
                    "Patterson",
                    9
                ],
                [
                    10,
                    "Metrotown",
                    10
                ],
                [
                    11,
                    "Royal Oak",
                    11
                ],
                [
                    12,
                    "Edmonds",
                    12
                ],
                [
                    13,
                    "22th Street",
                    13
                ],
                [
                    14,
                    "New Westminster",
                    14
                ],
                [
                    15,
                    "Columbia",
                    15
                ],
                [
                    16,
                    "Scott Road",
                    16
                ],
                [
                    17,
                    "Gateway",
                    17
                ],
                [
                    18,
                    "Surrey Central",
                    18
                ],
                [
                    19,
                    "King George",
                    19
                ]
            ],
            "text_id": 20
        },
        {
            "delays": [
                180,
                360
            ],
            "name": "Millenium Line",
            "scheme": null,
            "segments": [
                [
                    20,
                    21,
                    120
                ],
                [
                    21,
                    20,
                    120
                ],
                [
                    21,
                    22,
                    120
                ],
                [
                    22,
                    21,
                    120
                ],
                [
                    22,
                    23,
                    120
                ],
                [
                    23,
                    22,
                    120
                ],
                [
                    23,
                    24,
                    120
                ],
                [
                    24,
                    23,
                    120
                ],
                [
                    24,
                    25,
                    120
                ],
                [
                    25,
                    24,
                    120
                ],
                [
                    25,
                    26,
                    120
                ],
                [
                    26,
                    25,
                    120
                ],
                [
                    26,
                    27,
                    120
                ],
                [
                    27,
                    26,
                    120
                ],
                [
                    27,
                    28,
                    120
                ],
                [
                    28,
                    27,
                    120
                ],
                [
                    28,
                    29,
                    120
                ],
                [
                    29,
                    28,
                    120
                ],
                [
                    29,
                    30,
                    120
                ],
                [
                    30,
                    29,
                    120
                ],
                [
                    30,
                    31,
                    120
                ],
                [
                    31,
                    30,
                    120
                ],
                [
                    31,
                    32,
                    120
                ],
                [
                    32,
                    31,
                    120
                ],
                [
                    32,
                    33,
                    120
                ],
                [
                    33,
                    32,
                    120
                ],
                [
                    33,
                    34,
                    120
                ],
                [
                    34,
                    33,
                    120
                ],
                [
                    34,
                    35,
                    120
                ],
                [
                    35,
                    34,
                    120
                ],
                [
                    35,
                    36,
                    120
                ],
                [
                    36,
                    35,
                    120
                ],
                [
                    36,
                    37,
                    120
                ],
                [
                    37,
                    36,
                    120
                ],
                [
                    37,
                    38,
                    120
                ],
                [
                    38,
                    37,
                    120
                ],
                [
                    38,
                    39,
                    120
                ],
                [
                    39,
                    38,
                    120
                ],
                [
                    39,
                    40,
                    120
                ],
                [
                    40,
                    39,
                    120
                ],
                [
                    40,
                    41,
                    120
                ],
                [
                    41,
                    40,
                    120
                ],
                [
                    41,
                    42,
                    120
                ],
                [
                    42,
                    41,
                    120
                ],
                [
                    42,
                    43,
                    120
                ],
                [
                    43,
                    42,
                    120
                ],
                [
                    43,
                    44,
                    120
                ],
                [
                    44,
                    43,
                    120
                ],
                [
                    44,
                    45,
                    120
                ],
                [
                    45,
                    44,
                    120
                ],
                [
                    45,
                    46,
                    120
                ],
                [
                    46,
                    45,
                    120
                ],
                [
                    46,
                    47,
                    120
                ],
                [
                    47,
                    46,
                    120
                ],
                [
                    47,
                    48,
                    120
                ],
                [
                    48,
                    47,
                    120
                ]
            ],
            "stations": [
                [
                    20,
                    "Waterfront",
                    0
                ],
                [
                    21,
                    "Burrard",
                    1
                ],
                [
                    22,
                    "Granville",
                    2
                ],
                [
                    23,
                    "Stadium",
                    3
                ],
                [
                    24,
                    "Main Street-Science World",
                    4
                ],
                [
                    25,
                    "Broadway",
                    5
                ],
                [
                    26,
                    "Nanaimo",
                    6
                ],
                [
                    27,
                    "29th Avenue",
                    7
                ],
                [
                    28,
                    "Joyce",
                    8
                ],
                [
                    29,
                    "Patterson",
                    9
                ],
                [
                    30,
                    "Metrotown",
                    10
                ],
                [
                    31,
                    "Royal Oak",
                    11
                ],
                [
                    32,
                    "Edmonds",
                    12
                ],
                [
                    33,
                    "22th Street",
                    13
                ],
                [
                    34,
                    "New Westminster",
                    14
                ],
                [
                    35,
                    "Columbia",
                    15
                ],
                [
                    36,
                    "Sapperton",
                    21
                ],
                [
                    37,
                    "Braid",
                    22
                ],
                [
                    38,
                    "Lougheed Town Centre",
                    23
                ],
                [
                    39,
                    "Production Way-University",
                    24
                ],
                [
                    40,
                    "Lake City Way",
                    25
                ],
                [
                    41,
                    "Sperling-Burnaby Lake",
                    26
                ],
                [
                    42,
                    "Holdom",
                    27
                ],
                [
                    43,
                    "Brentwood Town Centre",
                    28
                ],
                [
                    44,
                    "Gilmore",
                    29
                ],
                [
                    45,
                    "Rupert",
                    30
                ],
                [
                    46,
                    "Renfrew",
                    31
                ],
                [
                    47,
                    "Commercial Drive",
                    32
                ],
                [
                    48,
                    "VCC-Clark",
                    33
                ]
            ],
            "text_id": 34
        }
    ],
    "name": "metro",
    "transfers": [
        [
            0,
            20,
            0,
            true
        ],
        [
            7,
            27,
            0,
            true
        ],
        [
            8,
            28,
            0,
            true
        ],
        [
            9,
            29,
            0,
            true
        ],
        [
            10,
            30,
            0,
            true
        ],
        [
            11,
            31,
            0,
            true
        ],
        [
            12,
            32,
            0,
            true
        ],
        [
            13,
            33,
            0,
            true
        ],
        [
            14,
            34,
            0,
            true
        ],
        [
            15,
            35,
            0,
            true
        ],
        [
            1,
            21,
            0,
            true
        ],
        [
            2,
            22,
            0,
            true
        ],
        [
            3,
            23,
            0,
            true
        ],
        [
            4,
            24,
            0,
            true
        ],
        [
            5,
            25,
            0,
            true
        ],
        [
            5,
            47,
            300,
            true
        ],
        [
            25,
            47,
            300,
            true
        ],
        [
            6,
            26,
            0,
            true
        ]
    ],
    "type_name": "Метро"
}