{
    "0": "Tanigami",
    "1": "Shin-Kobe",
    "2": "Sannomiya",
    "3": "Kenchomae",
    "4": "Okurayama",
    "5": "Minatogawa Koen",
    "6": "Kamisawa",
    "7": "Nagata",
    "8": "Shin-Nagata",
    "9": "Itayado",
    "10": "Myohoji",
    "11": "Myodani",
    "12": "Sogo Undo Koen",
    "13": "Gakuen-Toshi",
    "14": "Ikawadani",
    "15": "Seishin-Minami",
    "16": "Seishin-Chuo",
    "17": "Seishin-Yamate",
    "18": "Sannomiya-Hanadokeimae",
    "19": "Kyukyoryuchi-Daimarumae",
    "20": "Minato Motomachi",
    "21": "Harborland",
    "22": "Chuo-Ichibamae",
    "23": "Wadamisaki",
    "24": "Misaki-Koen",
    "25": "Karumo",
    "26": "Komagabayashi",
    "27": "Kaigan",
    "28": "Метро",
    "29": "ROOT",
    "30": "Схема от 06.03.2011г.",
    "31": "Imported from http://pmetro.su"
}