{
    "lines": [
        {
            "delays": [],
            "name": "1",
            "scheme": null,
            "segments": [
                [
                    0,
                    1,
                    120
                ],
                [
                    1,
                    0,
                    120
                ],
                [
                    1,
                    2,
                    120
                ],
                [
                    2,
                    1,
                    120
                ],
                [
                    2,
                    3,
                    120
                ],
                [
                    3,
                    2,
                    120
                ],
                [
                    3,
                    4,
                    120
                ],
                [
                    4,
                    3,
                    120
                ],
                [
                    4,
                    5,
                    120
                ],
                [
                    5,
                    4,
                    120
                ],
                [
                    5,
                    6,
                    120
                ],
                [
                    6,
                    5,
                    120
                ],
                [
                    6,
                    7,
                    120
                ],
                [
                    7,
                    6,
                    120
                ],
                [
                    7,
                    8,
                    120
                ],
                [
                    8,
                    7,
                    120
                ]
            ],
            "stations": [
                [
                    0,
                    "Mansarovar",
                    0
                ],
                [
                    1,
                    "New Aatish Market",
                    1
                ],
                [
                    2,
                    "Vivek Vihar",
                    2
                ],
                [
                    3,
                    "Shayam Nagar",
                    3
                ],
                [
                    4,
                    "Ram Nagar",
                    4
                ],
                [
                    5,
                    "Civil Line",
                    5
                ],
                [
                    6,
                    "Railway Station",
                    6
                ],
                [
                    7,
                    "Sindhi Camp",
                    7
                ],
                [
                    8,
                    "Chandpole",
                    8
                ]
            ],
            "text_id": 9
        }
    ],
    "name": "metro",
    "transfers": [],
    "type_name": "Метро"
}