{
    "lines": [
        {
            "delays": [
                240,
                720
            ],
            "name": "1",
            "scheme": null,
            "segments": [
                [
                    0,
                    1,
                    0
                ],
                [
                    1,
                    0,
                    0
                ],
                [
                    1,
                    2,
                    120
                ],
                [
                    2,
                    1,
                    120
                ],
                [
                    2,
                    3,
                    120
                ],
                [
                    3,
                    2,
                    120
                ],
                [
                    3,
                    4,
                    120
                ],
                [
                    4,
                    3,
                    120
                ],
                [
                    4,
                    5,
                    120
                ],
                [
                    5,
                    4,
                    120
                ],
                [
                    5,
                    6,
                    120
                ],
                [
                    6,
                    5,
                    120
                ],
                [
                    6,
                    7,
                    120
                ],
                [
                    7,
                    6,
                    120
                ],
                [
                    7,
                    8,
                    120
                ],
                [
                    8,
                    7,
                    120
                ],
                [
                    8,
                    9,
                    120
                ],
                [
                    8,
                    10,
                    120
                ],
                [
                    9,
                    8,
                    120
                ],
                [
                    10,
                    8,
                    120
                ]
            ],
            "stations": [
                [
                    0,
                    "?",
                    0
                ],
                [
                    1,
                    "Барекамутюн",
                    1
                ],
                [
                    2,
                    "Маршал Баграмян",
                    2
                ],
                [
                    3,
                    "Еритасардакан",
                    3
                ],
                [
                    4,
                    "Ханрапетутян Храпарак",
                    4
                ],
                [
                    5,
                    "Зоравар Андраник",
                    5
                ],
                [
                    6,
                    "Сасунци Давид",
                    6
                ],
                [
                    7,
                    "Горцаранаин",
                    7
                ],
                [
                    8,
                    "Шенгавит",
                    8
                ],
                [
                    9,
                    "Гарегин Нждехи Храпарак",
                    9
                ],
                [
                    10,
                    "Чарбах",
                    10
                ]
            ],
            "text_id": 11
        }
    ],
    "name": "metro",
    "transfers": [],
    "type_name": "Метро"
}