{
    "lines": [
        {
            "delays": [
                120,
                240
            ],
            "name": "Святошинско-Броварская",
            "scheme": "svjat-brov",
            "segments": [
                [
                    0,
                    1,
                    130
                ],
                [
                    1,
                    0,
                    130
                ],
                [
                    1,
                    2,
                    159
                ],
                [
                    2,
                    1,
                    159
                ],
                [
                    2,
                    3,
                    79
                ],
                [
                    3,
                    2,
                    79
                ],
                [
                    3,
                    4,
                    99
                ],
                [
                    4,
                    3,
                    99
                ],
                [
                    4,
                    5,
                    170
                ],
                [
                    5,
                    4,
                    170
                ],
                [
                    5,
                    6,
                    99
                ],
                [
                    6,
                    5,
                    99
                ],
                [
                    6,
                    7,
                    120
                ],
                [
                    7,
                    6,
                    120
                ],
                [
                    7,
                    8,
                    99
                ],
                [
                    8,
                    7,
                    99
                ],
                [
                    8,
                    9,
                    110
                ],
                [
                    9,
                    8,
                    110
                ],
                [
                    9,
                    10,
                    90
                ],
                [
                    10,
                    9,
                    90
                ],
                [
                    10,
                    11,
                    120
                ],
                [
                    11,
                    10,
                    120
                ],
                [
                    11,
                    12,
                    99
                ],
                [
                    12,
                    11,
                    99
                ],
                [
                    12,
                    13,
                    140
                ],
                [
                    13,
                    12,
                    140
                ],
                [
                    13,
                    14,
                    140
                ],
                [
                    14,
                    13,
                    140
                ],
                [
                    14,
                    15,
                    110
                ],
                [
                    15,
                    14,
                    110
                ],
                [
                    15,
                    16,
                    120
                ],
                [
                    16,
                    15,
                    120
                ],
                [
                    16,
                    17,
                    120
                ],
                [
                    17,
                    16,
                    120
                ]
            ],
            "stations": [
                [
                    0,
                    "Академгородок",
                    0
                ],
                [
                    1,
                    "Житомирская",
                    1
                ],
                [
                    2,
                    "Святошин",
                    2
                ],
                [
                    3,
                    "Нивки",
                    3
                ],
                [
                    4,
                    "Берестейская",
                    4
                ],
                [
                    5,
                    "Шулявская",
                    5
                ],
                [
                    6,
                    "Политехнический институт",
                    6
                ],
                [
                    7,
                    "Вокзальная",
                    7
                ],
                [
                    8,
                    "Университет",
                    8
                ],
                [
                    9,
                    "Театральная",
                    9
                ],
                [
                    10,
                    "Крещатик",
                    10
                ],
                [
                    11,
                    "Арсенальная",
                    11
                ],
                [
                    12,
                    "Днепр",
                    12
                ],
                [
                    13,
                    "Гидропарк",
                    13
                ],
                [
                    14,
                    "Левобережная",
                    14
                ],
                [
                    15,
                    "Дарница",
                    15
                ],
                [
                    16,
                    "Черниговская",
                    16
                ],
                [
                    17,
                    "Лесная",
                    17
                ]
            ],
            "text_id": 18
        },
        {
            "delays": [
                120,
                300
            ],
            "name": "Куреневско-Красноармейская",
            "scheme": "kyr-kras",
            "segments": [
                [
                    18,
                    19,
                    120
                ],
                [
                    19,
                    18,
                    120
                ],
                [
                    19,
                    20,
                    99
                ],
                [
                    20,
                    19,
                    99
                ],
                [
                    20,
                    21,
                    134
                ],
                [
                    21,
                    20,
                    134
                ],
                [
                    21,
                    22,
                    149
                ],
                [
                    22,
                    21,
                    149
                ],
                [
                    22,
                    23,
                    90
                ],
                [
                    23,
                    22,
                    90
                ],
                [
                    23,
                    24,
                    134
                ],
                [
                    24,
                    23,
                    134
                ],
                [
                    24,
                    25,
                    120
                ],
                [
                    25,
                    24,
                    120
                ],
                [
                    25,
                    26,
                    90
                ],
                [
                    26,
                    25,
                    90
                ],
                [
                    26,
                    27,
                    99
                ],
                [
                    27,
                    26,
                    99
                ],
                [
                    27,
                    28,
                    104
                ],
                [
                    28,
                    27,
                    104
                ],
                [
                    28,
                    29,
                    90
                ],
                [
                    29,
                    28,
                    90
                ],
                [
                    29,
                    30,
                    120
                ],
                [
                    30,
                    29,
                    120
                ],
                [
                    30,
                    31,
                    120
                ],
                [
                    31,
                    30,
                    120
                ],
                [
                    31,
                    32,
                    120
                ],
                [
                    32,
                    31,
                    120
                ],
                [
                    32,
                    33,
                    0
                ],
                [
                    33,
                    32,
                    0
                ],
                [
                    33,
                    34,
                    0
                ],
                [
                    34,
                    33,
                    null
                ],
                [
                    34,
                    35,
                    null
                ],
                [
                    34,
                    37,
                    null
                ],
                [
                    35,
                    34,
                    null
                ],
                [
                    35,
                    36,
                    0
                ],
                [
                    36,
                    35,
                    null
                ],
                [
                    37,
                    34,
                    null
                ],
                [
                    37,
                    38,
                    null
                ]
            ],
            "stations": [
                [
                    18,
                    "Героев Днепра",
                    19
                ],
                [
                    19,
                    "Минская",
                    20
                ],
                [
                    20,
                    "Оболонь",
                    21
                ],
                [
                    21,
                    "Петровка",
                    22
                ],
                [
                    22,
                    "Тараса Шевченко",
                    23
                ],
                [
                    23,
                    "Контрактовая площадь",
                    24
                ],
                [
                    24,
                    "Почтовая площадь",
                    25
                ],
                [
                    25,
                    "Площадь Независимости",
                    26
                ],
                [
                    26,
                    "Площадь Льва Толстого",
                    27
                ],
                [
                    27,
                    "Олимпийская",
                    28
                ],
                [
                    28,
                    "Дворец \"Украина\"",
                    29
                ],
                [
                    29,
                    "Лыбедская",
                    30
                ],
                [
                    30,
                    "Демиевская",
                    31
                ],
                [
                    31,
                    "Голосеевская",
                    32
                ],
                [
                    32,
                    "Васильковская",
                    33
                ],
                [
                    33,
                    "Выставочный центр",
                    34
                ],
                [
                    34,
                    "Ипподром",
                    35
                ],
                [
                    35,
                    "Теремки",
                    36
                ],
                [
                    36,
                    "Одесская",
                    37
                ],
                [
                    37,
                    "Автовокзал \"Теремки\"",
                    38
                ],
                [
                    38,
                    "Крейсера Авроры",
                    39
                ]
            ],
            "text_id": 40
        },
        {
            "delays": [
                180,
                480
            ],
            "name": "Сырецко-Печерская",
            "scheme": "sur-pech",
            "segments": [
                [
                    39,
                    40,
                    0
                ],
                [
                    40,
                    39,
                    0
                ],
                [
                    40,
                    41,
                    0
                ],
                [
                    41,
                    40,
                    0
                ],
                [
                    41,
                    42,
                    0
                ],
                [
                    42,
                    41,
                    0
                ],
                [
                    42,
                    43,
                    90
                ],
                [
                    43,
                    42,
                    90
                ],
                [
                    43,
                    44,
                    200
                ],
                [
                    44,
                    43,
                    200
                ],
                [
                    44,
                    45,
                    269
                ],
                [
                    45,
                    44,
                    269
                ],
                [
                    45,
                    46,
                    74
                ],
                [
                    46,
                    45,
                    74
                ],
                [
                    46,
                    47,
                    90
                ],
                [
                    47,
                    46,
                    90
                ],
                [
                    47,
                    48,
                    45
                ],
                [
                    48,
                    47,
                    45
                ],
                [
                    48,
                    49,
                    90
                ],
                [
                    49,
                    48,
                    90
                ],
                [
                    49,
                    50,
                    134
                ],
                [
                    50,
                    49,
                    134
                ],
                [
                    50,
                    51,
                    290
                ],
                [
                    51,
                    50,
                    290
                ],
                [
                    51,
                    52,
                    74
                ],
                [
                    52,
                    51,
                    74
                ],
                [
                    52,
                    53,
                    120
                ],
                [
                    53,
                    52,
                    120
                ],
                [
                    53,
                    54,
                    65
                ],
                [
                    54,
                    53,
                    65
                ],
                [
                    54,
                    55,
                    120
                ],
                [
                    55,
                    54,
                    120
                ],
                [
                    55,
                    56,
                    120
                ],
                [
                    56,
                    55,
                    120
                ],
                [
                    56,
                    57,
                    120
                ],
                [
                    57,
                    56,
                    120
                ],
                [
                    57,
                    58,
                    0
                ],
                [
                    58,
                    57,
                    0
                ],
                [
                    58,
                    59,
                    0
                ],
                [
                    59,
                    58,
                    0
                ],
                [
                    59,
                    60,
                    0
                ],
                [
                    60,
                    59,
                    0
                ],
                [
                    60,
                    61,
                    0
                ],
                [
                    61,
                    60,
                    0
                ],
                [
                    61,
                    62,
                    0
                ],
                [
                    62,
                    61,
                    0
                ],
                [
                    62,
                    63,
                    0
                ],
                [
                    63,
                    62,
                    0
                ]
            ],
            "stations": [
                [
                    39,
                    "Синеозёрная",
                    41
                ],
                [
                    40,
                    "Виноградарь",
                    42
                ],
                [
                    41,
                    "Мостицкая",
                    43
                ],
                [
                    42,
                    "Сырец",
                    44
                ],
                [
                    43,
                    "Дорогожичи",
                    45
                ],
                [
                    44,
                    "Лукьяновская",
                    46
                ],
                [
                    45,
                    "Золотые ворота",
                    47
                ],
                [
                    46,
                    "Дворец спорта",
                    48
                ],
                [
                    47,
                    "Кловская",
                    49
                ],
                [
                    48,
                    "Печерская",
                    50
                ],
                [
                    49,
                    "Дружбы народов",
                    51
                ],
                [
                    50,
                    "Выдубичи",
                    52
                ],
                [
                    51,
                    "Славутич",
                    53
                ],
                [
                    52,
                    "Осокорки",
                    54
                ],
                [
                    53,
                    "Позняки",
                    55
                ],
                [
                    54,
                    "Харьковская",
                    56
                ],
                [
                    55,
                    "Вырлица",
                    57
                ],
                [
                    56,
                    "Бориспольская",
                    58
                ],
                [
                    57,
                    "Красный хутор",
                    59
                ],
                [
                    58,
                    "Промышленная",
                    60
                ],
                [
                    59,
                    "Улица Горбунова",
                    61
                ],
                [
                    60,
                    "Дарницкий вокзал",
                    62
                ],
                [
                    61,
                    "Пражская",
                    63
                ],
                [
                    62,
                    "Ленинградская площадь",
                    64
                ],
                [
                    63,
                    "Броварской проспект",
                    65
                ]
            ],
            "text_id": 66
        },
        {
            "delays": [
                null,
                null
            ],
            "name": "Подольско-Воскресенская",
            "scheme": "pod-vosk",
            "segments": [
                [
                    64,
                    65,
                    0
                ],
                [
                    65,
                    64,
                    0
                ],
                [
                    65,
                    66,
                    0
                ],
                [
                    66,
                    65,
                    0
                ],
                [
                    66,
                    67,
                    0
                ],
                [
                    67,
                    66,
                    0
                ],
                [
                    67,
                    68,
                    0
                ],
                [
                    68,
                    67,
                    0
                ],
                [
                    68,
                    69,
                    0
                ],
                [
                    69,
                    68,
                    0
                ],
                [
                    69,
                    70,
                    0
                ],
                [
                    70,
                    69,
                    0
                ],
                [
                    70,
                    71,
                    0
                ],
                [
                    71,
                    70,
                    0
                ],
                [
                    71,
                    72,
                    0
                ],
                [
                    72,
                    71,
                    0
                ],
                [
                    72,
                    73,
                    0
                ],
                [
                    73,
                    72,
                    0
                ],
                [
                    73,
                    74,
                    0
                ],
                [
                    74,
                    73,
                    0
                ],
                [
                    74,
                    75,
                    0
                ],
                [
                    75,
                    74,
                    0
                ],
                [
                    75,
                    76,
                    0
                ],
                [
                    76,
                    75,
                    0
                ],
                [
                    76,
                    77,
                    0
                ],
                [
                    77,
                    76,
                    0
                ],
                [
                    77,
                    78,
                    0
                ],
                [
                    78,
                    77,
                    0
                ]
            ],
            "stations": [
                [
                    64,
                    "Кольцвая дорога",
                    67
                ],
                [
                    65,
                    "Аэропорт",
                    68
                ],
                [
                    66,
                    "Севастопольская площадь",
                    69
                ],
                [
                    67,
                    "Воздухофлотская",
                    70
                ],
                [
                    68,
                    "Вокзальная-2",
                    71
                ],
                [
                    69,
                    "пл.Победы",
                    72
                ],
                [
                    70,
                    "Глубочицкая",
                    73
                ],
                [
                    71,
                    "Татарка",
                    74
                ],
                [
                    72,
                    "Подольская",
                    75
                ],
                [
                    73,
                    "Кораблестроительная",
                    76
                ],
                [
                    74,
                    "Труханов остров",
                    77
                ],
                [
                    75,
                    "Затока Десенка",
                    78
                ],
                [
                    76,
                    "Радужная",
                    79
                ],
                [
                    77,
                    "Бульвар Перова",
                    80
                ],
                [
                    78,
                    "Братиславская",
                    81
                ]
            ],
            "text_id": 82
        },
        {
            "delays": [
                null,
                null
            ],
            "name": "Левобережная",
            "scheme": "levob",
            "segments": [
                [
                    79,
                    80,
                    0
                ],
                [
                    80,
                    79,
                    0
                ],
                [
                    80,
                    81,
                    0
                ],
                [
                    81,
                    80,
                    0
                ],
                [
                    81,
                    82,
                    0
                ],
                [
                    82,
                    81,
                    0
                ],
                [
                    82,
                    83,
                    0
                ],
                [
                    83,
                    82,
                    0
                ],
                [
                    83,
                    84,
                    0
                ],
                [
                    84,
                    83,
                    0
                ],
                [
                    84,
                    85,
                    0
                ],
                [
                    85,
                    84,
                    0
                ],
                [
                    85,
                    86,
                    0
                ],
                [
                    86,
                    85,
                    0
                ],
                [
                    86,
                    87,
                    0
                ],
                [
                    87,
                    86,
                    0
                ],
                [
                    87,
                    88,
                    0
                ],
                [
                    88,
                    87,
                    0
                ],
                [
                    88,
                    89,
                    0
                ],
                [
                    89,
                    88,
                    0
                ],
                [
                    89,
                    90,
                    0
                ],
                [
                    90,
                    89,
                    0
                ],
                [
                    90,
                    91,
                    0
                ],
                [
                    91,
                    90,
                    0
                ]
            ],
            "stations": [
                [
                    79,
                    "ул. Милославская",
                    83
                ],
                [
                    80,
                    "ул. Цветаевой",
                    84
                ],
                [
                    81,
                    "ул. Сабурова",
                    85
                ],
                [
                    82,
                    "ул. Драйзера",
                    86
                ],
                [
                    83,
                    "ул. Каштановая",
                    87
                ],
                [
                    84,
                    "Проспект Ватутина",
                    88
                ],
                [
                    85,
                    "Огородная",
                    89
                ],
                [
                    86,
                    "Днепровская",
                    90
                ],
                [
                    87,
                    "Броварской проспект-2",
                    91
                ],
                [
                    88,
                    "Русановка",
                    92
                ],
                [
                    89,
                    "ул. Здолбуновская",
                    93
                ],
                [
                    90,
                    "ул. Ахметовой",
                    94
                ],
                [
                    91,
                    "Позняки-2",
                    95
                ]
            ],
            "text_id": 14
        }
    ],
    "name": "metro",
    "transfers": [
        [
            68,
            7,
            120,
            true
        ],
        [
            10,
            25,
            120,
            true
        ],
        [
            14,
            63,
            120,
            true
        ],
        [
            14,
            87,
            120,
            true
        ],
        [
            63,
            87,
            120,
            true
        ],
        [
            87,
            63,
            120,
            true
        ],
        [
            87,
            14,
            120,
            true
        ],
        [
            63,
            14,
            120,
            true
        ],
        [
            70,
            44,
            120,
            true
        ],
        [
            26,
            46,
            120,
            true
        ],
        [
            53,
            91,
            60,
            true
        ],
        [
            76,
            85,
            120,
            true
        ],
        [
            72,
            22,
            120,
            true
        ],
        [
            45,
            9,
            120,
            true
        ]
    ],
    "type_name": "Метро"
}