{
    "default_transports": [
        "metro"
    ],
    "height": 990,
    "images": [
        "res/schemes/1.svg"
    ],
    "is_vector": true,
    "lines": [
        {
            "labels_bg_color": "-1",
            "labels_color": "000000",
            "line_color": "ff4105",
            "line_width": 7,
            "name": "1",
            "segments": [
                [
                    0,
                    1,
                    [
                        [
                            150,
                            60
                        ],
                        [
                            150,
                            30
                        ]
                    ],
                    true
                ],
                [
                    1,
                    2,
                    [
                        [
                            150,
                            90
                        ],
                        [
                            150,
                            60
                        ]
                    ],
                    true
                ],
                [
                    2,
                    3,
                    [
                        [
                            150,
                            120
                        ],
                        [
                            150,
                            90
                        ]
                    ],
                    true
                ],
                [
                    3,
                    4,
                    [
                        [
                            150,
                            150
                        ],
                        [
                            150,
                            120
                        ]
                    ],
                    true
                ],
                [
                    4,
                    5,
                    [
                        [
                            150,
                            180
                        ],
                        [
                            150,
                            150
                        ]
                    ],
                    true
                ],
                [
                    5,
                    6,
                    [
                        [
                            150,
                            210
                        ],
                        [
                            150,
                            180
                        ]
                    ],
                    true
                ],
                [
                    6,
                    7,
                    [
                        [
                            150,
                            240
                        ],
                        [
                            150,
                            210
                        ]
                    ],
                    true
                ],
                [
                    7,
                    8,
                    [
                        [
                            150,
                            270
                        ],
                        [
                            150,
                            240
                        ]
                    ],
                    true
                ],
                [
                    8,
                    9,
                    [
                        [
                            150,
                            300
                        ],
                        [
                            150,
                            270
                        ]
                    ],
                    true
                ],
                [
                    9,
                    10,
                    [
                        [
                            150,
                            330
                        ],
                        [
                            150,
                            300
                        ]
                    ],
                    true
                ],
                [
                    10,
                    11,
                    [
                        [
                            150,
                            360
                        ],
                        [
                            150,
                            330
                        ]
                    ],
                    true
                ],
                [
                    11,
                    12,
                    [
                        [
                            150,
                            390
                        ],
                        [
                            150,
                            360
                        ]
                    ],
                    true
                ],
                [
                    12,
                    13,
                    [
                        [
                            150,
                            420
                        ],
                        [
                            150,
                            390
                        ]
                    ],
                    true
                ],
                [
                    13,
                    14,
                    [
                        [
                            150,
                            450
                        ],
                        [
                            150,
                            420
                        ]
                    ],
                    true
                ],
                [
                    14,
                    15,
                    [
                        [
                            150,
                            480
                        ],
                        [
                            150,
                            450
                        ]
                    ],
                    true
                ],
                [
                    15,
                    16,
                    [
                        [
                            150,
                            510
                        ],
                        [
                            150,
                            480
                        ]
                    ],
                    true
                ],
                [
                    16,
                    17,
                    [
                        [
                            150,
                            540
                        ],
                        [
                            150,
                            510
                        ]
                    ],
                    true
                ],
                [
                    17,
                    18,
                    [
                        [
                            150,
                            570
                        ],
                        [
                            150,
                            540
                        ]
                    ],
                    true
                ],
                [
                    18,
                    19,
                    [
                        [
                            150,
                            600
                        ],
                        [
                            150,
                            570
                        ]
                    ],
                    true
                ],
                [
                    19,
                    20,
                    [
                        [
                            150,
                            630
                        ],
                        [
                            150,
                            600
                        ]
                    ],
                    true
                ],
                [
                    20,
                    21,
                    [
                        [
                            150,
                            660
                        ],
                        [
                            150,
                            630
                        ]
                    ],
                    true
                ],
                [
                    21,
                    22,
                    [
                        [
                            150,
                            690
                        ],
                        [
                            150,
                            660
                        ]
                    ],
                    true
                ],
                [
                    22,
                    23,
                    [
                        [
                            150,
                            720
                        ],
                        [
                            150,
                            690
                        ]
                    ],
                    true
                ],
                [
                    23,
                    24,
                    [
                        [
                            150,
                            750
                        ],
                        [
                            150,
                            720
                        ]
                    ],
                    true
                ],
                [
                    24,
                    25,
                    [
                        [
                            150,
                            780
                        ],
                        [
                            150,
                            750
                        ]
                    ],
                    true
                ],
                [
                    25,
                    26,
                    [
                        [
                            150,
                            810
                        ],
                        [
                            150,
                            780
                        ]
                    ],
                    true
                ],
                [
                    26,
                    27,
                    [
                        [
                            150,
                            840
                        ],
                        [
                            150,
                            810
                        ]
                    ],
                    true
                ]
            ],
            "stations": [
                {
                    "coord": [
                        150,
                        30
                    ],
                    "is_working": true,
                    "name": "Etxebarri",
                    "rect": [
                        170,
                        20,
                        47,
                        15
                    ],
                    "text_id": 0,
                    "uid": 0
                },
                {
                    "coord": [
                        150,
                        60
                    ],
                    "is_working": true,
                    "name": "Bolueta",
                    "rect": [
                        170,
                        50,
                        40,
                        15
                    ],
                    "text_id": 1,
                    "uid": 1
                },
                {
                    "coord": [
                        150,
                        90
                    ],
                    "is_working": true,
                    "name": "Basarrate",
                    "rect": [
                        170,
                        80,
                        51,
                        15
                    ],
                    "text_id": 2,
                    "uid": 2
                },
                {
                    "coord": [
                        150,
                        120
                    ],
                    "is_working": true,
                    "name": "Santutxu",
                    "rect": [
                        170,
                        110,
                        45,
                        15
                    ],
                    "text_id": 3,
                    "uid": 3
                },
                {
                    "coord": [
                        150,
                        150
                    ],
                    "is_working": true,
                    "name": "Casco Viejo",
                    "rect": [
                        170,
                        140,
                        62,
                        15
                    ],
                    "text_id": 4,
                    "uid": 4
                },
                {
                    "coord": [
                        150,
                        180
                    ],
                    "is_working": true,
                    "name": "Abando",
                    "rect": [
                        170,
                        170,
                        40,
                        15
                    ],
                    "text_id": 5,
                    "uid": 5
                },
                {
                    "coord": [
                        150,
                        210
                    ],
                    "is_working": true,
                    "name": "Moyua",
                    "rect": [
                        170,
                        200,
                        35,
                        15
                    ],
                    "text_id": 6,
                    "uid": 6
                },
                {
                    "coord": [
                        150,
                        240
                    ],
                    "is_working": true,
                    "name": "Indautxu",
                    "rect": [
                        170,
                        230,
                        44,
                        15
                    ],
                    "text_id": 7,
                    "uid": 7
                },
                {
                    "coord": [
                        150,
                        270
                    ],
                    "is_working": true,
                    "name": "San Mames",
                    "rect": [
                        170,
                        260,
                        60,
                        15
                    ],
                    "text_id": 8,
                    "uid": 8
                },
                {
                    "coord": [
                        150,
                        300
                    ],
                    "is_working": true,
                    "name": "Deusto",
                    "rect": [
                        170,
                        290,
                        37,
                        15
                    ],
                    "text_id": 9,
                    "uid": 9
                },
                {
                    "coord": [
                        150,
                        330
                    ],
                    "is_working": true,
                    "name": "Sarriko",
                    "rect": [
                        170,
                        320,
                        38,
                        15
                    ],
                    "text_id": 10,
                    "uid": 10
                },
                {
                    "coord": [
                        150,
                        360
                    ],
                    "is_working": true,
                    "name": "San Inazio",
                    "rect": [
                        170,
                        350,
                        53,
                        15
                    ],
                    "text_id": 11,
                    "uid": 11
                },
                {
                    "coord": [
                        150,
                        390
                    ],
                    "is_working": true,
                    "name": "Lutxana",
                    "rect": [
                        170,
                        380,
                        41,
                        15
                    ],
                    "text_id": 12,
                    "uid": 12
                },
                {
                    "coord": [
                        150,
                        420
                    ],
                    "is_working": true,
                    "name": "Erandio",
                    "rect": [
                        170,
                        410,
                        40,
                        15
                    ],
                    "text_id": 13,
                    "uid": 13
                },
                {
                    "coord": [
                        150,
                        450
                    ],
                    "is_working": true,
                    "name": "Astrabudua",
                    "rect": [
                        170,
                        440,
                        59,
                        15
                    ],
                    "text_id": 14,
                    "uid": 14
                },
                {
                    "coord": [
                        150,
                        480
                    ],
                    "is_working": true,
                    "name": "Leioa",
                    "rect": [
                        170,
                        470,
                        29,
                        15
                    ],
                    "text_id": 15,
                    "uid": 15
                },
                {
                    "coord": [
                        150,
                        510
                    ],
                    "is_working": true,
                    "name": "Lamiako",
                    "rect": [
                        170,
                        500,
                        44,
                        15
                    ],
                    "text_id": 16,
                    "uid": 16
                },
                {
                    "coord": [
                        150,
                        540
                    ],
                    "is_working": true,
                    "name": "Areeta",
                    "rect": [
                        170,
                        530,
                        35,
                        15
                    ],
                    "text_id": 17,
                    "uid": 17
                },
                {
                    "coord": [
                        150,
                        570
                    ],
                    "is_working": true,
                    "name": "Gobela",
                    "rect": [
                        170,
                        560,
                        37,
                        15
                    ],
                    "text_id": 18,
                    "uid": 18
                },
                {
                    "coord": [
                        150,
                        600
                    ],
                    "is_working": true,
                    "name": "Neguri",
                    "rect": [
                        170,
                        590,
                        35,
                        15
                    ],
                    "text_id": 19,
                    "uid": 19
                },
                {
                    "coord": [
                        150,
                        630
                    ],
                    "is_working": true,
                    "name": "Aiboa",
                    "rect": [
                        170,
                        620,
                        31,
                        15
                    ],
                    "text_id": 20,
                    "uid": 20
                },
                {
                    "coord": [
                        150,
                        660
                    ],
                    "is_working": true,
                    "name": "Algorta",
                    "rect": [
                        170,
                        650,
                        38,
                        15
                    ],
                    "text_id": 21,
                    "uid": 21
                },
                {
                    "coord": [
                        150,
                        690
                    ],
                    "is_working": true,
                    "name": "Bidezabal",
                    "rect": [
                        170,
                        680,
                        51,
                        15
                    ],
                    "text_id": 22,
                    "uid": 22
                },
                {
                    "coord": [
                        150,
                        720
                    ],
                    "is_working": true,
                    "name": "Berango",
                    "rect": [
                        170,
                        710,
                        44,
                        15
                    ],
                    "text_id": 23,
                    "uid": 23
                },
                {
                    "coord": [
                        150,
                        750
                    ],
                    "is_working": true,
                    "name": "Larrabasterra",
                    "rect": [
                        170,
                        740,
                        69,
                        15
                    ],
                    "text_id": 24,
                    "uid": 24
                },
                {
                    "coord": [
                        150,
                        780
                    ],
                    "is_working": true,
                    "name": "Sopelana",
                    "rect": [
                        170,
                        770,
                        48,
                        15
                    ],
                    "text_id": 25,
                    "uid": 25
                },
                {
                    "coord": [
                        150,
                        810
                    ],
                    "is_working": true,
                    "name": "Urduliz",
                    "rect": [
                        170,
                        800,
                        37,
                        15
                    ],
                    "text_id": 26,
                    "uid": 26
                },
                {
                    "coord": [
                        150,
                        840
                    ],
                    "is_working": true,
                    "name": "Plentzia",
                    "rect": [
                        170,
                        830,
                        41,
                        15
                    ],
                    "text_id": 27,
                    "uid": 27
                }
            ],
            "text_id": 28
        },
        {
            "labels_bg_color": "-1",
            "labels_color": "000000",
            "line_color": "000000",
            "line_width": 7,
            "name": "2",
            "segments": [
                [
                    30,
                    31,
                    [
                        [
                            135,
                            60
                        ],
                        [
                            135,
                            30
                        ]
                    ],
                    true
                ],
                [
                    31,
                    32,
                    [
                        [
                            135,
                            90
                        ],
                        [
                            135,
                            60
                        ]
                    ],
                    true
                ],
                [
                    32,
                    33,
                    [
                        [
                            135,
                            120
                        ],
                        [
                            135,
                            90
                        ]
                    ],
                    true
                ],
                [
                    33,
                    34,
                    [
                        [
                            135,
                            150
                        ],
                        [
                            135,
                            120
                        ]
                    ],
                    true
                ],
                [
                    34,
                    35,
                    [
                        [
                            135,
                            180
                        ],
                        [
                            135,
                            150
                        ]
                    ],
                    true
                ],
                [
                    35,
                    36,
                    [
                        [
                            135,
                            210
                        ],
                        [
                            135,
                            180
                        ]
                    ],
                    true
                ],
                [
                    36,
                    37,
                    [
                        [
                            135,
                            240
                        ],
                        [
                            135,
                            210
                        ]
                    ],
                    true
                ],
                [
                    37,
                    38,
                    [
                        [
                            135,
                            270
                        ],
                        [
                            135,
                            240
                        ]
                    ],
                    true
                ],
                [
                    38,
                    39,
                    [
                        [
                            135,
                            300
                        ],
                        [
                            135,
                            270
                        ]
                    ],
                    true
                ],
                [
                    39,
                    40,
                    [
                        [
                            135,
                            330
                        ],
                        [
                            135,
                            300
                        ]
                    ],
                    true
                ],
                [
                    40,
                    41,
                    [
                        [
                            135,
                            360
                        ],
                        [
                            135,
                            330
                        ]
                    ],
                    true
                ]
            ],
            "stations": [
                {
                    "coord": null,
                    "is_working": true,
                    "name": "Basauri",
                    "rect": null,
                    "text_id": 29,
                    "uid": 28
                },
                {
                    "coord": null,
                    "is_working": true,
                    "name": "Ariz",
                    "rect": null,
                    "text_id": 30,
                    "uid": 29
                },
                {
                    "coord": [
                        135,
                        30
                    ],
                    "is_working": true,
                    "name": "Etxebarri",
                    "rect": null,
                    "text_id": 0,
                    "uid": 30
                },
                {
                    "coord": [
                        135,
                        60
                    ],
                    "is_working": true,
                    "name": "Bolueta",
                    "rect": null,
                    "text_id": 1,
                    "uid": 31
                },
                {
                    "coord": [
                        135,
                        90
                    ],
                    "is_working": true,
                    "name": "Basarrate",
                    "rect": null,
                    "text_id": 2,
                    "uid": 32
                },
                {
                    "coord": [
                        135,
                        120
                    ],
                    "is_working": true,
                    "name": "Santutxu",
                    "rect": null,
                    "text_id": 3,
                    "uid": 33
                },
                {
                    "coord": [
                        135,
                        150
                    ],
                    "is_working": true,
                    "name": "Casco Viejo",
                    "rect": null,
                    "text_id": 4,
                    "uid": 34
                },
                {
                    "coord": [
                        135,
                        180
                    ],
                    "is_working": true,
                    "name": "Abando",
                    "rect": null,
                    "text_id": 5,
                    "uid": 35
                },
                {
                    "coord": [
                        135,
                        210
                    ],
                    "is_working": true,
                    "name": "Moyua",
                    "rect": null,
                    "text_id": 6,
                    "uid": 36
                },
                {
                    "coord": [
                        135,
                        240
                    ],
                    "is_working": true,
                    "name": "Indautxu",
                    "rect": null,
                    "text_id": 7,
                    "uid": 37
                },
                {
                    "coord": [
                        135,
                        270
                    ],
                    "is_working": true,
                    "name": "San Mames",
                    "rect": null,
                    "text_id": 8,
                    "uid": 38
                },
                {
                    "coord": [
                        135,
                        300
                    ],
                    "is_working": true,
                    "name": "Deusto",
                    "rect": null,
                    "text_id": 9,
                    "uid": 39
                },
                {
                    "coord": [
                        135,
                        330
                    ],
                    "is_working": true,
                    "name": "Sarriko",
                    "rect": null,
                    "text_id": 10,
                    "uid": 40
                },
                {
                    "coord": [
                        135,
                        360
                    ],
                    "is_working": true,
                    "name": "San Inazio",
                    "rect": null,
                    "text_id": 11,
                    "uid": 41
                },
                {
                    "coord": null,
                    "is_working": true,
                    "name": "Gurutzeta/Cruces",
                    "rect": null,
                    "text_id": 31,
                    "uid": 42
                },
                {
                    "coord": null,
                    "is_working": true,
                    "name": "Ansio",
                    "rect": null,
                    "text_id": 32,
                    "uid": 43
                },
                {
                    "coord": null,
                    "is_working": true,
                    "name": "Barakaldo",
                    "rect": null,
                    "text_id": 33,
                    "uid": 44
                },
                {
                    "coord": null,
                    "is_working": true,
                    "name": "Bagatza",
                    "rect": null,
                    "text_id": 34,
                    "uid": 45
                },
                {
                    "coord": null,
                    "is_working": true,
                    "name": "Urbinaga",
                    "rect": null,
                    "text_id": 35,
                    "uid": 46
                },
                {
                    "coord": null,
                    "is_working": true,
                    "name": "Sestao",
                    "rect": null,
                    "text_id": 36,
                    "uid": 47
                },
                {
                    "coord": null,
                    "is_working": true,
                    "name": "Abatxolo",
                    "rect": null,
                    "text_id": 37,
                    "uid": 48
                },
                {
                    "coord": null,
                    "is_working": true,
                    "name": "Portugalete",
                    "rect": null,
                    "text_id": 38,
                    "uid": 49
                },
                {
                    "coord": null,
                    "is_working": true,
                    "name": "Penota",
                    "rect": null,
                    "text_id": 39,
                    "uid": 50
                },
                {
                    "coord": null,
                    "is_working": true,
                    "name": "Santurtzi",
                    "rect": null,
                    "text_id": 40,
                    "uid": 51
                }
            ],
            "text_id": 41
        }
    ],
    "lines_width": 7,
    "name": "1",
    "name_text_id": 28,
    "stations_diameter": 13.0,
    "transfers": [
        [
            0,
            30,
            [
                150,
                30
            ],
            [
                135,
                30
            ]
        ],
        [
            9,
            39,
            [
                150,
                300
            ],
            [
                135,
                300
            ]
        ],
        [
            10,
            40,
            [
                150,
                330
            ],
            [
                135,
                330
            ]
        ],
        [
            11,
            41,
            [
                150,
                360
            ],
            [
                135,
                360
            ]
        ],
        [
            1,
            31,
            [
                150,
                60
            ],
            [
                135,
                60
            ]
        ],
        [
            2,
            32,
            [
                150,
                90
            ],
            [
                135,
                90
            ]
        ],
        [
            3,
            33,
            [
                150,
                120
            ],
            [
                135,
                120
            ]
        ],
        [
            4,
            34,
            [
                150,
                150
            ],
            [
                135,
                150
            ]
        ],
        [
            5,
            35,
            [
                150,
                180
            ],
            [
                135,
                180
            ]
        ],
        [
            6,
            36,
            [
                150,
                210
            ],
            [
                135,
                210
            ]
        ],
        [
            7,
            37,
            [
                150,
                240
            ],
            [
                135,
                240
            ]
        ],
        [
            8,
            38,
            [
                150,
                270
            ],
            [
                135,
                270
            ]
        ]
    ],
    "transports": [
        "metro"
    ],
    "type_name": "Метро",
    "type_text_id": 44,
    "upper_case": false,
    "width": 300,
    "word_wrap": false
}