{
    "0": "Shenxian Lake",
    "1": "North Train Station",
    "2": "Renmin Bei Lu",
    "3": "Wenshu Monastery",
    "4": "Luomashi",
    "5": "Tianfu Square",
    "6": "Jinjiang Hotel",
    "7": "Huaxiba",
    "8": "Sichuan Gymnasium",
    "9": "Nijiaqiao",
    "10": "Tongzilin",
    "11": "South Train Station",
    "12": "High-Tech Zone",
    "13": "Financial City",
    "14": "Incubation Center",
    "15": "Haiyang Ocean Park",
    "16": "Century City",
    "17": "3 Tianfu Street",
    "18": "5 Tianfu Street",
    "19": "Huafu av",
    "20": "Sihe",
    "21": "Guandu",
    "22": "1",
    "23": "Xipu",
    "24": "Tianhe Road",
    "25": "Baicao Road",
    "26": "Jinzhou Road",
    "27": "Jinke Road North",
    "28": "Yingbing Avenue",
    "29": "Chadianzi Bus Terminal",
    "30": "Yangxi Flyover",
    "31": "Yipintianxia",
    "32": "Shuhan Road East",
    "33": "Baiguolin",
    "34": "CUTCM & Sichuan People's Hospital",
    "35": "Tonghuimen",
    "36": "People's Park",
    "37": "Chunxi Road",
    "38": "Dongmen Bridge",
    "39": "Niuwangmiao",
    "40": "Niushikou",
    "41": "Dongda Road",
    "42": "Tazishan Park",
    "43": "East Railway Station",
    "44": "Chengyu Flyover",
    "45": "Huiwangling",
    "46": "Honghe",
    "47": "Chengdu Institute of Public Administration",
    "48": "Damianpu",
    "49": "Lianshanpo",
    "50": "Jiepai",
    "51": "Shufang",
    "52": "Longping Rd",
    "53": "Longquanyi",
    "54": "2",
    "55": "Intangible Cultural Heritage Park",
    "56": "Caiqiao",
    "57": "Zhongba",
    "58": "West Railway Station",
    "59": "Qingjiang Road West",
    "60": "Cultural Palace",
    "61": "Southwestern University of Finance and Economics",
    "62": "Caotang Road North",
    "63": "Kuanzhaixiangzi Alleys",
    "64": "Taisheng Road South",
    "65": "2nd Chengdu People's Hospital",
    "66": "Yushuang Road",
    "67": "Shuangqiao Road",
    "68": "Wannianchang",
    "69": "4",
    "70": "Метро",
    "71": "ROOT",
    "72": "Схема от 04.03.2016г.",
    "73": "Imported from http://pmetro.su"
}