{
    "default_transports": [
        "metro"
    ],
    "height": 433,
    "images": [
        "res/schemes/glasgow.svg"
    ],
    "is_vector": true,
    "lines": [
        {
            "labels_bg_color": "-1",
            "labels_color": "E41c0c",
            "line_color": "E41c0c",
            "line_width": 9,
            "name": "Circle line",
            "segments": [
                [
                    0,
                    1,
                    [
                        [
                            145.0,
                            283.0
                        ],
                        [
                            138.75,
                            282.7
                        ],
                        [
                            132.75,
                            282.16
                        ],
                        [
                            127.0,
                            281.38
                        ],
                        [
                            121.5,
                            280.38
                        ],
                        [
                            116.25,
                            279.13
                        ],
                        [
                            111.25,
                            277.66
                        ],
                        [
                            106.5,
                            275.95
                        ],
                        [
                            102.0,
                            274.0
                        ],
                        [
                            97.75,
                            271.82
                        ],
                        [
                            93.75,
                            269.41
                        ],
                        [
                            90.0,
                            266.76
                        ],
                        [
                            86.5,
                            263.88
                        ],
                        [
                            83.25,
                            260.76
                        ],
                        [
                            80.25,
                            257.41
                        ],
                        [
                            77.5,
                            253.82
                        ],
                        [
                            75.0,
                            250.0
                        ]
                    ],
                    true
                ],
                [
                    0,
                    14,
                    [
                        [
                            72.0,
                            146.0
                        ],
                        [
                            70.2,
                            152.97
                        ],
                        [
                            68.66,
                            159.88
                        ],
                        [
                            67.38,
                            166.72
                        ],
                        [
                            66.38,
                            173.5
                        ],
                        [
                            65.63,
                            180.22
                        ],
                        [
                            65.16,
                            186.88
                        ],
                        [
                            64.95,
                            193.47
                        ],
                        [
                            65.0,
                            200.0
                        ],
                        [
                            65.32,
                            206.47
                        ],
                        [
                            65.91,
                            212.88
                        ],
                        [
                            66.76,
                            219.22
                        ],
                        [
                            67.88,
                            225.5
                        ],
                        [
                            69.26,
                            231.72
                        ],
                        [
                            70.91,
                            237.88
                        ],
                        [
                            72.82,
                            243.97
                        ],
                        [
                            75.0,
                            250.0
                        ]
                    ],
                    true
                ],
                [
                    1,
                    2,
                    [
                        [
                            225,
                            283
                        ],
                        [
                            145,
                            283
                        ]
                    ],
                    true
                ],
                [
                    2,
                    3,
                    [
                        [
                            305,
                            283
                        ],
                        [
                            225,
                            283
                        ]
                    ],
                    true
                ],
                [
                    3,
                    4,
                    [
                        [
                            385,
                            283
                        ],
                        [
                            305,
                            283
                        ]
                    ],
                    true
                ],
                [
                    4,
                    5,
                    [
                        [
                            465,
                            283
                        ],
                        [
                            385,
                            283
                        ]
                    ],
                    true
                ],
                [
                    5,
                    6,
                    [
                        [
                            536.0,
                            248.0
                        ],
                        [
                            534.02,
                            252.41
                        ],
                        [
                            531.72,
                            256.53
                        ],
                        [
                            529.09,
                            260.35
                        ],
                        [
                            526.12,
                            263.88
                        ],
                        [
                            522.84,
                            267.1
                        ],
                        [
                            519.22,
                            270.03
                        ],
                        [
                            515.27,
                            272.66
                        ],
                        [
                            511.0,
                            275.0
                        ],
                        [
                            506.4,
                            277.04
                        ],
                        [
                            501.47,
                            278.78
                        ],
                        [
                            496.21,
                            280.23
                        ],
                        [
                            490.62,
                            281.38
                        ],
                        [
                            484.71,
                            282.23
                        ],
                        [
                            478.47,
                            282.78
                        ],
                        [
                            471.9,
                            283.04
                        ],
                        [
                            465.0,
                            283.0
                        ]
                    ],
                    true
                ],
                [
                    6,
                    7,
                    [
                        [
                            537.0,
                            144.0
                        ],
                        [
                            538.46,
                            151.44
                        ],
                        [
                            539.72,
                            158.75
                        ],
                        [
                            540.77,
                            165.94
                        ],
                        [
                            541.62,
                            173.0
                        ],
                        [
                            542.27,
                            179.94
                        ],
                        [
                            542.72,
                            186.75
                        ],
                        [
                            542.96,
                            193.44
                        ],
                        [
                            543.0,
                            200.0
                        ],
                        [
                            542.84,
                            206.44
                        ],
                        [
                            542.47,
                            212.75
                        ],
                        [
                            541.9,
                            218.94
                        ],
                        [
                            541.12,
                            225.0
                        ],
                        [
                            540.15,
                            230.94
                        ],
                        [
                            538.97,
                            236.75
                        ],
                        [
                            537.59,
                            242.44
                        ],
                        [
                            536.0,
                            248.0
                        ]
                    ],
                    true
                ],
                [
                    7,
                    8,
                    [
                        [
                            483.0,
                            103.0
                        ],
                        [
                            487.55,
                            103.57
                        ],
                        [
                            491.94,
                            104.41
                        ],
                        [
                            496.17,
                            105.51
                        ],
                        [
                            500.25,
                            106.88
                        ],
                        [
                            504.17,
                            108.51
                        ],
                        [
                            507.94,
                            110.41
                        ],
                        [
                            511.55,
                            112.57
                        ],
                        [
                            515.0,
                            115.0
                        ],
                        [
                            518.3,
                            117.7
                        ],
                        [
                            521.44,
                            120.66
                        ],
                        [
                            524.42,
                            123.88
                        ],
                        [
                            527.25,
                            127.38
                        ],
                        [
                            529.92,
                            131.13
                        ],
                        [
                            532.44,
                            135.16
                        ],
                        [
                            534.8,
                            139.45
                        ],
                        [
                            537.0,
                            144.0
                        ]
                    ],
                    true
                ],
                [
                    8,
                    9,
                    [
                        [
                            417,
                            103
                        ],
                        [
                            483,
                            103
                        ]
                    ],
                    true
                ],
                [
                    9,
                    10,
                    [
                        [
                            342,
                            103
                        ],
                        [
                            417,
                            103
                        ]
                    ],
                    true
                ],
                [
                    10,
                    11,
                    [
                        [
                            267,
                            103
                        ],
                        [
                            342,
                            103
                        ]
                    ],
                    true
                ],
                [
                    11,
                    12,
                    [
                        [
                            191,
                            103
                        ],
                        [
                            267,
                            103
                        ]
                    ],
                    true
                ],
                [
                    12,
                    13,
                    [
                        [
                            128,
                            103
                        ],
                        [
                            191,
                            103
                        ]
                    ],
                    true
                ],
                [
                    13,
                    14,
                    [
                        [
                            72.0,
                            146.0
                        ],
                        [
                            74.09,
                            140.85
                        ],
                        [
                            76.38,
                            136.03
                        ],
                        [
                            78.84,
                            131.54
                        ],
                        [
                            81.5,
                            127.38
                        ],
                        [
                            84.34,
                            123.54
                        ],
                        [
                            87.38,
                            120.03
                        ],
                        [
                            90.59,
                            116.85
                        ],
                        [
                            94.0,
                            114.0
                        ],
                        [
                            97.59,
                            111.48
                        ],
                        [
                            101.38,
                            109.28
                        ],
                        [
                            105.34,
                            107.41
                        ],
                        [
                            109.5,
                            105.88
                        ],
                        [
                            113.84,
                            104.66
                        ],
                        [
                            118.38,
                            103.78
                        ],
                        [
                            123.09,
                            103.23
                        ],
                        [
                            128.0,
                            103.0
                        ]
                    ],
                    true
                ]
            ],
            "stations": [
                {
                    "coord": [
                        75,
                        250
                    ],
                    "is_working": true,
                    "name": "Govan",
                    "rect": [
                        13,
                        245,
                        41,
                        15
                    ],
                    "text_id": 0,
                    "uid": 0
                },
                {
                    "coord": [
                        145,
                        283
                    ],
                    "is_working": true,
                    "name": "Ibrox",
                    "rect": [
                        117,
                        299,
                        36,
                        15
                    ],
                    "text_id": 1,
                    "uid": 1
                },
                {
                    "coord": [
                        225,
                        283
                    ],
                    "is_working": true,
                    "name": "Cessnock",
                    "rect": [
                        180,
                        300,
                        63,
                        15
                    ],
                    "text_id": 2,
                    "uid": 2
                },
                {
                    "coord": [
                        305,
                        283
                    ],
                    "is_working": true,
                    "name": "Kinning Park",
                    "rect": [
                        271,
                        295,
                        50,
                        28
                    ],
                    "text_id": 3,
                    "uid": 3
                },
                {
                    "coord": [
                        385,
                        283
                    ],
                    "is_working": true,
                    "name": "Shields Road",
                    "rect": [
                        361,
                        298,
                        50,
                        28
                    ],
                    "text_id": 4,
                    "uid": 4
                },
                {
                    "coord": [
                        465,
                        283
                    ],
                    "is_working": true,
                    "name": "West Street",
                    "rect": [
                        456,
                        296,
                        43,
                        28
                    ],
                    "text_id": 5,
                    "uid": 5
                },
                {
                    "coord": [
                        536,
                        248
                    ],
                    "is_working": true,
                    "name": "Bridge Street",
                    "rect": [
                        548,
                        242,
                        46,
                        28
                    ],
                    "text_id": 6,
                    "uid": 6
                },
                {
                    "coord": [
                        537,
                        144
                    ],
                    "is_working": true,
                    "name": "St. Enoch",
                    "rect": [
                        548,
                        129,
                        41,
                        28
                    ],
                    "text_id": 7,
                    "uid": 7
                },
                {
                    "coord": [
                        483,
                        103
                    ],
                    "is_working": true,
                    "name": "Buchanan Street",
                    "rect": [
                        503,
                        72,
                        68,
                        28
                    ],
                    "text_id": 8,
                    "uid": 8
                },
                {
                    "coord": [
                        417,
                        103
                    ],
                    "is_working": true,
                    "name": "Cowcaddens",
                    "rect": [
                        402,
                        72,
                        82,
                        15
                    ],
                    "text_id": 9,
                    "uid": 9
                },
                {
                    "coord": [
                        342,
                        103
                    ],
                    "is_working": true,
                    "name": "St. George's Cross",
                    "rect": [
                        298,
                        65,
                        98,
                        28
                    ],
                    "text_id": 10,
                    "uid": 10
                },
                {
                    "coord": [
                        267,
                        103
                    ],
                    "is_working": true,
                    "name": "Kelvinbridge",
                    "rect": [
                        221,
                        61,
                        83,
                        15
                    ],
                    "text_id": 11,
                    "uid": 11
                },
                {
                    "coord": [
                        191,
                        103
                    ],
                    "is_working": true,
                    "name": "Hillhead",
                    "rect": [
                        154,
                        75,
                        56,
                        15
                    ],
                    "text_id": 12,
                    "uid": 12
                },
                {
                    "coord": [
                        128,
                        103
                    ],
                    "is_working": true,
                    "name": "Kelvinhall",
                    "rect": [
                        51,
                        78,
                        69,
                        15
                    ],
                    "text_id": 13,
                    "uid": 13
                },
                {
                    "coord": [
                        72,
                        146
                    ],
                    "is_working": true,
                    "name": "Patrick",
                    "rect": [
                        12,
                        135,
                        50,
                        15
                    ],
                    "text_id": 14,
                    "uid": 14
                }
            ],
            "text_id": 15
        }
    ],
    "lines_width": 9,
    "name": "metro",
    "name_text_id": 16,
    "stations_diameter": 17.0,
    "transfers": [],
    "transports": [
        "metro"
    ],
    "type_name": "ROOT",
    "type_text_id": 17,
    "upper_case": true,
    "width": 693,
    "word_wrap": true
}