{
    "0": "Chateau de Vincennes",
    "1": "Berault",
    "2": "St-Mande Tourelle",
    "3": "Porte de Vincennes",
    "4": "Nation",
    "5": "Reuilly Diderot",
    "6": "Gare de Lyon",
    "7": "Bastille",
    "8": "St Paul",
    "9": "Hotel de Ville",
    "10": "Chatelet",
    "11": "Louvre Rivoli",
    "12": "Palais Royal - Musee du Louvre",
    "13": "Tuileries",
    "14": "Concorde",
    "15": "Champs Elysees - Clemenceau",
    "16": "Franklin D. Roosevelt",
    "17": "George V",
    "18": "Ch. De Gaulle - Etoile",
    "19": "Argentine",
    "20": "Porte Maillot",
    "21": "Les Sablons",
    "22": "Pont de Neuilly",
    "23": "Esplanade de La Defense",
    "24": "La Defense",
    "25": "Ligne 1",
    "26": "Balard",
    "27": "Lourmel",
    "28": "Boucicaut",
    "29": "Felix Faure",
    "30": "Commerce",
    "31": "La Motte Picquet - Grenelle",
    "32": "Ecole Militaire",
    "33": "Latour Maubourg",
    "34": "Invalides",
    "35": "Madeleine",
    "36": "Opera",
    "37": "Richelieu Drouot",
    "38": "Rue Montmartre",
    "39": "Bonne Nouvelle",
    "40": "Strasbourg Saint Denis",
    "41": "Republique",
    "42": "Filles du Calvaire",
    "43": "St Sebastien - Froissart",
    "44": "Chemin Vert",
    "45": "Ledru Rollin",
    "46": "Faidherbe - Chaligny",
    "47": "Montgallet",
    "48": "Daumesnil",
    "49": "Michel Bizot",
    "50": "Porte Doree",
    "51": "Porte de Charenton",
    "52": "Liberte",
    "53": "Charenton - Ecoles",
    "54": "Alfort - Ecole Veterinaire",
    "55": "Maisons-Alfort Stade",
    "56": "Maisons-Alfort Les Juilliottes",
    "57": "Creteil - L'Echat",
    "58": "Creteil Universite",
    "59": "Creteil Prefecture",
    "60": "Ligne 8",
    "61": "Mairie de Montreuil",
    "62": "Croix de Chavaux",
    "63": "Robespierre",
    "64": "Porte de Montreuil",
    "65": "Maraichers",
    "66": "Buzenval",
    "67": "Boulets Montreuil",
    "68": "Charonne",
    "69": "Voltaire",
    "70": "Saint Ambroise",
    "71": "Oberkampf",
    "72": "Chaussee d'Antin - La Fayette",
    "73": "Havre Caumartin",
    "74": "Saint Augustin",
    "75": "Miromesnil",
    "76": "St Philippe du Roule",
    "77": "Alma Marceau",
    "78": "Iena",
    "79": "Trocadero",
    "80": "Rue de la Pompe",
    "81": "La Muette",
    "82": "Ranelagh",
    "83": "Jasmin",
    "84": "Michel-Ange Auteuil",
    "85": "Michel-Ange Molitor",
    "86": "Exelmans",
    "87": "Porte de St Cloud",
    "88": "Marcel Sembat",
    "89": "Billancourt",
    "90": "Pont de Sevres",
    "91": "Ligne 9",
    "92": "Boulogne - Pont de St Cloud",
    "93": "Boulogne - Jean Jaures",
    "94": "Chardon Lagache",
    "95": "Mirabeau",
    "96": "Porte d'Auteuil",
    "97": "Eglise d'Auteuil",
    "98": "Javel",
    "99": "Charles Michels",
    "100": "Avenue Emile Zola",
    "101": "Segur",
    "102": "Duroc",
    "103": "Vaneau",
    "104": "Sevres Babylone",
    "105": "Mabillon",
    "106": "Odeon",
    "107": "Cluny - La Sorbonne",
    "108": "Maubert Mutualite",
    "109": "Cardinal Lemoine",
    "110": "Jussieu",
    "111": "Gare d'Austerlitz",
    "112": "Ligne 10",
    "113": "Mairie des Lilas",
    "114": "Porte des Lilas",
    "115": "Telegraphe",
    "116": "Place des Fetes",
    "117": "Jourdain",
    "118": "Pyrenees",
    "119": "Belleville",
    "120": "Goncourt",
    "121": "Arts et Metiers",
    "122": "Rambuteau",
    "123": "Ligne 11",
    "124": "Mairie d'Issy",
    "125": "Corentin Celton",
    "126": "Porte de Versailles",
    "127": "Convention",
    "128": "Vaugirard",
    "129": "Volontaires",
    "130": "Pasteur",
    "131": "Falguiere",
    "132": "Montparnasse Bienvenue",
    "133": "Notre-Dame des Champs",
    "134": "Rennes",
    "135": "Rue du Bac",
    "136": "Solferino",
    "137": "Assemblee Nationale",
    "138": "Saint Lazare",
    "139": "Trinite",
    "140": "Notre Dame de Lorette",
    "141": "Saint Georges",
    "142": "Pigalle",
    "143": "Abbesses",
    "144": "Lamarck Caulaincourt",
    "145": "Jules Joffrin",
    "146": "Marcadet Poissonniers",
    "147": "Marx Dormoy",
    "148": "Porte de la Chapelle",
    "149": "Ligne 12",
    "150": "Chatillon Montrouge",
    "151": "Malakoff - Rue Etienne Dolet",
    "152": "Malakoff - Plateau de Vanves",
    "153": "Porte de Vanves",
    "154": "Plaisance",
    "155": "Pernety",
    "156": "Gaite",
    "157": "St Francois Xavier",
    "158": "Varenne",
    "159": "Liege",
    "160": "Place de Clichy",
    "161": "La Fourche",
    "162": "Brochant",
    "163": "Porte de Clichy",
    "164": "Mairie de Clichy",
    "165": "Gabriel Peri",
    "166": "Les Angnettes",
    "167": "Asnieres Gennevilliers Les Courtilles",
    "168": "Guy Moquet",
    "169": "Porte de St Ouen",
    "170": "Garibaldi",
    "171": "Mairie de St Ouen",
    "172": "Carrefour Pleyel",
    "173": "Saint Denis - Porte de Paris",
    "174": "Saint Denis - Basilique",
    "175": "Saint Denis - Universite",
    "176": "Ligne 13",
    "177": "Olympiades",
    "178": "Bibliotheque Francois Mitterrand",
    "179": "Cour St-Emilion",
    "180": "Bercy",
    "181": "Pyramides",
    "182": "Ligne 14",
    "183": "Avron",
    "184": "Alexandre Dumas",
    "185": "Philippe Auguste",
    "186": "Pere Lachaise",
    "187": "Menilmontant",
    "188": "Couronnes",
    "189": "Colonel Fabien",
    "190": "Jaures",
    "191": "Stalingrad",
    "192": "La Chapelle",
    "193": "Barbes Rochechouart",
    "194": "Anvers",
    "195": "Blanche",
    "196": "Rome",
    "197": "Villiers",
    "198": "Monceau",
    "199": "Courcelles",
    "200": "Ternes",
    "201": "Victor Hugo",
    "202": "Porte Dauphine",
    "203": "Ligne 2",
    "204": "Galieni",
    "205": "Porte de Bagnolet",
    "206": "Gambetta",
    "207": "Saint-Maur",
    "208": "Parmentier",
    "209": "Temple",
    "210": "Reaumur Sebastopol",
    "211": "Sentier",
    "212": "Bourse",
    "213": "4 Septembre",
    "214": "Europe",
    "215": "Malesherbes",
    "216": "Wagram",
    "217": "Pereire",
    "218": "Porte de Champerret",
    "219": "Louise Michel",
    "220": "Anatole France",
    "221": "Pont de Levallois - Becon",
    "222": "Ligne 3",
    "223": "Pelleport",
    "224": "Saint Fargeau",
    "225": "Ligne 3bis",
    "226": "Porte De Clignancourt",
    "227": "Simplon",
    "228": "Chateau Rouge",
    "229": "Gare du Nord",
    "230": "Gare de l'Est",
    "231": "Chateau d'eau",
    "232": "Etienne Marcel",
    "233": "Les Halles",
    "234": "Cite",
    "235": "Saint Michel",
    "236": "Saint Germain des Pres",
    "237": "Saint Sulpice",
    "238": "Saint Placide",
    "239": "Vavin",
    "240": "Raspail",
    "241": "Denfert Rochereau",
    "242": "Mouton Duvernet",
    "243": "Alesia",
    "244": "Porte d'Orleans",
    "245": "Ligne 4",
    "246": "Bobigny - Pablo Picasso",
    "247": "Bobigny-Pantin - R. Queneau",
    "248": "Eglise de Pantin",
    "249": "Hoche",
    "250": "Porte de Pantin",
    "251": "Ourcq",
    "252": "Laumiere",
    "253": "Jacques Bonsergent",
    "254": "Richard Lenoir",
    "255": "Breguet Sabin",
    "256": "Quai de la Rapee",
    "257": "Saint Marcel",
    "258": "Campo Formio",
    "259": "Place d'Italie",
    "260": "Ligne 5",
    "261": "Picpus",
    "262": "Bel Air",
    "263": "Dugommier",
    "264": "Quai de la Gare",
    "265": "Chevaleret",
    "266": "Nationale",
    "267": "Corvisart",
    "268": "Glaciere",
    "269": "St Jacques",
    "270": "Edgar Quinet",
    "271": "Sevres Lecourbe",
    "272": "Cambronne",
    "273": "Dupleix",
    "274": "Bir Hakeim",
    "275": "Passy",
    "276": "Boissiere",
    "277": "Kleber",
    "278": "Ligne 6",
    "279": "La Courneuve - 8 Mai 1945",
    "280": "Fort d'Aubervilliers",
    "281": "Aubervilliers - Pantin - 4 Chemins",
    "282": "Porte de la Villette",
    "283": "Corentin Cariou",
    "284": "Crimee",
    "285": "Riquet",
    "286": "Louis Blanc",
    "287": "Chateau Landon",
    "288": "Poissonniere",
    "289": "Cadet",
    "290": "Le Peletier",
    "291": "Pont Neuf",
    "292": "Pont Marie",
    "293": "Sully Morland",
    "294": "Place Monge",
    "295": "Censier Daubenton",
    "296": "Les Gobelins",
    "297": "Tolbiac",
    "298": "Maison Blanche",
    "299": "Porte d'Italie",
    "300": "Porte de Choisy",
    "301": "Porte d'Ivry",
    "302": "Pierre Curie",
    "303": "Mairie d'Ivry",
    "304": "Le Kremlin - Bicetre",
    "305": "Villejuif - Leo Lagrange",
    "306": "Vjuif - P.Vaillant-Couturier",
    "307": "Villejuif - Louis Aragon",
    "308": "Ligne 7",
    "309": "Bolivar",
    "310": "Buttes Chaumont",
    "311": "Botzaris",
    "312": "Pre St Gervais",
    "313": "Danube",
    "314": "Ligne 7bis",
    "315": "Метро",
    "316": "ROOT",
    "317": "альтернативная\nВерсия карты от 23.11.2006г.\n\nСоставитель - Юрий Жук.\nСхема взята с сайта RATP.com.",
    "318": "Imported from http://pmetro.su"
}