{
    "default_transports": [
        "metro"
    ],
    "height": 780,
    "images": [
        "res/schemes/shenzhen.svg"
    ],
    "is_vector": true,
    "lines": [
        {
            "labels_bg_color": "-1",
            "labels_color": "008000",
            "line_color": "008000",
            "line_width": 7,
            "name": "Luobao",
            "segments": [
                [
                    0,
                    1,
                    [
                        [
                            734,
                            463
                        ],
                        [
                            734,
                            512
                        ]
                    ],
                    true
                ],
                [
                    1,
                    2,
                    [
                        [
                            734,
                            387
                        ],
                        [
                            734,
                            463
                        ]
                    ],
                    true
                ],
                [
                    2,
                    3,
                    [
                        [
                            712,
                            409
                        ],
                        [
                            734,
                            387
                        ]
                    ],
                    true
                ],
                [
                    3,
                    4,
                    [
                        [
                            691,
                            430
                        ],
                        [
                            712,
                            409
                        ]
                    ],
                    true
                ],
                [
                    4,
                    5,
                    [
                        [
                            648,
                            430
                        ],
                        [
                            691,
                            430
                        ]
                    ],
                    true
                ],
                [
                    5,
                    6,
                    [
                        [
                            614,
                            430
                        ],
                        [
                            648,
                            430
                        ]
                    ],
                    true
                ],
                [
                    6,
                    7,
                    [
                        [
                            583,
                            430
                        ],
                        [
                            614,
                            430
                        ]
                    ],
                    true
                ],
                [
                    7,
                    8,
                    [
                        [
                            533,
                            430
                        ],
                        [
                            583,
                            430
                        ]
                    ],
                    true
                ],
                [
                    8,
                    9,
                    [
                        [
                            478,
                            430
                        ],
                        [
                            533,
                            430
                        ]
                    ],
                    true
                ],
                [
                    9,
                    10,
                    [
                        [
                            430,
                            430
                        ],
                        [
                            478,
                            430
                        ]
                    ],
                    true
                ],
                [
                    10,
                    11,
                    [
                        [
                            380,
                            430
                        ],
                        [
                            430,
                            430
                        ]
                    ],
                    true
                ],
                [
                    11,
                    12,
                    [
                        [
                            325,
                            430
                        ],
                        [
                            380,
                            430
                        ]
                    ],
                    true
                ],
                [
                    12,
                    13,
                    [
                        [
                            275,
                            430
                        ],
                        [
                            325,
                            430
                        ]
                    ],
                    true
                ],
                [
                    13,
                    14,
                    [
                        [
                            220,
                            430
                        ],
                        [
                            275,
                            430
                        ]
                    ],
                    true
                ],
                [
                    14,
                    15,
                    [
                        [
                            174,
                            430
                        ],
                        [
                            220,
                            430
                        ]
                    ],
                    true
                ],
                [
                    15,
                    16,
                    [
                        [
                            129,
                            430
                        ],
                        [
                            174,
                            430
                        ]
                    ],
                    true
                ],
                [
                    16,
                    17,
                    [
                        [
                            76,
                            430
                        ],
                        [
                            129,
                            430
                        ]
                    ],
                    true
                ]
            ],
            "stations": [
                {
                    "coord": [
                        734,
                        512
                    ],
                    "is_working": true,
                    "name": "Luohu",
                    "rect": [
                        744,
                        505,
                        32,
                        15
                    ],
                    "text_id": 0,
                    "uid": 0
                },
                {
                    "coord": [
                        734,
                        463
                    ],
                    "is_working": true,
                    "name": "Guomao",
                    "rect": [
                        744,
                        456,
                        43,
                        15
                    ],
                    "text_id": 1,
                    "uid": 1
                },
                {
                    "coord": [
                        734,
                        387
                    ],
                    "is_working": true,
                    "name": "Laojie",
                    "rect": [
                        744,
                        379,
                        32,
                        15
                    ],
                    "text_id": 2,
                    "uid": 2
                },
                {
                    "coord": [
                        712,
                        409
                    ],
                    "is_working": true,
                    "name": "Grand Theater",
                    "rect": [
                        701,
                        327,
                        15,
                        72
                    ],
                    "text_id": 3,
                    "uid": 3
                },
                {
                    "coord": [
                        691,
                        430
                    ],
                    "is_working": true,
                    "name": "Science Museum",
                    "rect": [
                        674,
                        334,
                        15,
                        87
                    ],
                    "text_id": 4,
                    "uid": 4
                },
                {
                    "coord": [
                        648,
                        430
                    ],
                    "is_working": true,
                    "name": "Huaqiang Rd.",
                    "rect": [
                        640,
                        352,
                        15,
                        69
                    ],
                    "text_id": 5,
                    "uid": 5
                },
                {
                    "coord": [
                        614,
                        430
                    ],
                    "is_working": true,
                    "name": "Gangxia",
                    "rect": [
                        606,
                        378,
                        15,
                        43
                    ],
                    "text_id": 6,
                    "uid": 6
                },
                {
                    "coord": [
                        583,
                        430
                    ],
                    "is_working": true,
                    "name": "Convention & Exhibition Center",
                    "rect": null,
                    "text_id": 7,
                    "uid": 7
                },
                {
                    "coord": [
                        533,
                        430
                    ],
                    "is_working": true,
                    "name": "Shopping Park",
                    "rect": [
                        492,
                        407,
                        74,
                        15
                    ],
                    "text_id": 8,
                    "uid": 8
                },
                {
                    "coord": [
                        478,
                        430
                    ],
                    "is_working": true,
                    "name": "Xiangmihu",
                    "rect": [
                        455,
                        438,
                        54,
                        15
                    ],
                    "text_id": 9,
                    "uid": 9
                },
                {
                    "coord": [
                        430,
                        430
                    ],
                    "is_working": true,
                    "name": "Chegongmiao",
                    "rect": [
                        398,
                        407,
                        70,
                        15
                    ],
                    "text_id": 10,
                    "uid": 10
                },
                {
                    "coord": [
                        380,
                        430
                    ],
                    "is_working": true,
                    "name": "Zhuzilin",
                    "rect": [
                        364,
                        438,
                        40,
                        15
                    ],
                    "text_id": 11,
                    "uid": 11
                },
                {
                    "coord": [
                        325,
                        430
                    ],
                    "is_working": true,
                    "name": "Qiaocheng East",
                    "rect": [
                        292,
                        407,
                        80,
                        15
                    ],
                    "text_id": 12,
                    "uid": 12
                },
                {
                    "coord": [
                        275,
                        430
                    ],
                    "is_working": true,
                    "name": "OCT",
                    "rect": [
                        263,
                        438,
                        24,
                        15
                    ],
                    "text_id": 13,
                    "uid": 13
                },
                {
                    "coord": [
                        220,
                        430
                    ],
                    "is_working": true,
                    "name": "Window of the World",
                    "rect": [
                        178,
                        393,
                        103,
                        15
                    ],
                    "text_id": 14,
                    "uid": 14
                },
                {
                    "coord": [
                        174,
                        430
                    ],
                    "is_working": true,
                    "name": "Baishizhou",
                    "rect": [
                        147,
                        438,
                        57,
                        15
                    ],
                    "text_id": 15,
                    "uid": 15
                },
                {
                    "coord": [
                        129,
                        430
                    ],
                    "is_working": true,
                    "name": "Hi-Tech Park",
                    "rect": [
                        96,
                        406,
                        66,
                        15
                    ],
                    "text_id": 16,
                    "uid": 16
                },
                {
                    "coord": [
                        76,
                        430
                    ],
                    "is_working": true,
                    "name": "Shenzhen University",
                    "rect": [
                        23,
                        438,
                        104,
                        15
                    ],
                    "text_id": 17,
                    "uid": 17
                }
            ],
            "text_id": 18
        },
        {
            "labels_bg_color": "-1",
            "labels_color": "FFA500",
            "line_color": "FFA500",
            "line_width": 7,
            "name": "Shekou",
            "segments": [
                [
                    18,
                    19,
                    [
                        [
                            85,
                            630
                        ],
                        [
                            50,
                            630
                        ]
                    ],
                    true
                ],
                [
                    19,
                    20,
                    [
                        [
                            110,
                            605
                        ],
                        [
                            110.0,
                            630.0
                        ],
                        [
                            85,
                            630
                        ]
                    ],
                    true
                ],
                [
                    20,
                    21,
                    [
                        [
                            110,
                            576
                        ],
                        [
                            110,
                            605
                        ]
                    ],
                    true
                ],
                [
                    21,
                    22,
                    [
                        [
                            110,
                            544
                        ],
                        [
                            110,
                            576
                        ]
                    ],
                    true
                ],
                [
                    22,
                    23,
                    [
                        [
                            110,
                            519
                        ],
                        [
                            110,
                            544
                        ]
                    ],
                    true
                ],
                [
                    23,
                    24,
                    [
                        [
                            124,
                            497
                        ],
                        [
                            110.0,
                            497.0
                        ],
                        [
                            110,
                            519
                        ]
                    ],
                    true
                ],
                [
                    24,
                    25,
                    [
                        [
                            153,
                            497
                        ],
                        [
                            124,
                            497
                        ]
                    ],
                    true
                ],
                [
                    25,
                    26,
                    [
                        [
                            180,
                            497
                        ],
                        [
                            153,
                            497
                        ]
                    ],
                    true
                ],
                [
                    26,
                    27,
                    [
                        [
                            210,
                            497
                        ],
                        [
                            180,
                            497
                        ]
                    ],
                    true
                ],
                [
                    27,
                    28,
                    [
                        [
                            220,
                            472
                        ],
                        [
                            220.0,
                            497.0
                        ],
                        [
                            210,
                            497
                        ]
                    ],
                    true
                ],
                [
                    28,
                    29,
                    [
                        [
                            220,
                            443
                        ],
                        [
                            220,
                            472
                        ]
                    ],
                    true
                ]
            ],
            "stations": [
                {
                    "coord": [
                        50,
                        630
                    ],
                    "is_working": true,
                    "name": "Chiwan",
                    "rect": [
                        19,
                        638,
                        39,
                        15
                    ],
                    "text_id": 19,
                    "uid": 18
                },
                {
                    "coord": [
                        85,
                        630
                    ],
                    "is_working": true,
                    "name": "Shekou Port",
                    "rect": [
                        77,
                        638,
                        62,
                        15
                    ],
                    "text_id": 20,
                    "uid": 19
                },
                {
                    "coord": [
                        110,
                        605
                    ],
                    "is_working": true,
                    "name": "Sea World",
                    "rect": [
                        48,
                        598,
                        53,
                        15
                    ],
                    "text_id": 21,
                    "uid": 20
                },
                {
                    "coord": [
                        110,
                        576
                    ],
                    "is_working": true,
                    "name": "Shuiwan",
                    "rect": [
                        57,
                        568,
                        44,
                        15
                    ],
                    "text_id": 22,
                    "uid": 21
                },
                {
                    "coord": [
                        110,
                        544
                    ],
                    "is_working": true,
                    "name": "Dongjiatou",
                    "rect": [
                        46,
                        536,
                        55,
                        15
                    ],
                    "text_id": 23,
                    "uid": 22
                },
                {
                    "coord": [
                        110,
                        519
                    ],
                    "is_working": true,
                    "name": "Wanxia",
                    "rect": [
                        62,
                        511,
                        39,
                        15
                    ],
                    "text_id": 24,
                    "uid": 23
                },
                {
                    "coord": [
                        124,
                        497
                    ],
                    "is_working": true,
                    "name": "Haiyue",
                    "rect": [
                        94,
                        474,
                        37,
                        15
                    ],
                    "text_id": 25,
                    "uid": 24
                },
                {
                    "coord": [
                        153,
                        497
                    ],
                    "is_working": true,
                    "name": "Dengliang",
                    "rect": [
                        130,
                        506,
                        52,
                        15
                    ],
                    "text_id": 26,
                    "uid": 25
                },
                {
                    "coord": [
                        180,
                        497
                    ],
                    "is_working": true,
                    "name": "Houhai",
                    "rect": [
                        164,
                        474,
                        37,
                        15
                    ],
                    "text_id": 27,
                    "uid": 26
                },
                {
                    "coord": [
                        210,
                        497
                    ],
                    "is_working": true,
                    "name": "Keyuan",
                    "rect": [
                        198,
                        505,
                        40,
                        15
                    ],
                    "text_id": 28,
                    "uid": 27
                },
                {
                    "coord": [
                        220,
                        472
                    ],
                    "is_working": true,
                    "name": "Hongshuwan",
                    "rect": [
                        229,
                        465,
                        66,
                        15
                    ],
                    "text_id": 29,
                    "uid": 28
                },
                {
                    "coord": [
                        220,
                        443
                    ],
                    "is_working": true,
                    "name": "Window of the World",
                    "rect": null,
                    "text_id": 14,
                    "uid": 29
                }
            ],
            "text_id": 30
        },
        {
            "labels_bg_color": "-1",
            "labels_color": "00BFFF",
            "line_color": "00BFFF",
            "line_width": 7,
            "name": "Longgang",
            "segments": [
                [
                    30,
                    31,
                    [
                        [
                            734,
                            272
                        ],
                        [
                            734,
                            304
                        ]
                    ],
                    true
                ],
                [
                    31,
                    32,
                    [
                        [
                            734,
                            236
                        ],
                        [
                            734,
                            272
                        ]
                    ],
                    true
                ],
                [
                    32,
                    33,
                    [
                        [
                            718,
                            211
                        ],
                        [
                            734.0,
                            211.0
                        ],
                        [
                            734,
                            236
                        ]
                    ],
                    true
                ],
                [
                    33,
                    34,
                    [
                        [
                            690,
                            211
                        ],
                        [
                            718,
                            211
                        ]
                    ],
                    true
                ],
                [
                    34,
                    35,
                    [
                        [
                            670,
                            188
                        ],
                        [
                            670.0,
                            211.0
                        ],
                        [
                            690,
                            211
                        ]
                    ],
                    true
                ],
                [
                    35,
                    36,
                    [
                        [
                            670,
                            148
                        ],
                        [
                            670,
                            188
                        ]
                    ],
                    true
                ],
                [
                    36,
                    37,
                    [
                        [
                            670,
                            107
                        ],
                        [
                            670,
                            148
                        ]
                    ],
                    true
                ],
                [
                    37,
                    38,
                    [
                        [
                            670,
                            67
                        ],
                        [
                            670,
                            107
                        ]
                    ],
                    true
                ],
                [
                    38,
                    39,
                    [
                        [
                            686,
                            40
                        ],
                        [
                            670.0,
                            40.0
                        ],
                        [
                            670,
                            67
                        ]
                    ],
                    true
                ],
                [
                    39,
                    40,
                    [
                        [
                            722,
                            40
                        ],
                        [
                            686,
                            40
                        ]
                    ],
                    true
                ],
                [
                    40,
                    41,
                    [
                        [
                            756,
                            40
                        ],
                        [
                            722,
                            40
                        ]
                    ],
                    true
                ],
                [
                    41,
                    42,
                    [
                        [
                            803,
                            40
                        ],
                        [
                            756,
                            40
                        ]
                    ],
                    true
                ],
                [
                    42,
                    43,
                    [
                        [
                            847,
                            40
                        ],
                        [
                            803,
                            40
                        ]
                    ],
                    true
                ],
                [
                    43,
                    44,
                    [
                        [
                            886,
                            40
                        ],
                        [
                            847,
                            40
                        ]
                    ],
                    true
                ],
                [
                    44,
                    45,
                    [
                        [
                            928,
                            40
                        ],
                        [
                            886,
                            40
                        ]
                    ],
                    true
                ]
            ],
            "stations": [
                {
                    "coord": [
                        734,
                        304
                    ],
                    "is_working": true,
                    "name": "Caopu",
                    "rect": [
                        744,
                        297,
                        34,
                        15
                    ],
                    "text_id": 31,
                    "uid": 30
                },
                {
                    "coord": [
                        734,
                        272
                    ],
                    "is_working": true,
                    "name": "Buji",
                    "rect": [
                        744,
                        265,
                        22,
                        15
                    ],
                    "text_id": 32,
                    "uid": 31
                },
                {
                    "coord": [
                        734,
                        236
                    ],
                    "is_working": true,
                    "name": "Mumianwan",
                    "rect": [
                        744,
                        229,
                        61,
                        15
                    ],
                    "text_id": 33,
                    "uid": 32
                },
                {
                    "coord": [
                        718,
                        211
                    ],
                    "is_working": true,
                    "name": "Dafen",
                    "rect": [
                        705,
                        188,
                        31,
                        15
                    ],
                    "text_id": 34,
                    "uid": 33
                },
                {
                    "coord": [
                        690,
                        211
                    ],
                    "is_working": true,
                    "name": "Danzhutou",
                    "rect": [
                        647,
                        219,
                        54,
                        15
                    ],
                    "text_id": 35,
                    "uid": 34
                },
                {
                    "coord": [
                        670,
                        188
                    ],
                    "is_working": true,
                    "name": "Liuyue",
                    "rect": [
                        625,
                        181,
                        35,
                        15
                    ],
                    "text_id": 36,
                    "uid": 35
                },
                {
                    "coord": [
                        670,
                        148
                    ],
                    "is_working": true,
                    "name": "Tangkeng",
                    "rect": [
                        610,
                        141,
                        50,
                        15
                    ],
                    "text_id": 37,
                    "uid": 36
                },
                {
                    "coord": [
                        670,
                        107
                    ],
                    "is_working": true,
                    "name": "Henggang",
                    "rect": [
                        608,
                        100,
                        52,
                        15
                    ],
                    "text_id": 38,
                    "uid": 37
                },
                {
                    "coord": [
                        670,
                        67
                    ],
                    "is_working": true,
                    "name": "Yonghu",
                    "rect": [
                        621,
                        60,
                        39,
                        15
                    ],
                    "text_id": 39,
                    "uid": 38
                },
                {
                    "coord": [
                        686,
                        40
                    ],
                    "is_working": true,
                    "name": "He'ao",
                    "rect": [
                        669,
                        17,
                        30,
                        15
                    ],
                    "text_id": 40,
                    "uid": 39
                },
                {
                    "coord": [
                        722,
                        40
                    ],
                    "is_working": true,
                    "name": "Universiade",
                    "rect": [
                        693,
                        49,
                        62,
                        15
                    ],
                    "text_id": 41,
                    "uid": 40
                },
                {
                    "coord": [
                        756,
                        40
                    ],
                    "is_working": true,
                    "name": "Ailian",
                    "rect": [
                        741,
                        17,
                        31,
                        15
                    ],
                    "text_id": 42,
                    "uid": 41
                },
                {
                    "coord": [
                        803,
                        40
                    ],
                    "is_working": true,
                    "name": "Jixiang",
                    "rect": [
                        785,
                        48,
                        38,
                        15
                    ],
                    "text_id": 43,
                    "uid": 42
                },
                {
                    "coord": [
                        847,
                        40
                    ],
                    "is_working": true,
                    "name": "Longcheng Sq",
                    "rect": [
                        813,
                        16,
                        72,
                        15
                    ],
                    "text_id": 44,
                    "uid": 43
                },
                {
                    "coord": [
                        886,
                        40
                    ],
                    "is_working": true,
                    "name": "Nanlian",
                    "rect": [
                        868,
                        49,
                        40,
                        15
                    ],
                    "text_id": 45,
                    "uid": 44
                },
                {
                    "coord": [
                        928,
                        40
                    ],
                    "is_working": true,
                    "name": "Shuanglong",
                    "rect": [
                        903,
                        16,
                        60,
                        15
                    ],
                    "text_id": 46,
                    "uid": 45
                }
            ],
            "text_id": 47
        },
        {
            "labels_bg_color": "-1",
            "labels_color": "FF0000",
            "line_color": "FF0000",
            "line_width": 7,
            "name": "Longhua",
            "segments": [
                [
                    46,
                    47,
                    [
                        [
                            570,
                            390
                        ],
                        [
                            570,
                            358
                        ]
                    ],
                    true
                ],
                [
                    47,
                    48,
                    [
                        [
                            570,
                            443
                        ],
                        [
                            570,
                            390
                        ]
                    ],
                    true
                ],
                [
                    48,
                    49,
                    [
                        [
                            570,
                            487
                        ],
                        [
                            570,
                            443
                        ]
                    ],
                    true
                ],
                [
                    49,
                    50,
                    [
                        [
                            570,
                            511
                        ],
                        [
                            570,
                            487
                        ]
                    ],
                    true
                ]
            ],
            "stations": [
                {
                    "coord": [
                        570,
                        358
                    ],
                    "is_working": true,
                    "name": "Children's Palace",
                    "rect": [
                        472,
                        351,
                        89,
                        15
                    ],
                    "text_id": 48,
                    "uid": 46
                },
                {
                    "coord": [
                        570,
                        390
                    ],
                    "is_working": true,
                    "name": "Civic Center",
                    "rect": [
                        497,
                        382,
                        64,
                        15
                    ],
                    "text_id": 49,
                    "uid": 47
                },
                {
                    "coord": [
                        570,
                        443
                    ],
                    "is_working": true,
                    "name": "Convention & Exhibition Center",
                    "rect": [
                        502,
                        456,
                        157,
                        15
                    ],
                    "text_id": 7,
                    "uid": 48
                },
                {
                    "coord": [
                        570,
                        487
                    ],
                    "is_working": true,
                    "name": "Fumin",
                    "rect": [
                        529,
                        480,
                        32,
                        15
                    ],
                    "text_id": 50,
                    "uid": 49
                },
                {
                    "coord": [
                        570,
                        511
                    ],
                    "is_working": true,
                    "name": "Futian Checkpoint",
                    "rect": [
                        470,
                        504,
                        91,
                        15
                    ],
                    "text_id": 51,
                    "uid": 50
                }
            ],
            "text_id": 52
        }
    ],
    "lines_width": 7,
    "name": "metro",
    "name_text_id": 53,
    "stations_diameter": 13.0,
    "transfers": [
        [
            7,
            48,
            [
                583,
                430
            ],
            [
                570,
                443
            ]
        ],
        [
            14,
            29,
            [
                220,
                430
            ],
            [
                220,
                443
            ]
        ]
    ],
    "transports": [
        "metro"
    ],
    "type_name": "ROOT",
    "type_text_id": 54,
    "upper_case": false,
    "width": 1078,
    "word_wrap": false
}