{
    "default_transports": [
        "metro"
    ],
    "height": 1775,
    "images": [
        "res/schemes/irkutsk.svg"
    ],
    "is_vector": true,
    "lines": [
        {
            "labels_bg_color": "-1",
            "labels_color": "3686ca",
            "line_color": "008000",
            "line_width": 7,
            "name": "Электричка",
            "segments": [
                [
                    0,
                    1,
                    [
                        [
                            25,
                            1600
                        ],
                        [
                            25,
                            1625
                        ]
                    ],
                    true
                ],
                [
                    1,
                    2,
                    [
                        [
                            25,
                            1575
                        ],
                        [
                            25,
                            1600
                        ]
                    ],
                    true
                ],
                [
                    2,
                    3,
                    [
                        [
                            25,
                            1550
                        ],
                        [
                            25,
                            1575
                        ]
                    ],
                    true
                ],
                [
                    3,
                    4,
                    [
                        [
                            25,
                            1525
                        ],
                        [
                            25,
                            1550
                        ]
                    ],
                    true
                ],
                [
                    4,
                    5,
                    [
                        [
                            25,
                            1500
                        ],
                        [
                            25,
                            1525
                        ]
                    ],
                    true
                ],
                [
                    5,
                    6,
                    [
                        [
                            25,
                            1475
                        ],
                        [
                            25,
                            1500
                        ]
                    ],
                    true
                ],
                [
                    6,
                    7,
                    [
                        [
                            25,
                            1450
                        ],
                        [
                            25,
                            1475
                        ]
                    ],
                    true
                ],
                [
                    7,
                    8,
                    [
                        [
                            25,
                            1425
                        ],
                        [
                            25,
                            1450
                        ]
                    ],
                    true
                ],
                [
                    8,
                    9,
                    [
                        [
                            25,
                            1400
                        ],
                        [
                            25,
                            1425
                        ]
                    ],
                    true
                ],
                [
                    9,
                    10,
                    [
                        [
                            25,
                            1375
                        ],
                        [
                            25,
                            1400
                        ]
                    ],
                    true
                ],
                [
                    10,
                    11,
                    [
                        [
                            25,
                            1350
                        ],
                        [
                            25,
                            1375
                        ]
                    ],
                    true
                ],
                [
                    11,
                    12,
                    [
                        [
                            25,
                            1325
                        ],
                        [
                            25,
                            1350
                        ]
                    ],
                    true
                ],
                [
                    12,
                    13,
                    [
                        [
                            25,
                            1300
                        ],
                        [
                            25,
                            1325
                        ]
                    ],
                    true
                ],
                [
                    13,
                    14,
                    [
                        [
                            25,
                            1275
                        ],
                        [
                            25,
                            1300
                        ]
                    ],
                    true
                ],
                [
                    14,
                    15,
                    [
                        [
                            25,
                            1250
                        ],
                        [
                            25,
                            1275
                        ]
                    ],
                    true
                ],
                [
                    15,
                    16,
                    [
                        [
                            25,
                            1225
                        ],
                        [
                            25,
                            1250
                        ]
                    ],
                    true
                ],
                [
                    16,
                    17,
                    [
                        [
                            25,
                            1200
                        ],
                        [
                            25,
                            1225
                        ]
                    ],
                    true
                ],
                [
                    17,
                    18,
                    [
                        [
                            25,
                            1175
                        ],
                        [
                            25,
                            1200
                        ]
                    ],
                    true
                ],
                [
                    18,
                    19,
                    [
                        [
                            25,
                            1150
                        ],
                        [
                            25,
                            1175
                        ]
                    ],
                    true
                ],
                [
                    19,
                    20,
                    [
                        [
                            25,
                            1125
                        ],
                        [
                            25,
                            1150
                        ]
                    ],
                    true
                ],
                [
                    20,
                    21,
                    [
                        [
                            25,
                            1100
                        ],
                        [
                            25,
                            1125
                        ]
                    ],
                    true
                ],
                [
                    21,
                    22,
                    [
                        [
                            25,
                            1075
                        ],
                        [
                            25,
                            1100
                        ]
                    ],
                    true
                ],
                [
                    22,
                    23,
                    [
                        [
                            25,
                            1050
                        ],
                        [
                            25,
                            1075
                        ]
                    ],
                    true
                ],
                [
                    23,
                    24,
                    [
                        [
                            25,
                            1025
                        ],
                        [
                            25,
                            1050
                        ]
                    ],
                    true
                ],
                [
                    24,
                    25,
                    [
                        [
                            25,
                            1000
                        ],
                        [
                            25,
                            1025
                        ]
                    ],
                    true
                ],
                [
                    25,
                    26,
                    [
                        [
                            25,
                            975
                        ],
                        [
                            25,
                            1000
                        ]
                    ],
                    true
                ],
                [
                    26,
                    27,
                    [
                        [
                            25,
                            950
                        ],
                        [
                            25,
                            975
                        ]
                    ],
                    true
                ],
                [
                    27,
                    28,
                    [
                        [
                            25,
                            925
                        ],
                        [
                            25,
                            950
                        ]
                    ],
                    true
                ],
                [
                    28,
                    29,
                    [
                        [
                            25,
                            900
                        ],
                        [
                            25,
                            925
                        ]
                    ],
                    true
                ],
                [
                    29,
                    30,
                    [
                        [
                            25,
                            875
                        ],
                        [
                            25,
                            900
                        ]
                    ],
                    true
                ],
                [
                    30,
                    31,
                    [
                        [
                            25,
                            850
                        ],
                        [
                            25,
                            875
                        ]
                    ],
                    true
                ],
                [
                    31,
                    32,
                    [
                        [
                            25,
                            825
                        ],
                        [
                            25,
                            850
                        ]
                    ],
                    true
                ],
                [
                    32,
                    33,
                    [
                        [
                            25,
                            800
                        ],
                        [
                            25,
                            825
                        ]
                    ],
                    true
                ],
                [
                    33,
                    34,
                    [
                        [
                            25,
                            775
                        ],
                        [
                            25,
                            800
                        ]
                    ],
                    true
                ],
                [
                    34,
                    35,
                    [
                        [
                            25,
                            750
                        ],
                        [
                            25,
                            775
                        ]
                    ],
                    true
                ],
                [
                    35,
                    36,
                    [
                        [
                            25,
                            725
                        ],
                        [
                            25,
                            750
                        ]
                    ],
                    true
                ],
                [
                    36,
                    37,
                    [
                        [
                            25,
                            700
                        ],
                        [
                            25,
                            725
                        ]
                    ],
                    true
                ],
                [
                    37,
                    38,
                    [
                        [
                            25,
                            675
                        ],
                        [
                            25,
                            700
                        ]
                    ],
                    true
                ],
                [
                    38,
                    39,
                    [
                        [
                            25,
                            650
                        ],
                        [
                            25,
                            675
                        ]
                    ],
                    true
                ],
                [
                    39,
                    40,
                    [
                        [
                            25,
                            625
                        ],
                        [
                            25,
                            650
                        ]
                    ],
                    true
                ],
                [
                    40,
                    41,
                    [
                        [
                            25,
                            600
                        ],
                        [
                            25,
                            625
                        ]
                    ],
                    true
                ],
                [
                    41,
                    42,
                    [
                        [
                            25,
                            575
                        ],
                        [
                            25,
                            600
                        ]
                    ],
                    true
                ],
                [
                    42,
                    43,
                    [
                        [
                            25,
                            550
                        ],
                        [
                            25,
                            575
                        ]
                    ],
                    true
                ],
                [
                    43,
                    44,
                    [
                        [
                            25,
                            525
                        ],
                        [
                            25,
                            550
                        ]
                    ],
                    true
                ],
                [
                    44,
                    45,
                    [
                        [
                            25,
                            500
                        ],
                        [
                            25,
                            525
                        ]
                    ],
                    true
                ],
                [
                    45,
                    46,
                    [
                        [
                            25,
                            475
                        ],
                        [
                            25,
                            500
                        ]
                    ],
                    true
                ],
                [
                    46,
                    47,
                    [
                        [
                            25,
                            450
                        ],
                        [
                            25,
                            475
                        ]
                    ],
                    true
                ],
                [
                    47,
                    48,
                    [
                        [
                            25,
                            425
                        ],
                        [
                            25,
                            450
                        ]
                    ],
                    true
                ],
                [
                    48,
                    49,
                    [
                        [
                            25,
                            400
                        ],
                        [
                            25,
                            425
                        ]
                    ],
                    true
                ],
                [
                    49,
                    50,
                    [
                        [
                            25,
                            375
                        ],
                        [
                            25,
                            400
                        ]
                    ],
                    true
                ],
                [
                    50,
                    51,
                    [
                        [
                            25,
                            350
                        ],
                        [
                            25,
                            375
                        ]
                    ],
                    true
                ],
                [
                    51,
                    52,
                    [
                        [
                            25,
                            325
                        ],
                        [
                            25,
                            350
                        ]
                    ],
                    true
                ],
                [
                    52,
                    53,
                    [
                        [
                            25,
                            300
                        ],
                        [
                            25,
                            325
                        ]
                    ],
                    true
                ],
                [
                    53,
                    54,
                    [
                        [
                            25,
                            275
                        ],
                        [
                            25,
                            300
                        ]
                    ],
                    true
                ],
                [
                    54,
                    55,
                    [
                        [
                            25,
                            250
                        ],
                        [
                            25,
                            275
                        ]
                    ],
                    true
                ],
                [
                    55,
                    56,
                    [
                        [
                            25,
                            225
                        ],
                        [
                            25,
                            250
                        ]
                    ],
                    true
                ],
                [
                    56,
                    57,
                    [
                        [
                            25,
                            200
                        ],
                        [
                            25,
                            225
                        ]
                    ],
                    true
                ],
                [
                    57,
                    58,
                    [
                        [
                            25,
                            175
                        ],
                        [
                            25,
                            200
                        ]
                    ],
                    true
                ],
                [
                    58,
                    59,
                    [
                        [
                            25,
                            150
                        ],
                        [
                            25,
                            175
                        ]
                    ],
                    true
                ],
                [
                    59,
                    60,
                    [
                        [
                            25,
                            125
                        ],
                        [
                            25,
                            150
                        ]
                    ],
                    true
                ],
                [
                    60,
                    61,
                    [
                        [
                            25,
                            100
                        ],
                        [
                            25,
                            125
                        ]
                    ],
                    true
                ],
                [
                    61,
                    62,
                    [
                        [
                            25,
                            75
                        ],
                        [
                            25,
                            100
                        ]
                    ],
                    true
                ],
                [
                    62,
                    63,
                    [
                        [
                            225,
                            75
                        ],
                        [
                            225.0,
                            50.0
                        ],
                        [
                            25.0,
                            50.0
                        ],
                        [
                            25,
                            75
                        ]
                    ],
                    true
                ],
                [
                    63,
                    64,
                    [
                        [
                            225,
                            100
                        ],
                        [
                            225,
                            75
                        ]
                    ],
                    true
                ],
                [
                    64,
                    65,
                    [
                        [
                            225,
                            125
                        ],
                        [
                            225,
                            100
                        ]
                    ],
                    true
                ],
                [
                    65,
                    66,
                    [
                        [
                            225,
                            150
                        ],
                        [
                            225,
                            125
                        ]
                    ],
                    true
                ],
                [
                    66,
                    67,
                    [
                        [
                            225,
                            175
                        ],
                        [
                            225,
                            150
                        ]
                    ],
                    true
                ],
                [
                    67,
                    68,
                    [
                        [
                            225,
                            200
                        ],
                        [
                            225,
                            175
                        ]
                    ],
                    true
                ],
                [
                    68,
                    69,
                    [
                        [
                            225,
                            225
                        ],
                        [
                            225,
                            200
                        ]
                    ],
                    true
                ],
                [
                    69,
                    70,
                    [
                        [
                            225,
                            250
                        ],
                        [
                            225,
                            225
                        ]
                    ],
                    true
                ],
                [
                    70,
                    71,
                    [
                        [
                            225,
                            275
                        ],
                        [
                            225,
                            250
                        ]
                    ],
                    true
                ],
                [
                    71,
                    72,
                    [
                        [
                            225,
                            300
                        ],
                        [
                            225,
                            275
                        ]
                    ],
                    true
                ],
                [
                    72,
                    73,
                    [
                        [
                            225,
                            325
                        ],
                        [
                            225,
                            300
                        ]
                    ],
                    true
                ],
                [
                    73,
                    74,
                    [
                        [
                            225,
                            350
                        ],
                        [
                            225,
                            325
                        ]
                    ],
                    true
                ],
                [
                    74,
                    75,
                    [
                        [
                            225,
                            375
                        ],
                        [
                            225,
                            350
                        ]
                    ],
                    true
                ],
                [
                    75,
                    76,
                    [
                        [
                            225,
                            400
                        ],
                        [
                            225,
                            375
                        ]
                    ],
                    true
                ],
                [
                    76,
                    77,
                    [
                        [
                            225,
                            425
                        ],
                        [
                            225,
                            400
                        ]
                    ],
                    true
                ],
                [
                    77,
                    78,
                    [
                        [
                            225,
                            450
                        ],
                        [
                            225,
                            425
                        ]
                    ],
                    true
                ],
                [
                    78,
                    79,
                    [
                        [
                            225,
                            475
                        ],
                        [
                            225,
                            450
                        ]
                    ],
                    true
                ],
                [
                    79,
                    80,
                    [
                        [
                            225,
                            500
                        ],
                        [
                            225,
                            475
                        ]
                    ],
                    true
                ],
                [
                    80,
                    81,
                    [
                        [
                            225,
                            525
                        ],
                        [
                            225,
                            500
                        ]
                    ],
                    true
                ],
                [
                    81,
                    82,
                    [
                        [
                            225,
                            550
                        ],
                        [
                            225,
                            525
                        ]
                    ],
                    true
                ],
                [
                    82,
                    83,
                    [
                        [
                            225,
                            575
                        ],
                        [
                            225,
                            550
                        ]
                    ],
                    true
                ],
                [
                    83,
                    84,
                    [
                        [
                            225,
                            600
                        ],
                        [
                            225,
                            575
                        ]
                    ],
                    true
                ],
                [
                    84,
                    85,
                    [
                        [
                            225,
                            625
                        ],
                        [
                            225,
                            600
                        ]
                    ],
                    true
                ],
                [
                    85,
                    86,
                    [
                        [
                            225,
                            650
                        ],
                        [
                            225,
                            625
                        ]
                    ],
                    true
                ],
                [
                    86,
                    87,
                    [
                        [
                            225,
                            675
                        ],
                        [
                            225,
                            650
                        ]
                    ],
                    true
                ],
                [
                    87,
                    88,
                    [
                        [
                            225,
                            700
                        ],
                        [
                            225,
                            675
                        ]
                    ],
                    true
                ],
                [
                    88,
                    89,
                    [
                        [
                            225,
                            725
                        ],
                        [
                            225,
                            700
                        ]
                    ],
                    true
                ],
                [
                    89,
                    90,
                    [
                        [
                            225,
                            750
                        ],
                        [
                            225,
                            725
                        ]
                    ],
                    true
                ],
                [
                    90,
                    91,
                    [
                        [
                            225,
                            775
                        ],
                        [
                            225,
                            750
                        ]
                    ],
                    true
                ],
                [
                    91,
                    92,
                    [
                        [
                            225,
                            800
                        ],
                        [
                            225,
                            775
                        ]
                    ],
                    true
                ],
                [
                    92,
                    93,
                    [
                        [
                            225,
                            825
                        ],
                        [
                            225,
                            800
                        ]
                    ],
                    true
                ],
                [
                    93,
                    94,
                    [
                        [
                            225,
                            850
                        ],
                        [
                            225,
                            825
                        ]
                    ],
                    true
                ],
                [
                    94,
                    95,
                    [
                        [
                            225,
                            875
                        ],
                        [
                            225,
                            850
                        ]
                    ],
                    true
                ],
                [
                    95,
                    96,
                    [
                        [
                            225,
                            900
                        ],
                        [
                            225,
                            875
                        ]
                    ],
                    true
                ],
                [
                    96,
                    97,
                    [
                        [
                            225,
                            925
                        ],
                        [
                            225,
                            900
                        ]
                    ],
                    true
                ],
                [
                    97,
                    98,
                    [
                        [
                            225,
                            950
                        ],
                        [
                            225,
                            925
                        ]
                    ],
                    true
                ],
                [
                    98,
                    99,
                    [
                        [
                            225,
                            975
                        ],
                        [
                            225,
                            950
                        ]
                    ],
                    true
                ],
                [
                    99,
                    100,
                    [
                        [
                            225,
                            1000
                        ],
                        [
                            225,
                            975
                        ]
                    ],
                    true
                ],
                [
                    100,
                    101,
                    [
                        [
                            225,
                            1025
                        ],
                        [
                            225,
                            1000
                        ]
                    ],
                    true
                ],
                [
                    101,
                    102,
                    [
                        [
                            225,
                            1050
                        ],
                        [
                            225,
                            1025
                        ]
                    ],
                    true
                ],
                [
                    102,
                    103,
                    [
                        [
                            225,
                            1075
                        ],
                        [
                            225,
                            1050
                        ]
                    ],
                    true
                ],
                [
                    103,
                    104,
                    [
                        [
                            225,
                            1100
                        ],
                        [
                            225,
                            1075
                        ]
                    ],
                    true
                ],
                [
                    104,
                    105,
                    [
                        [
                            225,
                            1125
                        ],
                        [
                            225,
                            1100
                        ]
                    ],
                    true
                ],
                [
                    105,
                    106,
                    [
                        [
                            225,
                            1150
                        ],
                        [
                            225,
                            1125
                        ]
                    ],
                    true
                ],
                [
                    106,
                    107,
                    [
                        [
                            225,
                            1175
                        ],
                        [
                            225,
                            1150
                        ]
                    ],
                    true
                ],
                [
                    107,
                    108,
                    [
                        [
                            225,
                            1200
                        ],
                        [
                            225,
                            1175
                        ]
                    ],
                    true
                ],
                [
                    108,
                    109,
                    [
                        [
                            225,
                            1225
                        ],
                        [
                            225,
                            1200
                        ]
                    ],
                    true
                ]
            ],
            "stations": [
                {
                    "coord": [
                        25,
                        1625
                    ],
                    "is_working": true,
                    "name": "Зима",
                    "rect": [
                        35,
                        1620,
                        29,
                        15
                    ],
                    "text_id": 0,
                    "uid": 0
                },
                {
                    "coord": [
                        25,
                        1600
                    ],
                    "is_working": true,
                    "name": "О.П. Ока",
                    "rect": [
                        35,
                        1595,
                        46,
                        15
                    ],
                    "text_id": 1,
                    "uid": 1
                },
                {
                    "coord": [
                        25,
                        1575
                    ],
                    "is_working": true,
                    "name": "О.П. Чиркино",
                    "rect": [
                        35,
                        1570,
                        69,
                        15
                    ],
                    "text_id": 2,
                    "uid": 2
                },
                {
                    "coord": [
                        25,
                        1550
                    ],
                    "is_working": true,
                    "name": "О.П. Харагун",
                    "rect": [
                        35,
                        1545,
                        68,
                        15
                    ],
                    "text_id": 3,
                    "uid": 3
                },
                {
                    "coord": [
                        25,
                        1525
                    ],
                    "is_working": true,
                    "name": "О.П. Грязная Падь",
                    "rect": [
                        35,
                        1520,
                        98,
                        15
                    ],
                    "text_id": 4,
                    "uid": 4
                },
                {
                    "coord": [
                        25,
                        1500
                    ],
                    "is_working": true,
                    "name": "Делюр",
                    "rect": [
                        35,
                        1495,
                        37,
                        15
                    ],
                    "text_id": 5,
                    "uid": 5
                },
                {
                    "coord": [
                        25,
                        1475
                    ],
                    "is_working": true,
                    "name": "Тыреть",
                    "rect": [
                        35,
                        1470,
                        40,
                        15
                    ],
                    "text_id": 6,
                    "uid": 6
                },
                {
                    "coord": [
                        25,
                        1450
                    ],
                    "is_working": true,
                    "name": "О.П. 4971 км",
                    "rect": [
                        35,
                        1445,
                        67,
                        15
                    ],
                    "text_id": 7,
                    "uid": 7
                },
                {
                    "coord": [
                        25,
                        1425
                    ],
                    "is_working": true,
                    "name": "О.П. Халярта",
                    "rect": [
                        35,
                        1420,
                        70,
                        15
                    ],
                    "text_id": 8,
                    "uid": 8
                },
                {
                    "coord": [
                        25,
                        1400
                    ],
                    "is_working": true,
                    "name": "О.П. 4985 км",
                    "rect": [
                        35,
                        1395,
                        67,
                        15
                    ],
                    "text_id": 9,
                    "uid": 9
                },
                {
                    "coord": [
                        25,
                        1375
                    ],
                    "is_working": true,
                    "name": "Залари",
                    "rect": [
                        35,
                        1370,
                        40,
                        15
                    ],
                    "text_id": 10,
                    "uid": 10
                },
                {
                    "coord": [
                        25,
                        1350
                    ],
                    "is_working": true,
                    "name": "Хотхор",
                    "rect": [
                        35,
                        1345,
                        38,
                        15
                    ],
                    "text_id": 11,
                    "uid": 11
                },
                {
                    "coord": [
                        25,
                        1325
                    ],
                    "is_working": true,
                    "name": "О.П. 5010 км",
                    "rect": [
                        35,
                        1320,
                        67,
                        15
                    ],
                    "text_id": 12,
                    "uid": 12
                },
                {
                    "coord": [
                        25,
                        1300
                    ],
                    "is_working": true,
                    "name": "Головинская",
                    "rect": [
                        35,
                        1295,
                        68,
                        15
                    ],
                    "text_id": 13,
                    "uid": 13
                },
                {
                    "coord": [
                        25,
                        1275
                    ],
                    "is_working": true,
                    "name": "О.П. Хартовская",
                    "rect": [
                        35,
                        1270,
                        86,
                        15
                    ],
                    "text_id": 14,
                    "uid": 14
                },
                {
                    "coord": [
                        25,
                        1250
                    ],
                    "is_working": true,
                    "name": "Кутулик",
                    "rect": [
                        35,
                        1245,
                        43,
                        15
                    ],
                    "text_id": 15,
                    "uid": 15
                },
                {
                    "coord": [
                        25,
                        1225
                    ],
                    "is_working": true,
                    "name": "О.П. Райпотребсоюз",
                    "rect": [
                        35,
                        1220,
                        107,
                        15
                    ],
                    "text_id": 16,
                    "uid": 16
                },
                {
                    "coord": [
                        25,
                        1200
                    ],
                    "is_working": true,
                    "name": "О.П. 5026 км |Золотухино|",
                    "rect": [
                        35,
                        1195,
                        137,
                        15
                    ],
                    "text_id": 17,
                    "uid": 17
                },
                {
                    "coord": [
                        25,
                        1175
                    ],
                    "is_working": true,
                    "name": "Забитуй",
                    "rect": [
                        35,
                        1170,
                        44,
                        15
                    ],
                    "text_id": 18,
                    "uid": 18
                },
                {
                    "coord": [
                        25,
                        1150
                    ],
                    "is_working": true,
                    "name": "О.П. Ноты",
                    "rect": [
                        35,
                        1145,
                        55,
                        15
                    ],
                    "text_id": 19,
                    "uid": 19
                },
                {
                    "coord": [
                        25,
                        1125
                    ],
                    "is_working": true,
                    "name": "О.П. Трактовый",
                    "rect": [
                        35,
                        1120,
                        82,
                        15
                    ],
                    "text_id": 20,
                    "uid": 20
                },
                {
                    "coord": [
                        25,
                        1100
                    ],
                    "is_working": true,
                    "name": "О.П. Осинцево",
                    "rect": [
                        35,
                        1095,
                        77,
                        15
                    ],
                    "text_id": 21,
                    "uid": 21
                },
                {
                    "coord": [
                        25,
                        1075
                    ],
                    "is_working": true,
                    "name": "Жаргон",
                    "rect": [
                        35,
                        1070,
                        39,
                        15
                    ],
                    "text_id": 22,
                    "uid": 22
                },
                {
                    "coord": [
                        25,
                        1050
                    ],
                    "is_working": true,
                    "name": "О.П. 5053 км |Депо|",
                    "rect": [
                        35,
                        1045,
                        101,
                        15
                    ],
                    "text_id": 23,
                    "uid": 23
                },
                {
                    "coord": [
                        25,
                        1025
                    ],
                    "is_working": true,
                    "name": "Черемхово",
                    "rect": [
                        35,
                        1020,
                        59,
                        15
                    ],
                    "text_id": 24,
                    "uid": 24
                },
                {
                    "coord": [
                        25,
                        1000
                    ],
                    "is_working": true,
                    "name": "О.П. 5058 км",
                    "rect": [
                        35,
                        995,
                        67,
                        15
                    ],
                    "text_id": 25,
                    "uid": 25
                },
                {
                    "coord": [
                        25,
                        975
                    ],
                    "is_working": true,
                    "name": "Гришево",
                    "rect": [
                        35,
                        970,
                        47,
                        15
                    ],
                    "text_id": 26,
                    "uid": 26
                },
                {
                    "coord": [
                        25,
                        950
                    ],
                    "is_working": true,
                    "name": "Касьяновка",
                    "rect": [
                        35,
                        945,
                        61,
                        15
                    ],
                    "text_id": 27,
                    "uid": 27
                },
                {
                    "coord": [
                        25,
                        925
                    ],
                    "is_working": true,
                    "name": "О.П. 5068 км",
                    "rect": [
                        35,
                        920,
                        67,
                        15
                    ],
                    "text_id": 28,
                    "uid": 28
                },
                {
                    "coord": [
                        25,
                        900
                    ],
                    "is_working": true,
                    "name": "О.П. Восточная",
                    "rect": [
                        35,
                        895,
                        82,
                        15
                    ],
                    "text_id": 29,
                    "uid": 29
                },
                {
                    "coord": [
                        25,
                        875
                    ],
                    "is_working": true,
                    "name": "О.П. Витух",
                    "rect": [
                        35,
                        870,
                        58,
                        15
                    ],
                    "text_id": 30,
                    "uid": 30
                },
                {
                    "coord": [
                        25,
                        850
                    ],
                    "is_working": true,
                    "name": "О.П. Черепановка",
                    "rect": [
                        35,
                        845,
                        93,
                        15
                    ],
                    "text_id": 31,
                    "uid": 31
                },
                {
                    "coord": [
                        25,
                        825
                    ],
                    "is_working": true,
                    "name": "Половина",
                    "rect": [
                        35,
                        820,
                        53,
                        15
                    ],
                    "text_id": 32,
                    "uid": 32
                },
                {
                    "coord": [
                        25,
                        800
                    ],
                    "is_working": true,
                    "name": "О.П. Заимка",
                    "rect": [
                        35,
                        795,
                        65,
                        15
                    ],
                    "text_id": 33,
                    "uid": 33
                },
                {
                    "coord": [
                        25,
                        775
                    ],
                    "is_working": true,
                    "name": "О.П. Ткаченко",
                    "rect": [
                        35,
                        770,
                        73,
                        15
                    ],
                    "text_id": 34,
                    "uid": 34
                },
                {
                    "coord": [
                        25,
                        750
                    ],
                    "is_working": true,
                    "name": "Белая",
                    "rect": [
                        35,
                        745,
                        35,
                        15
                    ],
                    "text_id": 35,
                    "uid": 35
                },
                {
                    "coord": [
                        25,
                        725
                    ],
                    "is_working": true,
                    "name": "О.П. 5100 км",
                    "rect": [
                        35,
                        720,
                        67,
                        15
                    ],
                    "text_id": 36,
                    "uid": 36
                },
                {
                    "coord": [
                        25,
                        700
                    ],
                    "is_working": true,
                    "name": "Мальта",
                    "rect": [
                        35,
                        695,
                        41,
                        15
                    ],
                    "text_id": 37,
                    "uid": 37
                },
                {
                    "coord": [
                        25,
                        675
                    ],
                    "is_working": true,
                    "name": "О.П. Мальтинка",
                    "rect": [
                        35,
                        670,
                        83,
                        15
                    ],
                    "text_id": 38,
                    "uid": 38
                },
                {
                    "coord": [
                        25,
                        650
                    ],
                    "is_working": true,
                    "name": "О.П. Лужки",
                    "rect": [
                        35,
                        645,
                        58,
                        15
                    ],
                    "text_id": 39,
                    "uid": 39
                },
                {
                    "coord": [
                        25,
                        625
                    ],
                    "is_working": true,
                    "name": "О.П. Зеленый Городок",
                    "rect": [
                        35,
                        620,
                        119,
                        15
                    ],
                    "text_id": 40,
                    "uid": 40
                },
                {
                    "coord": [
                        25,
                        600
                    ],
                    "is_working": true,
                    "name": "Усолье-Сибирское",
                    "rect": [
                        35,
                        595,
                        97,
                        15
                    ],
                    "text_id": 41,
                    "uid": 41
                },
                {
                    "coord": [
                        25,
                        575
                    ],
                    "is_working": true,
                    "name": "О.П. Тельминка",
                    "rect": [
                        35,
                        570,
                        83,
                        15
                    ],
                    "text_id": 42,
                    "uid": 42
                },
                {
                    "coord": [
                        25,
                        550
                    ],
                    "is_working": true,
                    "name": "Тельма",
                    "rect": [
                        35,
                        545,
                        41,
                        15
                    ],
                    "text_id": 43,
                    "uid": 43
                },
                {
                    "coord": [
                        25,
                        525
                    ],
                    "is_working": true,
                    "name": "О.П. Путейская",
                    "rect": [
                        35,
                        520,
                        81,
                        15
                    ],
                    "text_id": 44,
                    "uid": 44
                },
                {
                    "coord": [
                        25,
                        500
                    ],
                    "is_working": true,
                    "name": "О.П. Биликтуй",
                    "rect": [
                        35,
                        495,
                        76,
                        15
                    ],
                    "text_id": 45,
                    "uid": 45
                },
                {
                    "coord": [
                        25,
                        475
                    ],
                    "is_working": true,
                    "name": "Китой",
                    "rect": [
                        35,
                        470,
                        31,
                        15
                    ],
                    "text_id": 46,
                    "uid": 46
                },
                {
                    "coord": [
                        25,
                        450
                    ],
                    "is_working": true,
                    "name": "О.П. Майск",
                    "rect": [
                        35,
                        445,
                        59,
                        15
                    ],
                    "text_id": 47,
                    "uid": 47
                },
                {
                    "coord": [
                        25,
                        425
                    ],
                    "is_working": true,
                    "name": "Ангарск",
                    "rect": [
                        35,
                        420,
                        43,
                        15
                    ],
                    "text_id": 48,
                    "uid": 48
                },
                {
                    "coord": [
                        25,
                        400
                    ],
                    "is_working": true,
                    "name": "Пл. Южная",
                    "rect": [
                        35,
                        395,
                        59,
                        15
                    ],
                    "text_id": 49,
                    "uid": 49
                },
                {
                    "coord": [
                        25,
                        375
                    ],
                    "is_working": true,
                    "name": "Суховская",
                    "rect": [
                        35,
                        370,
                        57,
                        15
                    ],
                    "text_id": 50,
                    "uid": 50
                },
                {
                    "coord": [
                        25,
                        350
                    ],
                    "is_working": true,
                    "name": "Пл. Совхозная",
                    "rect": [
                        35,
                        345,
                        78,
                        15
                    ],
                    "text_id": 51,
                    "uid": 51
                },
                {
                    "coord": [
                        25,
                        325
                    ],
                    "is_working": true,
                    "name": "О.П. Карьер",
                    "rect": [
                        35,
                        320,
                        63,
                        15
                    ],
                    "text_id": 52,
                    "uid": 52
                },
                {
                    "coord": [
                        25,
                        300
                    ],
                    "is_working": true,
                    "name": "Мегет",
                    "rect": [
                        35,
                        295,
                        32,
                        15
                    ],
                    "text_id": 53,
                    "uid": 53
                },
                {
                    "coord": [
                        25,
                        275
                    ],
                    "is_working": true,
                    "name": "О.П. Вересовка",
                    "rect": [
                        35,
                        270,
                        82,
                        15
                    ],
                    "text_id": 54,
                    "uid": 54
                },
                {
                    "coord": [
                        25,
                        250
                    ],
                    "is_working": true,
                    "name": "Пл. ПМС-45",
                    "rect": [
                        35,
                        245,
                        63,
                        15
                    ],
                    "text_id": 55,
                    "uid": 55
                },
                {
                    "coord": [
                        25,
                        225
                    ],
                    "is_working": true,
                    "name": "Батарейная",
                    "rect": [
                        35,
                        220,
                        63,
                        15
                    ],
                    "text_id": 56,
                    "uid": 56
                },
                {
                    "coord": [
                        25,
                        200
                    ],
                    "is_working": true,
                    "name": "Пл. Горка",
                    "rect": [
                        35,
                        195,
                        52,
                        15
                    ],
                    "text_id": 57,
                    "uid": 57
                },
                {
                    "coord": [
                        25,
                        175
                    ],
                    "is_working": true,
                    "name": "Пл. Компрессорная",
                    "rect": [
                        35,
                        170,
                        103,
                        15
                    ],
                    "text_id": 58,
                    "uid": 58
                },
                {
                    "coord": [
                        25,
                        150
                    ],
                    "is_working": true,
                    "name": "Пл. Заводская",
                    "rect": [
                        35,
                        145,
                        78,
                        15
                    ],
                    "text_id": 59,
                    "uid": 59
                },
                {
                    "coord": [
                        25,
                        125
                    ],
                    "is_working": true,
                    "name": "Иркутск-Сортировочный",
                    "rect": [
                        35,
                        120,
                        128,
                        15
                    ],
                    "text_id": 60,
                    "uid": 60
                },
                {
                    "coord": [
                        25,
                        100
                    ],
                    "is_working": true,
                    "name": "Военный Городок",
                    "rect": [
                        35,
                        95,
                        94,
                        15
                    ],
                    "text_id": 61,
                    "uid": 61
                },
                {
                    "coord": [
                        25,
                        75
                    ],
                    "is_working": true,
                    "name": "Пл. Иркутный Мост",
                    "rect": [
                        35,
                        70,
                        103,
                        15
                    ],
                    "text_id": 62,
                    "uid": 62
                },
                {
                    "coord": [
                        225,
                        75
                    ],
                    "is_working": true,
                    "name": "Иркутск-Пассажирский",
                    "rect": [
                        235,
                        70,
                        120,
                        15
                    ],
                    "text_id": 63,
                    "uid": 63
                },
                {
                    "coord": [
                        225,
                        100
                    ],
                    "is_working": true,
                    "name": "Пл. Академическая",
                    "rect": [
                        235,
                        95,
                        104,
                        15
                    ],
                    "text_id": 64,
                    "uid": 64
                },
                {
                    "coord": [
                        225,
                        125
                    ],
                    "is_working": true,
                    "name": "Пл. Мельниково",
                    "rect": [
                        235,
                        120,
                        86,
                        15
                    ],
                    "text_id": 65,
                    "uid": 65
                },
                {
                    "coord": [
                        225,
                        150
                    ],
                    "is_working": true,
                    "name": "Кая",
                    "rect": [
                        235,
                        145,
                        20,
                        15
                    ],
                    "text_id": 66,
                    "uid": 66
                },
                {
                    "coord": [
                        225,
                        175
                    ],
                    "is_working": true,
                    "name": "Пл. Черемушки",
                    "rect": [
                        235,
                        170,
                        82,
                        15
                    ],
                    "text_id": 67,
                    "uid": 67
                },
                {
                    "coord": [
                        225,
                        200
                    ],
                    "is_working": true,
                    "name": "О.П. Смоленщина",
                    "rect": [
                        235,
                        195,
                        95,
                        15
                    ],
                    "text_id": 68,
                    "uid": 68
                },
                {
                    "coord": [
                        225,
                        225
                    ],
                    "is_working": true,
                    "name": "Пл. Турбаза",
                    "rect": [
                        235,
                        220,
                        64,
                        15
                    ],
                    "text_id": 69,
                    "uid": 69
                },
                {
                    "coord": [
                        225,
                        250
                    ],
                    "is_working": true,
                    "name": "О.П. Шелехов",
                    "rect": [
                        235,
                        245,
                        74,
                        15
                    ],
                    "text_id": 70,
                    "uid": 70
                },
                {
                    "coord": [
                        225,
                        275
                    ],
                    "is_working": true,
                    "name": "Гончарово",
                    "rect": [
                        235,
                        270,
                        56,
                        15
                    ],
                    "text_id": 71,
                    "uid": 71
                },
                {
                    "coord": [
                        225,
                        300
                    ],
                    "is_working": true,
                    "name": "Пл. Известковая",
                    "rect": [
                        235,
                        295,
                        88,
                        15
                    ],
                    "text_id": 72,
                    "uid": 72
                },
                {
                    "coord": [
                        225,
                        325
                    ],
                    "is_working": true,
                    "name": "Пл. Олха",
                    "rect": [
                        235,
                        320,
                        50,
                        15
                    ],
                    "text_id": 73,
                    "uid": 73
                },
                {
                    "coord": [
                        225,
                        350
                    ],
                    "is_working": true,
                    "name": "Пл. Летняя",
                    "rect": [
                        235,
                        345,
                        59,
                        15
                    ],
                    "text_id": 74,
                    "uid": 74
                },
                {
                    "coord": [
                        225,
                        375
                    ],
                    "is_working": true,
                    "name": "Пл. Голубые Ели",
                    "rect": [
                        235,
                        370,
                        92,
                        15
                    ],
                    "text_id": 75,
                    "uid": 75
                },
                {
                    "coord": [
                        225,
                        400
                    ],
                    "is_working": true,
                    "name": "Пл. Дачная",
                    "rect": [
                        235,
                        395,
                        60,
                        15
                    ],
                    "text_id": 76,
                    "uid": 76
                },
                {
                    "coord": [
                        225,
                        425
                    ],
                    "is_working": true,
                    "name": "О.П. Садовая",
                    "rect": [
                        235,
                        420,
                        72,
                        15
                    ],
                    "text_id": 77,
                    "uid": 77
                },
                {
                    "coord": [
                        225,
                        450
                    ],
                    "is_working": true,
                    "name": "Большой Луг",
                    "rect": [
                        235,
                        445,
                        70,
                        15
                    ],
                    "text_id": 78,
                    "uid": 78
                },
                {
                    "coord": [
                        225,
                        475
                    ],
                    "is_working": true,
                    "name": "О.П. Ханчин",
                    "rect": [
                        235,
                        470,
                        64,
                        15
                    ],
                    "text_id": 79,
                    "uid": 79
                },
                {
                    "coord": [
                        225,
                        500
                    ],
                    "is_working": true,
                    "name": "Рассоха",
                    "rect": [
                        235,
                        495,
                        45,
                        15
                    ],
                    "text_id": 80,
                    "uid": 80
                },
                {
                    "coord": [
                        225,
                        525
                    ],
                    "is_working": true,
                    "name": "О.П. Орленок",
                    "rect": [
                        235,
                        520,
                        71,
                        15
                    ],
                    "text_id": 81,
                    "uid": 81
                },
                {
                    "coord": [
                        225,
                        550
                    ],
                    "is_working": true,
                    "name": "О.П. 5234 км",
                    "rect": [
                        235,
                        545,
                        67,
                        15
                    ],
                    "text_id": 82,
                    "uid": 82
                },
                {
                    "coord": [
                        225,
                        575
                    ],
                    "is_working": true,
                    "name": "О.П. Ягодный",
                    "rect": [
                        235,
                        570,
                        73,
                        15
                    ],
                    "text_id": 83,
                    "uid": 83
                },
                {
                    "coord": [
                        225,
                        600
                    ],
                    "is_working": true,
                    "name": "О.П. Огоньки",
                    "rect": [
                        235,
                        595,
                        68,
                        15
                    ],
                    "text_id": 84,
                    "uid": 84
                },
                {
                    "coord": [
                        225,
                        625
                    ],
                    "is_working": true,
                    "name": "О.П. Таежное",
                    "rect": [
                        235,
                        620,
                        70,
                        15
                    ],
                    "text_id": 85,
                    "uid": 85
                },
                {
                    "coord": [
                        225,
                        650
                    ],
                    "is_working": true,
                    "name": "О.П. Трудный",
                    "rect": [
                        235,
                        645,
                        73,
                        15
                    ],
                    "text_id": 86,
                    "uid": 86
                },
                {
                    "coord": [
                        225,
                        675
                    ],
                    "is_working": true,
                    "name": "О.П. Медвежий",
                    "rect": [
                        235,
                        670,
                        80,
                        15
                    ],
                    "text_id": 87,
                    "uid": 87
                },
                {
                    "coord": [
                        225,
                        700
                    ],
                    "is_working": true,
                    "name": "О.П. Сосновый",
                    "rect": [
                        235,
                        695,
                        80,
                        15
                    ],
                    "text_id": 88,
                    "uid": 88
                },
                {
                    "coord": [
                        225,
                        725
                    ],
                    "is_working": true,
                    "name": "Подкаменная",
                    "rect": [
                        235,
                        720,
                        72,
                        15
                    ],
                    "text_id": 89,
                    "uid": 89
                },
                {
                    "coord": [
                        225,
                        750
                    ],
                    "is_working": true,
                    "name": "О.П. Санаторный",
                    "rect": [
                        235,
                        745,
                        91,
                        15
                    ],
                    "text_id": 90,
                    "uid": 90
                },
                {
                    "coord": [
                        225,
                        775
                    ],
                    "is_working": true,
                    "name": "О.П. Родниковый",
                    "rect": [
                        235,
                        770,
                        91,
                        15
                    ],
                    "text_id": 91,
                    "uid": 91
                },
                {
                    "coord": [
                        225,
                        800
                    ],
                    "is_working": true,
                    "name": "О.П. Источник",
                    "rect": [
                        235,
                        795,
                        75,
                        15
                    ],
                    "text_id": 92,
                    "uid": 92
                },
                {
                    "coord": [
                        225,
                        825
                    ],
                    "is_working": true,
                    "name": "Глубокая",
                    "rect": [
                        235,
                        820,
                        50,
                        15
                    ],
                    "text_id": 93,
                    "uid": 93
                },
                {
                    "coord": [
                        225,
                        850
                    ],
                    "is_working": true,
                    "name": "О.П. Кедрачи",
                    "rect": [
                        235,
                        845,
                        70,
                        15
                    ],
                    "text_id": 94,
                    "uid": 94
                },
                {
                    "coord": [
                        225,
                        875
                    ],
                    "is_working": true,
                    "name": "О.П. Переезд",
                    "rect": [
                        235,
                        870,
                        71,
                        15
                    ],
                    "text_id": 95,
                    "uid": 95
                },
                {
                    "coord": [
                        225,
                        900
                    ],
                    "is_working": true,
                    "name": "Андриановская",
                    "rect": [
                        235,
                        895,
                        82,
                        15
                    ],
                    "text_id": 96,
                    "uid": 96
                },
                {
                    "coord": [
                        225,
                        925
                    ],
                    "is_working": true,
                    "name": "О.П. 5276 км |Заповедный|",
                    "rect": [
                        235,
                        920,
                        141,
                        15
                    ],
                    "text_id": 97,
                    "uid": 97
                },
                {
                    "coord": [
                        225,
                        950
                    ],
                    "is_working": true,
                    "name": "О.П. 5280 км |Прибайкальский|",
                    "rect": [
                        235,
                        945,
                        161,
                        15
                    ],
                    "text_id": 98,
                    "uid": 98
                },
                {
                    "coord": [
                        225,
                        975
                    ],
                    "is_working": true,
                    "name": "О.П. Черемуховая",
                    "rect": [
                        235,
                        970,
                        96,
                        15
                    ],
                    "text_id": 99,
                    "uid": 99
                },
                {
                    "coord": [
                        225,
                        1000
                    ],
                    "is_working": true,
                    "name": "Ангасолка",
                    "rect": [
                        235,
                        995,
                        56,
                        15
                    ],
                    "text_id": 100,
                    "uid": 100
                },
                {
                    "coord": [
                        225,
                        1025
                    ],
                    "is_working": true,
                    "name": "О.П. Поворот",
                    "rect": [
                        235,
                        1020,
                        70,
                        15
                    ],
                    "text_id": 101,
                    "uid": 101
                },
                {
                    "coord": [
                        225,
                        1050
                    ],
                    "is_working": true,
                    "name": "О.П. Темная Падь",
                    "rect": [
                        235,
                        1045,
                        95,
                        15
                    ],
                    "text_id": 102,
                    "uid": 102
                },
                {
                    "coord": [
                        225,
                        1075
                    ],
                    "is_working": true,
                    "name": "О.П. 5293 км",
                    "rect": [
                        235,
                        1070,
                        67,
                        15
                    ],
                    "text_id": 103,
                    "uid": 103
                },
                {
                    "coord": [
                        225,
                        1100
                    ],
                    "is_working": true,
                    "name": "О.П. Земляничный",
                    "rect": [
                        235,
                        1095,
                        110,
                        15
                    ],
                    "text_id": 104,
                    "uid": 104
                },
                {
                    "coord": [
                        225,
                        1125
                    ],
                    "is_working": true,
                    "name": "О.П. Партизанская",
                    "rect": [
                        235,
                        1120,
                        98,
                        15
                    ],
                    "text_id": 105,
                    "uid": 105
                },
                {
                    "coord": [
                        225,
                        1150
                    ],
                    "is_working": true,
                    "name": "О.П. Чертова Гора",
                    "rect": [
                        235,
                        1145,
                        96,
                        15
                    ],
                    "text_id": 106,
                    "uid": 106
                },
                {
                    "coord": [
                        225,
                        1175
                    ],
                    "is_working": true,
                    "name": "О.П. Вербный",
                    "rect": [
                        235,
                        1170,
                        74,
                        15
                    ],
                    "text_id": 107,
                    "uid": 107
                },
                {
                    "coord": [
                        225,
                        1200
                    ],
                    "is_working": true,
                    "name": "Слюдянка-2",
                    "rect": [
                        235,
                        1195,
                        65,
                        15
                    ],
                    "text_id": 108,
                    "uid": 108
                },
                {
                    "coord": [
                        225,
                        1225
                    ],
                    "is_working": true,
                    "name": "Слюдянка-1",
                    "rect": [
                        235,
                        1220,
                        65,
                        15
                    ],
                    "text_id": 109,
                    "uid": 109
                }
            ],
            "text_id": 110
        }
    ],
    "lines_width": 7,
    "name": "metro",
    "name_text_id": 110,
    "stations_diameter": 10.0,
    "transfers": [],
    "transports": [
        "metro"
    ],
    "type_name": "ROOT",
    "type_text_id": 111,
    "upper_case": false,
    "width": 375,
    "word_wrap": false
}