{
    "lines": [
        {
            "delays": [
                0,
                0
            ],
            "name": "Peoplemover",
            "scheme": null,
            "segments": [
                [
                    0,
                    1,
                    120
                ],
                [
                    0,
                    12,
                    120
                ],
                [
                    1,
                    0,
                    120
                ],
                [
                    1,
                    2,
                    120
                ],
                [
                    2,
                    1,
                    120
                ],
                [
                    2,
                    3,
                    120
                ],
                [
                    3,
                    2,
                    120
                ],
                [
                    3,
                    4,
                    120
                ],
                [
                    4,
                    3,
                    120
                ],
                [
                    4,
                    5,
                    120
                ],
                [
                    5,
                    4,
                    120
                ],
                [
                    5,
                    6,
                    120
                ],
                [
                    6,
                    5,
                    120
                ],
                [
                    6,
                    7,
                    120
                ],
                [
                    7,
                    6,
                    120
                ],
                [
                    7,
                    8,
                    120
                ],
                [
                    8,
                    7,
                    120
                ],
                [
                    8,
                    9,
                    120
                ],
                [
                    9,
                    8,
                    120
                ],
                [
                    9,
                    10,
                    120
                ],
                [
                    10,
                    9,
                    120
                ],
                [
                    10,
                    11,
                    120
                ],
                [
                    11,
                    10,
                    120
                ],
                [
                    11,
                    12,
                    120
                ],
                [
                    12,
                    0,
                    120
                ],
                [
                    12,
                    11,
                    120
                ]
            ],
            "stations": [
                [
                    0,
                    "Broadway",
                    0
                ],
                [
                    1,
                    "Cadillac Square",
                    1
                ],
                [
                    2,
                    "Greektown",
                    2
                ],
                [
                    3,
                    "Bricktown",
                    3
                ],
                [
                    4,
                    "Renaissance Center",
                    4
                ],
                [
                    5,
                    "Millender Center",
                    5
                ],
                [
                    6,
                    "Financial District",
                    6
                ],
                [
                    7,
                    "Joe Louis Arena",
                    7
                ],
                [
                    8,
                    "Cobo Center",
                    8
                ],
                [
                    9,
                    "Fort/Cass",
                    9
                ],
                [
                    10,
                    "Michigan Avenue",
                    10
                ],
                [
                    11,
                    "Times Square",
                    11
                ],
                [
                    12,
                    "Grand Circus Park",
                    12
                ]
            ],
            "text_id": 13
        }
    ],
    "name": "metro",
    "transfers": [],
    "type_name": "Трамвай"
}