{
    "default_transports": [
        "metro"
    ],
    "height": 1759,
    "images": [
        "res/schemes/alicante.svg"
    ],
    "is_vector": true,
    "lines": [
        {
            "labels_bg_color": "-1",
            "labels_color": "000000",
            "line_color": "E12734",
            "line_width": 8,
            "name": "L1",
            "segments": [
                [
                    0,
                    1,
                    [
                        [
                            114,
                            1364
                        ],
                        [
                            72,
                            1364
                        ]
                    ],
                    true
                ],
                [
                    1,
                    2,
                    [
                        [
                            162,
                            1364
                        ],
                        [
                            114,
                            1364
                        ]
                    ],
                    true
                ],
                [
                    2,
                    3,
                    [
                        [
                            282,
                            1407
                        ],
                        [
                            270.0,
                            1407.0
                        ],
                        [
                            204.0,
                            1364.0
                        ],
                        [
                            162,
                            1364
                        ]
                    ],
                    true
                ],
                [
                    3,
                    4,
                    [
                        [
                            320,
                            1407
                        ],
                        [
                            282,
                            1407
                        ]
                    ],
                    true
                ],
                [
                    4,
                    5,
                    [
                        [
                            392,
                            1407
                        ],
                        [
                            320,
                            1407
                        ]
                    ],
                    true
                ],
                [
                    5,
                    6,
                    [
                        [
                            884,
                            1155
                        ],
                        [
                            871.0,
                            1168.0
                        ],
                        [
                            835.0,
                            1168.0
                        ],
                        [
                            597.0,
                            1407.0
                        ],
                        [
                            392,
                            1407
                        ]
                    ],
                    true
                ],
                [
                    6,
                    7,
                    [
                        [
                            912,
                            1127
                        ],
                        [
                            884,
                            1155
                        ]
                    ],
                    true
                ],
                [
                    7,
                    8,
                    [
                        [
                            937,
                            1102
                        ],
                        [
                            912,
                            1127
                        ]
                    ],
                    true
                ],
                [
                    8,
                    9,
                    [
                        [
                            964,
                            1075
                        ],
                        [
                            937,
                            1102
                        ]
                    ],
                    true
                ],
                [
                    9,
                    10,
                    [
                        [
                            990,
                            1049
                        ],
                        [
                            964,
                            1075
                        ]
                    ],
                    true
                ],
                [
                    10,
                    11,
                    [
                        [
                            1016,
                            1023
                        ],
                        [
                            990,
                            1049
                        ]
                    ],
                    true
                ],
                [
                    11,
                    12,
                    [
                        [
                            1016,
                            988
                        ],
                        [
                            1016,
                            1023
                        ]
                    ],
                    true
                ],
                [
                    12,
                    13,
                    [
                        [
                            1016,
                            956
                        ],
                        [
                            1016,
                            988
                        ]
                    ],
                    true
                ],
                [
                    13,
                    14,
                    [
                        [
                            1016,
                            920
                        ],
                        [
                            1016,
                            956
                        ]
                    ],
                    true
                ],
                [
                    14,
                    15,
                    [
                        [
                            1016,
                            884
                        ],
                        [
                            1016,
                            920
                        ]
                    ],
                    true
                ],
                [
                    15,
                    16,
                    [
                        [
                            1016,
                            852
                        ],
                        [
                            1016,
                            884
                        ]
                    ],
                    true
                ],
                [
                    16,
                    17,
                    [
                        [
                            1016,
                            816
                        ],
                        [
                            1016,
                            852
                        ]
                    ],
                    true
                ],
                [
                    17,
                    18,
                    [
                        [
                            1016,
                            780
                        ],
                        [
                            1016,
                            816
                        ]
                    ],
                    true
                ],
                [
                    18,
                    19,
                    [
                        [
                            1016,
                            748
                        ],
                        [
                            1016,
                            780
                        ]
                    ],
                    true
                ],
                [
                    19,
                    20,
                    [
                        [
                            1016,
                            712
                        ],
                        [
                            1016,
                            748
                        ]
                    ],
                    true
                ]
            ],
            "stations": [
                {
                    "coord": [
                        72,
                        1364
                    ],
                    "is_working": true,
                    "name": "Luceros",
                    "rect": null,
                    "text_id": 0,
                    "uid": 0
                },
                {
                    "coord": [
                        114,
                        1364
                    ],
                    "is_working": true,
                    "name": "Mercado",
                    "rect": null,
                    "text_id": 1,
                    "uid": 1
                },
                {
                    "coord": [
                        162,
                        1364
                    ],
                    "is_working": true,
                    "name": "MARQ-CASTILLO",
                    "rect": null,
                    "text_id": 2,
                    "uid": 2
                },
                {
                    "coord": [
                        282,
                        1407
                    ],
                    "is_working": true,
                    "name": "Sangueta",
                    "rect": null,
                    "text_id": 3,
                    "uid": 3
                },
                {
                    "coord": [
                        320,
                        1407
                    ],
                    "is_working": true,
                    "name": "La Isleta",
                    "rect": null,
                    "text_id": 4,
                    "uid": 4
                },
                {
                    "coord": [
                        392,
                        1407
                    ],
                    "is_working": true,
                    "name": "Lucentum",
                    "rect": null,
                    "text_id": 5,
                    "uid": 5
                },
                {
                    "coord": [
                        884,
                        1155
                    ],
                    "is_working": true,
                    "name": "El Campello",
                    "rect": null,
                    "text_id": 6,
                    "uid": 6
                },
                {
                    "coord": [
                        912,
                        1127
                    ],
                    "is_working": true,
                    "name": "Poble Espanyol",
                    "rect": [
                        929,
                        1122,
                        79,
                        15
                    ],
                    "text_id": 7,
                    "uid": 7
                },
                {
                    "coord": [
                        937,
                        1102
                    ],
                    "is_working": true,
                    "name": "Amerador",
                    "rect": [
                        957,
                        1097,
                        51,
                        15
                    ],
                    "text_id": 8,
                    "uid": 8
                },
                {
                    "coord": [
                        964,
                        1075
                    ],
                    "is_working": true,
                    "name": "Coveta Fuma",
                    "rect": [
                        983,
                        1070,
                        67,
                        15
                    ],
                    "text_id": 9,
                    "uid": 9
                },
                {
                    "coord": [
                        990,
                        1049
                    ],
                    "is_working": true,
                    "name": "Cala Piteres",
                    "rect": [
                        1010,
                        1042,
                        63,
                        15
                    ],
                    "text_id": 10,
                    "uid": 10
                },
                {
                    "coord": [
                        1016,
                        1023
                    ],
                    "is_working": true,
                    "name": "Venta Lanuza",
                    "rect": [
                        1030,
                        1016,
                        68,
                        15
                    ],
                    "text_id": 11,
                    "uid": 11
                },
                {
                    "coord": [
                        1016,
                        988
                    ],
                    "is_working": true,
                    "name": "Paradis",
                    "rect": [
                        1028,
                        979,
                        40,
                        15
                    ],
                    "text_id": 12,
                    "uid": 12
                },
                {
                    "coord": [
                        1016,
                        956
                    ],
                    "is_working": true,
                    "name": "La Vila Joiosa",
                    "rect": [
                        1028,
                        948,
                        72,
                        15
                    ],
                    "text_id": 13,
                    "uid": 13
                },
                {
                    "coord": [
                        1016,
                        920
                    ],
                    "is_working": true,
                    "name": "Creueta",
                    "rect": [
                        1029,
                        913,
                        41,
                        15
                    ],
                    "text_id": 14,
                    "uid": 14
                },
                {
                    "coord": [
                        1016,
                        884
                    ],
                    "is_working": true,
                    "name": "Costera Pastor",
                    "rect": [
                        1028,
                        878,
                        76,
                        15
                    ],
                    "text_id": 15,
                    "uid": 15
                },
                {
                    "coord": [
                        1016,
                        852
                    ],
                    "is_working": true,
                    "name": "Hospital Vila",
                    "rect": [
                        1026,
                        843,
                        65,
                        15
                    ],
                    "text_id": 16,
                    "uid": 16
                },
                {
                    "coord": [
                        1016,
                        816
                    ],
                    "is_working": true,
                    "name": "C.C La Marina-Finestrat",
                    "rect": [
                        1027,
                        807,
                        119,
                        15
                    ],
                    "text_id": 17,
                    "uid": 17
                },
                {
                    "coord": [
                        1016,
                        780
                    ],
                    "is_working": true,
                    "name": "Terra Mitica",
                    "rect": [
                        1029,
                        773,
                        61,
                        15
                    ],
                    "text_id": 18,
                    "uid": 18
                },
                {
                    "coord": [
                        1016,
                        748
                    ],
                    "is_working": true,
                    "name": "Benidorm",
                    "rect": [
                        1029,
                        742,
                        50,
                        15
                    ],
                    "text_id": 19,
                    "uid": 19
                },
                {
                    "coord": [
                        1016,
                        712
                    ],
                    "is_working": true,
                    "name": "Benidorm Intermodal",
                    "rect": [
                        1030,
                        706,
                        105,
                        15
                    ],
                    "text_id": 20,
                    "uid": 20
                }
            ],
            "text_id": 21
        },
        {
            "labels_bg_color": "-1",
            "labels_color": "000000",
            "line_color": "11AB4B",
            "line_width": 8,
            "name": "L2",
            "segments": [
                [
                    21,
                    22,
                    [
                        [
                            114,
                            1340
                        ],
                        [
                            72,
                            1340
                        ]
                    ],
                    true
                ],
                [
                    22,
                    23,
                    [
                        [
                            162,
                            1340
                        ],
                        [
                            114,
                            1340
                        ]
                    ],
                    true
                ],
                [
                    23,
                    24,
                    [
                        [
                            229,
                            1335
                        ],
                        [
                            220.0,
                            1340.0
                        ],
                        [
                            162,
                            1340
                        ]
                    ],
                    true
                ],
                [
                    24,
                    25,
                    [
                        [
                            260,
                            1290
                        ],
                        [
                            260.0,
                            1314.0
                        ],
                        [
                            229,
                            1335
                        ]
                    ],
                    true
                ],
                [
                    25,
                    26,
                    [
                        [
                            260,
                            1256
                        ],
                        [
                            260,
                            1290
                        ]
                    ],
                    true
                ],
                [
                    26,
                    27,
                    [
                        [
                            260,
                            1224
                        ],
                        [
                            260,
                            1256
                        ]
                    ],
                    true
                ],
                [
                    27,
                    28,
                    [
                        [
                            249,
                            1195
                        ],
                        [
                            260.0,
                            1206.0
                        ],
                        [
                            260,
                            1224
                        ]
                    ],
                    true
                ],
                [
                    28,
                    29,
                    [
                        [
                            219,
                            1165
                        ],
                        [
                            249,
                            1195
                        ]
                    ],
                    true
                ],
                [
                    29,
                    30,
                    [
                        [
                            187,
                            1150
                        ],
                        [
                            204.0,
                            1150.0
                        ],
                        [
                            219,
                            1165
                        ]
                    ],
                    true
                ],
                [
                    30,
                    31,
                    [
                        [
                            133,
                            1150
                        ],
                        [
                            187,
                            1150
                        ]
                    ],
                    true
                ],
                [
                    31,
                    32,
                    [
                        [
                            116,
                            1116
                        ],
                        [
                            116.0,
                            1150.0
                        ],
                        [
                            133,
                            1150
                        ]
                    ],
                    true
                ],
                [
                    32,
                    33,
                    [
                        [
                            116,
                            1074
                        ],
                        [
                            116,
                            1116
                        ]
                    ],
                    true
                ],
                [
                    33,
                    34,
                    [
                        [
                            116,
                            1033
                        ],
                        [
                            116,
                            1074
                        ]
                    ],
                    true
                ]
            ],
            "stations": [
                {
                    "coord": [
                        72,
                        1340
                    ],
                    "is_working": true,
                    "name": "Luceros",
                    "rect": null,
                    "text_id": 0,
                    "uid": 21
                },
                {
                    "coord": [
                        114,
                        1340
                    ],
                    "is_working": true,
                    "name": "Mercado",
                    "rect": null,
                    "text_id": 1,
                    "uid": 22
                },
                {
                    "coord": [
                        162,
                        1340
                    ],
                    "is_working": true,
                    "name": "MARQ-CASTILLO",
                    "rect": null,
                    "text_id": 2,
                    "uid": 23
                },
                {
                    "coord": [
                        229,
                        1335
                    ],
                    "is_working": true,
                    "name": "La Goteta-Plaza Mar 2",
                    "rect": [
                        251,
                        1330,
                        110,
                        15
                    ],
                    "text_id": 22,
                    "uid": 24
                },
                {
                    "coord": [
                        260,
                        1290
                    ],
                    "is_working": true,
                    "name": "Bulevar del Pla",
                    "rect": [
                        276,
                        1283,
                        78,
                        15
                    ],
                    "text_id": 23,
                    "uid": 25
                },
                {
                    "coord": [
                        260,
                        1256
                    ],
                    "is_working": true,
                    "name": "Garbinet",
                    "rect": [
                        278,
                        1250,
                        44,
                        15
                    ],
                    "text_id": 24,
                    "uid": 26
                },
                {
                    "coord": [
                        260,
                        1224
                    ],
                    "is_working": true,
                    "name": "Hospital",
                    "rect": [
                        274,
                        1218,
                        43,
                        15
                    ],
                    "text_id": 25,
                    "uid": 27
                },
                {
                    "coord": [
                        249,
                        1195
                    ],
                    "is_working": true,
                    "name": "Maestro Alonso",
                    "rect": [
                        272,
                        1186,
                        80,
                        15
                    ],
                    "text_id": 26,
                    "uid": 28
                },
                {
                    "coord": [
                        219,
                        1165
                    ],
                    "is_working": true,
                    "name": "Pintor Gaston Castello",
                    "rect": [
                        240,
                        1157,
                        113,
                        15
                    ],
                    "text_id": 27,
                    "uid": 29
                },
                {
                    "coord": [
                        187,
                        1150
                    ],
                    "is_working": true,
                    "name": "Virgen del Remedio",
                    "rect": [
                        213,
                        1135,
                        99,
                        15
                    ],
                    "text_id": 28,
                    "uid": 30
                },
                {
                    "coord": [
                        133,
                        1150
                    ],
                    "is_working": true,
                    "name": "Ciudad Jardin",
                    "rect": [
                        26,
                        1146,
                        71,
                        15
                    ],
                    "text_id": 29,
                    "uid": 31
                },
                {
                    "coord": [
                        116,
                        1116
                    ],
                    "is_working": true,
                    "name": "Santa Isabel",
                    "rect": [
                        129,
                        1107,
                        63,
                        15
                    ],
                    "text_id": 30,
                    "uid": 32
                },
                {
                    "coord": [
                        116,
                        1074
                    ],
                    "is_working": true,
                    "name": "Universitat",
                    "rect": [
                        130,
                        1068,
                        56,
                        15
                    ],
                    "text_id": 31,
                    "uid": 33
                },
                {
                    "coord": [
                        116,
                        1033
                    ],
                    "is_working": true,
                    "name": "Sant Vicent del Raspeig",
                    "rect": [
                        130,
                        1028,
                        120,
                        15
                    ],
                    "text_id": 32,
                    "uid": 34
                }
            ],
            "text_id": 33
        },
        {
            "labels_bg_color": "-1",
            "labels_color": "000000",
            "line_color": "FBC409",
            "line_width": 8,
            "name": "L3",
            "segments": [
                [
                    35,
                    36,
                    [
                        [
                            114,
                            1384
                        ],
                        [
                            72,
                            1384
                        ]
                    ],
                    true
                ],
                [
                    36,
                    37,
                    [
                        [
                            162,
                            1384
                        ],
                        [
                            114,
                            1384
                        ]
                    ],
                    true
                ],
                [
                    37,
                    38,
                    [
                        [
                            282,
                            1420
                        ],
                        [
                            262.0,
                            1420.0
                        ],
                        [
                            204.0,
                            1384.0
                        ],
                        [
                            162,
                            1384
                        ]
                    ],
                    true
                ],
                [
                    38,
                    39,
                    [
                        [
                            320,
                            1420
                        ],
                        [
                            282,
                            1420
                        ]
                    ],
                    true
                ],
                [
                    39,
                    40,
                    [
                        [
                            357,
                            1420
                        ],
                        [
                            320,
                            1420
                        ]
                    ],
                    true
                ],
                [
                    40,
                    41,
                    [
                        [
                            392,
                            1420
                        ],
                        [
                            357,
                            1420
                        ]
                    ],
                    true
                ],
                [
                    41,
                    42,
                    [
                        [
                            470,
                            1420
                        ],
                        [
                            392,
                            1420
                        ]
                    ],
                    true
                ],
                [
                    42,
                    43,
                    [
                        [
                            546,
                            1420
                        ],
                        [
                            470,
                            1420
                        ]
                    ],
                    true
                ],
                [
                    43,
                    44,
                    [
                        [
                            610,
                            1420
                        ],
                        [
                            546,
                            1420
                        ]
                    ],
                    true
                ],
                [
                    44,
                    45,
                    [
                        [
                            651,
                            1379
                        ],
                        [
                            610,
                            1420
                        ]
                    ],
                    true
                ],
                [
                    45,
                    46,
                    [
                        [
                            685,
                            1345
                        ],
                        [
                            651,
                            1379
                        ]
                    ],
                    true
                ],
                [
                    46,
                    47,
                    [
                        [
                            721,
                            1309
                        ],
                        [
                            685,
                            1345
                        ]
                    ],
                    true
                ],
                [
                    47,
                    48,
                    [
                        [
                            757,
                            1273
                        ],
                        [
                            721,
                            1309
                        ]
                    ],
                    true
                ],
                [
                    48,
                    49,
                    [
                        [
                            793,
                            1237
                        ],
                        [
                            757,
                            1273
                        ]
                    ],
                    true
                ],
                [
                    49,
                    50,
                    [
                        [
                            833,
                            1197
                        ],
                        [
                            793,
                            1237
                        ]
                    ],
                    true
                ],
                [
                    50,
                    51,
                    [
                        [
                            895,
                            1164
                        ],
                        [
                            877.0,
                            1183.0
                        ],
                        [
                            847.0,
                            1183.0
                        ],
                        [
                            833,
                            1197
                        ]
                    ],
                    true
                ]
            ],
            "stations": [
                {
                    "coord": [
                        72,
                        1384
                    ],
                    "is_working": true,
                    "name": "Luceros",
                    "rect": [
                        57,
                        1310,
                        42,
                        15
                    ],
                    "text_id": 0,
                    "uid": 35
                },
                {
                    "coord": [
                        114,
                        1384
                    ],
                    "is_working": true,
                    "name": "Mercado",
                    "rect": [
                        94,
                        1417,
                        45,
                        15
                    ],
                    "text_id": 1,
                    "uid": 36
                },
                {
                    "coord": [
                        162,
                        1384
                    ],
                    "is_working": true,
                    "name": "MARQ-CASTILLO",
                    "rect": [
                        127,
                        1312,
                        90,
                        15
                    ],
                    "text_id": 2,
                    "uid": 37
                },
                {
                    "coord": [
                        282,
                        1420
                    ],
                    "is_working": true,
                    "name": "Sangueta",
                    "rect": [
                        260,
                        1463,
                        48,
                        15
                    ],
                    "text_id": 3,
                    "uid": 38
                },
                {
                    "coord": [
                        320,
                        1420
                    ],
                    "is_working": true,
                    "name": "La Isleta",
                    "rect": [
                        300,
                        1376,
                        44,
                        15
                    ],
                    "text_id": 4,
                    "uid": 39
                },
                {
                    "coord": [
                        357,
                        1420
                    ],
                    "is_working": true,
                    "name": "Albufereta",
                    "rect": [
                        333,
                        1462,
                        53,
                        15
                    ],
                    "text_id": 34,
                    "uid": 40
                },
                {
                    "coord": [
                        392,
                        1420
                    ],
                    "is_working": true,
                    "name": "Lucentum",
                    "rect": [
                        372,
                        1377,
                        50,
                        15
                    ],
                    "text_id": 5,
                    "uid": 41
                },
                {
                    "coord": [
                        470,
                        1420
                    ],
                    "is_working": true,
                    "name": "Condomina",
                    "rect": [
                        444,
                        1432,
                        58,
                        15
                    ],
                    "text_id": 35,
                    "uid": 42
                },
                {
                    "coord": [
                        546,
                        1420
                    ],
                    "is_working": true,
                    "name": "Campo de Golf",
                    "rect": [
                        513,
                        1381,
                        75,
                        15
                    ],
                    "text_id": 36,
                    "uid": 43
                },
                {
                    "coord": [
                        610,
                        1420
                    ],
                    "is_working": true,
                    "name": "Costa Blanca",
                    "rect": [
                        635,
                        1411,
                        69,
                        15
                    ],
                    "text_id": 37,
                    "uid": 44
                },
                {
                    "coord": [
                        651,
                        1379
                    ],
                    "is_working": true,
                    "name": "Carrabiners",
                    "rect": [
                        667,
                        1375,
                        61,
                        15
                    ],
                    "text_id": 38,
                    "uid": 45
                },
                {
                    "coord": [
                        685,
                        1345
                    ],
                    "is_working": true,
                    "name": "Muchavista",
                    "rect": [
                        702,
                        1338,
                        59,
                        15
                    ],
                    "text_id": 39,
                    "uid": 46
                },
                {
                    "coord": [
                        721,
                        1309
                    ],
                    "is_working": true,
                    "name": "Les Llances",
                    "rect": [
                        737,
                        1303,
                        62,
                        15
                    ],
                    "text_id": 40,
                    "uid": 47
                },
                {
                    "coord": [
                        757,
                        1273
                    ],
                    "is_working": true,
                    "name": "Fabraquer",
                    "rect": [
                        774,
                        1266,
                        52,
                        15
                    ],
                    "text_id": 41,
                    "uid": 48
                },
                {
                    "coord": [
                        793,
                        1237
                    ],
                    "is_working": true,
                    "name": "Salesians",
                    "rect": [
                        810,
                        1231,
                        51,
                        15
                    ],
                    "text_id": 42,
                    "uid": 49
                },
                {
                    "coord": [
                        833,
                        1197
                    ],
                    "is_working": true,
                    "name": "Pla Barraques",
                    "rect": [
                        852,
                        1191,
                        73,
                        15
                    ],
                    "text_id": 43,
                    "uid": 50
                },
                {
                    "coord": [
                        895,
                        1164
                    ],
                    "is_working": true,
                    "name": "El Campello",
                    "rect": [
                        910,
                        1158,
                        62,
                        15
                    ],
                    "text_id": 6,
                    "uid": 51
                }
            ],
            "text_id": 44
        },
        {
            "labels_bg_color": "-1",
            "labels_color": "000000",
            "line_color": "BC94C8",
            "line_width": 8,
            "name": "L4",
            "segments": [
                [
                    52,
                    53,
                    [
                        [
                            114,
                            1404
                        ],
                        [
                            72,
                            1404
                        ]
                    ],
                    true
                ],
                [
                    53,
                    54,
                    [
                        [
                            162,
                            1404
                        ],
                        [
                            114,
                            1404
                        ]
                    ],
                    true
                ],
                [
                    54,
                    55,
                    [
                        [
                            282,
                            1436
                        ],
                        [
                            256.0,
                            1436.0
                        ],
                        [
                            204.0,
                            1404.0
                        ],
                        [
                            162,
                            1404
                        ]
                    ],
                    true
                ],
                [
                    55,
                    56,
                    [
                        [
                            320,
                            1436
                        ],
                        [
                            282,
                            1436
                        ]
                    ],
                    true
                ],
                [
                    56,
                    57,
                    [
                        [
                            357,
                            1436
                        ],
                        [
                            320,
                            1436
                        ]
                    ],
                    true
                ],
                [
                    57,
                    58,
                    [
                        [
                            392,
                            1436
                        ],
                        [
                            357,
                            1436
                        ]
                    ],
                    true
                ],
                [
                    58,
                    59,
                    [
                        [
                            424,
                            1465
                        ],
                        [
                            392,
                            1436
                        ]
                    ],
                    true
                ],
                [
                    59,
                    60,
                    [
                        [
                            444,
                            1485
                        ],
                        [
                            424,
                            1465
                        ]
                    ],
                    true
                ],
                [
                    60,
                    61,
                    [
                        [
                            456,
                            1508
                        ],
                        [
                            456.0,
                            1497.0
                        ],
                        [
                            444,
                            1485
                        ]
                    ],
                    true
                ],
                [
                    61,
                    62,
                    [
                        [
                            469,
                            1539
                        ],
                        [
                            457.0,
                            1527.0
                        ],
                        [
                            456,
                            1508
                        ]
                    ],
                    true
                ],
                [
                    62,
                    63,
                    [
                        [
                            469,
                            1539
                        ],
                        [
                            499,
                            1569
                        ]
                    ],
                    true
                ],
                [
                    62,
                    69,
                    [
                        [
                            469,
                            1539
                        ],
                        [
                            487.0,
                            1557.0
                        ],
                        [
                            516,
                            1528
                        ]
                    ],
                    true
                ],
                [
                    63,
                    64,
                    [
                        [
                            499,
                            1569
                        ],
                        [
                            517.0,
                            1587.0
                        ],
                        [
                            540,
                            1564
                        ]
                    ],
                    true
                ],
                [
                    64,
                    65,
                    [
                        [
                            540,
                            1564
                        ],
                        [
                            564,
                            1540
                        ]
                    ],
                    true
                ],
                [
                    65,
                    66,
                    [
                        [
                            564,
                            1540
                        ],
                        [
                            584,
                            1520
                        ]
                    ],
                    true
                ],
                [
                    66,
                    67,
                    [
                        [
                            584,
                            1520
                        ],
                        [
                            572,
                            1470
                        ]
                    ],
                    true
                ],
                [
                    67,
                    68,
                    [
                        [
                            572,
                            1470
                        ],
                        [
                            552,
                            1492
                        ]
                    ],
                    true
                ],
                [
                    68,
                    69,
                    [
                        [
                            552,
                            1492
                        ],
                        [
                            516,
                            1528
                        ]
                    ],
                    true
                ]
            ],
            "stations": [
                {
                    "coord": [
                        72,
                        1404
                    ],
                    "is_working": true,
                    "name": "Luceros",
                    "rect": null,
                    "text_id": 0,
                    "uid": 52
                },
                {
                    "coord": [
                        114,
                        1404
                    ],
                    "is_working": true,
                    "name": "Mercado",
                    "rect": null,
                    "text_id": 1,
                    "uid": 53
                },
                {
                    "coord": [
                        162,
                        1404
                    ],
                    "is_working": true,
                    "name": "MARQ-CASTILLO",
                    "rect": null,
                    "text_id": 2,
                    "uid": 54
                },
                {
                    "coord": [
                        282,
                        1436
                    ],
                    "is_working": true,
                    "name": "Sangueta",
                    "rect": null,
                    "text_id": 3,
                    "uid": 55
                },
                {
                    "coord": [
                        320,
                        1436
                    ],
                    "is_working": true,
                    "name": "La Isleta",
                    "rect": null,
                    "text_id": 4,
                    "uid": 56
                },
                {
                    "coord": [
                        357,
                        1436
                    ],
                    "is_working": true,
                    "name": "Albufereta",
                    "rect": null,
                    "text_id": 34,
                    "uid": 57
                },
                {
                    "coord": [
                        392,
                        1436
                    ],
                    "is_working": true,
                    "name": "Lucentum",
                    "rect": null,
                    "text_id": 5,
                    "uid": 58
                },
                {
                    "coord": [
                        424,
                        1465
                    ],
                    "is_working": true,
                    "name": "Miriam Blasco",
                    "rect": [
                        331,
                        1480,
                        74,
                        15
                    ],
                    "text_id": 45,
                    "uid": 59
                },
                {
                    "coord": [
                        444,
                        1485
                    ],
                    "is_working": true,
                    "name": "Sergio Cardell",
                    "rect": [
                        350,
                        1498,
                        73,
                        15
                    ],
                    "text_id": 46,
                    "uid": 60
                },
                {
                    "coord": [
                        456,
                        1508
                    ],
                    "is_working": true,
                    "name": "Tridente",
                    "rect": [
                        388,
                        1518,
                        42,
                        15
                    ],
                    "text_id": 47,
                    "uid": 61
                },
                {
                    "coord": [
                        469,
                        1539
                    ],
                    "is_working": true,
                    "name": "Av. Naciones",
                    "rect": [
                        375,
                        1544,
                        69,
                        15
                    ],
                    "text_id": 48,
                    "uid": 62
                },
                {
                    "coord": [
                        499,
                        1569
                    ],
                    "is_working": true,
                    "name": "Cabo Huertas",
                    "rect": [
                        405,
                        1580,
                        70,
                        15
                    ],
                    "text_id": 49,
                    "uid": 63
                },
                {
                    "coord": [
                        540,
                        1564
                    ],
                    "is_working": true,
                    "name": "Av. Benidorm",
                    "rect": [
                        567,
                        1573,
                        70,
                        15
                    ],
                    "text_id": 50,
                    "uid": 64
                },
                {
                    "coord": [
                        564,
                        1540
                    ],
                    "is_working": true,
                    "name": "Londres",
                    "rect": [
                        591,
                        1546,
                        42,
                        15
                    ],
                    "text_id": 51,
                    "uid": 65
                },
                {
                    "coord": [
                        584,
                        1520
                    ],
                    "is_working": true,
                    "name": "Pl. La Coruna",
                    "rect": [
                        614,
                        1518,
                        69,
                        15
                    ],
                    "text_id": 52,
                    "uid": 66
                },
                {
                    "coord": [
                        572,
                        1470
                    ],
                    "is_working": true,
                    "name": "Instituto",
                    "rect": [
                        595,
                        1434,
                        41,
                        15
                    ],
                    "text_id": 53,
                    "uid": 67
                },
                {
                    "coord": [
                        552,
                        1492
                    ],
                    "is_working": true,
                    "name": "P. Escandinavos",
                    "rect": [
                        461,
                        1452,
                        85,
                        15
                    ],
                    "text_id": 54,
                    "uid": 68
                },
                {
                    "coord": [
                        516,
                        1528
                    ],
                    "is_working": true,
                    "name": "Holanda",
                    "rect": [
                        469,
                        1486,
                        43,
                        15
                    ],
                    "text_id": 55,
                    "uid": 69
                }
            ],
            "text_id": 56
        },
        {
            "labels_bg_color": "-1",
            "labels_color": "000000",
            "line_color": "224F9B",
            "line_width": 8,
            "name": "L5",
            "segments": [
                [
                    70,
                    71,
                    [
                        [
                            177,
                            1449
                        ],
                        [
                            137,
                            1449
                        ]
                    ],
                    false
                ],
                [
                    71,
                    72,
                    [
                        [
                            282,
                            1449
                        ],
                        [
                            177,
                            1449
                        ]
                    ],
                    false
                ],
                [
                    72,
                    73,
                    [
                        [
                            320,
                            1449
                        ],
                        [
                            282,
                            1449
                        ]
                    ],
                    false
                ],
                [
                    73,
                    74,
                    [
                        [
                            357,
                            1449
                        ],
                        [
                            320,
                            1449
                        ]
                    ],
                    false
                ],
                [
                    74,
                    75,
                    [
                        [
                            392,
                            1450
                        ],
                        [
                            357,
                            1449
                        ]
                    ],
                    false
                ],
                [
                    75,
                    76,
                    [
                        [
                            414,
                            1472
                        ],
                        [
                            392,
                            1450
                        ]
                    ],
                    false
                ],
                [
                    76,
                    77,
                    [
                        [
                            436,
                            1494
                        ],
                        [
                            414,
                            1472
                        ]
                    ],
                    false
                ],
                [
                    77,
                    78,
                    [
                        [
                            444,
                            1520
                        ],
                        [
                            444.0,
                            1503.0
                        ],
                        [
                            436,
                            1494
                        ]
                    ],
                    false
                ],
                [
                    78,
                    79,
                    [
                        [
                            457,
                            1550
                        ],
                        [
                            444.0,
                            1537.0
                        ],
                        [
                            444,
                            1520
                        ]
                    ],
                    false
                ],
                [
                    79,
                    80,
                    [
                        [
                            457,
                            1550
                        ],
                        [
                            488,
                            1581
                        ]
                    ],
                    false
                ],
                [
                    79,
                    86,
                    [
                        [
                            457,
                            1550
                        ],
                        [
                            464.0,
                            1557.0
                        ],
                        [
                            505,
                            1516
                        ]
                    ],
                    false
                ],
                [
                    80,
                    81,
                    [
                        [
                            488,
                            1581
                        ],
                        [
                            516.0,
                            1609.0
                        ],
                        [
                            548,
                            1577
                        ]
                    ],
                    false
                ],
                [
                    81,
                    82,
                    [
                        [
                            548,
                            1577
                        ],
                        [
                            572,
                            1553
                        ]
                    ],
                    false
                ],
                [
                    82,
                    83,
                    [
                        [
                            572,
                            1553
                        ],
                        [
                            599,
                            1526
                        ]
                    ],
                    false
                ],
                [
                    83,
                    84,
                    [
                        [
                            599,
                            1526
                        ],
                        [
                            582,
                            1439
                        ]
                    ],
                    false
                ],
                [
                    84,
                    85,
                    [
                        [
                            582,
                            1439
                        ],
                        [
                            540,
                            1481
                        ]
                    ],
                    false
                ],
                [
                    85,
                    86,
                    [
                        [
                            540,
                            1481
                        ],
                        [
                            505,
                            1516
                        ]
                    ],
                    false
                ]
            ],
            "stations": [
                {
                    "coord": [
                        137,
                        1449
                    ],
                    "is_working": false,
                    "name": "Porta Del Mar",
                    "rect": [
                        104,
                        1464,
                        70,
                        15
                    ],
                    "text_id": 57,
                    "uid": 70
                },
                {
                    "coord": [
                        177,
                        1449
                    ],
                    "is_working": false,
                    "name": "La Marina",
                    "rect": [
                        155,
                        1424,
                        51,
                        15
                    ],
                    "text_id": 58,
                    "uid": 71
                },
                {
                    "coord": [
                        282,
                        1449
                    ],
                    "is_working": false,
                    "name": "Sangueta",
                    "rect": null,
                    "text_id": 3,
                    "uid": 72
                },
                {
                    "coord": [
                        320,
                        1449
                    ],
                    "is_working": false,
                    "name": "La Isleta",
                    "rect": null,
                    "text_id": 4,
                    "uid": 73
                },
                {
                    "coord": [
                        357,
                        1449
                    ],
                    "is_working": false,
                    "name": "Albufereta",
                    "rect": null,
                    "text_id": 34,
                    "uid": 74
                },
                {
                    "coord": [
                        392,
                        1450
                    ],
                    "is_working": false,
                    "name": "Lucentum",
                    "rect": null,
                    "text_id": 5,
                    "uid": 75
                },
                {
                    "coord": [
                        414,
                        1472
                    ],
                    "is_working": false,
                    "name": "Miriam Blasco",
                    "rect": null,
                    "text_id": 45,
                    "uid": 76
                },
                {
                    "coord": [
                        436,
                        1494
                    ],
                    "is_working": false,
                    "name": "Sergio Cardell",
                    "rect": null,
                    "text_id": 46,
                    "uid": 77
                },
                {
                    "coord": [
                        444,
                        1520
                    ],
                    "is_working": false,
                    "name": "Tridente",
                    "rect": null,
                    "text_id": 47,
                    "uid": 78
                },
                {
                    "coord": [
                        457,
                        1550
                    ],
                    "is_working": false,
                    "name": "Av. Naciones",
                    "rect": null,
                    "text_id": 48,
                    "uid": 79
                },
                {
                    "coord": [
                        488,
                        1581
                    ],
                    "is_working": false,
                    "name": "Cabo Huertas",
                    "rect": null,
                    "text_id": 49,
                    "uid": 80
                },
                {
                    "coord": [
                        548,
                        1577
                    ],
                    "is_working": false,
                    "name": "Av. Benidorm",
                    "rect": null,
                    "text_id": 50,
                    "uid": 81
                },
                {
                    "coord": [
                        572,
                        1553
                    ],
                    "is_working": false,
                    "name": "Londres",
                    "rect": null,
                    "text_id": 51,
                    "uid": 82
                },
                {
                    "coord": [
                        599,
                        1526
                    ],
                    "is_working": false,
                    "name": "Pl. La Coruna",
                    "rect": null,
                    "text_id": 52,
                    "uid": 83
                },
                {
                    "coord": [
                        582,
                        1439
                    ],
                    "is_working": false,
                    "name": "Instituto",
                    "rect": null,
                    "text_id": 53,
                    "uid": 84
                },
                {
                    "coord": [
                        540,
                        1481
                    ],
                    "is_working": false,
                    "name": "P. Escandinavos",
                    "rect": null,
                    "text_id": 54,
                    "uid": 85
                },
                {
                    "coord": [
                        505,
                        1516
                    ],
                    "is_working": false,
                    "name": "Holanda",
                    "rect": null,
                    "text_id": 55,
                    "uid": 86
                }
            ],
            "text_id": 59
        },
        {
            "labels_bg_color": "-1",
            "labels_color": "000000",
            "line_color": "7B6664",
            "line_width": 8,
            "name": "L9",
            "segments": [
                [
                    87,
                    88,
                    [
                        [
                            1000,
                            712
                        ],
                        [
                            1000,
                            748
                        ]
                    ],
                    true
                ],
                [
                    88,
                    89,
                    [
                        [
                            1000,
                            672
                        ],
                        [
                            1000,
                            712
                        ]
                    ],
                    true
                ],
                [
                    89,
                    90,
                    [
                        [
                            1000,
                            632
                        ],
                        [
                            1000,
                            672
                        ]
                    ],
                    true
                ],
                [
                    90,
                    91,
                    [
                        [
                            1000,
                            596
                        ],
                        [
                            1000,
                            632
                        ]
                    ],
                    true
                ],
                [
                    91,
                    92,
                    [
                        [
                            1000,
                            558
                        ],
                        [
                            1000,
                            596
                        ]
                    ],
                    true
                ],
                [
                    92,
                    93,
                    [
                        [
                            1000,
                            520
                        ],
                        [
                            1000,
                            558
                        ]
                    ],
                    true
                ],
                [
                    93,
                    94,
                    [
                        [
                            1000,
                            484
                        ],
                        [
                            1000,
                            520
                        ]
                    ],
                    true
                ],
                [
                    94,
                    95,
                    [
                        [
                            1000,
                            448
                        ],
                        [
                            1000,
                            484
                        ]
                    ],
                    true
                ],
                [
                    95,
                    96,
                    [
                        [
                            1000,
                            408
                        ],
                        [
                            1000,
                            448
                        ]
                    ],
                    true
                ],
                [
                    96,
                    97,
                    [
                        [
                            1000,
                            372
                        ],
                        [
                            1000,
                            408
                        ]
                    ],
                    false
                ],
                [
                    96,
                    98,
                    [
                        [
                            1000,
                            332
                        ],
                        [
                            1000,
                            408
                        ]
                    ],
                    true
                ],
                [
                    97,
                    98,
                    [
                        [
                            1000,
                            332
                        ],
                        [
                            1000,
                            372
                        ]
                    ],
                    false
                ],
                [
                    98,
                    99,
                    [
                        [
                            1000,
                            296
                        ],
                        [
                            1000,
                            332
                        ]
                    ],
                    true
                ],
                [
                    99,
                    100,
                    [
                        [
                            1000,
                            256
                        ],
                        [
                            1000,
                            296
                        ]
                    ],
                    true
                ],
                [
                    100,
                    101,
                    [
                        [
                            1000,
                            220
                        ],
                        [
                            1000,
                            256
                        ]
                    ],
                    true
                ],
                [
                    101,
                    102,
                    [
                        [
                            1000,
                            180
                        ],
                        [
                            1000,
                            220
                        ]
                    ],
                    false
                ],
                [
                    101,
                    103,
                    [
                        [
                            1000,
                            144
                        ],
                        [
                            1000,
                            220
                        ]
                    ],
                    true
                ],
                [
                    102,
                    103,
                    [
                        [
                            1000,
                            144
                        ],
                        [
                            1000,
                            180
                        ]
                    ],
                    false
                ],
                [
                    103,
                    104,
                    [
                        [
                            1000,
                            144
                        ],
                        [
                            1000,
                            104
                        ]
                    ],
                    true
                ]
            ],
            "stations": [
                {
                    "coord": [
                        1000,
                        748
                    ],
                    "is_working": true,
                    "name": "Benidorm",
                    "rect": null,
                    "text_id": 19,
                    "uid": 87
                },
                {
                    "coord": [
                        1000,
                        712
                    ],
                    "is_working": true,
                    "name": "Benidorm Intermodal",
                    "rect": null,
                    "text_id": 20,
                    "uid": 88
                },
                {
                    "coord": [
                        1000,
                        672
                    ],
                    "is_working": true,
                    "name": "Cami Coves",
                    "rect": [
                        1012,
                        667,
                        63,
                        15
                    ],
                    "text_id": 60,
                    "uid": 89
                },
                {
                    "coord": [
                        1000,
                        632
                    ],
                    "is_working": true,
                    "name": "L'Alfas del Pi",
                    "rect": [
                        1013,
                        629,
                        67,
                        15
                    ],
                    "text_id": 61,
                    "uid": 90
                },
                {
                    "coord": [
                        1000,
                        596
                    ],
                    "is_working": true,
                    "name": "El Albir",
                    "rect": [
                        1014,
                        592,
                        39,
                        15
                    ],
                    "text_id": 62,
                    "uid": 91
                },
                {
                    "coord": [
                        1000,
                        558
                    ],
                    "is_working": true,
                    "name": "Altea",
                    "rect": [
                        1013,
                        553,
                        28,
                        15
                    ],
                    "text_id": 63,
                    "uid": 92
                },
                {
                    "coord": [
                        1000,
                        520
                    ],
                    "is_working": true,
                    "name": "Garganes",
                    "rect": [
                        1012,
                        514,
                        50,
                        15
                    ],
                    "text_id": 64,
                    "uid": 93
                },
                {
                    "coord": [
                        1000,
                        484
                    ],
                    "is_working": true,
                    "name": "Cap Negret",
                    "rect": [
                        1011,
                        478,
                        58,
                        15
                    ],
                    "text_id": 65,
                    "uid": 94
                },
                {
                    "coord": [
                        1000,
                        448
                    ],
                    "is_working": true,
                    "name": "Olla Altea",
                    "rect": [
                        1013,
                        439,
                        51,
                        15
                    ],
                    "text_id": 66,
                    "uid": 95
                },
                {
                    "coord": [
                        1000,
                        408
                    ],
                    "is_working": true,
                    "name": "Calp",
                    "rect": [
                        1012,
                        401,
                        25,
                        15
                    ],
                    "text_id": 67,
                    "uid": 96
                },
                {
                    "coord": [
                        1000,
                        372
                    ],
                    "is_working": false,
                    "name": "Ferrandet",
                    "rect": [
                        1012,
                        364,
                        49,
                        15
                    ],
                    "text_id": 68,
                    "uid": 97
                },
                {
                    "coord": [
                        1000,
                        332
                    ],
                    "is_working": true,
                    "name": "Benissa",
                    "rect": [
                        1012,
                        327,
                        43,
                        15
                    ],
                    "text_id": 69,
                    "uid": 98
                },
                {
                    "coord": [
                        1000,
                        296
                    ],
                    "is_working": true,
                    "name": "Teulada",
                    "rect": [
                        1013,
                        288,
                        41,
                        15
                    ],
                    "text_id": 70,
                    "uid": 99
                },
                {
                    "coord": [
                        1000,
                        256
                    ],
                    "is_working": true,
                    "name": "Gata",
                    "rect": [
                        1012,
                        249,
                        25,
                        15
                    ],
                    "text_id": 71,
                    "uid": 100
                },
                {
                    "coord": [
                        1000,
                        220
                    ],
                    "is_working": true,
                    "name": "La Xara",
                    "rect": [
                        1012,
                        212,
                        40,
                        15
                    ],
                    "text_id": 72,
                    "uid": 101
                },
                {
                    "coord": [
                        1000,
                        180
                    ],
                    "is_working": false,
                    "name": "La Pedrera",
                    "rect": [
                        1013,
                        174,
                        56,
                        15
                    ],
                    "text_id": 73,
                    "uid": 102
                },
                {
                    "coord": [
                        1000,
                        144
                    ],
                    "is_working": true,
                    "name": "Alqueries",
                    "rect": [
                        1011,
                        137,
                        50,
                        15
                    ],
                    "text_id": 74,
                    "uid": 103
                },
                {
                    "coord": [
                        1000,
                        104
                    ],
                    "is_working": true,
                    "name": "Denia",
                    "rect": [
                        1012,
                        97,
                        31,
                        15
                    ],
                    "text_id": 75,
                    "uid": 104
                }
            ],
            "text_id": 76
        }
    ],
    "lines_width": 8,
    "name": "metro",
    "name_text_id": 77,
    "stations_diameter": 12.0,
    "transfers": [
        [
            40,
            57,
            [
                357,
                1420
            ],
            [
                357,
                1436
            ]
        ],
        [
            40,
            74,
            [
                357,
                1420
            ],
            [
                357,
                1449
            ]
        ],
        [
            57,
            74,
            [
                357,
                1436
            ],
            [
                357,
                1449
            ]
        ],
        [
            64,
            81,
            [
                540,
                1564
            ],
            [
                548,
                1577
            ]
        ],
        [
            62,
            79,
            [
                469,
                1539
            ],
            [
                457,
                1550
            ]
        ],
        [
            19,
            87,
            [
                1016,
                748
            ],
            [
                1000,
                748
            ]
        ],
        [
            20,
            88,
            [
                1016,
                712
            ],
            [
                1000,
                712
            ]
        ],
        [
            63,
            80,
            [
                499,
                1569
            ],
            [
                488,
                1581
            ]
        ],
        [
            6,
            51,
            [
                884,
                1155
            ],
            [
                895,
                1164
            ]
        ],
        [
            69,
            86,
            [
                516,
                1528
            ],
            [
                505,
                1516
            ]
        ],
        [
            67,
            84,
            [
                572,
                1470
            ],
            [
                582,
                1439
            ]
        ],
        [
            4,
            39,
            [
                320,
                1407
            ],
            [
                320,
                1420
            ]
        ],
        [
            4,
            56,
            [
                320,
                1407
            ],
            [
                320,
                1436
            ]
        ],
        [
            4,
            73,
            [
                320,
                1407
            ],
            [
                320,
                1449
            ]
        ],
        [
            39,
            56,
            [
                320,
                1420
            ],
            [
                320,
                1436
            ]
        ],
        [
            39,
            73,
            [
                320,
                1420
            ],
            [
                320,
                1449
            ]
        ],
        [
            56,
            73,
            [
                320,
                1436
            ],
            [
                320,
                1449
            ]
        ],
        [
            65,
            82,
            [
                564,
                1540
            ],
            [
                572,
                1553
            ]
        ],
        [
            5,
            41,
            [
                392,
                1407
            ],
            [
                392,
                1420
            ]
        ],
        [
            5,
            58,
            [
                392,
                1407
            ],
            [
                392,
                1436
            ]
        ],
        [
            5,
            75,
            [
                392,
                1407
            ],
            [
                392,
                1450
            ]
        ],
        [
            41,
            58,
            [
                392,
                1420
            ],
            [
                392,
                1436
            ]
        ],
        [
            41,
            75,
            [
                392,
                1420
            ],
            [
                392,
                1450
            ]
        ],
        [
            58,
            75,
            [
                392,
                1436
            ],
            [
                392,
                1450
            ]
        ],
        [
            0,
            21,
            [
                72,
                1364
            ],
            [
                72,
                1340
            ]
        ],
        [
            0,
            35,
            [
                72,
                1364
            ],
            [
                72,
                1384
            ]
        ],
        [
            0,
            52,
            [
                72,
                1364
            ],
            [
                72,
                1404
            ]
        ],
        [
            21,
            35,
            [
                72,
                1340
            ],
            [
                72,
                1384
            ]
        ],
        [
            21,
            52,
            [
                72,
                1340
            ],
            [
                72,
                1404
            ]
        ],
        [
            35,
            52,
            [
                72,
                1384
            ],
            [
                72,
                1404
            ]
        ],
        [
            2,
            23,
            [
                162,
                1364
            ],
            [
                162,
                1340
            ]
        ],
        [
            2,
            37,
            [
                162,
                1364
            ],
            [
                162,
                1384
            ]
        ],
        [
            2,
            54,
            [
                162,
                1364
            ],
            [
                162,
                1404
            ]
        ],
        [
            23,
            37,
            [
                162,
                1340
            ],
            [
                162,
                1384
            ]
        ],
        [
            23,
            54,
            [
                162,
                1340
            ],
            [
                162,
                1404
            ]
        ],
        [
            37,
            54,
            [
                162,
                1384
            ],
            [
                162,
                1404
            ]
        ],
        [
            1,
            22,
            [
                114,
                1364
            ],
            [
                114,
                1340
            ]
        ],
        [
            1,
            36,
            [
                114,
                1364
            ],
            [
                114,
                1384
            ]
        ],
        [
            1,
            53,
            [
                114,
                1364
            ],
            [
                114,
                1404
            ]
        ],
        [
            22,
            36,
            [
                114,
                1340
            ],
            [
                114,
                1384
            ]
        ],
        [
            22,
            53,
            [
                114,
                1340
            ],
            [
                114,
                1404
            ]
        ],
        [
            36,
            53,
            [
                114,
                1384
            ],
            [
                114,
                1404
            ]
        ],
        [
            59,
            76,
            [
                424,
                1465
            ],
            [
                414,
                1472
            ]
        ],
        [
            68,
            85,
            [
                552,
                1492
            ],
            [
                540,
                1481
            ]
        ],
        [
            66,
            83,
            [
                584,
                1520
            ],
            [
                599,
                1526
            ]
        ],
        [
            3,
            38,
            [
                282,
                1407
            ],
            [
                282,
                1420
            ]
        ],
        [
            3,
            55,
            [
                282,
                1407
            ],
            [
                282,
                1436
            ]
        ],
        [
            3,
            72,
            [
                282,
                1407
            ],
            [
                282,
                1449
            ]
        ],
        [
            38,
            55,
            [
                282,
                1420
            ],
            [
                282,
                1436
            ]
        ],
        [
            38,
            72,
            [
                282,
                1420
            ],
            [
                282,
                1449
            ]
        ],
        [
            55,
            72,
            [
                282,
                1436
            ],
            [
                282,
                1449
            ]
        ],
        [
            60,
            77,
            [
                444,
                1485
            ],
            [
                436,
                1494
            ]
        ],
        [
            61,
            78,
            [
                456,
                1508
            ],
            [
                444,
                1520
            ]
        ]
    ],
    "transports": [
        "metro"
    ],
    "type_name": "ROOT",
    "type_text_id": 78,
    "upper_case": false,
    "width": 1166,
    "word_wrap": false
}