{
    "lines": [
        {
            "delays": [],
            "name": "L1",
            "scheme": "l1",
            "segments": [
                [
                    0,
                    1,
                    120
                ],
                [
                    1,
                    0,
                    120
                ],
                [
                    1,
                    2,
                    120
                ],
                [
                    2,
                    1,
                    120
                ],
                [
                    2,
                    3,
                    180
                ],
                [
                    3,
                    2,
                    180
                ],
                [
                    3,
                    4,
                    240
                ],
                [
                    4,
                    3,
                    240
                ],
                [
                    4,
                    5,
                    120
                ],
                [
                    5,
                    4,
                    120
                ],
                [
                    5,
                    6,
                    780
                ],
                [
                    6,
                    5,
                    840
                ],
                [
                    6,
                    7,
                    120
                ],
                [
                    7,
                    6,
                    240
                ],
                [
                    7,
                    8,
                    120
                ],
                [
                    8,
                    7,
                    120
                ],
                [
                    8,
                    9,
                    120
                ],
                [
                    9,
                    8,
                    120
                ],
                [
                    9,
                    10,
                    180
                ],
                [
                    10,
                    9,
                    60
                ],
                [
                    10,
                    11,
                    420
                ],
                [
                    11,
                    10,
                    480
                ],
                [
                    11,
                    12,
                    540
                ],
                [
                    12,
                    11,
                    660
                ],
                [
                    12,
                    13,
                    180
                ],
                [
                    13,
                    12,
                    180
                ],
                [
                    13,
                    14,
                    180
                ],
                [
                    14,
                    13,
                    120
                ],
                [
                    14,
                    15,
                    120
                ],
                [
                    15,
                    14,
                    180
                ],
                [
                    15,
                    16,
                    300
                ],
                [
                    16,
                    15,
                    180
                ],
                [
                    16,
                    17,
                    180
                ],
                [
                    17,
                    16,
                    300
                ],
                [
                    17,
                    18,
                    120
                ],
                [
                    18,
                    17,
                    120
                ],
                [
                    18,
                    19,
                    180
                ],
                [
                    19,
                    18,
                    180
                ],
                [
                    19,
                    20,
                    120
                ],
                [
                    20,
                    19,
                    120
                ]
            ],
            "stations": [
                [
                    0,
                    "Luceros",
                    0
                ],
                [
                    1,
                    "Mercado",
                    1
                ],
                [
                    2,
                    "MARQ-CASTILLO",
                    2
                ],
                [
                    3,
                    "Sangueta",
                    3
                ],
                [
                    4,
                    "La Isleta",
                    4
                ],
                [
                    5,
                    "Lucentum",
                    5
                ],
                [
                    6,
                    "El Campello",
                    6
                ],
                [
                    7,
                    "Poble Espanyol",
                    7
                ],
                [
                    8,
                    "Amerador",
                    8
                ],
                [
                    9,
                    "Coveta Fuma",
                    9
                ],
                [
                    10,
                    "Cala Piteres",
                    10
                ],
                [
                    11,
                    "Venta Lanuza",
                    11
                ],
                [
                    12,
                    "Paradis",
                    12
                ],
                [
                    13,
                    "La Vila Joiosa",
                    13
                ],
                [
                    14,
                    "Creueta",
                    14
                ],
                [
                    15,
                    "Costera Pastor",
                    15
                ],
                [
                    16,
                    "Hospital Vila",
                    16
                ],
                [
                    17,
                    "C.C La Marina-Finestrat",
                    17
                ],
                [
                    18,
                    "Terra Mitica",
                    18
                ],
                [
                    19,
                    "Benidorm",
                    19
                ],
                [
                    20,
                    "Benidorm Intermodal",
                    20
                ]
            ],
            "text_id": 21
        },
        {
            "delays": [],
            "name": "L2",
            "scheme": "l2",
            "segments": [
                [
                    21,
                    22,
                    120
                ],
                [
                    22,
                    21,
                    120
                ],
                [
                    22,
                    23,
                    120
                ],
                [
                    23,
                    22,
                    120
                ],
                [
                    23,
                    24,
                    120
                ],
                [
                    24,
                    23,
                    120
                ],
                [
                    24,
                    25,
                    120
                ],
                [
                    25,
                    24,
                    120
                ],
                [
                    25,
                    26,
                    120
                ],
                [
                    26,
                    25,
                    120
                ],
                [
                    26,
                    27,
                    120
                ],
                [
                    27,
                    26,
                    180
                ],
                [
                    27,
                    28,
                    180
                ],
                [
                    28,
                    27,
                    120
                ],
                [
                    28,
                    29,
                    120
                ],
                [
                    29,
                    28,
                    120
                ],
                [
                    29,
                    30,
                    120
                ],
                [
                    30,
                    29,
                    120
                ],
                [
                    30,
                    31,
                    120
                ],
                [
                    31,
                    30,
                    120
                ],
                [
                    31,
                    32,
                    180
                ],
                [
                    32,
                    31,
                    180
                ],
                [
                    32,
                    33,
                    120
                ],
                [
                    33,
                    32,
                    120
                ],
                [
                    33,
                    34,
                    120
                ],
                [
                    34,
                    33,
                    120
                ]
            ],
            "stations": [
                [
                    21,
                    "Luceros",
                    0
                ],
                [
                    22,
                    "Mercado",
                    1
                ],
                [
                    23,
                    "MARQ-CASTILLO",
                    2
                ],
                [
                    24,
                    "La Goteta-Plaza Mar 2",
                    22
                ],
                [
                    25,
                    "Bulevar del Pla",
                    23
                ],
                [
                    26,
                    "Garbinet",
                    24
                ],
                [
                    27,
                    "Hospital",
                    25
                ],
                [
                    28,
                    "Maestro Alonso",
                    26
                ],
                [
                    29,
                    "Pintor Gaston Castello",
                    27
                ],
                [
                    30,
                    "Virgen del Remedio",
                    28
                ],
                [
                    31,
                    "Ciudad Jardin",
                    29
                ],
                [
                    32,
                    "Santa Isabel",
                    30
                ],
                [
                    33,
                    "Universitat",
                    31
                ],
                [
                    34,
                    "Sant Vicent del Raspeig",
                    32
                ]
            ],
            "text_id": 33
        },
        {
            "delays": [],
            "name": "L3",
            "scheme": "l3",
            "segments": [
                [
                    35,
                    36,
                    120
                ],
                [
                    36,
                    35,
                    120
                ],
                [
                    36,
                    37,
                    120
                ],
                [
                    37,
                    36,
                    120
                ],
                [
                    37,
                    38,
                    180
                ],
                [
                    38,
                    37,
                    180
                ],
                [
                    38,
                    39,
                    240
                ],
                [
                    39,
                    38,
                    240
                ],
                [
                    39,
                    40,
                    60
                ],
                [
                    40,
                    39,
                    60
                ],
                [
                    40,
                    41,
                    60
                ],
                [
                    41,
                    40,
                    60
                ],
                [
                    41,
                    42,
                    120
                ],
                [
                    42,
                    41,
                    120
                ],
                [
                    42,
                    43,
                    60
                ],
                [
                    43,
                    42,
                    60
                ],
                [
                    43,
                    44,
                    120
                ],
                [
                    44,
                    43,
                    120
                ],
                [
                    44,
                    45,
                    180
                ],
                [
                    45,
                    44,
                    180
                ],
                [
                    45,
                    46,
                    120
                ],
                [
                    46,
                    45,
                    120
                ],
                [
                    46,
                    47,
                    120
                ],
                [
                    47,
                    46,
                    120
                ],
                [
                    47,
                    48,
                    120
                ],
                [
                    48,
                    47,
                    120
                ],
                [
                    48,
                    49,
                    60
                ],
                [
                    49,
                    48,
                    60
                ],
                [
                    49,
                    50,
                    60
                ],
                [
                    50,
                    49,
                    120
                ],
                [
                    50,
                    51,
                    120
                ],
                [
                    51,
                    50,
                    120
                ]
            ],
            "stations": [
                [
                    35,
                    "Luceros",
                    0
                ],
                [
                    36,
                    "Mercado",
                    1
                ],
                [
                    37,
                    "MARQ-CASTILLO",
                    2
                ],
                [
                    38,
                    "Sangueta",
                    3
                ],
                [
                    39,
                    "La Isleta",
                    4
                ],
                [
                    40,
                    "Albufereta",
                    34
                ],
                [
                    41,
                    "Lucentum",
                    5
                ],
                [
                    42,
                    "Condomina",
                    35
                ],
                [
                    43,
                    "Campo de Golf",
                    36
                ],
                [
                    44,
                    "Costa Blanca",
                    37
                ],
                [
                    45,
                    "Carrabiners",
                    38
                ],
                [
                    46,
                    "Muchavista",
                    39
                ],
                [
                    47,
                    "Les Llances",
                    40
                ],
                [
                    48,
                    "Fabraquer",
                    41
                ],
                [
                    49,
                    "Salesians",
                    42
                ],
                [
                    50,
                    "Pla Barraques",
                    43
                ],
                [
                    51,
                    "El Campello",
                    6
                ]
            ],
            "text_id": 44
        },
        {
            "delays": [],
            "name": "L4",
            "scheme": "l4",
            "segments": [
                [
                    52,
                    53,
                    120
                ],
                [
                    53,
                    52,
                    120
                ],
                [
                    53,
                    54,
                    120
                ],
                [
                    54,
                    53,
                    120
                ],
                [
                    54,
                    55,
                    180
                ],
                [
                    55,
                    54,
                    180
                ],
                [
                    55,
                    56,
                    240
                ],
                [
                    56,
                    55,
                    240
                ],
                [
                    56,
                    57,
                    60
                ],
                [
                    57,
                    56,
                    180
                ],
                [
                    57,
                    58,
                    120
                ],
                [
                    58,
                    57,
                    120
                ],
                [
                    58,
                    59,
                    60
                ],
                [
                    59,
                    58,
                    180
                ],
                [
                    59,
                    60,
                    120
                ],
                [
                    60,
                    59,
                    120
                ],
                [
                    60,
                    61,
                    120
                ],
                [
                    61,
                    60,
                    120
                ],
                [
                    61,
                    62,
                    120
                ],
                [
                    62,
                    61,
                    120
                ],
                [
                    62,
                    63,
                    120
                ],
                [
                    62,
                    69,
                    180
                ],
                [
                    63,
                    64,
                    120
                ],
                [
                    64,
                    65,
                    120
                ],
                [
                    65,
                    66,
                    120
                ],
                [
                    66,
                    67,
                    120
                ],
                [
                    67,
                    68,
                    120
                ],
                [
                    68,
                    69,
                    60
                ]
            ],
            "stations": [
                [
                    52,
                    "Luceros",
                    0
                ],
                [
                    53,
                    "Mercado",
                    1
                ],
                [
                    54,
                    "MARQ-CASTILLO",
                    2
                ],
                [
                    55,
                    "Sangueta",
                    3
                ],
                [
                    56,
                    "La Isleta",
                    4
                ],
                [
                    57,
                    "Albufereta",
                    34
                ],
                [
                    58,
                    "Lucentum",
                    5
                ],
                [
                    59,
                    "Miriam Blasco",
                    45
                ],
                [
                    60,
                    "Sergio Cardell",
                    46
                ],
                [
                    61,
                    "Tridente",
                    47
                ],
                [
                    62,
                    "Av. Naciones",
                    48
                ],
                [
                    63,
                    "Cabo Huertas",
                    49
                ],
                [
                    64,
                    "Av. Benidorm",
                    50
                ],
                [
                    65,
                    "Londres",
                    51
                ],
                [
                    66,
                    "Pl. La Coruna",
                    52
                ],
                [
                    67,
                    "Instituto",
                    53
                ],
                [
                    68,
                    "P. Escandinavos",
                    54
                ],
                [
                    69,
                    "Holanda",
                    55
                ]
            ],
            "text_id": 56
        },
        {
            "delays": [],
            "name": "L5",
            "scheme": "l5",
            "segments": [
                [
                    70,
                    71,
                    0
                ],
                [
                    71,
                    70,
                    0
                ],
                [
                    71,
                    72,
                    0
                ],
                [
                    72,
                    71,
                    0
                ],
                [
                    72,
                    73,
                    0
                ],
                [
                    73,
                    72,
                    0
                ],
                [
                    73,
                    74,
                    0
                ],
                [
                    74,
                    73,
                    0
                ],
                [
                    74,
                    75,
                    0
                ],
                [
                    75,
                    74,
                    0
                ],
                [
                    75,
                    76,
                    0
                ],
                [
                    76,
                    75,
                    0
                ],
                [
                    76,
                    77,
                    0
                ],
                [
                    77,
                    76,
                    0
                ],
                [
                    77,
                    78,
                    0
                ],
                [
                    78,
                    77,
                    0
                ],
                [
                    78,
                    79,
                    0
                ],
                [
                    79,
                    78,
                    0
                ],
                [
                    79,
                    80,
                    0
                ],
                [
                    79,
                    86,
                    null
                ],
                [
                    80,
                    81,
                    null
                ],
                [
                    81,
                    82,
                    null
                ],
                [
                    82,
                    83,
                    null
                ],
                [
                    83,
                    84,
                    null
                ],
                [
                    84,
                    85,
                    null
                ],
                [
                    85,
                    86,
                    null
                ]
            ],
            "stations": [
                [
                    70,
                    "Porta Del Mar",
                    57
                ],
                [
                    71,
                    "La Marina",
                    58
                ],
                [
                    72,
                    "Sangueta",
                    3
                ],
                [
                    73,
                    "La Isleta",
                    4
                ],
                [
                    74,
                    "Albufereta",
                    34
                ],
                [
                    75,
                    "Lucentum",
                    5
                ],
                [
                    76,
                    "Miriam Blasco",
                    45
                ],
                [
                    77,
                    "Sergio Cardell",
                    46
                ],
                [
                    78,
                    "Tridente",
                    47
                ],
                [
                    79,
                    "Av. Naciones",
                    48
                ],
                [
                    80,
                    "Cabo Huertas",
                    49
                ],
                [
                    81,
                    "Av. Benidorm",
                    50
                ],
                [
                    82,
                    "Londres",
                    51
                ],
                [
                    83,
                    "Pl. La Coruna",
                    52
                ],
                [
                    84,
                    "Instituto",
                    53
                ],
                [
                    85,
                    "P. Escandinavos",
                    54
                ],
                [
                    86,
                    "Holanda",
                    55
                ]
            ],
            "text_id": 59
        },
        {
            "delays": [],
            "name": "L9",
            "scheme": "l9",
            "segments": [
                [
                    87,
                    88,
                    120
                ],
                [
                    88,
                    87,
                    120
                ],
                [
                    88,
                    89,
                    120
                ],
                [
                    89,
                    88,
                    120
                ],
                [
                    89,
                    90,
                    180
                ],
                [
                    90,
                    89,
                    180
                ],
                [
                    90,
                    91,
                    120
                ],
                [
                    91,
                    90,
                    120
                ],
                [
                    91,
                    92,
                    300
                ],
                [
                    92,
                    91,
                    240
                ],
                [
                    92,
                    93,
                    180
                ],
                [
                    93,
                    92,
                    180
                ],
                [
                    93,
                    94,
                    120
                ],
                [
                    94,
                    93,
                    240
                ],
                [
                    94,
                    95,
                    240
                ],
                [
                    95,
                    94,
                    120
                ],
                [
                    95,
                    96,
                    720
                ],
                [
                    96,
                    95,
                    780
                ],
                [
                    96,
                    97,
                    null
                ],
                [
                    96,
                    98,
                    1140
                ],
                [
                    97,
                    96,
                    null
                ],
                [
                    97,
                    98,
                    0
                ],
                [
                    98,
                    96,
                    1260
                ],
                [
                    98,
                    97,
                    null
                ],
                [
                    98,
                    99,
                    420
                ],
                [
                    99,
                    98,
                    420
                ],
                [
                    99,
                    100,
                    720
                ],
                [
                    100,
                    99,
                    720
                ],
                [
                    100,
                    101,
                    660
                ],
                [
                    101,
                    100,
                    720
                ],
                [
                    101,
                    102,
                    null
                ],
                [
                    101,
                    103,
                    660
                ],
                [
                    102,
                    101,
                    null
                ],
                [
                    102,
                    103,
                    0
                ],
                [
                    103,
                    101,
                    660
                ],
                [
                    103,
                    102,
                    null
                ],
                [
                    103,
                    104,
                    300
                ]
            ],
            "stations": [
                [
                    87,
                    "Benidorm",
                    19
                ],
                [
                    88,
                    "Benidorm Intermodal",
                    20
                ],
                [
                    89,
                    "Cami Coves",
                    60
                ],
                [
                    90,
                    "L'Alfas del Pi",
                    61
                ],
                [
                    91,
                    "El Albir",
                    62
                ],
                [
                    92,
                    "Altea",
                    63
                ],
                [
                    93,
                    "Garganes",
                    64
                ],
                [
                    94,
                    "Cap Negret",
                    65
                ],
                [
                    95,
                    "Olla Altea",
                    66
                ],
                [
                    96,
                    "Calp",
                    67
                ],
                [
                    97,
                    "Ferrandet",
                    68
                ],
                [
                    98,
                    "Benissa",
                    69
                ],
                [
                    99,
                    "Teulada",
                    70
                ],
                [
                    100,
                    "Gata",
                    71
                ],
                [
                    101,
                    "La Xara",
                    72
                ],
                [
                    102,
                    "La Pedrera",
                    73
                ],
                [
                    103,
                    "Alqueries",
                    74
                ],
                [
                    104,
                    "Denia",
                    75
                ]
            ],
            "text_id": 76
        }
    ],
    "name": "metro",
    "transfers": [
        [
            40,
            57,
            120,
            true
        ],
        [
            40,
            74,
            120,
            true
        ],
        [
            57,
            74,
            120,
            true
        ],
        [
            64,
            81,
            120,
            true
        ],
        [
            62,
            79,
            120,
            true
        ],
        [
            19,
            87,
            120,
            true
        ],
        [
            20,
            88,
            120,
            true
        ],
        [
            63,
            80,
            120,
            true
        ],
        [
            6,
            51,
            120,
            true
        ],
        [
            69,
            86,
            120,
            true
        ],
        [
            67,
            84,
            120,
            true
        ],
        [
            4,
            39,
            120,
            true
        ],
        [
            4,
            56,
            120,
            true
        ],
        [
            4,
            73,
            120,
            true
        ],
        [
            39,
            56,
            120,
            true
        ],
        [
            39,
            73,
            120,
            true
        ],
        [
            56,
            73,
            120,
            true
        ],
        [
            65,
            82,
            120,
            true
        ],
        [
            5,
            41,
            120,
            true
        ],
        [
            5,
            58,
            120,
            true
        ],
        [
            5,
            75,
            120,
            true
        ],
        [
            41,
            58,
            120,
            true
        ],
        [
            41,
            75,
            120,
            true
        ],
        [
            58,
            75,
            120,
            true
        ],
        [
            0,
            21,
            120,
            true
        ],
        [
            0,
            35,
            120,
            true
        ],
        [
            0,
            52,
            120,
            true
        ],
        [
            21,
            35,
            120,
            true
        ],
        [
            21,
            52,
            120,
            true
        ],
        [
            35,
            52,
            120,
            true
        ],
        [
            2,
            23,
            120,
            true
        ],
        [
            2,
            37,
            120,
            true
        ],
        [
            2,
            54,
            120,
            true
        ],
        [
            23,
            37,
            120,
            true
        ],
        [
            23,
            54,
            120,
            true
        ],
        [
            37,
            54,
            120,
            true
        ],
        [
            1,
            22,
            120,
            true
        ],
        [
            1,
            36,
            120,
            true
        ],
        [
            1,
            53,
            120,
            true
        ],
        [
            22,
            36,
            120,
            true
        ],
        [
            22,
            53,
            120,
            true
        ],
        [
            36,
            53,
            120,
            true
        ],
        [
            59,
            76,
            120,
            true
        ],
        [
            68,
            85,
            120,
            true
        ],
        [
            66,
            83,
            120,
            true
        ],
        [
            3,
            38,
            120,
            true
        ],
        [
            3,
            55,
            120,
            true
        ],
        [
            3,
            72,
            120,
            true
        ],
        [
            38,
            55,
            120,
            true
        ],
        [
            38,
            72,
            120,
            true
        ],
        [
            55,
            72,
            120,
            true
        ],
        [
            60,
            77,
            120,
            true
        ],
        [
            61,
            78,
            120,
            true
        ]
    ],
    "type_name": "Трамвай"
}