{
    "0": "Kosmonavt Uuly",
    "1": "Choybalsan",
    "2": "Moskva Uuly",
    "3": "Zuun Urt",
    "4": "Baruun Urt",
    "5": "Suhbaatar",
    "6": "1",
    "7": "Метро",
    "8": "ROOT",
    "9": "Схема мечтателя\nСхема от 28.06.2008 г.\nАвтор: Варламов Дмитрий (www.chpeks.com)\n\nВ Улан-Баторе нет метро. Схема мечтателя взята с сайта http://ulaanbaator.narod.ru/",
    "10": "Imported from http://pmetro.su"
}