{
    "default_transports": [
        "metro"
    ],
    "height": 505,
    "images": [
        "res/schemes/yellow.svg"
    ],
    "is_vector": true,
    "lines": [
        {
            "labels_bg_color": "-1",
            "labels_color": "000000",
            "line_color": "4E84C4",
            "line_width": 9,
            "name": "Blue line",
            "segments": [],
            "stations": [
                {
                    "coord": null,
                    "is_working": true,
                    "name": "Amadora Este",
                    "rect": null,
                    "text_id": 0,
                    "uid": 0
                },
                {
                    "coord": null,
                    "is_working": true,
                    "name": "Alfornelos",
                    "rect": null,
                    "text_id": 1,
                    "uid": 1
                },
                {
                    "coord": null,
                    "is_working": true,
                    "name": "Pontinha",
                    "rect": null,
                    "text_id": 2,
                    "uid": 2
                },
                {
                    "coord": null,
                    "is_working": true,
                    "name": "Carnide",
                    "rect": null,
                    "text_id": 3,
                    "uid": 3
                },
                {
                    "coord": null,
                    "is_working": true,
                    "name": "Colegio Militar/Luz",
                    "rect": null,
                    "text_id": 4,
                    "uid": 4
                },
                {
                    "coord": null,
                    "is_working": true,
                    "name": "Alto dos Moinhos",
                    "rect": null,
                    "text_id": 5,
                    "uid": 5
                },
                {
                    "coord": null,
                    "is_working": true,
                    "name": "Laranjeiras",
                    "rect": null,
                    "text_id": 6,
                    "uid": 6
                },
                {
                    "coord": null,
                    "is_working": true,
                    "name": "Jardim Zoologico",
                    "rect": null,
                    "text_id": 7,
                    "uid": 7
                },
                {
                    "coord": null,
                    "is_working": true,
                    "name": "Praca de Espanha",
                    "rect": null,
                    "text_id": 8,
                    "uid": 8
                },
                {
                    "coord": null,
                    "is_working": true,
                    "name": "S.Sebastiao",
                    "rect": null,
                    "text_id": 9,
                    "uid": 9
                },
                {
                    "coord": null,
                    "is_working": true,
                    "name": "Parque",
                    "rect": null,
                    "text_id": 10,
                    "uid": 10
                },
                {
                    "coord": [
                        140,
                        330
                    ],
                    "is_working": true,
                    "name": "Marques de Pombal",
                    "rect": [
                        26,
                        323,
                        100,
                        15
                    ],
                    "text_id": 11,
                    "uid": 11
                },
                {
                    "coord": null,
                    "is_working": true,
                    "name": "Avenida",
                    "rect": null,
                    "text_id": 12,
                    "uid": 12
                },
                {
                    "coord": null,
                    "is_working": true,
                    "name": "Restauradores",
                    "rect": null,
                    "text_id": 13,
                    "uid": 13
                },
                {
                    "coord": null,
                    "is_working": true,
                    "name": "Baixa-Chiado",
                    "rect": null,
                    "text_id": 14,
                    "uid": 14
                },
                {
                    "coord": null,
                    "is_working": true,
                    "name": "Terreiro do Paco",
                    "rect": null,
                    "text_id": 15,
                    "uid": 15
                },
                {
                    "coord": null,
                    "is_working": true,
                    "name": "Santa Apolonia",
                    "rect": null,
                    "text_id": 16,
                    "uid": 16
                }
            ],
            "text_id": 17
        },
        {
            "labels_bg_color": "-1",
            "labels_color": "000000",
            "line_color": "FDB913",
            "line_width": 9,
            "name": "Yellow line",
            "segments": [
                [
                    17,
                    18,
                    [
                        [
                            155,
                            80
                        ],
                        [
                            155,
                            55
                        ]
                    ],
                    true
                ],
                [
                    18,
                    19,
                    [
                        [
                            155,
                            105
                        ],
                        [
                            155,
                            80
                        ]
                    ],
                    true
                ],
                [
                    19,
                    20,
                    [
                        [
                            155,
                            130
                        ],
                        [
                            155,
                            105
                        ]
                    ],
                    true
                ],
                [
                    20,
                    21,
                    [
                        [
                            155,
                            155
                        ],
                        [
                            155,
                            130
                        ]
                    ],
                    true
                ],
                [
                    21,
                    22,
                    [
                        [
                            155,
                            180
                        ],
                        [
                            155,
                            155
                        ]
                    ],
                    true
                ],
                [
                    22,
                    23,
                    [
                        [
                            155,
                            205
                        ],
                        [
                            155,
                            180
                        ]
                    ],
                    true
                ],
                [
                    23,
                    24,
                    [
                        [
                            155,
                            230
                        ],
                        [
                            155,
                            205
                        ]
                    ],
                    true
                ],
                [
                    24,
                    25,
                    [
                        [
                            155,
                            255
                        ],
                        [
                            155,
                            230
                        ]
                    ],
                    true
                ],
                [
                    25,
                    26,
                    [
                        [
                            155,
                            280
                        ],
                        [
                            155,
                            255
                        ]
                    ],
                    true
                ],
                [
                    26,
                    27,
                    [
                        [
                            155,
                            305
                        ],
                        [
                            155,
                            280
                        ]
                    ],
                    true
                ],
                [
                    27,
                    28,
                    [
                        [
                            155,
                            330
                        ],
                        [
                            155,
                            305
                        ]
                    ],
                    true
                ],
                [
                    28,
                    29,
                    [
                        [
                            155,
                            355
                        ],
                        [
                            155,
                            330
                        ]
                    ],
                    true
                ]
            ],
            "stations": [
                {
                    "coord": [
                        155,
                        55
                    ],
                    "is_working": true,
                    "name": "Odivelas",
                    "rect": [
                        169,
                        48,
                        46,
                        15
                    ],
                    "text_id": 18,
                    "uid": 17
                },
                {
                    "coord": [
                        155,
                        80
                    ],
                    "is_working": true,
                    "name": "Senhor Roubado",
                    "rect": [
                        169,
                        73,
                        84,
                        15
                    ],
                    "text_id": 19,
                    "uid": 18
                },
                {
                    "coord": [
                        155,
                        105
                    ],
                    "is_working": true,
                    "name": "Ameixoiera",
                    "rect": [
                        169,
                        98,
                        59,
                        15
                    ],
                    "text_id": 20,
                    "uid": 19
                },
                {
                    "coord": [
                        155,
                        130
                    ],
                    "is_working": true,
                    "name": "Lumiar",
                    "rect": [
                        169,
                        123,
                        36,
                        15
                    ],
                    "text_id": 21,
                    "uid": 20
                },
                {
                    "coord": [
                        155,
                        155
                    ],
                    "is_working": true,
                    "name": "Quinta das Conchas",
                    "rect": [
                        169,
                        148,
                        102,
                        15
                    ],
                    "text_id": 22,
                    "uid": 21
                },
                {
                    "coord": [
                        155,
                        180
                    ],
                    "is_working": true,
                    "name": "Campo Grande",
                    "rect": [
                        169,
                        173,
                        76,
                        15
                    ],
                    "text_id": 23,
                    "uid": 22
                },
                {
                    "coord": [
                        155,
                        205
                    ],
                    "is_working": true,
                    "name": "Cicade Universitaria",
                    "rect": [
                        169,
                        198,
                        104,
                        15
                    ],
                    "text_id": 24,
                    "uid": 23
                },
                {
                    "coord": [
                        155,
                        230
                    ],
                    "is_working": true,
                    "name": "Entre Campos",
                    "rect": [
                        169,
                        223,
                        72,
                        15
                    ],
                    "text_id": 25,
                    "uid": 24
                },
                {
                    "coord": [
                        155,
                        255
                    ],
                    "is_working": true,
                    "name": "Campo Pequeno",
                    "rect": [
                        169,
                        248,
                        83,
                        15
                    ],
                    "text_id": 26,
                    "uid": 25
                },
                {
                    "coord": [
                        155,
                        280
                    ],
                    "is_working": true,
                    "name": "Saldanha",
                    "rect": [
                        169,
                        273,
                        48,
                        15
                    ],
                    "text_id": 27,
                    "uid": 26
                },
                {
                    "coord": [
                        155,
                        305
                    ],
                    "is_working": true,
                    "name": "Picoas",
                    "rect": [
                        169,
                        298,
                        36,
                        15
                    ],
                    "text_id": 28,
                    "uid": 27
                },
                {
                    "coord": [
                        155,
                        330
                    ],
                    "is_working": true,
                    "name": "Marques de Pombal",
                    "rect": [
                        169,
                        323,
                        100,
                        15
                    ],
                    "text_id": 11,
                    "uid": 28
                },
                {
                    "coord": [
                        155,
                        355
                    ],
                    "is_working": true,
                    "name": "Rato",
                    "rect": [
                        169,
                        348,
                        25,
                        15
                    ],
                    "text_id": 29,
                    "uid": 29
                }
            ],
            "text_id": 30
        },
        {
            "labels_bg_color": "-1",
            "labels_color": "000000",
            "line_color": "00AAA6",
            "line_width": 9,
            "name": "Green line",
            "segments": [],
            "stations": [
                {
                    "coord": null,
                    "is_working": true,
                    "name": "Telheiras",
                    "rect": null,
                    "text_id": 31,
                    "uid": 30
                },
                {
                    "coord": [
                        140,
                        180
                    ],
                    "is_working": true,
                    "name": "Campo Grande",
                    "rect": [
                        50,
                        173,
                        76,
                        15
                    ],
                    "text_id": 23,
                    "uid": 31
                },
                {
                    "coord": null,
                    "is_working": true,
                    "name": "Alvalade",
                    "rect": null,
                    "text_id": 32,
                    "uid": 32
                },
                {
                    "coord": null,
                    "is_working": true,
                    "name": "Roma",
                    "rect": null,
                    "text_id": 33,
                    "uid": 33
                },
                {
                    "coord": null,
                    "is_working": true,
                    "name": "Areeiro",
                    "rect": null,
                    "text_id": 34,
                    "uid": 34
                },
                {
                    "coord": null,
                    "is_working": true,
                    "name": "Alameda",
                    "rect": null,
                    "text_id": 35,
                    "uid": 35
                },
                {
                    "coord": null,
                    "is_working": true,
                    "name": "Arroios",
                    "rect": null,
                    "text_id": 36,
                    "uid": 36
                },
                {
                    "coord": null,
                    "is_working": true,
                    "name": "Anjos",
                    "rect": null,
                    "text_id": 37,
                    "uid": 37
                },
                {
                    "coord": null,
                    "is_working": true,
                    "name": "Intendente",
                    "rect": null,
                    "text_id": 38,
                    "uid": 38
                },
                {
                    "coord": null,
                    "is_working": true,
                    "name": "Martim Moniz",
                    "rect": null,
                    "text_id": 39,
                    "uid": 39
                },
                {
                    "coord": null,
                    "is_working": true,
                    "name": "Rossio",
                    "rect": null,
                    "text_id": 40,
                    "uid": 40
                },
                {
                    "coord": null,
                    "is_working": true,
                    "name": "Baixa-Chiado",
                    "rect": null,
                    "text_id": 14,
                    "uid": 41
                },
                {
                    "coord": null,
                    "is_working": true,
                    "name": "Cais do Sodre",
                    "rect": null,
                    "text_id": 41,
                    "uid": 42
                }
            ],
            "text_id": 42
        },
        {
            "labels_bg_color": "-1",
            "labels_color": "000000",
            "line_color": "EE2B74",
            "line_width": 9,
            "name": "Red line",
            "segments": [],
            "stations": [
                {
                    "coord": null,
                    "is_working": true,
                    "name": "S.Sebastiao",
                    "rect": null,
                    "text_id": 9,
                    "uid": 43
                },
                {
                    "coord": [
                        140,
                        280
                    ],
                    "is_working": true,
                    "name": "Saldanha",
                    "rect": [
                        78,
                        273,
                        48,
                        15
                    ],
                    "text_id": 27,
                    "uid": 44
                },
                {
                    "coord": null,
                    "is_working": true,
                    "name": "Alameda",
                    "rect": null,
                    "text_id": 35,
                    "uid": 45
                },
                {
                    "coord": null,
                    "is_working": true,
                    "name": "Olaias",
                    "rect": null,
                    "text_id": 43,
                    "uid": 46
                },
                {
                    "coord": null,
                    "is_working": true,
                    "name": "Bela Vista",
                    "rect": null,
                    "text_id": 44,
                    "uid": 47
                },
                {
                    "coord": null,
                    "is_working": true,
                    "name": "Chelas",
                    "rect": null,
                    "text_id": 45,
                    "uid": 48
                },
                {
                    "coord": null,
                    "is_working": true,
                    "name": "Olivais",
                    "rect": null,
                    "text_id": 46,
                    "uid": 49
                },
                {
                    "coord": null,
                    "is_working": true,
                    "name": "Cabo Ruivo",
                    "rect": null,
                    "text_id": 47,
                    "uid": 50
                },
                {
                    "coord": null,
                    "is_working": true,
                    "name": "Oriente",
                    "rect": null,
                    "text_id": 48,
                    "uid": 51
                },
                {
                    "coord": null,
                    "is_working": true,
                    "name": "Moscavide",
                    "rect": null,
                    "text_id": 49,
                    "uid": 52
                },
                {
                    "coord": null,
                    "is_working": true,
                    "name": "Escarnacao",
                    "rect": null,
                    "text_id": 50,
                    "uid": 53
                },
                {
                    "coord": null,
                    "is_working": true,
                    "name": "Aeroporto",
                    "rect": null,
                    "text_id": 51,
                    "uid": 54
                }
            ],
            "text_id": 52
        }
    ],
    "lines_width": 9,
    "name": "yellow",
    "name_text_id": 30,
    "stations_diameter": 16.0,
    "transfers": [
        [
            11,
            28,
            [
                140,
                330
            ],
            [
                155,
                330
            ]
        ],
        [
            14,
            41,
            null,
            null
        ],
        [
            31,
            22,
            [
                140,
                180
            ],
            [
                155,
                180
            ]
        ],
        [
            35,
            45,
            null,
            null
        ],
        [
            9,
            43,
            null,
            null
        ],
        [
            26,
            44,
            [
                155,
                280
            ],
            [
                140,
                280
            ]
        ]
    ],
    "transports": [
        "metro"
    ],
    "type_name": "Метро",
    "type_text_id": 55,
    "upper_case": true,
    "width": 305,
    "word_wrap": false
}