{
    "default_transports": [
        "metro"
    ],
    "height": 1034,
    "images": [
        "res/schemes/chengdu.svg"
    ],
    "is_vector": true,
    "lines": [
        {
            "labels_bg_color": "-1",
            "labels_color": "005FDF",
            "line_color": "005FDF",
            "line_width": 7,
            "name": "1",
            "segments": [
                [
                    0,
                    1,
                    [
                        [
                            512,
                            116
                        ],
                        [
                            512,
                            78
                        ]
                    ],
                    true
                ],
                [
                    1,
                    2,
                    [
                        [
                            512,
                            152
                        ],
                        [
                            512,
                            116
                        ]
                    ],
                    true
                ],
                [
                    2,
                    3,
                    [
                        [
                            491,
                            230
                        ],
                        [
                            491.0,
                            198.0
                        ],
                        [
                            512.0,
                            177.0
                        ],
                        [
                            512,
                            152
                        ]
                    ],
                    true
                ],
                [
                    3,
                    4,
                    [
                        [
                            491,
                            296
                        ],
                        [
                            491,
                            230
                        ]
                    ],
                    true
                ],
                [
                    4,
                    5,
                    [
                        [
                            491,
                            335
                        ],
                        [
                            491,
                            296
                        ]
                    ],
                    true
                ],
                [
                    5,
                    6,
                    [
                        [
                            491,
                            390
                        ],
                        [
                            491,
                            335
                        ]
                    ],
                    true
                ],
                [
                    6,
                    7,
                    [
                        [
                            491,
                            420
                        ],
                        [
                            491,
                            390
                        ]
                    ],
                    true
                ],
                [
                    7,
                    8,
                    [
                        [
                            491,
                            445
                        ],
                        [
                            491,
                            420
                        ]
                    ],
                    true
                ],
                [
                    8,
                    9,
                    [
                        [
                            491,
                            469
                        ],
                        [
                            491,
                            445
                        ]
                    ],
                    true
                ],
                [
                    9,
                    10,
                    [
                        [
                            491,
                            493
                        ],
                        [
                            491,
                            469
                        ]
                    ],
                    true
                ],
                [
                    10,
                    11,
                    [
                        [
                            491,
                            519
                        ],
                        [
                            491,
                            493
                        ]
                    ],
                    true
                ],
                [
                    11,
                    12,
                    [
                        [
                            470,
                            584
                        ],
                        [
                            470.0,
                            560.0
                        ],
                        [
                            491.0,
                            539.0
                        ],
                        [
                            491,
                            519
                        ]
                    ],
                    true
                ],
                [
                    12,
                    13,
                    [
                        [
                            470,
                            615
                        ],
                        [
                            470,
                            584
                        ]
                    ],
                    true
                ],
                [
                    13,
                    14,
                    [
                        [
                            491,
                            682
                        ],
                        [
                            491.0,
                            658.0
                        ],
                        [
                            470.0,
                            637.0
                        ],
                        [
                            470,
                            615
                        ]
                    ],
                    true
                ],
                [
                    14,
                    15,
                    [
                        [
                            491,
                            714
                        ],
                        [
                            491,
                            682
                        ]
                    ],
                    true
                ],
                [
                    15,
                    16,
                    [
                        [
                            491,
                            745
                        ],
                        [
                            491,
                            714
                        ]
                    ],
                    true
                ],
                [
                    16,
                    17,
                    [
                        [
                            491,
                            774
                        ],
                        [
                            491,
                            745
                        ]
                    ],
                    true
                ],
                [
                    17,
                    18,
                    [
                        [
                            491,
                            803
                        ],
                        [
                            491,
                            774
                        ]
                    ],
                    true
                ],
                [
                    18,
                    19,
                    [
                        [
                            491,
                            832
                        ],
                        [
                            491,
                            803
                        ]
                    ],
                    true
                ],
                [
                    19,
                    20,
                    [
                        [
                            491,
                            862
                        ],
                        [
                            491,
                            832
                        ]
                    ],
                    true
                ],
                [
                    20,
                    21,
                    [
                        [
                            513,
                            884
                        ],
                        [
                            491,
                            862
                        ]
                    ],
                    true
                ]
            ],
            "stations": [
                {
                    "coord": [
                        512,
                        78
                    ],
                    "is_working": true,
                    "name": "Shenxian Lake",
                    "rect": [
                        521,
                        71,
                        75,
                        15
                    ],
                    "text_id": 0,
                    "uid": 0
                },
                {
                    "coord": [
                        512,
                        116
                    ],
                    "is_working": true,
                    "name": "North Train Station",
                    "rect": [
                        521,
                        110,
                        94,
                        15
                    ],
                    "text_id": 1,
                    "uid": 1
                },
                {
                    "coord": [
                        512,
                        152
                    ],
                    "is_working": true,
                    "name": "Renmin Bei Lu",
                    "rect": [
                        521,
                        145,
                        75,
                        15
                    ],
                    "text_id": 2,
                    "uid": 2
                },
                {
                    "coord": [
                        491,
                        230
                    ],
                    "is_working": true,
                    "name": "Wenshu Monastery",
                    "rect": [
                        500,
                        223,
                        97,
                        15
                    ],
                    "text_id": 3,
                    "uid": 3
                },
                {
                    "coord": [
                        491,
                        296
                    ],
                    "is_working": true,
                    "name": "Luomashi",
                    "rect": [
                        504,
                        270,
                        50,
                        15
                    ],
                    "text_id": 4,
                    "uid": 4
                },
                {
                    "coord": [
                        491,
                        335
                    ],
                    "is_working": true,
                    "name": "Tianfu Square",
                    "rect": [
                        502,
                        323,
                        70,
                        15
                    ],
                    "text_id": 5,
                    "uid": 5
                },
                {
                    "coord": [
                        491,
                        390
                    ],
                    "is_working": true,
                    "name": "Jinjiang Hotel",
                    "rect": [
                        500,
                        383,
                        70,
                        15
                    ],
                    "text_id": 6,
                    "uid": 6
                },
                {
                    "coord": [
                        491,
                        420
                    ],
                    "is_working": true,
                    "name": "Huaxiba",
                    "rect": [
                        500,
                        414,
                        43,
                        15
                    ],
                    "text_id": 7,
                    "uid": 7
                },
                {
                    "coord": [
                        491,
                        445
                    ],
                    "is_working": true,
                    "name": "Sichuan Gymnasium",
                    "rect": [
                        500,
                        438,
                        104,
                        15
                    ],
                    "text_id": 8,
                    "uid": 8
                },
                {
                    "coord": [
                        491,
                        469
                    ],
                    "is_working": true,
                    "name": "Nijiaqiao",
                    "rect": [
                        500,
                        462,
                        46,
                        15
                    ],
                    "text_id": 9,
                    "uid": 9
                },
                {
                    "coord": [
                        491,
                        493
                    ],
                    "is_working": true,
                    "name": "Tongzilin",
                    "rect": [
                        500,
                        486,
                        46,
                        15
                    ],
                    "text_id": 10,
                    "uid": 10
                },
                {
                    "coord": [
                        491,
                        519
                    ],
                    "is_working": true,
                    "name": "South Train Station",
                    "rect": [
                        500,
                        512,
                        95,
                        15
                    ],
                    "text_id": 11,
                    "uid": 11
                },
                {
                    "coord": [
                        470,
                        584
                    ],
                    "is_working": true,
                    "name": "High-Tech Zone",
                    "rect": [
                        479,
                        577,
                        79,
                        15
                    ],
                    "text_id": 12,
                    "uid": 12
                },
                {
                    "coord": [
                        470,
                        615
                    ],
                    "is_working": true,
                    "name": "Financial City",
                    "rect": [
                        479,
                        608,
                        70,
                        15
                    ],
                    "text_id": 13,
                    "uid": 13
                },
                {
                    "coord": [
                        491,
                        682
                    ],
                    "is_working": true,
                    "name": "Incubation Center",
                    "rect": [
                        500,
                        675,
                        89,
                        15
                    ],
                    "text_id": 14,
                    "uid": 14
                },
                {
                    "coord": [
                        491,
                        714
                    ],
                    "is_working": true,
                    "name": "Haiyang Ocean Park",
                    "rect": [
                        500,
                        708,
                        104,
                        15
                    ],
                    "text_id": 15,
                    "uid": 15
                },
                {
                    "coord": [
                        491,
                        745
                    ],
                    "is_working": true,
                    "name": "Century City",
                    "rect": [
                        500,
                        738,
                        64,
                        15
                    ],
                    "text_id": 16,
                    "uid": 16
                },
                {
                    "coord": [
                        491,
                        774
                    ],
                    "is_working": true,
                    "name": "3 Tianfu Street",
                    "rect": [
                        500,
                        767,
                        73,
                        15
                    ],
                    "text_id": 17,
                    "uid": 17
                },
                {
                    "coord": [
                        491,
                        803
                    ],
                    "is_working": true,
                    "name": "5 Tianfu Street",
                    "rect": [
                        500,
                        796,
                        73,
                        15
                    ],
                    "text_id": 18,
                    "uid": 18
                },
                {
                    "coord": [
                        491,
                        832
                    ],
                    "is_working": true,
                    "name": "Huafu av",
                    "rect": [
                        500,
                        825,
                        46,
                        15
                    ],
                    "text_id": 19,
                    "uid": 19
                },
                {
                    "coord": [
                        491,
                        862
                    ],
                    "is_working": true,
                    "name": "Sihe",
                    "rect": [
                        500,
                        850,
                        24,
                        15
                    ],
                    "text_id": 20,
                    "uid": 20
                },
                {
                    "coord": [
                        513,
                        884
                    ],
                    "is_working": true,
                    "name": "Guandu",
                    "rect": [
                        522,
                        877,
                        40,
                        15
                    ],
                    "text_id": 21,
                    "uid": 21
                }
            ],
            "text_id": 22
        },
        {
            "labels_bg_color": "-1",
            "labels_color": "FF6600",
            "line_color": "FF6600",
            "line_width": 7,
            "name": "2",
            "segments": [
                [
                    22,
                    23,
                    [
                        [
                            114,
                            46
                        ],
                        [
                            89,
                            21
                        ]
                    ],
                    true
                ],
                [
                    23,
                    24,
                    [
                        [
                            139,
                            71
                        ],
                        [
                            114,
                            46
                        ]
                    ],
                    true
                ],
                [
                    24,
                    25,
                    [
                        [
                            167,
                            99
                        ],
                        [
                            139,
                            71
                        ]
                    ],
                    true
                ],
                [
                    25,
                    26,
                    [
                        [
                            196,
                            128
                        ],
                        [
                            167,
                            99
                        ]
                    ],
                    true
                ],
                [
                    26,
                    27,
                    [
                        [
                            217,
                            149
                        ],
                        [
                            196,
                            128
                        ]
                    ],
                    true
                ],
                [
                    27,
                    28,
                    [
                        [
                            239,
                            171
                        ],
                        [
                            217,
                            149
                        ]
                    ],
                    true
                ],
                [
                    28,
                    29,
                    [
                        [
                            258,
                            190
                        ],
                        [
                            239,
                            171
                        ]
                    ],
                    true
                ],
                [
                    29,
                    30,
                    [
                        [
                            277,
                            209
                        ],
                        [
                            258,
                            190
                        ]
                    ],
                    true
                ],
                [
                    30,
                    31,
                    [
                        [
                            298,
                            230
                        ],
                        [
                            277,
                            209
                        ]
                    ],
                    true
                ],
                [
                    31,
                    32,
                    [
                        [
                            344,
                            276
                        ],
                        [
                            298,
                            230
                        ]
                    ],
                    true
                ],
                [
                    32,
                    33,
                    [
                        [
                            364,
                            296
                        ],
                        [
                            344,
                            276
                        ]
                    ],
                    true
                ],
                [
                    33,
                    34,
                    [
                        [
                            390,
                            322
                        ],
                        [
                            364,
                            296
                        ]
                    ],
                    true
                ],
                [
                    34,
                    35,
                    [
                        [
                            415,
                            347
                        ],
                        [
                            390,
                            322
                        ]
                    ],
                    true
                ],
                [
                    35,
                    36,
                    [
                        [
                            491,
                            347
                        ],
                        [
                            415,
                            347
                        ]
                    ],
                    true
                ],
                [
                    36,
                    37,
                    [
                        [
                            590,
                            347
                        ],
                        [
                            491,
                            347
                        ]
                    ],
                    true
                ],
                [
                    37,
                    38,
                    [
                        [
                            638,
                            347
                        ],
                        [
                            590,
                            347
                        ]
                    ],
                    true
                ],
                [
                    38,
                    39,
                    [
                        [
                            663,
                            372
                        ],
                        [
                            638,
                            347
                        ]
                    ],
                    true
                ],
                [
                    39,
                    40,
                    [
                        [
                            688,
                            397
                        ],
                        [
                            663,
                            372
                        ]
                    ],
                    true
                ],
                [
                    40,
                    41,
                    [
                        [
                            712,
                            421
                        ],
                        [
                            688,
                            397
                        ]
                    ],
                    true
                ],
                [
                    41,
                    42,
                    [
                        [
                            739,
                            448
                        ],
                        [
                            712,
                            421
                        ]
                    ],
                    true
                ],
                [
                    42,
                    43,
                    [
                        [
                            765,
                            474
                        ],
                        [
                            739,
                            448
                        ]
                    ],
                    true
                ],
                [
                    43,
                    44,
                    [
                        [
                            790,
                            499
                        ],
                        [
                            765,
                            474
                        ]
                    ],
                    true
                ],
                [
                    44,
                    45,
                    [
                        [
                            809,
                            518
                        ],
                        [
                            790,
                            499
                        ]
                    ],
                    true
                ],
                [
                    45,
                    46,
                    [
                        [
                            827,
                            536
                        ],
                        [
                            809,
                            518
                        ]
                    ],
                    true
                ],
                [
                    46,
                    47,
                    [
                        [
                            846,
                            555
                        ],
                        [
                            827,
                            536
                        ]
                    ],
                    true
                ],
                [
                    47,
                    48,
                    [
                        [
                            865,
                            574
                        ],
                        [
                            846,
                            555
                        ]
                    ],
                    true
                ],
                [
                    48,
                    49,
                    [
                        [
                            884,
                            593
                        ],
                        [
                            865,
                            574
                        ]
                    ],
                    true
                ],
                [
                    49,
                    50,
                    [
                        [
                            903,
                            612
                        ],
                        [
                            884,
                            593
                        ]
                    ],
                    true
                ],
                [
                    50,
                    51,
                    [
                        [
                            922,
                            631
                        ],
                        [
                            903,
                            612
                        ]
                    ],
                    true
                ],
                [
                    51,
                    52,
                    [
                        [
                            941,
                            650
                        ],
                        [
                            922,
                            631
                        ]
                    ],
                    true
                ],
                [
                    52,
                    53,
                    [
                        [
                            961,
                            670
                        ],
                        [
                            941,
                            650
                        ]
                    ],
                    true
                ]
            ],
            "stations": [
                {
                    "coord": [
                        89,
                        21
                    ],
                    "is_working": true,
                    "name": "Xipu",
                    "rect": [
                        56,
                        14,
                        24,
                        15
                    ],
                    "text_id": 23,
                    "uid": 22
                },
                {
                    "coord": [
                        114,
                        46
                    ],
                    "is_working": true,
                    "name": "Tianhe Road",
                    "rect": [
                        41,
                        43,
                        64,
                        15
                    ],
                    "text_id": 24,
                    "uid": 23
                },
                {
                    "coord": [
                        139,
                        71
                    ],
                    "is_working": true,
                    "name": "Baicao Road",
                    "rect": [
                        64,
                        68,
                        66,
                        15
                    ],
                    "text_id": 25,
                    "uid": 24
                },
                {
                    "coord": [
                        167,
                        99
                    ],
                    "is_working": true,
                    "name": "Jinzhou Road",
                    "rect": [
                        89,
                        96,
                        69,
                        15
                    ],
                    "text_id": 26,
                    "uid": 25
                },
                {
                    "coord": [
                        196,
                        128
                    ],
                    "is_working": true,
                    "name": "Jinke Road North",
                    "rect": [
                        99,
                        125,
                        88,
                        15
                    ],
                    "text_id": 27,
                    "uid": 26
                },
                {
                    "coord": [
                        217,
                        149
                    ],
                    "is_working": true,
                    "name": "Yingbing Avenue",
                    "rect": [
                        122,
                        146,
                        86,
                        15
                    ],
                    "text_id": 28,
                    "uid": 27
                },
                {
                    "coord": [
                        239,
                        171
                    ],
                    "is_working": true,
                    "name": "Chadianzi Bus Terminal",
                    "rect": [
                        110,
                        168,
                        120,
                        15
                    ],
                    "text_id": 29,
                    "uid": 28
                },
                {
                    "coord": [
                        258,
                        190
                    ],
                    "is_working": true,
                    "name": "Yangxi Flyover",
                    "rect": [
                        173,
                        187,
                        76,
                        15
                    ],
                    "text_id": 30,
                    "uid": 29
                },
                {
                    "coord": [
                        277,
                        209
                    ],
                    "is_working": true,
                    "name": "Yipintianxia",
                    "rect": [
                        209,
                        207,
                        60,
                        15
                    ],
                    "text_id": 31,
                    "uid": 30
                },
                {
                    "coord": [
                        298,
                        230
                    ],
                    "is_working": true,
                    "name": "Shuhan Road East",
                    "rect": [
                        196,
                        227,
                        93,
                        15
                    ],
                    "text_id": 32,
                    "uid": 31
                },
                {
                    "coord": [
                        344,
                        276
                    ],
                    "is_working": true,
                    "name": "Baiguolin",
                    "rect": [
                        286,
                        273,
                        49,
                        15
                    ],
                    "text_id": 33,
                    "uid": 32
                },
                {
                    "coord": [
                        364,
                        296
                    ],
                    "is_working": true,
                    "name": "CUTCM & Sichuan People's Hospital",
                    "rect": [
                        173,
                        304,
                        184,
                        15
                    ],
                    "text_id": 34,
                    "uid": 33
                },
                {
                    "coord": [
                        390,
                        322
                    ],
                    "is_working": true,
                    "name": "Tonghuimen",
                    "rect": [
                        319,
                        319,
                        62,
                        15
                    ],
                    "text_id": 35,
                    "uid": 34
                },
                {
                    "coord": [
                        415,
                        347
                    ],
                    "is_working": true,
                    "name": "People's Park",
                    "rect": [
                        391,
                        355,
                        70,
                        15
                    ],
                    "text_id": 36,
                    "uid": 35
                },
                {
                    "coord": [
                        491,
                        347
                    ],
                    "is_working": true,
                    "name": "Tianfu Square",
                    "rect": null,
                    "text_id": 5,
                    "uid": 36
                },
                {
                    "coord": [
                        590,
                        347
                    ],
                    "is_working": true,
                    "name": "Chunxi Road",
                    "rect": [
                        558,
                        355,
                        66,
                        15
                    ],
                    "text_id": 37,
                    "uid": 37
                },
                {
                    "coord": [
                        638,
                        347
                    ],
                    "is_working": true,
                    "name": "Dongmen Bridge",
                    "rect": [
                        614,
                        323,
                        85,
                        15
                    ],
                    "text_id": 38,
                    "uid": 38
                },
                {
                    "coord": [
                        663,
                        372
                    ],
                    "is_working": true,
                    "name": "Niuwangmiao",
                    "rect": [
                        585,
                        369,
                        69,
                        15
                    ],
                    "text_id": 39,
                    "uid": 39
                },
                {
                    "coord": [
                        688,
                        397
                    ],
                    "is_working": true,
                    "name": "Niushikou",
                    "rect": [
                        627,
                        394,
                        52,
                        15
                    ],
                    "text_id": 40,
                    "uid": 40
                },
                {
                    "coord": [
                        712,
                        421
                    ],
                    "is_working": true,
                    "name": "Dongda Road",
                    "rect": [
                        634,
                        418,
                        69,
                        15
                    ],
                    "text_id": 41,
                    "uid": 41
                },
                {
                    "coord": [
                        739,
                        448
                    ],
                    "is_working": true,
                    "name": "Tazishan Park",
                    "rect": [
                        658,
                        445,
                        72,
                        15
                    ],
                    "text_id": 42,
                    "uid": 42
                },
                {
                    "coord": [
                        765,
                        474
                    ],
                    "is_working": true,
                    "name": "East Railway Station",
                    "rect": [
                        652,
                        471,
                        104,
                        15
                    ],
                    "text_id": 43,
                    "uid": 43
                },
                {
                    "coord": [
                        790,
                        499
                    ],
                    "is_working": true,
                    "name": "Chengyu Flyover",
                    "rect": [
                        695,
                        496,
                        86,
                        15
                    ],
                    "text_id": 44,
                    "uid": 44
                },
                {
                    "coord": [
                        809,
                        518
                    ],
                    "is_working": true,
                    "name": "Huiwangling",
                    "rect": [
                        737,
                        515,
                        63,
                        15
                    ],
                    "text_id": 45,
                    "uid": 45
                },
                {
                    "coord": [
                        827,
                        536
                    ],
                    "is_working": true,
                    "name": "Honghe",
                    "rect": [
                        778,
                        533,
                        40,
                        15
                    ],
                    "text_id": 46,
                    "uid": 46
                },
                {
                    "coord": [
                        846,
                        555
                    ],
                    "is_working": true,
                    "name": "Chengdu Institute of Public Administration",
                    "rect": [
                        628,
                        552,
                        209,
                        15
                    ],
                    "text_id": 47,
                    "uid": 47
                },
                {
                    "coord": [
                        865,
                        574
                    ],
                    "is_working": true,
                    "name": "Damianpu",
                    "rect": [
                        804,
                        571,
                        52,
                        15
                    ],
                    "text_id": 48,
                    "uid": 48
                },
                {
                    "coord": [
                        884,
                        593
                    ],
                    "is_working": true,
                    "name": "Lianshanpo",
                    "rect": [
                        816,
                        590,
                        59,
                        15
                    ],
                    "text_id": 49,
                    "uid": 49
                },
                {
                    "coord": [
                        903,
                        612
                    ],
                    "is_working": true,
                    "name": "Jiepai",
                    "rect": [
                        862,
                        609,
                        32,
                        15
                    ],
                    "text_id": 50,
                    "uid": 50
                },
                {
                    "coord": [
                        922,
                        631
                    ],
                    "is_working": true,
                    "name": "Shufang",
                    "rect": [
                        871,
                        628,
                        42,
                        15
                    ],
                    "text_id": 51,
                    "uid": 51
                },
                {
                    "coord": [
                        941,
                        650
                    ],
                    "is_working": true,
                    "name": "Longping Rd",
                    "rect": [
                        868,
                        647,
                        64,
                        15
                    ],
                    "text_id": 52,
                    "uid": 52
                },
                {
                    "coord": [
                        961,
                        670
                    ],
                    "is_working": true,
                    "name": "Longquanyi",
                    "rect": [
                        893,
                        667,
                        59,
                        15
                    ],
                    "text_id": 53,
                    "uid": 53
                }
            ],
            "text_id": 54
        },
        {
            "labels_bg_color": "-1",
            "labels_color": "44AF52",
            "line_color": "44AF52",
            "line_width": 7,
            "name": "4",
            "segments": [
                [
                    54,
                    55,
                    [
                        [
                            81,
                            321
                        ],
                        [
                            58,
                            344
                        ]
                    ],
                    true
                ],
                [
                    55,
                    56,
                    [
                        [
                            99,
                            303
                        ],
                        [
                            81,
                            321
                        ]
                    ],
                    true
                ],
                [
                    56,
                    57,
                    [
                        [
                            119,
                            283
                        ],
                        [
                            99,
                            303
                        ]
                    ],
                    true
                ],
                [
                    57,
                    58,
                    [
                        [
                            137,
                            265
                        ],
                        [
                            119,
                            283
                        ]
                    ],
                    true
                ],
                [
                    58,
                    59,
                    [
                        [
                            191,
                            265
                        ],
                        [
                            137,
                            265
                        ]
                    ],
                    true
                ],
                [
                    59,
                    60,
                    [
                        [
                            241,
                            265
                        ],
                        [
                            191,
                            265
                        ]
                    ],
                    true
                ],
                [
                    60,
                    61,
                    [
                        [
                            272,
                            296
                        ],
                        [
                            241,
                            265
                        ]
                    ],
                    true
                ],
                [
                    61,
                    62,
                    [
                        [
                            379,
                            296
                        ],
                        [
                            272,
                            296
                        ]
                    ],
                    true
                ],
                [
                    62,
                    63,
                    [
                        [
                            427,
                            296
                        ],
                        [
                            379,
                            296
                        ]
                    ],
                    true
                ],
                [
                    63,
                    64,
                    [
                        [
                            503,
                            296
                        ],
                        [
                            427,
                            296
                        ]
                    ],
                    true
                ],
                [
                    64,
                    65,
                    [
                        [
                            617,
                            296
                        ],
                        [
                            503,
                            296
                        ]
                    ],
                    true
                ],
                [
                    65,
                    66,
                    [
                        [
                            688,
                            296
                        ],
                        [
                            617,
                            296
                        ]
                    ],
                    true
                ],
                [
                    66,
                    67,
                    [
                        [
                            717,
                            325
                        ],
                        [
                            688,
                            296
                        ]
                    ],
                    true
                ],
                [
                    67,
                    68,
                    [
                        [
                            744,
                            352
                        ],
                        [
                            717,
                            325
                        ]
                    ],
                    true
                ],
                [
                    68,
                    69,
                    [
                        [
                            774,
                            382
                        ],
                        [
                            744,
                            352
                        ]
                    ],
                    true
                ]
            ],
            "stations": [
                {
                    "coord": [
                        58,
                        344
                    ],
                    "is_working": true,
                    "name": "Intangible Cultural Heritage Park",
                    "rect": [
                        67,
                        341,
                        163,
                        15
                    ],
                    "text_id": 55,
                    "uid": 54
                },
                {
                    "coord": [
                        81,
                        321
                    ],
                    "is_working": true,
                    "name": "Caiqiao",
                    "rect": [
                        32,
                        309,
                        40,
                        15
                    ],
                    "text_id": 56,
                    "uid": 55
                },
                {
                    "coord": [
                        99,
                        303
                    ],
                    "is_working": true,
                    "name": "Zhongba",
                    "rect": [
                        46,
                        291,
                        44,
                        15
                    ],
                    "text_id": 57,
                    "uid": 56
                },
                {
                    "coord": [
                        119,
                        283
                    ],
                    "is_working": true,
                    "name": "West Railway Station",
                    "rect": [
                        3,
                        271,
                        107,
                        15
                    ],
                    "text_id": 58,
                    "uid": 57
                },
                {
                    "coord": [
                        137,
                        265
                    ],
                    "is_working": true,
                    "name": "Qingjiang Road West",
                    "rect": [
                        22,
                        253,
                        106,
                        15
                    ],
                    "text_id": 59,
                    "uid": 58
                },
                {
                    "coord": [
                        191,
                        265
                    ],
                    "is_working": true,
                    "name": "Cultural Palace",
                    "rect": [
                        153,
                        242,
                        78,
                        15
                    ],
                    "text_id": 60,
                    "uid": 59
                },
                {
                    "coord": [
                        241,
                        265
                    ],
                    "is_working": true,
                    "name": "Southwestern University of Finance and Economics",
                    "rect": [
                        250,
                        250,
                        256,
                        15
                    ],
                    "text_id": 61,
                    "uid": 60
                },
                {
                    "coord": [
                        272,
                        296
                    ],
                    "is_working": true,
                    "name": "Caotang Road North",
                    "rect": [
                        161,
                        291,
                        102,
                        15
                    ],
                    "text_id": 62,
                    "uid": 61
                },
                {
                    "coord": [
                        379,
                        296
                    ],
                    "is_working": true,
                    "name": "CUTCM & Sichuan People's Hospital",
                    "rect": null,
                    "text_id": 34,
                    "uid": 62
                },
                {
                    "coord": [
                        427,
                        296
                    ],
                    "is_working": true,
                    "name": "Kuanzhaixiangzi Alleys",
                    "rect": [
                        369,
                        270,
                        118,
                        15
                    ],
                    "text_id": 63,
                    "uid": 63
                },
                {
                    "coord": [
                        503,
                        296
                    ],
                    "is_working": true,
                    "name": "Luomashi",
                    "rect": [
                        504,
                        270,
                        50,
                        15
                    ],
                    "text_id": 4,
                    "uid": 64
                },
                {
                    "coord": [
                        617,
                        296
                    ],
                    "is_working": true,
                    "name": "Taisheng Road South",
                    "rect": [
                        582,
                        272,
                        107,
                        15
                    ],
                    "text_id": 64,
                    "uid": 65
                },
                {
                    "coord": [
                        688,
                        296
                    ],
                    "is_working": true,
                    "name": "2nd Chengdu People's Hospital",
                    "rect": [
                        697,
                        283,
                        156,
                        15
                    ],
                    "text_id": 65,
                    "uid": 66
                },
                {
                    "coord": [
                        717,
                        325
                    ],
                    "is_working": true,
                    "name": "Yushuang Road",
                    "rect": [
                        726,
                        313,
                        80,
                        15
                    ],
                    "text_id": 66,
                    "uid": 67
                },
                {
                    "coord": [
                        744,
                        352
                    ],
                    "is_working": true,
                    "name": "Shuangqiao Road",
                    "rect": [
                        753,
                        340,
                        89,
                        15
                    ],
                    "text_id": 67,
                    "uid": 68
                },
                {
                    "coord": [
                        774,
                        382
                    ],
                    "is_working": true,
                    "name": "Wannianchang",
                    "rect": [
                        783,
                        374,
                        75,
                        15
                    ],
                    "text_id": 68,
                    "uid": 69
                }
            ],
            "text_id": 69
        }
    ],
    "lines_width": 7,
    "name": "metro",
    "name_text_id": 70,
    "stations_diameter": 13.0,
    "transfers": [
        [
            36,
            5,
            [
                491,
                347
            ],
            [
                491,
                335
            ]
        ],
        [
            62,
            33,
            [
                379,
                296
            ],
            [
                364,
                296
            ]
        ],
        [
            64,
            4,
            [
                503,
                296
            ],
            [
                491,
                296
            ]
        ]
    ],
    "transports": [
        "metro"
    ],
    "type_name": "ROOT",
    "type_text_id": 71,
    "upper_case": false,
    "width": 1111,
    "word_wrap": false
}