{
    "default_transports": [
        "metro"
    ],
    "height": 782,
    "images": [
        "res/schemes/wienn.svg"
    ],
    "is_vector": true,
    "lines": [
        {
            "labels_bg_color": "-1",
            "labels_color": "E41c0c",
            "line_color": "E41c0c",
            "line_width": 9,
            "name": "U1",
            "segments": [
                [
                    0,
                    1,
                    [
                        [
                            754,
                            39
                        ],
                        [
                            754,
                            15
                        ]
                    ],
                    true
                ],
                [
                    1,
                    2,
                    [
                        [
                            754,
                            63
                        ],
                        [
                            754,
                            39
                        ]
                    ],
                    true
                ],
                [
                    2,
                    3,
                    [
                        [
                            754,
                            87
                        ],
                        [
                            754,
                            63
                        ]
                    ],
                    true
                ],
                [
                    3,
                    4,
                    [
                        [
                            754,
                            112
                        ],
                        [
                            754,
                            87
                        ]
                    ],
                    true
                ],
                [
                    4,
                    5,
                    [
                        [
                            734,
                            132
                        ],
                        [
                            754,
                            112
                        ]
                    ],
                    true
                ],
                [
                    5,
                    6,
                    [
                        [
                            713,
                            153
                        ],
                        [
                            734,
                            132
                        ]
                    ],
                    true
                ],
                [
                    6,
                    7,
                    [
                        [
                            692,
                            174
                        ],
                        [
                            713,
                            153
                        ]
                    ],
                    true
                ],
                [
                    7,
                    8,
                    [
                        [
                            670,
                            196
                        ],
                        [
                            692,
                            174
                        ]
                    ],
                    true
                ],
                [
                    8,
                    9,
                    [
                        [
                            648,
                            218
                        ],
                        [
                            670,
                            196
                        ]
                    ],
                    true
                ],
                [
                    9,
                    10,
                    [
                        [
                            627,
                            239
                        ],
                        [
                            648,
                            218
                        ]
                    ],
                    true
                ],
                [
                    10,
                    11,
                    [
                        [
                            606,
                            260
                        ],
                        [
                            627,
                            239
                        ]
                    ],
                    true
                ],
                [
                    11,
                    12,
                    [
                        [
                            577,
                            289
                        ],
                        [
                            606,
                            260
                        ]
                    ],
                    true
                ],
                [
                    12,
                    13,
                    [
                        [
                            537,
                            340
                        ],
                        [
                            537.0,
                            329.0
                        ],
                        [
                            577,
                            289
                        ]
                    ],
                    true
                ],
                [
                    13,
                    14,
                    [
                        [
                            537,
                            419
                        ],
                        [
                            537,
                            340
                        ]
                    ],
                    true
                ],
                [
                    14,
                    15,
                    [
                        [
                            537,
                            463
                        ],
                        [
                            537,
                            419
                        ]
                    ],
                    true
                ],
                [
                    15,
                    16,
                    [
                        [
                            537,
                            488
                        ],
                        [
                            537,
                            463
                        ]
                    ],
                    true
                ],
                [
                    16,
                    17,
                    [
                        [
                            537,
                            513
                        ],
                        [
                            537,
                            488
                        ]
                    ],
                    true
                ],
                [
                    17,
                    18,
                    [
                        [
                            537,
                            538
                        ],
                        [
                            537,
                            513
                        ]
                    ],
                    true
                ]
            ],
            "stations": [
                {
                    "coord": [
                        754,
                        15
                    ],
                    "is_working": true,
                    "name": "Leopoldau",
                    "rect": [
                        762,
                        8,
                        53,
                        15
                    ],
                    "text_id": 0,
                    "uid": 0
                },
                {
                    "coord": [
                        754,
                        39
                    ],
                    "is_working": true,
                    "name": "Grossfeldsiedlung",
                    "rect": [
                        762,
                        32,
                        92,
                        15
                    ],
                    "text_id": 1,
                    "uid": 1
                },
                {
                    "coord": [
                        754,
                        63
                    ],
                    "is_working": true,
                    "name": "Aderklaaer Strasse",
                    "rect": [
                        762,
                        49,
                        59,
                        28
                    ],
                    "text_id": 2,
                    "uid": 2
                },
                {
                    "coord": [
                        754,
                        87
                    ],
                    "is_working": true,
                    "name": "Rennbahnweg",
                    "rect": [
                        762,
                        81,
                        72,
                        15
                    ],
                    "text_id": 3,
                    "uid": 3
                },
                {
                    "coord": [
                        754,
                        112
                    ],
                    "is_working": true,
                    "name": "Karganer Platz",
                    "rect": [
                        762,
                        102,
                        50,
                        28
                    ],
                    "text_id": 4,
                    "uid": 4
                },
                {
                    "coord": [
                        734,
                        132
                    ],
                    "is_working": true,
                    "name": "Kagran",
                    "rect": [
                        742,
                        132,
                        38,
                        15
                    ],
                    "text_id": 5,
                    "uid": 5
                },
                {
                    "coord": [
                        713,
                        153
                    ],
                    "is_working": true,
                    "name": "Alte Donau",
                    "rect": [
                        727,
                        146,
                        34,
                        28
                    ],
                    "text_id": 6,
                    "uid": 6
                },
                {
                    "coord": [
                        692,
                        174
                    ],
                    "is_working": true,
                    "name": "Kaisermuhlan - VIC",
                    "rect": [
                        701,
                        173,
                        73,
                        28
                    ],
                    "text_id": 7,
                    "uid": 7
                },
                {
                    "coord": [
                        670,
                        196
                    ],
                    "is_working": true,
                    "name": "Donauinsel",
                    "rect": [
                        677,
                        199,
                        58,
                        15
                    ],
                    "text_id": 8,
                    "uid": 8
                },
                {
                    "coord": [
                        648,
                        218
                    ],
                    "is_working": true,
                    "name": "Vorgartenstrasse",
                    "rect": [
                        658,
                        213,
                        87,
                        15
                    ],
                    "text_id": 9,
                    "uid": 9
                },
                {
                    "coord": [
                        627,
                        239
                    ],
                    "is_working": true,
                    "name": "Praterstern",
                    "rect": [
                        624,
                        257,
                        57,
                        15
                    ],
                    "text_id": 10,
                    "uid": 10
                },
                {
                    "coord": [
                        606,
                        260
                    ],
                    "is_working": true,
                    "name": "Nestroyplatz",
                    "rect": [
                        608,
                        269,
                        64,
                        15
                    ],
                    "text_id": 11,
                    "uid": 11
                },
                {
                    "coord": [
                        577,
                        289
                    ],
                    "is_working": true,
                    "name": "Schweden- platz",
                    "rect": [
                        582,
                        294,
                        58,
                        28
                    ],
                    "text_id": 12,
                    "uid": 12
                },
                {
                    "coord": [
                        537,
                        340
                    ],
                    "is_working": true,
                    "name": "Stephans- platz",
                    "rect": [
                        549,
                        319,
                        53,
                        28
                    ],
                    "text_id": 13,
                    "uid": 13
                },
                {
                    "coord": [
                        537,
                        419
                    ],
                    "is_working": true,
                    "name": "Karls- platz",
                    "rect": [
                        548,
                        398,
                        34,
                        28
                    ],
                    "text_id": 14,
                    "uid": 14
                },
                {
                    "coord": [
                        537,
                        463
                    ],
                    "is_working": true,
                    "name": "Taubstummengasse",
                    "rect": [
                        545,
                        455,
                        101,
                        15
                    ],
                    "text_id": 15,
                    "uid": 15
                },
                {
                    "coord": [
                        537,
                        488
                    ],
                    "is_working": true,
                    "name": "Sudtiroler Platz",
                    "rect": [
                        545,
                        477,
                        52,
                        28
                    ],
                    "text_id": 16,
                    "uid": 16
                },
                {
                    "coord": [
                        537,
                        513
                    ],
                    "is_working": true,
                    "name": "Keplrerplatz",
                    "rect": [
                        545,
                        510,
                        62,
                        15
                    ],
                    "text_id": 17,
                    "uid": 17
                },
                {
                    "coord": [
                        537,
                        538
                    ],
                    "is_working": true,
                    "name": "Reumannplatz",
                    "rect": [
                        545,
                        532,
                        72,
                        15
                    ],
                    "text_id": 18,
                    "uid": 18
                }
            ],
            "text_id": 19
        },
        {
            "labels_bg_color": "-1",
            "labels_color": "AC24AC",
            "line_color": "AC24AC",
            "line_width": 9,
            "name": "U2",
            "segments": [
                [
                    19,
                    20,
                    [
                        [
                            839,
                            252
                        ],
                        [
                            862,
                            229
                        ]
                    ],
                    true
                ],
                [
                    20,
                    21,
                    [
                        [
                            805,
                            252
                        ],
                        [
                            839,
                            252
                        ]
                    ],
                    true
                ],
                [
                    21,
                    22,
                    [
                        [
                            789,
                            268
                        ],
                        [
                            805,
                            252
                        ]
                    ],
                    true
                ],
                [
                    22,
                    23,
                    [
                        [
                            774,
                            283
                        ],
                        [
                            789,
                            268
                        ]
                    ],
                    true
                ],
                [
                    23,
                    24,
                    [
                        [
                            758,
                            299
                        ],
                        [
                            774,
                            283
                        ]
                    ],
                    true
                ],
                [
                    24,
                    25,
                    [
                        [
                            716,
                            283
                        ],
                        [
                            732.0,
                            299.0
                        ],
                        [
                            758,
                            299
                        ]
                    ],
                    true
                ],
                [
                    25,
                    26,
                    [
                        [
                            697,
                            264
                        ],
                        [
                            716,
                            283
                        ]
                    ],
                    true
                ],
                [
                    26,
                    27,
                    [
                        [
                            664,
                            248
                        ],
                        [
                            681.0,
                            248.0
                        ],
                        [
                            697,
                            264
                        ]
                    ],
                    true
                ],
                [
                    27,
                    28,
                    [
                        [
                            636,
                            248
                        ],
                        [
                            664,
                            248
                        ]
                    ],
                    true
                ],
                [
                    28,
                    29,
                    [
                        [
                            589,
                            248
                        ],
                        [
                            636,
                            248
                        ]
                    ],
                    true
                ],
                [
                    29,
                    30,
                    [
                        [
                            535,
                            248
                        ],
                        [
                            589,
                            248
                        ]
                    ],
                    true
                ],
                [
                    30,
                    31,
                    [
                        [
                            504,
                            279
                        ],
                        [
                            535,
                            248
                        ]
                    ],
                    true
                ],
                [
                    31,
                    32,
                    [
                        [
                            471,
                            312
                        ],
                        [
                            504,
                            279
                        ]
                    ],
                    true
                ],
                [
                    32,
                    33,
                    [
                        [
                            455,
                            352
                        ],
                        [
                            455.0,
                            328.0
                        ],
                        [
                            471,
                            312
                        ]
                    ],
                    true
                ],
                [
                    33,
                    34,
                    [
                        [
                            477,
                            390
                        ],
                        [
                            455.0,
                            368.0
                        ],
                        [
                            455,
                            352
                        ]
                    ],
                    true
                ],
                [
                    34,
                    35,
                    [
                        [
                            525,
                            426
                        ],
                        [
                            513.0,
                            426.0
                        ],
                        [
                            477,
                            390
                        ]
                    ],
                    true
                ]
            ],
            "stations": [
                {
                    "coord": [
                        862,
                        229
                    ],
                    "is_working": true,
                    "name": "Aspernstrasse",
                    "rect": [
                        870,
                        222,
                        75,
                        15
                    ],
                    "text_id": 20,
                    "uid": 19
                },
                {
                    "coord": [
                        839,
                        252
                    ],
                    "is_working": true,
                    "name": "Donauspital",
                    "rect": [
                        849,
                        250,
                        61,
                        15
                    ],
                    "text_id": 21,
                    "uid": 20
                },
                {
                    "coord": [
                        805,
                        252
                    ],
                    "is_working": true,
                    "name": "Hardegggasse",
                    "rect": [
                        757,
                        230,
                        74,
                        15
                    ],
                    "text_id": 22,
                    "uid": 21
                },
                {
                    "coord": [
                        789,
                        268
                    ],
                    "is_working": true,
                    "name": "Stadlau",
                    "rect": [
                        797,
                        269,
                        39,
                        15
                    ],
                    "text_id": 23,
                    "uid": 22
                },
                {
                    "coord": [
                        774,
                        283
                    ],
                    "is_working": true,
                    "name": "Donaustadtbrucke",
                    "rect": [
                        781,
                        288,
                        92,
                        15
                    ],
                    "text_id": 24,
                    "uid": 23
                },
                {
                    "coord": [
                        758,
                        299
                    ],
                    "is_working": true,
                    "name": "Donaumarina",
                    "rect": [
                        737,
                        308,
                        68,
                        15
                    ],
                    "text_id": 25,
                    "uid": 24
                },
                {
                    "coord": [
                        716,
                        283
                    ],
                    "is_working": true,
                    "name": "Stadion",
                    "rect": [
                        721,
                        265,
                        39,
                        15
                    ],
                    "text_id": 26,
                    "uid": 25
                },
                {
                    "coord": [
                        697,
                        264
                    ],
                    "is_working": true,
                    "name": "Krieau",
                    "rect": [
                        704,
                        248,
                        35,
                        15
                    ],
                    "text_id": 27,
                    "uid": 26
                },
                {
                    "coord": [
                        664,
                        248
                    ],
                    "is_working": true,
                    "name": "Messe-Prater",
                    "rect": [
                        659,
                        227,
                        68,
                        15
                    ],
                    "text_id": 28,
                    "uid": 27
                },
                {
                    "coord": [
                        636,
                        248
                    ],
                    "is_working": true,
                    "name": "Praterstern",
                    "rect": [
                        624,
                        257,
                        57,
                        15
                    ],
                    "text_id": 10,
                    "uid": 28
                },
                {
                    "coord": [
                        589,
                        248
                    ],
                    "is_working": true,
                    "name": "Taborstrasse",
                    "rect": [
                        558,
                        217,
                        67,
                        15
                    ],
                    "text_id": 29,
                    "uid": 29
                },
                {
                    "coord": [
                        535,
                        248
                    ],
                    "is_working": true,
                    "name": "Schottenring",
                    "rect": [
                        455,
                        243,
                        64,
                        15
                    ],
                    "text_id": 30,
                    "uid": 30
                },
                {
                    "coord": [
                        504,
                        279
                    ],
                    "is_working": true,
                    "name": "Shottentor Universitat",
                    "rect": [
                        431,
                        263,
                        56,
                        28
                    ],
                    "text_id": 31,
                    "uid": 31
                },
                {
                    "coord": [
                        471,
                        312
                    ],
                    "is_working": true,
                    "name": "Rathaus",
                    "rect": [
                        417,
                        302,
                        43,
                        15
                    ],
                    "text_id": 32,
                    "uid": 32
                },
                {
                    "coord": [
                        455,
                        352
                    ],
                    "is_working": true,
                    "name": "Volks- theater",
                    "rect": [
                        468,
                        320,
                        36,
                        28
                    ],
                    "text_id": 33,
                    "uid": 33
                },
                {
                    "coord": [
                        477,
                        390
                    ],
                    "is_working": true,
                    "name": "Museumsquartier",
                    "rect": [
                        381,
                        392,
                        88,
                        15
                    ],
                    "text_id": 34,
                    "uid": 34
                },
                {
                    "coord": [
                        525,
                        426
                    ],
                    "is_working": true,
                    "name": "Karls- platz",
                    "rect": [
                        495,
                        388,
                        34,
                        28
                    ],
                    "text_id": 14,
                    "uid": 35
                }
            ],
            "text_id": 35
        },
        {
            "labels_bg_color": "-1",
            "labels_color": "F7782E",
            "line_color": "FC9C54",
            "line_width": 9,
            "name": "U3",
            "segments": [
                [
                    36,
                    37,
                    [
                        [
                            147,
                            280
                        ],
                        [
                            147,
                            252
                        ]
                    ],
                    true
                ],
                [
                    37,
                    38,
                    [
                        [
                            159,
                            307
                        ],
                        [
                            147.0,
                            295.0
                        ],
                        [
                            147,
                            280
                        ]
                    ],
                    true
                ],
                [
                    38,
                    39,
                    [
                        [
                            185,
                            333
                        ],
                        [
                            159,
                            307
                        ]
                    ],
                    true
                ],
                [
                    39,
                    40,
                    [
                        [
                            238,
                            352
                        ],
                        [
                            204.0,
                            352.0
                        ],
                        [
                            185,
                            333
                        ]
                    ],
                    true
                ],
                [
                    40,
                    41,
                    [
                        [
                            297,
                            352
                        ],
                        [
                            238,
                            352
                        ]
                    ],
                    true
                ],
                [
                    41,
                    42,
                    [
                        [
                            343,
                            352
                        ],
                        [
                            297,
                            352
                        ]
                    ],
                    true
                ],
                [
                    42,
                    43,
                    [
                        [
                            397,
                            352
                        ],
                        [
                            343,
                            352
                        ]
                    ],
                    true
                ],
                [
                    43,
                    44,
                    [
                        [
                            443,
                            352
                        ],
                        [
                            397,
                            352
                        ]
                    ],
                    true
                ],
                [
                    44,
                    45,
                    [
                        [
                            497,
                            352
                        ],
                        [
                            443,
                            352
                        ]
                    ],
                    true
                ],
                [
                    45,
                    46,
                    [
                        [
                            537,
                            352
                        ],
                        [
                            497,
                            352
                        ]
                    ],
                    true
                ],
                [
                    46,
                    47,
                    [
                        [
                            586,
                            352
                        ],
                        [
                            537,
                            352
                        ]
                    ],
                    true
                ],
                [
                    47,
                    48,
                    [
                        [
                            645,
                            352
                        ],
                        [
                            586,
                            352
                        ]
                    ],
                    true
                ],
                [
                    48,
                    49,
                    [
                        [
                            675,
                            371
                        ],
                        [
                            656.0,
                            352.0
                        ],
                        [
                            645,
                            352
                        ]
                    ],
                    true
                ],
                [
                    49,
                    50,
                    [
                        [
                            698,
                            394
                        ],
                        [
                            675,
                            371
                        ]
                    ],
                    true
                ],
                [
                    50,
                    51,
                    [
                        [
                            721,
                            417
                        ],
                        [
                            698,
                            394
                        ]
                    ],
                    true
                ],
                [
                    51,
                    52,
                    [
                        [
                            737,
                            438
                        ],
                        [
                            730.0,
                            426.0
                        ],
                        [
                            721,
                            417
                        ]
                    ],
                    true
                ],
                [
                    52,
                    53,
                    [
                        [
                            737,
                            467
                        ],
                        [
                            737,
                            438
                        ]
                    ],
                    true
                ],
                [
                    53,
                    54,
                    [
                        [
                            737,
                            494
                        ],
                        [
                            737,
                            467
                        ]
                    ],
                    true
                ],
                [
                    54,
                    55,
                    [
                        [
                            737,
                            520
                        ],
                        [
                            737,
                            494
                        ]
                    ],
                    true
                ],
                [
                    55,
                    56,
                    [
                        [
                            759,
                            542
                        ],
                        [
                            737,
                            520
                        ]
                    ],
                    true
                ]
            ],
            "stations": [
                {
                    "coord": [
                        147,
                        252
                    ],
                    "is_working": true,
                    "name": "Ottarking",
                    "rect": [
                        156,
                        244,
                        47,
                        15
                    ],
                    "text_id": 36,
                    "uid": 36
                },
                {
                    "coord": [
                        147,
                        280
                    ],
                    "is_working": true,
                    "name": "Kendlerstrasse",
                    "rect": [
                        156,
                        272,
                        78,
                        15
                    ],
                    "text_id": 37,
                    "uid": 37
                },
                {
                    "coord": [
                        159,
                        307
                    ],
                    "is_working": true,
                    "name": "Hutteldorfer Strasse",
                    "rect": [
                        82,
                        300,
                        62,
                        28
                    ],
                    "text_id": 38,
                    "uid": 38
                },
                {
                    "coord": [
                        185,
                        333
                    ],
                    "is_working": true,
                    "name": "Johnstrasse",
                    "rect": [
                        115,
                        333,
                        63,
                        15
                    ],
                    "text_id": 39,
                    "uid": 39
                },
                {
                    "coord": [
                        238,
                        352
                    ],
                    "is_working": true,
                    "name": "Schweglerstrasse",
                    "rect": [
                        185,
                        361,
                        91,
                        15
                    ],
                    "text_id": 40,
                    "uid": 40
                },
                {
                    "coord": [
                        297,
                        352
                    ],
                    "is_working": true,
                    "name": "West- bahnhof",
                    "rect": [
                        297,
                        315,
                        41,
                        28
                    ],
                    "text_id": 41,
                    "uid": 41
                },
                {
                    "coord": [
                        343,
                        352
                    ],
                    "is_working": true,
                    "name": "Ziegler- gasse",
                    "rect": [
                        322,
                        360,
                        41,
                        28
                    ],
                    "text_id": 42,
                    "uid": 42
                },
                {
                    "coord": [
                        397,
                        352
                    ],
                    "is_working": true,
                    "name": "Neubau- gasse",
                    "rect": [
                        376,
                        319,
                        45,
                        28
                    ],
                    "text_id": 43,
                    "uid": 43
                },
                {
                    "coord": [
                        443,
                        352
                    ],
                    "is_working": true,
                    "name": "Volks- theater",
                    "rect": [
                        412,
                        362,
                        36,
                        28
                    ],
                    "text_id": 33,
                    "uid": 44
                },
                {
                    "coord": [
                        497,
                        352
                    ],
                    "is_working": true,
                    "name": "Herren- gasse",
                    "rect": [
                        478,
                        358,
                        41,
                        28
                    ],
                    "text_id": 44,
                    "uid": 45
                },
                {
                    "coord": [
                        537,
                        352
                    ],
                    "is_working": true,
                    "name": "Stephansplatz",
                    "rect": [
                        1987,
                        1029,
                        71,
                        15
                    ],
                    "text_id": 45,
                    "uid": 46
                },
                {
                    "coord": [
                        586,
                        352
                    ],
                    "is_working": true,
                    "name": "Stubentor",
                    "rect": [
                        558,
                        361,
                        49,
                        15
                    ],
                    "text_id": 46,
                    "uid": 47
                },
                {
                    "coord": [
                        645,
                        352
                    ],
                    "is_working": true,
                    "name": "Landstrasse",
                    "rect": [
                        660,
                        337,
                        63,
                        15
                    ],
                    "text_id": 47,
                    "uid": 48
                },
                {
                    "coord": [
                        675,
                        371
                    ],
                    "is_working": true,
                    "name": "Rochusgasse",
                    "rect": [
                        683,
                        361,
                        70,
                        15
                    ],
                    "text_id": 48,
                    "uid": 49
                },
                {
                    "coord": [
                        698,
                        394
                    ],
                    "is_working": true,
                    "name": "Kardinal-Nagl-Platz",
                    "rect": [
                        706,
                        382,
                        97,
                        15
                    ],
                    "text_id": 49,
                    "uid": 50
                },
                {
                    "coord": [
                        721,
                        417
                    ],
                    "is_working": true,
                    "name": "Schlachthausgasse",
                    "rect": [
                        728,
                        406,
                        99,
                        15
                    ],
                    "text_id": 50,
                    "uid": 51
                },
                {
                    "coord": [
                        737,
                        438
                    ],
                    "is_working": true,
                    "name": "Erdberg",
                    "rect": [
                        745,
                        432,
                        41,
                        15
                    ],
                    "text_id": 51,
                    "uid": 52
                },
                {
                    "coord": [
                        737,
                        467
                    ],
                    "is_working": true,
                    "name": "Gasometer",
                    "rect": [
                        745,
                        461,
                        56,
                        15
                    ],
                    "text_id": 52,
                    "uid": 53
                },
                {
                    "coord": [
                        737,
                        494
                    ],
                    "is_working": true,
                    "name": "Zippererstrasse",
                    "rect": [
                        745,
                        488,
                        80,
                        15
                    ],
                    "text_id": 53,
                    "uid": 54
                },
                {
                    "coord": [
                        737,
                        520
                    ],
                    "is_working": true,
                    "name": "Enkplatz",
                    "rect": [
                        745,
                        509,
                        44,
                        15
                    ],
                    "text_id": 54,
                    "uid": 55
                },
                {
                    "coord": [
                        759,
                        542
                    ],
                    "is_working": true,
                    "name": "Simmering",
                    "rect": [
                        767,
                        536,
                        55,
                        15
                    ],
                    "text_id": 55,
                    "uid": 56
                }
            ],
            "text_id": 56
        },
        {
            "labels_bg_color": "-1",
            "labels_color": "5C9F2E",
            "line_color": "84BC54",
            "line_width": 9,
            "name": "U4",
            "segments": [
                [
                    57,
                    58,
                    [
                        [
                            439,
                            123
                        ],
                        [
                            439,
                            75
                        ]
                    ],
                    true
                ],
                [
                    58,
                    59,
                    [
                        [
                            470,
                            165
                        ],
                        [
                            439.0,
                            134.0
                        ],
                        [
                            439,
                            123
                        ]
                    ],
                    true
                ],
                [
                    59,
                    60,
                    [
                        [
                            504,
                            199
                        ],
                        [
                            470,
                            165
                        ]
                    ],
                    true
                ],
                [
                    60,
                    61,
                    [
                        [
                            544,
                            239
                        ],
                        [
                            504,
                            199
                        ]
                    ],
                    true
                ],
                [
                    61,
                    62,
                    [
                        [
                            586,
                            281
                        ],
                        [
                            544,
                            239
                        ]
                    ],
                    true
                ],
                [
                    62,
                    63,
                    [
                        [
                            633,
                            352
                        ],
                        [
                            633.0,
                            328.0
                        ],
                        [
                            586,
                            281
                        ]
                    ],
                    true
                ],
                [
                    63,
                    64,
                    [
                        [
                            593,
                            417
                        ],
                        [
                            633.0,
                            377.0
                        ],
                        [
                            633,
                            352
                        ]
                    ],
                    true
                ],
                [
                    64,
                    65,
                    [
                        [
                            537,
                            433
                        ],
                        [
                            577.0,
                            433.0
                        ],
                        [
                            593,
                            417
                        ]
                    ],
                    true
                ],
                [
                    65,
                    66,
                    [
                        [
                            447,
                            433
                        ],
                        [
                            537,
                            433
                        ]
                    ],
                    true
                ],
                [
                    66,
                    67,
                    [
                        [
                            403,
                            433
                        ],
                        [
                            447,
                            433
                        ]
                    ],
                    true
                ],
                [
                    67,
                    68,
                    [
                        [
                            332,
                            433
                        ],
                        [
                            403,
                            433
                        ]
                    ],
                    true
                ],
                [
                    68,
                    69,
                    [
                        [
                            285,
                            433
                        ],
                        [
                            332,
                            433
                        ]
                    ],
                    true
                ],
                [
                    69,
                    70,
                    [
                        [
                            245,
                            433
                        ],
                        [
                            285,
                            433
                        ]
                    ],
                    true
                ],
                [
                    70,
                    71,
                    [
                        [
                            205,
                            433
                        ],
                        [
                            245,
                            433
                        ]
                    ],
                    true
                ],
                [
                    71,
                    72,
                    [
                        [
                            168,
                            433
                        ],
                        [
                            205,
                            433
                        ]
                    ],
                    true
                ],
                [
                    72,
                    73,
                    [
                        [
                            131,
                            433
                        ],
                        [
                            168,
                            433
                        ]
                    ],
                    true
                ],
                [
                    73,
                    74,
                    [
                        [
                            94,
                            433
                        ],
                        [
                            131,
                            433
                        ]
                    ],
                    true
                ],
                [
                    74,
                    75,
                    [
                        [
                            57,
                            433
                        ],
                        [
                            94,
                            433
                        ]
                    ],
                    true
                ],
                [
                    75,
                    76,
                    [
                        [
                            20,
                            433
                        ],
                        [
                            57,
                            433
                        ]
                    ],
                    true
                ]
            ],
            "stations": [
                {
                    "coord": [
                        439,
                        75
                    ],
                    "is_working": true,
                    "name": "Heiligenstadt",
                    "rect": [
                        449,
                        68,
                        67,
                        15
                    ],
                    "text_id": 57,
                    "uid": 57
                },
                {
                    "coord": [
                        439,
                        123
                    ],
                    "is_working": true,
                    "name": "Spittelau",
                    "rect": [
                        449,
                        106,
                        45,
                        15
                    ],
                    "text_id": 58,
                    "uid": 58
                },
                {
                    "coord": [
                        470,
                        165
                    ],
                    "is_working": true,
                    "name": "Friedensbrucke",
                    "rect": [
                        481,
                        157,
                        79,
                        15
                    ],
                    "text_id": 59,
                    "uid": 59
                },
                {
                    "coord": [
                        504,
                        199
                    ],
                    "is_working": true,
                    "name": "Rossauer Lande",
                    "rect": [
                        514,
                        175,
                        52,
                        28
                    ],
                    "text_id": 60,
                    "uid": 60
                },
                {
                    "coord": [
                        544,
                        239
                    ],
                    "is_working": true,
                    "name": "Schottenring",
                    "rect": [
                        455,
                        230,
                        64,
                        15
                    ],
                    "text_id": 30,
                    "uid": 61
                },
                {
                    "coord": [
                        586,
                        281
                    ],
                    "is_working": true,
                    "name": "Schwedenplatz",
                    "rect": [
                        600,
                        281,
                        76,
                        15
                    ],
                    "text_id": 61,
                    "uid": 62
                },
                {
                    "coord": [
                        633,
                        352
                    ],
                    "is_working": true,
                    "name": "Landstrasse",
                    "rect": [
                        643,
                        323,
                        63,
                        15
                    ],
                    "text_id": 47,
                    "uid": 63
                },
                {
                    "coord": [
                        593,
                        417
                    ],
                    "is_working": true,
                    "name": "Stadtpark",
                    "rect": [
                        599,
                        417,
                        49,
                        15
                    ],
                    "text_id": 62,
                    "uid": 64
                },
                {
                    "coord": [
                        537,
                        433
                    ],
                    "is_working": true,
                    "name": "Karls- platz",
                    "rect": [
                        497,
                        439,
                        34,
                        28
                    ],
                    "text_id": 14,
                    "uid": 65
                },
                {
                    "coord": [
                        447,
                        433
                    ],
                    "is_working": true,
                    "name": "Kettenbruckengasse",
                    "rect": [
                        343,
                        413,
                        104,
                        15
                    ],
                    "text_id": 63,
                    "uid": 66
                },
                {
                    "coord": [
                        403,
                        433
                    ],
                    "is_working": true,
                    "name": "Pilgramgasse",
                    "rect": [
                        414,
                        442,
                        70,
                        15
                    ],
                    "text_id": 64,
                    "uid": 67
                },
                {
                    "coord": [
                        332,
                        433
                    ],
                    "is_working": true,
                    "name": "Margareten- gurtel",
                    "rect": [
                        301,
                        442,
                        63,
                        28
                    ],
                    "text_id": 65,
                    "uid": 68
                },
                {
                    "coord": [
                        285,
                        433
                    ],
                    "is_working": true,
                    "name": "Langenfeldgasse",
                    "rect": [
                        188,
                        410,
                        86,
                        15
                    ],
                    "text_id": 66,
                    "uid": 69
                },
                {
                    "coord": [
                        245,
                        433
                    ],
                    "is_working": true,
                    "name": "Meidling Haupstrasse",
                    "rect": [
                        238,
                        443,
                        15,
                        110
                    ],
                    "text_id": 67,
                    "uid": 70
                },
                {
                    "coord": [
                        205,
                        433
                    ],
                    "is_working": true,
                    "name": "Schonbrunn",
                    "rect": [
                        198,
                        443,
                        15,
                        61
                    ],
                    "text_id": 68,
                    "uid": 71
                },
                {
                    "coord": [
                        168,
                        433
                    ],
                    "is_working": true,
                    "name": "Hiezing",
                    "rect": [
                        161,
                        443,
                        15,
                        39
                    ],
                    "text_id": 69,
                    "uid": 72
                },
                {
                    "coord": [
                        131,
                        433
                    ],
                    "is_working": true,
                    "name": "Braunschweiggasse",
                    "rect": [
                        124,
                        443,
                        15,
                        103
                    ],
                    "text_id": 70,
                    "uid": 73
                },
                {
                    "coord": [
                        94,
                        433
                    ],
                    "is_working": true,
                    "name": "Unter St. Veit",
                    "rect": [
                        87,
                        443,
                        15,
                        67
                    ],
                    "text_id": 71,
                    "uid": 74
                },
                {
                    "coord": [
                        57,
                        433
                    ],
                    "is_working": true,
                    "name": "Ober St.Veit",
                    "rect": [
                        50,
                        443,
                        15,
                        61
                    ],
                    "text_id": 72,
                    "uid": 75
                },
                {
                    "coord": [
                        20,
                        433
                    ],
                    "is_working": true,
                    "name": "Hutteldorf",
                    "rect": [
                        13,
                        443,
                        15,
                        50
                    ],
                    "text_id": 73,
                    "uid": 76
                }
            ],
            "text_id": 74
        },
        {
            "labels_bg_color": "-1",
            "labels_color": "543C04",
            "line_color": "543C04",
            "line_width": 9,
            "name": "U6",
            "segments": [
                [
                    77,
                    78,
                    [
                        [
                            571,
                            71
                        ],
                        [
                            591,
                            51
                        ]
                    ],
                    true
                ],
                [
                    78,
                    79,
                    [
                        [
                            548,
                            94
                        ],
                        [
                            571,
                            71
                        ]
                    ],
                    true
                ],
                [
                    79,
                    80,
                    [
                        [
                            525,
                            117
                        ],
                        [
                            548,
                            94
                        ]
                    ],
                    true
                ],
                [
                    80,
                    81,
                    [
                        [
                            479,
                            134
                        ],
                        [
                            508.0,
                            134.0
                        ],
                        [
                            525,
                            117
                        ]
                    ],
                    true
                ],
                [
                    81,
                    82,
                    [
                        [
                            439,
                            134
                        ],
                        [
                            479,
                            134
                        ]
                    ],
                    true
                ],
                [
                    82,
                    83,
                    [
                        [
                            409,
                            159
                        ],
                        [
                            434.0,
                            134.0
                        ],
                        [
                            439,
                            134
                        ]
                    ],
                    true
                ],
                [
                    83,
                    84,
                    [
                        [
                            389,
                            179
                        ],
                        [
                            409,
                            159
                        ]
                    ],
                    true
                ],
                [
                    84,
                    85,
                    [
                        [
                            369,
                            199
                        ],
                        [
                            389,
                            179
                        ]
                    ],
                    true
                ],
                [
                    85,
                    86,
                    [
                        [
                            349,
                            219
                        ],
                        [
                            369,
                            199
                        ]
                    ],
                    true
                ],
                [
                    86,
                    87,
                    [
                        [
                            329,
                            239
                        ],
                        [
                            349,
                            219
                        ]
                    ],
                    true
                ],
                [
                    87,
                    88,
                    [
                        [
                            309,
                            259
                        ],
                        [
                            329,
                            239
                        ]
                    ],
                    true
                ],
                [
                    88,
                    89,
                    [
                        [
                            285,
                            304
                        ],
                        [
                            285.0,
                            283.0
                        ],
                        [
                            309,
                            259
                        ]
                    ],
                    true
                ],
                [
                    89,
                    90,
                    [
                        [
                            285,
                            352
                        ],
                        [
                            285,
                            304
                        ]
                    ],
                    true
                ],
                [
                    90,
                    91,
                    [
                        [
                            285,
                            389
                        ],
                        [
                            285,
                            352
                        ]
                    ],
                    true
                ],
                [
                    91,
                    92,
                    [
                        [
                            285,
                            421
                        ],
                        [
                            285,
                            389
                        ]
                    ],
                    true
                ],
                [
                    92,
                    93,
                    [
                        [
                            285,
                            478
                        ],
                        [
                            285,
                            421
                        ]
                    ],
                    true
                ],
                [
                    93,
                    94,
                    [
                        [
                            285,
                            500
                        ],
                        [
                            285,
                            478
                        ]
                    ],
                    true
                ],
                [
                    94,
                    95,
                    [
                        [
                            285,
                            522
                        ],
                        [
                            285,
                            500
                        ]
                    ],
                    true
                ],
                [
                    95,
                    96,
                    [
                        [
                            285,
                            544
                        ],
                        [
                            285,
                            522
                        ]
                    ],
                    true
                ],
                [
                    96,
                    97,
                    [
                        [
                            285,
                            566
                        ],
                        [
                            285,
                            544
                        ]
                    ],
                    true
                ],
                [
                    97,
                    98,
                    [
                        [
                            285,
                            588
                        ],
                        [
                            285,
                            566
                        ]
                    ],
                    true
                ],
                [
                    98,
                    99,
                    [
                        [
                            285,
                            610
                        ],
                        [
                            285,
                            588
                        ]
                    ],
                    true
                ],
                [
                    99,
                    100,
                    [
                        [
                            285,
                            632
                        ],
                        [
                            285,
                            610
                        ]
                    ],
                    true
                ]
            ],
            "stations": [
                {
                    "coord": [
                        591,
                        51
                    ],
                    "is_working": true,
                    "name": "Floridsdorf",
                    "rect": [
                        597,
                        47,
                        55,
                        15
                    ],
                    "text_id": 75,
                    "uid": 77
                },
                {
                    "coord": [
                        571,
                        71
                    ],
                    "is_working": true,
                    "name": "Neue Donau",
                    "rect": [
                        582,
                        66,
                        34,
                        28
                    ],
                    "text_id": 76,
                    "uid": 78
                },
                {
                    "coord": [
                        548,
                        94
                    ],
                    "is_working": true,
                    "name": "Handelskai",
                    "rect": [
                        555,
                        96,
                        58,
                        15
                    ],
                    "text_id": 77,
                    "uid": 79
                },
                {
                    "coord": [
                        525,
                        117
                    ],
                    "is_working": true,
                    "name": "Dresdner Strasse",
                    "rect": [
                        534,
                        114,
                        50,
                        28
                    ],
                    "text_id": 78,
                    "uid": 80
                },
                {
                    "coord": [
                        479,
                        134
                    ],
                    "is_working": true,
                    "name": "Jagerstrasse",
                    "rect": [
                        476,
                        141,
                        67,
                        15
                    ],
                    "text_id": 79,
                    "uid": 81
                },
                {
                    "coord": [
                        439,
                        134
                    ],
                    "is_working": true,
                    "name": "Spittelau",
                    "rect": [
                        382,
                        120,
                        45,
                        15
                    ],
                    "text_id": 58,
                    "uid": 82
                },
                {
                    "coord": [
                        409,
                        159
                    ],
                    "is_working": true,
                    "name": "Nussdorfer Strasse",
                    "rect": [
                        342,
                        136,
                        59,
                        28
                    ],
                    "text_id": 80,
                    "uid": 83
                },
                {
                    "coord": [
                        389,
                        179
                    ],
                    "is_working": true,
                    "name": "Vahringer Strasse - Volksoper",
                    "rect": [
                        267,
                        164,
                        99,
                        28
                    ],
                    "text_id": 81,
                    "uid": 84
                },
                {
                    "coord": [
                        369,
                        199
                    ],
                    "is_working": true,
                    "name": "Michelbeuern -AKH",
                    "rect": [
                        378,
                        196,
                        71,
                        28
                    ],
                    "text_id": 82,
                    "uid": 85
                },
                {
                    "coord": [
                        349,
                        219
                    ],
                    "is_working": true,
                    "name": "Alser Strasse",
                    "rect": [
                        356,
                        221,
                        40,
                        28
                    ],
                    "text_id": 83,
                    "uid": 86
                },
                {
                    "coord": [
                        329,
                        239
                    ],
                    "is_working": true,
                    "name": "Josefstadter Strasse",
                    "rect": [
                        253,
                        214,
                        65,
                        28
                    ],
                    "text_id": 84,
                    "uid": 87
                },
                {
                    "coord": [
                        309,
                        259
                    ],
                    "is_working": true,
                    "name": "Thaliastrasse",
                    "rect": [
                        317,
                        259,
                        69,
                        15
                    ],
                    "text_id": 85,
                    "uid": 88
                },
                {
                    "coord": [
                        285,
                        304
                    ],
                    "is_working": true,
                    "name": "Burgasse Stadthalle",
                    "rect": [
                        293,
                        288,
                        52,
                        28
                    ],
                    "text_id": 86,
                    "uid": 89
                },
                {
                    "coord": [
                        285,
                        352
                    ],
                    "is_working": true,
                    "name": "West- bahnhof",
                    "rect": [
                        236,
                        318,
                        41,
                        28
                    ],
                    "text_id": 41,
                    "uid": 90
                },
                {
                    "coord": [
                        285,
                        389
                    ],
                    "is_working": true,
                    "name": "Gumpendorfer Strasse",
                    "rect": [
                        202,
                        378,
                        74,
                        28
                    ],
                    "text_id": 87,
                    "uid": 91
                },
                {
                    "coord": [
                        285,
                        421
                    ],
                    "is_working": true,
                    "name": "Langenfeldgasse",
                    "rect": [
                        188,
                        410,
                        86,
                        15
                    ],
                    "text_id": 66,
                    "uid": 92
                },
                {
                    "coord": [
                        285,
                        478
                    ],
                    "is_working": true,
                    "name": "Niederhofstrasse",
                    "rect": [
                        295,
                        472,
                        87,
                        15
                    ],
                    "text_id": 88,
                    "uid": 93
                },
                {
                    "coord": [
                        285,
                        500
                    ],
                    "is_working": true,
                    "name": "Philadelphiabrucke",
                    "rect": [
                        295,
                        494,
                        97,
                        15
                    ],
                    "text_id": 89,
                    "uid": 94
                },
                {
                    "coord": [
                        285,
                        522
                    ],
                    "is_working": true,
                    "name": "Tscherttegasse",
                    "rect": [
                        295,
                        515,
                        78,
                        15
                    ],
                    "text_id": 90,
                    "uid": 95
                },
                {
                    "coord": [
                        285,
                        544
                    ],
                    "is_working": true,
                    "name": "Am Schopfwerk",
                    "rect": [
                        295,
                        531,
                        60,
                        28
                    ],
                    "text_id": 91,
                    "uid": 96
                },
                {
                    "coord": [
                        285,
                        566
                    ],
                    "is_working": true,
                    "name": "Alterlaa",
                    "rect": [
                        295,
                        560,
                        41,
                        15
                    ],
                    "text_id": 92,
                    "uid": 97
                },
                {
                    "coord": [
                        285,
                        588
                    ],
                    "is_working": true,
                    "name": "Erlaaer Strasse",
                    "rect": [
                        295,
                        576,
                        40,
                        28
                    ],
                    "text_id": 93,
                    "uid": 98
                },
                {
                    "coord": [
                        285,
                        610
                    ],
                    "is_working": true,
                    "name": "Perfektastrasse",
                    "rect": [
                        295,
                        605,
                        80,
                        15
                    ],
                    "text_id": 94,
                    "uid": 99
                },
                {
                    "coord": [
                        285,
                        632
                    ],
                    "is_working": true,
                    "name": "Siebenhirten",
                    "rect": [
                        295,
                        626,
                        64,
                        15
                    ],
                    "text_id": 95,
                    "uid": 100
                }
            ],
            "text_id": 96
        }
    ],
    "lines_width": 9,
    "name": "metro",
    "name_text_id": 97,
    "stations_diameter": 12.0,
    "transfers": [
        [
            14,
            35,
            [
                537,
                419
            ],
            [
                525,
                426
            ]
        ],
        [
            69,
            92,
            [
                285,
                433
            ],
            [
                285,
                421
            ]
        ],
        [
            65,
            35,
            [
                537,
                433
            ],
            [
                525,
                426
            ]
        ],
        [
            28,
            10,
            [
                636,
                248
            ],
            [
                627,
                239
            ]
        ],
        [
            33,
            44,
            [
                455,
                352
            ],
            [
                443,
                352
            ]
        ],
        [
            13,
            46,
            [
                537,
                340
            ],
            [
                537,
                352
            ]
        ],
        [
            41,
            90,
            [
                297,
                352
            ],
            [
                285,
                352
            ]
        ],
        [
            58,
            82,
            [
                439,
                123
            ],
            [
                439,
                134
            ]
        ],
        [
            61,
            30,
            [
                544,
                239
            ],
            [
                535,
                248
            ]
        ],
        [
            62,
            12,
            [
                586,
                281
            ],
            [
                577,
                289
            ]
        ],
        [
            63,
            48,
            [
                633,
                352
            ],
            [
                645,
                352
            ]
        ],
        [
            65,
            14,
            [
                537,
                433
            ],
            [
                537,
                419
            ]
        ]
    ],
    "transports": [
        "metro"
    ],
    "type_name": "ROOT",
    "type_text_id": 98,
    "upper_case": true,
    "width": 1012,
    "word_wrap": true
}