{
    "default_transports": [
        "metro"
    ],
    "height": 830,
    "images": [
        "res/schemes/u2.svg"
    ],
    "is_vector": true,
    "lines": [
        {
            "labels_bg_color": "-1",
            "labels_color": "000000",
            "line_color": "E41c0c",
            "line_width": 9,
            "name": "U1",
            "segments": [],
            "stations": [
                {
                    "coord": null,
                    "is_working": true,
                    "name": "Leopoldau",
                    "rect": null,
                    "text_id": 0,
                    "uid": 0
                },
                {
                    "coord": null,
                    "is_working": true,
                    "name": "Grossfeldsiedlung",
                    "rect": null,
                    "text_id": 1,
                    "uid": 1
                },
                {
                    "coord": null,
                    "is_working": true,
                    "name": "Aderklaaer Strasse",
                    "rect": null,
                    "text_id": 2,
                    "uid": 2
                },
                {
                    "coord": null,
                    "is_working": true,
                    "name": "Rennbahnweg",
                    "rect": null,
                    "text_id": 3,
                    "uid": 3
                },
                {
                    "coord": null,
                    "is_working": true,
                    "name": "Karganer Platz",
                    "rect": null,
                    "text_id": 4,
                    "uid": 4
                },
                {
                    "coord": null,
                    "is_working": true,
                    "name": "Kagran",
                    "rect": null,
                    "text_id": 5,
                    "uid": 5
                },
                {
                    "coord": null,
                    "is_working": true,
                    "name": "Alte Donau",
                    "rect": null,
                    "text_id": 6,
                    "uid": 6
                },
                {
                    "coord": null,
                    "is_working": true,
                    "name": "Kaisermuhlan - VIC",
                    "rect": null,
                    "text_id": 7,
                    "uid": 7
                },
                {
                    "coord": null,
                    "is_working": true,
                    "name": "Donauinsel",
                    "rect": null,
                    "text_id": 8,
                    "uid": 8
                },
                {
                    "coord": null,
                    "is_working": true,
                    "name": "Vorgartenstrasse",
                    "rect": null,
                    "text_id": 9,
                    "uid": 9
                },
                {
                    "coord": null,
                    "is_working": true,
                    "name": "Praterstern",
                    "rect": null,
                    "text_id": 10,
                    "uid": 10
                },
                {
                    "coord": null,
                    "is_working": true,
                    "name": "Nestroyplatz",
                    "rect": null,
                    "text_id": 11,
                    "uid": 11
                },
                {
                    "coord": null,
                    "is_working": true,
                    "name": "Schweden- platz",
                    "rect": null,
                    "text_id": 12,
                    "uid": 12
                },
                {
                    "coord": null,
                    "is_working": true,
                    "name": "Stephans- platz",
                    "rect": null,
                    "text_id": 13,
                    "uid": 13
                },
                {
                    "coord": [
                        181,
                        660
                    ],
                    "is_working": true,
                    "name": "Karls- platz",
                    "rect": [
                        62,
                        642,
                        100,
                        24
                    ],
                    "text_id": 14,
                    "uid": 14
                },
                {
                    "coord": null,
                    "is_working": true,
                    "name": "Taubstummengasse",
                    "rect": null,
                    "text_id": 15,
                    "uid": 15
                },
                {
                    "coord": null,
                    "is_working": true,
                    "name": "Sudtiroler Platz",
                    "rect": null,
                    "text_id": 16,
                    "uid": 16
                },
                {
                    "coord": null,
                    "is_working": true,
                    "name": "Keplrerplatz",
                    "rect": null,
                    "text_id": 17,
                    "uid": 17
                },
                {
                    "coord": null,
                    "is_working": true,
                    "name": "Reumannplatz",
                    "rect": null,
                    "text_id": 18,
                    "uid": 18
                }
            ],
            "text_id": 19
        },
        {
            "labels_bg_color": "-1",
            "labels_color": "000000",
            "line_color": "AC24AC",
            "line_width": 9,
            "name": "U2",
            "segments": [
                [
                    19,
                    20,
                    [
                        [
                            200,
                            70
                        ],
                        [
                            200,
                            30
                        ]
                    ],
                    true
                ],
                [
                    20,
                    21,
                    [
                        [
                            200,
                            110
                        ],
                        [
                            200,
                            70
                        ]
                    ],
                    true
                ],
                [
                    21,
                    22,
                    [
                        [
                            200,
                            150
                        ],
                        [
                            200,
                            110
                        ]
                    ],
                    true
                ],
                [
                    22,
                    23,
                    [
                        [
                            200,
                            190
                        ],
                        [
                            200,
                            150
                        ]
                    ],
                    true
                ],
                [
                    23,
                    24,
                    [
                        [
                            200,
                            230
                        ],
                        [
                            200,
                            190
                        ]
                    ],
                    true
                ],
                [
                    24,
                    25,
                    [
                        [
                            200,
                            270
                        ],
                        [
                            200,
                            230
                        ]
                    ],
                    true
                ],
                [
                    25,
                    26,
                    [
                        [
                            200,
                            310
                        ],
                        [
                            200,
                            270
                        ]
                    ],
                    true
                ],
                [
                    26,
                    27,
                    [
                        [
                            200,
                            350
                        ],
                        [
                            200,
                            310
                        ]
                    ],
                    true
                ],
                [
                    27,
                    28,
                    [
                        [
                            200,
                            390
                        ],
                        [
                            200,
                            350
                        ]
                    ],
                    true
                ],
                [
                    28,
                    29,
                    [
                        [
                            200,
                            430
                        ],
                        [
                            200,
                            390
                        ]
                    ],
                    true
                ],
                [
                    29,
                    30,
                    [
                        [
                            200,
                            470
                        ],
                        [
                            200,
                            430
                        ]
                    ],
                    true
                ],
                [
                    30,
                    31,
                    [
                        [
                            200,
                            510
                        ],
                        [
                            200,
                            470
                        ]
                    ],
                    true
                ],
                [
                    31,
                    32,
                    [
                        [
                            200,
                            550
                        ],
                        [
                            200,
                            510
                        ]
                    ],
                    true
                ],
                [
                    32,
                    33,
                    [
                        [
                            200,
                            590
                        ],
                        [
                            200,
                            550
                        ]
                    ],
                    true
                ],
                [
                    33,
                    34,
                    [
                        [
                            200,
                            630
                        ],
                        [
                            200,
                            590
                        ]
                    ],
                    true
                ],
                [
                    34,
                    35,
                    [
                        [
                            200,
                            670
                        ],
                        [
                            200,
                            630
                        ]
                    ],
                    true
                ]
            ],
            "stations": [
                {
                    "coord": [
                        200,
                        30
                    ],
                    "is_working": true,
                    "name": "Aspernstrasse",
                    "rect": [
                        215,
                        21,
                        100,
                        20
                    ],
                    "text_id": 20,
                    "uid": 19
                },
                {
                    "coord": [
                        200,
                        70
                    ],
                    "is_working": true,
                    "name": "Donauspital",
                    "rect": [
                        215,
                        61,
                        100,
                        20
                    ],
                    "text_id": 21,
                    "uid": 20
                },
                {
                    "coord": [
                        200,
                        110
                    ],
                    "is_working": true,
                    "name": "Hardegggasse",
                    "rect": [
                        215,
                        101,
                        100,
                        20
                    ],
                    "text_id": 22,
                    "uid": 21
                },
                {
                    "coord": [
                        200,
                        150
                    ],
                    "is_working": true,
                    "name": "Stadlau",
                    "rect": [
                        215,
                        141,
                        100,
                        20
                    ],
                    "text_id": 23,
                    "uid": 22
                },
                {
                    "coord": [
                        200,
                        190
                    ],
                    "is_working": true,
                    "name": "Donaustadtbrucke",
                    "rect": [
                        215,
                        181,
                        100,
                        20
                    ],
                    "text_id": 24,
                    "uid": 23
                },
                {
                    "coord": [
                        200,
                        230
                    ],
                    "is_working": true,
                    "name": "Donaumarina",
                    "rect": [
                        215,
                        221,
                        100,
                        20
                    ],
                    "text_id": 25,
                    "uid": 24
                },
                {
                    "coord": [
                        200,
                        270
                    ],
                    "is_working": true,
                    "name": "Stadion",
                    "rect": [
                        215,
                        261,
                        100,
                        20
                    ],
                    "text_id": 26,
                    "uid": 25
                },
                {
                    "coord": [
                        200,
                        310
                    ],
                    "is_working": true,
                    "name": "Krieau",
                    "rect": [
                        215,
                        301,
                        100,
                        20
                    ],
                    "text_id": 27,
                    "uid": 26
                },
                {
                    "coord": [
                        200,
                        350
                    ],
                    "is_working": true,
                    "name": "Messe-Prater",
                    "rect": [
                        215,
                        340,
                        100,
                        20
                    ],
                    "text_id": 28,
                    "uid": 27
                },
                {
                    "coord": [
                        200,
                        390
                    ],
                    "is_working": true,
                    "name": "Praterstern",
                    "rect": [
                        215,
                        380,
                        100,
                        20
                    ],
                    "text_id": 10,
                    "uid": 28
                },
                {
                    "coord": [
                        200,
                        430
                    ],
                    "is_working": true,
                    "name": "Taborstrasse",
                    "rect": [
                        215,
                        422,
                        100,
                        20
                    ],
                    "text_id": 29,
                    "uid": 29
                },
                {
                    "coord": [
                        200,
                        470
                    ],
                    "is_working": true,
                    "name": "Schottenring",
                    "rect": [
                        215,
                        460,
                        100,
                        20
                    ],
                    "text_id": 30,
                    "uid": 30
                },
                {
                    "coord": [
                        200,
                        510
                    ],
                    "is_working": true,
                    "name": "Shottentor Universitat",
                    "rect": [
                        215,
                        500,
                        100,
                        20
                    ],
                    "text_id": 31,
                    "uid": 31
                },
                {
                    "coord": [
                        200,
                        550
                    ],
                    "is_working": true,
                    "name": "Rathaus",
                    "rect": [
                        215,
                        540,
                        100,
                        20
                    ],
                    "text_id": 32,
                    "uid": 32
                },
                {
                    "coord": [
                        200,
                        590
                    ],
                    "is_working": true,
                    "name": "Volks- theater",
                    "rect": [
                        215,
                        580,
                        100,
                        20
                    ],
                    "text_id": 33,
                    "uid": 33
                },
                {
                    "coord": [
                        200,
                        630
                    ],
                    "is_working": true,
                    "name": "Museumsquartier",
                    "rect": [
                        215,
                        620,
                        100,
                        20
                    ],
                    "text_id": 34,
                    "uid": 34
                },
                {
                    "coord": [
                        200,
                        670
                    ],
                    "is_working": true,
                    "name": "Karls- platz",
                    "rect": [
                        215,
                        660,
                        100,
                        20
                    ],
                    "text_id": 14,
                    "uid": 35
                }
            ],
            "text_id": 35
        },
        {
            "labels_bg_color": "-1",
            "labels_color": "000000",
            "line_color": "FC9C54",
            "line_width": 9,
            "name": "U3",
            "segments": [],
            "stations": [
                {
                    "coord": null,
                    "is_working": true,
                    "name": "Ottarking",
                    "rect": null,
                    "text_id": 36,
                    "uid": 36
                },
                {
                    "coord": null,
                    "is_working": true,
                    "name": "Kendlerstrasse",
                    "rect": null,
                    "text_id": 37,
                    "uid": 37
                },
                {
                    "coord": null,
                    "is_working": true,
                    "name": "Hutteldorfer Strasse",
                    "rect": null,
                    "text_id": 38,
                    "uid": 38
                },
                {
                    "coord": null,
                    "is_working": true,
                    "name": "Johnstrasse",
                    "rect": null,
                    "text_id": 39,
                    "uid": 39
                },
                {
                    "coord": null,
                    "is_working": true,
                    "name": "Schweglerstrasse",
                    "rect": null,
                    "text_id": 40,
                    "uid": 40
                },
                {
                    "coord": null,
                    "is_working": true,
                    "name": "West- bahnhof",
                    "rect": null,
                    "text_id": 41,
                    "uid": 41
                },
                {
                    "coord": null,
                    "is_working": true,
                    "name": "Ziegler- gasse",
                    "rect": null,
                    "text_id": 42,
                    "uid": 42
                },
                {
                    "coord": null,
                    "is_working": true,
                    "name": "Neubau- gasse",
                    "rect": null,
                    "text_id": 43,
                    "uid": 43
                },
                {
                    "coord": [
                        181,
                        590
                    ],
                    "is_working": true,
                    "name": "Volks- theater",
                    "rect": [
                        62,
                        578,
                        100,
                        24
                    ],
                    "text_id": 33,
                    "uid": 44
                },
                {
                    "coord": null,
                    "is_working": true,
                    "name": "Herren- gasse",
                    "rect": null,
                    "text_id": 44,
                    "uid": 45
                },
                {
                    "coord": null,
                    "is_working": true,
                    "name": "Stephansplatz",
                    "rect": null,
                    "text_id": 45,
                    "uid": 46
                },
                {
                    "coord": null,
                    "is_working": true,
                    "name": "Stubentor",
                    "rect": null,
                    "text_id": 46,
                    "uid": 47
                },
                {
                    "coord": null,
                    "is_working": true,
                    "name": "Landstrasse",
                    "rect": null,
                    "text_id": 47,
                    "uid": 48
                },
                {
                    "coord": null,
                    "is_working": true,
                    "name": "Rochusgasse",
                    "rect": null,
                    "text_id": 48,
                    "uid": 49
                },
                {
                    "coord": null,
                    "is_working": true,
                    "name": "Kardinal-Nagl-Platz",
                    "rect": null,
                    "text_id": 49,
                    "uid": 50
                },
                {
                    "coord": null,
                    "is_working": true,
                    "name": "Schlachthausgasse",
                    "rect": null,
                    "text_id": 50,
                    "uid": 51
                },
                {
                    "coord": null,
                    "is_working": true,
                    "name": "Erdberg",
                    "rect": null,
                    "text_id": 51,
                    "uid": 52
                },
                {
                    "coord": null,
                    "is_working": true,
                    "name": "Gasometer",
                    "rect": null,
                    "text_id": 52,
                    "uid": 53
                },
                {
                    "coord": null,
                    "is_working": true,
                    "name": "Zippererstrasse",
                    "rect": null,
                    "text_id": 53,
                    "uid": 54
                },
                {
                    "coord": null,
                    "is_working": true,
                    "name": "Enkplatz",
                    "rect": null,
                    "text_id": 54,
                    "uid": 55
                },
                {
                    "coord": null,
                    "is_working": true,
                    "name": "Simmering",
                    "rect": null,
                    "text_id": 55,
                    "uid": 56
                }
            ],
            "text_id": 56
        },
        {
            "labels_bg_color": "-1",
            "labels_color": "000000",
            "line_color": "84BC54",
            "line_width": 9,
            "name": "U4",
            "segments": [],
            "stations": [
                {
                    "coord": null,
                    "is_working": true,
                    "name": "Heiligenstadt",
                    "rect": null,
                    "text_id": 57,
                    "uid": 57
                },
                {
                    "coord": null,
                    "is_working": true,
                    "name": "Spittelau",
                    "rect": null,
                    "text_id": 58,
                    "uid": 58
                },
                {
                    "coord": null,
                    "is_working": true,
                    "name": "Friedensbrucke",
                    "rect": null,
                    "text_id": 59,
                    "uid": 59
                },
                {
                    "coord": null,
                    "is_working": true,
                    "name": "Rossauer Lande",
                    "rect": null,
                    "text_id": 60,
                    "uid": 60
                },
                {
                    "coord": [
                        181,
                        470
                    ],
                    "is_working": true,
                    "name": "Schottenring",
                    "rect": [
                        62,
                        460,
                        100,
                        20
                    ],
                    "text_id": 30,
                    "uid": 61
                },
                {
                    "coord": null,
                    "is_working": true,
                    "name": "Schwedenplatz",
                    "rect": null,
                    "text_id": 61,
                    "uid": 62
                },
                {
                    "coord": null,
                    "is_working": true,
                    "name": "Landstrasse",
                    "rect": null,
                    "text_id": 47,
                    "uid": 63
                },
                {
                    "coord": null,
                    "is_working": true,
                    "name": "Stadtpark",
                    "rect": null,
                    "text_id": 62,
                    "uid": 64
                },
                {
                    "coord": [
                        181,
                        680
                    ],
                    "is_working": true,
                    "name": "Karls- platz",
                    "rect": [
                        62,
                        672,
                        100,
                        24
                    ],
                    "text_id": 14,
                    "uid": 65
                },
                {
                    "coord": null,
                    "is_working": true,
                    "name": "Kettenbruckengasse",
                    "rect": null,
                    "text_id": 63,
                    "uid": 66
                },
                {
                    "coord": null,
                    "is_working": true,
                    "name": "Pilgramgasse",
                    "rect": null,
                    "text_id": 64,
                    "uid": 67
                },
                {
                    "coord": null,
                    "is_working": true,
                    "name": "Margareten- gurtel",
                    "rect": null,
                    "text_id": 65,
                    "uid": 68
                },
                {
                    "coord": null,
                    "is_working": true,
                    "name": "Langenfeldgasse",
                    "rect": null,
                    "text_id": 66,
                    "uid": 69
                },
                {
                    "coord": null,
                    "is_working": true,
                    "name": "Meidling Haupstrasse",
                    "rect": null,
                    "text_id": 67,
                    "uid": 70
                },
                {
                    "coord": null,
                    "is_working": true,
                    "name": "Schonbrunn",
                    "rect": null,
                    "text_id": 68,
                    "uid": 71
                },
                {
                    "coord": null,
                    "is_working": true,
                    "name": "Hiezing",
                    "rect": null,
                    "text_id": 69,
                    "uid": 72
                },
                {
                    "coord": null,
                    "is_working": true,
                    "name": "Braunschweiggasse",
                    "rect": null,
                    "text_id": 70,
                    "uid": 73
                },
                {
                    "coord": null,
                    "is_working": true,
                    "name": "Unter St. Veit",
                    "rect": null,
                    "text_id": 71,
                    "uid": 74
                },
                {
                    "coord": null,
                    "is_working": true,
                    "name": "Ober St.Veit",
                    "rect": null,
                    "text_id": 72,
                    "uid": 75
                },
                {
                    "coord": null,
                    "is_working": true,
                    "name": "Hutteldorf",
                    "rect": null,
                    "text_id": 73,
                    "uid": 76
                }
            ],
            "text_id": 74
        }
    ],
    "lines_width": 9,
    "name": "u2",
    "name_text_id": 35,
    "stations_diameter": 16.0,
    "transfers": [
        [
            14,
            35,
            [
                181,
                660
            ],
            [
                200,
                670
            ]
        ],
        [
            65,
            35,
            [
                181,
                680
            ],
            [
                200,
                670
            ]
        ],
        [
            28,
            10,
            [
                200,
                390
            ],
            null
        ],
        [
            33,
            44,
            [
                200,
                590
            ],
            [
                181,
                590
            ]
        ],
        [
            13,
            46,
            null,
            null
        ],
        [
            61,
            30,
            [
                181,
                470
            ],
            [
                200,
                470
            ]
        ],
        [
            62,
            12,
            null,
            null
        ],
        [
            63,
            48,
            null,
            null
        ],
        [
            65,
            14,
            [
                181,
                680
            ],
            [
                181,
                660
            ]
        ]
    ],
    "transports": [
        "metro"
    ],
    "type_name": "Метро",
    "type_text_id": 99,
    "upper_case": true,
    "width": 350,
    "word_wrap": true
}