{
    "default_transports": [
        "metro"
    ],
    "height": 1010,
    "images": [
        "res/schemes/u3.svg"
    ],
    "is_vector": true,
    "lines": [
        {
            "labels_bg_color": "-1",
            "labels_color": "000000",
            "line_color": "E41c0c",
            "line_width": 9,
            "name": "U1",
            "segments": [],
            "stations": [
                {
                    "coord": null,
                    "is_working": true,
                    "name": "Leopoldau",
                    "rect": null,
                    "text_id": 0,
                    "uid": 0
                },
                {
                    "coord": null,
                    "is_working": true,
                    "name": "Grossfeldsiedlung",
                    "rect": null,
                    "text_id": 1,
                    "uid": 1
                },
                {
                    "coord": null,
                    "is_working": true,
                    "name": "Aderklaaer Strasse",
                    "rect": null,
                    "text_id": 2,
                    "uid": 2
                },
                {
                    "coord": null,
                    "is_working": true,
                    "name": "Rennbahnweg",
                    "rect": null,
                    "text_id": 3,
                    "uid": 3
                },
                {
                    "coord": null,
                    "is_working": true,
                    "name": "Karganer Platz",
                    "rect": null,
                    "text_id": 4,
                    "uid": 4
                },
                {
                    "coord": null,
                    "is_working": true,
                    "name": "Kagran",
                    "rect": null,
                    "text_id": 5,
                    "uid": 5
                },
                {
                    "coord": null,
                    "is_working": true,
                    "name": "Alte Donau",
                    "rect": null,
                    "text_id": 6,
                    "uid": 6
                },
                {
                    "coord": null,
                    "is_working": true,
                    "name": "Kaisermuhlan - VIC",
                    "rect": null,
                    "text_id": 7,
                    "uid": 7
                },
                {
                    "coord": null,
                    "is_working": true,
                    "name": "Donauinsel",
                    "rect": null,
                    "text_id": 8,
                    "uid": 8
                },
                {
                    "coord": null,
                    "is_working": true,
                    "name": "Vorgartenstrasse",
                    "rect": null,
                    "text_id": 9,
                    "uid": 9
                },
                {
                    "coord": null,
                    "is_working": true,
                    "name": "Praterstern",
                    "rect": null,
                    "text_id": 10,
                    "uid": 10
                },
                {
                    "coord": null,
                    "is_working": true,
                    "name": "Nestroyplatz",
                    "rect": null,
                    "text_id": 11,
                    "uid": 11
                },
                {
                    "coord": null,
                    "is_working": true,
                    "name": "Schweden- platz",
                    "rect": null,
                    "text_id": 12,
                    "uid": 12
                },
                {
                    "coord": [
                        181,
                        460
                    ],
                    "is_working": true,
                    "name": "Stephans- platz",
                    "rect": [
                        60,
                        450,
                        100,
                        20
                    ],
                    "text_id": 13,
                    "uid": 13
                },
                {
                    "coord": null,
                    "is_working": true,
                    "name": "Karls- platz",
                    "rect": null,
                    "text_id": 14,
                    "uid": 14
                },
                {
                    "coord": null,
                    "is_working": true,
                    "name": "Taubstummengasse",
                    "rect": null,
                    "text_id": 15,
                    "uid": 15
                },
                {
                    "coord": null,
                    "is_working": true,
                    "name": "Sudtiroler Platz",
                    "rect": null,
                    "text_id": 16,
                    "uid": 16
                },
                {
                    "coord": null,
                    "is_working": true,
                    "name": "Keplrerplatz",
                    "rect": null,
                    "text_id": 17,
                    "uid": 17
                },
                {
                    "coord": null,
                    "is_working": true,
                    "name": "Reumannplatz",
                    "rect": null,
                    "text_id": 18,
                    "uid": 18
                }
            ],
            "text_id": 19
        },
        {
            "labels_bg_color": "-1",
            "labels_color": "000000",
            "line_color": "AC24AC",
            "line_width": 9,
            "name": "U2",
            "segments": [],
            "stations": [
                {
                    "coord": null,
                    "is_working": true,
                    "name": "Aspernstrasse",
                    "rect": null,
                    "text_id": 20,
                    "uid": 19
                },
                {
                    "coord": null,
                    "is_working": true,
                    "name": "Donauspital",
                    "rect": null,
                    "text_id": 21,
                    "uid": 20
                },
                {
                    "coord": null,
                    "is_working": true,
                    "name": "Hardegggasse",
                    "rect": null,
                    "text_id": 22,
                    "uid": 21
                },
                {
                    "coord": null,
                    "is_working": true,
                    "name": "Stadlau",
                    "rect": null,
                    "text_id": 23,
                    "uid": 22
                },
                {
                    "coord": null,
                    "is_working": true,
                    "name": "Donaustadtbrucke",
                    "rect": null,
                    "text_id": 24,
                    "uid": 23
                },
                {
                    "coord": null,
                    "is_working": true,
                    "name": "Donaumarina",
                    "rect": null,
                    "text_id": 25,
                    "uid": 24
                },
                {
                    "coord": null,
                    "is_working": true,
                    "name": "Stadion",
                    "rect": null,
                    "text_id": 26,
                    "uid": 25
                },
                {
                    "coord": null,
                    "is_working": true,
                    "name": "Krieau",
                    "rect": null,
                    "text_id": 27,
                    "uid": 26
                },
                {
                    "coord": null,
                    "is_working": true,
                    "name": "Messe-Prater",
                    "rect": null,
                    "text_id": 28,
                    "uid": 27
                },
                {
                    "coord": null,
                    "is_working": true,
                    "name": "Praterstern",
                    "rect": null,
                    "text_id": 10,
                    "uid": 28
                },
                {
                    "coord": null,
                    "is_working": true,
                    "name": "Taborstrasse",
                    "rect": null,
                    "text_id": 29,
                    "uid": 29
                },
                {
                    "coord": null,
                    "is_working": true,
                    "name": "Schottenring",
                    "rect": null,
                    "text_id": 30,
                    "uid": 30
                },
                {
                    "coord": null,
                    "is_working": true,
                    "name": "Shottentor Universitat",
                    "rect": null,
                    "text_id": 31,
                    "uid": 31
                },
                {
                    "coord": null,
                    "is_working": true,
                    "name": "Rathaus",
                    "rect": null,
                    "text_id": 32,
                    "uid": 32
                },
                {
                    "coord": [
                        181,
                        380
                    ],
                    "is_working": true,
                    "name": "Volks- theater",
                    "rect": [
                        60,
                        370,
                        100,
                        20
                    ],
                    "text_id": 33,
                    "uid": 33
                },
                {
                    "coord": null,
                    "is_working": true,
                    "name": "Museumsquartier",
                    "rect": null,
                    "text_id": 34,
                    "uid": 34
                },
                {
                    "coord": null,
                    "is_working": true,
                    "name": "Karls- platz",
                    "rect": null,
                    "text_id": 14,
                    "uid": 35
                }
            ],
            "text_id": 35
        },
        {
            "labels_bg_color": "-1",
            "labels_color": "000000",
            "line_color": "FC9C54",
            "line_width": 9,
            "name": "U3",
            "segments": [
                [
                    36,
                    37,
                    [
                        [
                            200,
                            100
                        ],
                        [
                            200,
                            60
                        ]
                    ],
                    true
                ],
                [
                    37,
                    38,
                    [
                        [
                            200,
                            140
                        ],
                        [
                            200,
                            100
                        ]
                    ],
                    true
                ],
                [
                    38,
                    39,
                    [
                        [
                            200,
                            180
                        ],
                        [
                            200,
                            140
                        ]
                    ],
                    true
                ],
                [
                    39,
                    40,
                    [
                        [
                            200,
                            220
                        ],
                        [
                            200,
                            180
                        ]
                    ],
                    true
                ],
                [
                    40,
                    41,
                    [
                        [
                            200,
                            260
                        ],
                        [
                            200,
                            220
                        ]
                    ],
                    true
                ],
                [
                    41,
                    42,
                    [
                        [
                            200,
                            300
                        ],
                        [
                            200,
                            260
                        ]
                    ],
                    true
                ],
                [
                    42,
                    43,
                    [
                        [
                            200,
                            340
                        ],
                        [
                            200,
                            300
                        ]
                    ],
                    true
                ],
                [
                    43,
                    44,
                    [
                        [
                            200,
                            380
                        ],
                        [
                            200,
                            340
                        ]
                    ],
                    true
                ],
                [
                    44,
                    45,
                    [
                        [
                            200,
                            420
                        ],
                        [
                            200,
                            380
                        ]
                    ],
                    true
                ],
                [
                    45,
                    46,
                    [
                        [
                            200,
                            460
                        ],
                        [
                            200,
                            420
                        ]
                    ],
                    true
                ],
                [
                    46,
                    47,
                    [
                        [
                            200,
                            500
                        ],
                        [
                            200,
                            460
                        ]
                    ],
                    true
                ],
                [
                    47,
                    48,
                    [
                        [
                            200,
                            540
                        ],
                        [
                            200,
                            500
                        ]
                    ],
                    true
                ],
                [
                    48,
                    49,
                    [
                        [
                            200,
                            580
                        ],
                        [
                            200,
                            540
                        ]
                    ],
                    true
                ],
                [
                    49,
                    50,
                    [
                        [
                            200,
                            620
                        ],
                        [
                            200,
                            580
                        ]
                    ],
                    true
                ],
                [
                    50,
                    51,
                    [
                        [
                            200,
                            660
                        ],
                        [
                            200,
                            620
                        ]
                    ],
                    true
                ],
                [
                    51,
                    52,
                    [
                        [
                            200,
                            700
                        ],
                        [
                            200,
                            660
                        ]
                    ],
                    true
                ],
                [
                    52,
                    53,
                    [
                        [
                            200,
                            740
                        ],
                        [
                            200,
                            700
                        ]
                    ],
                    true
                ],
                [
                    53,
                    54,
                    [
                        [
                            200,
                            780
                        ],
                        [
                            200,
                            740
                        ]
                    ],
                    true
                ],
                [
                    54,
                    55,
                    [
                        [
                            200,
                            820
                        ],
                        [
                            200,
                            780
                        ]
                    ],
                    true
                ],
                [
                    55,
                    56,
                    [
                        [
                            200,
                            860
                        ],
                        [
                            200,
                            820
                        ]
                    ],
                    true
                ]
            ],
            "stations": [
                {
                    "coord": [
                        200,
                        60
                    ],
                    "is_working": true,
                    "name": "Ottarking",
                    "rect": [
                        215,
                        50,
                        100,
                        20
                    ],
                    "text_id": 36,
                    "uid": 36
                },
                {
                    "coord": [
                        200,
                        100
                    ],
                    "is_working": true,
                    "name": "Kendlerstrasse",
                    "rect": [
                        215,
                        90,
                        100,
                        20
                    ],
                    "text_id": 37,
                    "uid": 37
                },
                {
                    "coord": [
                        200,
                        140
                    ],
                    "is_working": true,
                    "name": "Hutteldorfer Strasse",
                    "rect": [
                        215,
                        130,
                        100,
                        20
                    ],
                    "text_id": 38,
                    "uid": 38
                },
                {
                    "coord": [
                        200,
                        180
                    ],
                    "is_working": true,
                    "name": "Johnstrasse",
                    "rect": [
                        215,
                        170,
                        100,
                        20
                    ],
                    "text_id": 39,
                    "uid": 39
                },
                {
                    "coord": [
                        200,
                        220
                    ],
                    "is_working": true,
                    "name": "Schweglerstrasse",
                    "rect": [
                        215,
                        210,
                        100,
                        20
                    ],
                    "text_id": 40,
                    "uid": 40
                },
                {
                    "coord": [
                        200,
                        260
                    ],
                    "is_working": true,
                    "name": "West- bahnhof",
                    "rect": [
                        215,
                        250,
                        100,
                        20
                    ],
                    "text_id": 41,
                    "uid": 41
                },
                {
                    "coord": [
                        200,
                        300
                    ],
                    "is_working": true,
                    "name": "Ziegler- gasse",
                    "rect": [
                        215,
                        290,
                        100,
                        20
                    ],
                    "text_id": 42,
                    "uid": 42
                },
                {
                    "coord": [
                        200,
                        340
                    ],
                    "is_working": true,
                    "name": "Neubau- gasse",
                    "rect": [
                        215,
                        330,
                        100,
                        20
                    ],
                    "text_id": 43,
                    "uid": 43
                },
                {
                    "coord": [
                        200,
                        380
                    ],
                    "is_working": true,
                    "name": "Volks- theater",
                    "rect": [
                        215,
                        370,
                        100,
                        20
                    ],
                    "text_id": 33,
                    "uid": 44
                },
                {
                    "coord": [
                        200,
                        420
                    ],
                    "is_working": true,
                    "name": "Herren- gasse",
                    "rect": [
                        215,
                        410,
                        100,
                        20
                    ],
                    "text_id": 44,
                    "uid": 45
                },
                {
                    "coord": [
                        200,
                        460
                    ],
                    "is_working": true,
                    "name": "Stephansplatz",
                    "rect": [
                        215,
                        450,
                        100,
                        20
                    ],
                    "text_id": 45,
                    "uid": 46
                },
                {
                    "coord": [
                        200,
                        500
                    ],
                    "is_working": true,
                    "name": "Stubentor",
                    "rect": [
                        215,
                        490,
                        100,
                        20
                    ],
                    "text_id": 46,
                    "uid": 47
                },
                {
                    "coord": [
                        200,
                        540
                    ],
                    "is_working": true,
                    "name": "Landstrasse",
                    "rect": [
                        215,
                        530,
                        100,
                        20
                    ],
                    "text_id": 47,
                    "uid": 48
                },
                {
                    "coord": [
                        200,
                        580
                    ],
                    "is_working": true,
                    "name": "Rochusgasse",
                    "rect": [
                        215,
                        570,
                        100,
                        20
                    ],
                    "text_id": 48,
                    "uid": 49
                },
                {
                    "coord": [
                        200,
                        620
                    ],
                    "is_working": true,
                    "name": "Kardinal-Nagl-Platz",
                    "rect": [
                        215,
                        610,
                        100,
                        20
                    ],
                    "text_id": 49,
                    "uid": 50
                },
                {
                    "coord": [
                        200,
                        660
                    ],
                    "is_working": true,
                    "name": "Schlachthausgasse",
                    "rect": [
                        215,
                        650,
                        100,
                        20
                    ],
                    "text_id": 50,
                    "uid": 51
                },
                {
                    "coord": [
                        200,
                        700
                    ],
                    "is_working": true,
                    "name": "Erdberg",
                    "rect": [
                        215,
                        690,
                        100,
                        20
                    ],
                    "text_id": 51,
                    "uid": 52
                },
                {
                    "coord": [
                        200,
                        740
                    ],
                    "is_working": true,
                    "name": "Gasometer",
                    "rect": [
                        215,
                        730,
                        100,
                        20
                    ],
                    "text_id": 52,
                    "uid": 53
                },
                {
                    "coord": [
                        200,
                        780
                    ],
                    "is_working": true,
                    "name": "Zippererstrasse",
                    "rect": [
                        215,
                        770,
                        100,
                        20
                    ],
                    "text_id": 53,
                    "uid": 54
                },
                {
                    "coord": [
                        200,
                        820
                    ],
                    "is_working": true,
                    "name": "Enkplatz",
                    "rect": [
                        215,
                        810,
                        100,
                        20
                    ],
                    "text_id": 54,
                    "uid": 55
                },
                {
                    "coord": [
                        200,
                        860
                    ],
                    "is_working": true,
                    "name": "Simmering",
                    "rect": [
                        215,
                        850,
                        100,
                        20
                    ],
                    "text_id": 55,
                    "uid": 56
                }
            ],
            "text_id": 56
        },
        {
            "labels_bg_color": "-1",
            "labels_color": "000000",
            "line_color": "84BC54",
            "line_width": 9,
            "name": "U4",
            "segments": [],
            "stations": [
                {
                    "coord": null,
                    "is_working": true,
                    "name": "Heiligenstadt",
                    "rect": null,
                    "text_id": 57,
                    "uid": 57
                },
                {
                    "coord": null,
                    "is_working": true,
                    "name": "Spittelau",
                    "rect": null,
                    "text_id": 58,
                    "uid": 58
                },
                {
                    "coord": null,
                    "is_working": true,
                    "name": "Friedensbrucke",
                    "rect": null,
                    "text_id": 59,
                    "uid": 59
                },
                {
                    "coord": null,
                    "is_working": true,
                    "name": "Rossauer Lande",
                    "rect": null,
                    "text_id": 60,
                    "uid": 60
                },
                {
                    "coord": null,
                    "is_working": true,
                    "name": "Schottenring",
                    "rect": null,
                    "text_id": 30,
                    "uid": 61
                },
                {
                    "coord": null,
                    "is_working": true,
                    "name": "Schwedenplatz",
                    "rect": null,
                    "text_id": 61,
                    "uid": 62
                },
                {
                    "coord": [
                        181,
                        540
                    ],
                    "is_working": true,
                    "name": "Landstrasse",
                    "rect": [
                        60,
                        530,
                        100,
                        20
                    ],
                    "text_id": 47,
                    "uid": 63
                },
                {
                    "coord": null,
                    "is_working": true,
                    "name": "Stadtpark",
                    "rect": null,
                    "text_id": 62,
                    "uid": 64
                },
                {
                    "coord": null,
                    "is_working": true,
                    "name": "Karls- platz",
                    "rect": null,
                    "text_id": 14,
                    "uid": 65
                },
                {
                    "coord": null,
                    "is_working": true,
                    "name": "Kettenbruckengasse",
                    "rect": null,
                    "text_id": 63,
                    "uid": 66
                },
                {
                    "coord": null,
                    "is_working": true,
                    "name": "Pilgramgasse",
                    "rect": null,
                    "text_id": 64,
                    "uid": 67
                },
                {
                    "coord": null,
                    "is_working": true,
                    "name": "Margareten- gurtel",
                    "rect": null,
                    "text_id": 65,
                    "uid": 68
                },
                {
                    "coord": null,
                    "is_working": true,
                    "name": "Langenfeldgasse",
                    "rect": null,
                    "text_id": 66,
                    "uid": 69
                },
                {
                    "coord": null,
                    "is_working": true,
                    "name": "Meidling Haupstrasse",
                    "rect": null,
                    "text_id": 67,
                    "uid": 70
                },
                {
                    "coord": null,
                    "is_working": true,
                    "name": "Schonbrunn",
                    "rect": null,
                    "text_id": 68,
                    "uid": 71
                },
                {
                    "coord": null,
                    "is_working": true,
                    "name": "Hiezing",
                    "rect": null,
                    "text_id": 69,
                    "uid": 72
                },
                {
                    "coord": null,
                    "is_working": true,
                    "name": "Braunschweiggasse",
                    "rect": null,
                    "text_id": 70,
                    "uid": 73
                },
                {
                    "coord": null,
                    "is_working": true,
                    "name": "Unter St. Veit",
                    "rect": null,
                    "text_id": 71,
                    "uid": 74
                },
                {
                    "coord": null,
                    "is_working": true,
                    "name": "Ober St.Veit",
                    "rect": null,
                    "text_id": 72,
                    "uid": 75
                },
                {
                    "coord": null,
                    "is_working": true,
                    "name": "Hutteldorf",
                    "rect": null,
                    "text_id": 73,
                    "uid": 76
                }
            ],
            "text_id": 74
        },
        {
            "labels_bg_color": "-1",
            "labels_color": "000000",
            "line_color": "543C04",
            "line_width": 9,
            "name": "U6",
            "segments": [],
            "stations": [
                {
                    "coord": null,
                    "is_working": true,
                    "name": "Floridsdorf",
                    "rect": null,
                    "text_id": 75,
                    "uid": 77
                },
                {
                    "coord": null,
                    "is_working": true,
                    "name": "Neue Donau",
                    "rect": null,
                    "text_id": 76,
                    "uid": 78
                },
                {
                    "coord": null,
                    "is_working": true,
                    "name": "Handelskai",
                    "rect": null,
                    "text_id": 77,
                    "uid": 79
                },
                {
                    "coord": null,
                    "is_working": true,
                    "name": "Dresdner Strasse",
                    "rect": null,
                    "text_id": 78,
                    "uid": 80
                },
                {
                    "coord": null,
                    "is_working": true,
                    "name": "Jagerstrasse",
                    "rect": null,
                    "text_id": 79,
                    "uid": 81
                },
                {
                    "coord": null,
                    "is_working": true,
                    "name": "Spittelau",
                    "rect": null,
                    "text_id": 58,
                    "uid": 82
                },
                {
                    "coord": null,
                    "is_working": true,
                    "name": "Nussdorfer Strasse",
                    "rect": null,
                    "text_id": 80,
                    "uid": 83
                },
                {
                    "coord": null,
                    "is_working": true,
                    "name": "Vahringer Strasse - Volksoper",
                    "rect": null,
                    "text_id": 81,
                    "uid": 84
                },
                {
                    "coord": null,
                    "is_working": true,
                    "name": "Michelbeuern -AKH",
                    "rect": null,
                    "text_id": 82,
                    "uid": 85
                },
                {
                    "coord": null,
                    "is_working": true,
                    "name": "Alser Strasse",
                    "rect": null,
                    "text_id": 83,
                    "uid": 86
                },
                {
                    "coord": null,
                    "is_working": true,
                    "name": "Josefstadter Strasse",
                    "rect": null,
                    "text_id": 84,
                    "uid": 87
                },
                {
                    "coord": null,
                    "is_working": true,
                    "name": "Thaliastrasse",
                    "rect": null,
                    "text_id": 85,
                    "uid": 88
                },
                {
                    "coord": null,
                    "is_working": true,
                    "name": "Burgasse Stadthalle",
                    "rect": null,
                    "text_id": 86,
                    "uid": 89
                },
                {
                    "coord": [
                        181,
                        260
                    ],
                    "is_working": true,
                    "name": "West- bahnhof",
                    "rect": [
                        60,
                        250,
                        100,
                        20
                    ],
                    "text_id": 41,
                    "uid": 90
                },
                {
                    "coord": null,
                    "is_working": true,
                    "name": "Gumpendorfer Strasse",
                    "rect": null,
                    "text_id": 87,
                    "uid": 91
                },
                {
                    "coord": null,
                    "is_working": true,
                    "name": "Langenfeldgasse",
                    "rect": null,
                    "text_id": 66,
                    "uid": 92
                },
                {
                    "coord": null,
                    "is_working": true,
                    "name": "Niederhofstrasse",
                    "rect": null,
                    "text_id": 88,
                    "uid": 93
                },
                {
                    "coord": null,
                    "is_working": true,
                    "name": "Philadelphiabrucke",
                    "rect": null,
                    "text_id": 89,
                    "uid": 94
                },
                {
                    "coord": null,
                    "is_working": true,
                    "name": "Tscherttegasse",
                    "rect": null,
                    "text_id": 90,
                    "uid": 95
                },
                {
                    "coord": null,
                    "is_working": true,
                    "name": "Am Schopfwerk",
                    "rect": null,
                    "text_id": 91,
                    "uid": 96
                },
                {
                    "coord": null,
                    "is_working": true,
                    "name": "Alterlaa",
                    "rect": null,
                    "text_id": 92,
                    "uid": 97
                },
                {
                    "coord": null,
                    "is_working": true,
                    "name": "Erlaaer Strasse",
                    "rect": null,
                    "text_id": 93,
                    "uid": 98
                },
                {
                    "coord": null,
                    "is_working": true,
                    "name": "Perfektastrasse",
                    "rect": null,
                    "text_id": 94,
                    "uid": 99
                },
                {
                    "coord": null,
                    "is_working": true,
                    "name": "Siebenhirten",
                    "rect": null,
                    "text_id": 95,
                    "uid": 100
                }
            ],
            "text_id": 96
        }
    ],
    "lines_width": 9,
    "name": "u3",
    "name_text_id": 56,
    "stations_diameter": 16.0,
    "transfers": [
        [
            14,
            35,
            null,
            null
        ],
        [
            69,
            92,
            null,
            null
        ],
        [
            65,
            35,
            null,
            null
        ],
        [
            28,
            10,
            null,
            null
        ],
        [
            33,
            44,
            [
                181,
                380
            ],
            [
                200,
                380
            ]
        ],
        [
            13,
            46,
            [
                181,
                460
            ],
            [
                200,
                460
            ]
        ],
        [
            41,
            90,
            [
                200,
                260
            ],
            [
                181,
                260
            ]
        ],
        [
            58,
            82,
            null,
            null
        ],
        [
            61,
            30,
            null,
            null
        ],
        [
            62,
            12,
            null,
            null
        ],
        [
            63,
            48,
            [
                181,
                540
            ],
            [
                200,
                540
            ]
        ],
        [
            65,
            14,
            null,
            null
        ]
    ],
    "transports": [
        "metro"
    ],
    "type_name": "Метро",
    "type_text_id": 99,
    "upper_case": true,
    "width": 350,
    "word_wrap": true
}