{
    "default_transports": [
        "metro"
    ],
    "height": 836,
    "images": [
        "res/schemes/u6.svg"
    ],
    "is_vector": true,
    "lines": [
        {
            "labels_bg_color": "-1",
            "labels_color": "000000",
            "line_color": "FC9C54",
            "line_width": 9,
            "name": "U3",
            "segments": [],
            "stations": [
                {
                    "coord": null,
                    "is_working": true,
                    "name": "Ottarking",
                    "rect": null,
                    "text_id": 36,
                    "uid": 36
                },
                {
                    "coord": null,
                    "is_working": true,
                    "name": "Kendlerstrasse",
                    "rect": null,
                    "text_id": 37,
                    "uid": 37
                },
                {
                    "coord": null,
                    "is_working": true,
                    "name": "Hutteldorfer Strasse",
                    "rect": null,
                    "text_id": 38,
                    "uid": 38
                },
                {
                    "coord": null,
                    "is_working": true,
                    "name": "Johnstrasse",
                    "rect": null,
                    "text_id": 39,
                    "uid": 39
                },
                {
                    "coord": null,
                    "is_working": true,
                    "name": "Schweglerstrasse",
                    "rect": null,
                    "text_id": 40,
                    "uid": 40
                },
                {
                    "coord": [
                        231,
                        428
                    ],
                    "is_working": true,
                    "name": "West- bahnhof",
                    "rect": [
                        105,
                        418,
                        100,
                        20
                    ],
                    "text_id": 41,
                    "uid": 41
                },
                {
                    "coord": null,
                    "is_working": true,
                    "name": "Ziegler- gasse",
                    "rect": null,
                    "text_id": 42,
                    "uid": 42
                },
                {
                    "coord": null,
                    "is_working": true,
                    "name": "Neubau- gasse",
                    "rect": null,
                    "text_id": 43,
                    "uid": 43
                },
                {
                    "coord": null,
                    "is_working": true,
                    "name": "Volks- theater",
                    "rect": null,
                    "text_id": 33,
                    "uid": 44
                },
                {
                    "coord": null,
                    "is_working": true,
                    "name": "Herren- gasse",
                    "rect": null,
                    "text_id": 44,
                    "uid": 45
                },
                {
                    "coord": null,
                    "is_working": true,
                    "name": "Stephansplatz",
                    "rect": null,
                    "text_id": 45,
                    "uid": 46
                },
                {
                    "coord": null,
                    "is_working": true,
                    "name": "Stubentor",
                    "rect": null,
                    "text_id": 46,
                    "uid": 47
                },
                {
                    "coord": null,
                    "is_working": true,
                    "name": "Landstrasse",
                    "rect": null,
                    "text_id": 47,
                    "uid": 48
                },
                {
                    "coord": null,
                    "is_working": true,
                    "name": "Rochusgasse",
                    "rect": null,
                    "text_id": 48,
                    "uid": 49
                },
                {
                    "coord": null,
                    "is_working": true,
                    "name": "Kardinal-Nagl-Platz",
                    "rect": null,
                    "text_id": 49,
                    "uid": 50
                },
                {
                    "coord": null,
                    "is_working": true,
                    "name": "Schlachthausgasse",
                    "rect": null,
                    "text_id": 50,
                    "uid": 51
                },
                {
                    "coord": null,
                    "is_working": true,
                    "name": "Erdberg",
                    "rect": null,
                    "text_id": 51,
                    "uid": 52
                },
                {
                    "coord": null,
                    "is_working": true,
                    "name": "Gasometer",
                    "rect": null,
                    "text_id": 52,
                    "uid": 53
                },
                {
                    "coord": null,
                    "is_working": true,
                    "name": "Zippererstrasse",
                    "rect": null,
                    "text_id": 53,
                    "uid": 54
                },
                {
                    "coord": null,
                    "is_working": true,
                    "name": "Enkplatz",
                    "rect": null,
                    "text_id": 54,
                    "uid": 55
                },
                {
                    "coord": null,
                    "is_working": true,
                    "name": "Simmering",
                    "rect": null,
                    "text_id": 55,
                    "uid": 56
                }
            ],
            "text_id": 56
        },
        {
            "labels_bg_color": "-1",
            "labels_color": "000000",
            "line_color": "84BC54",
            "line_width": 9,
            "name": "U4",
            "segments": [],
            "stations": [
                {
                    "coord": null,
                    "is_working": true,
                    "name": "Heiligenstadt",
                    "rect": null,
                    "text_id": 57,
                    "uid": 57
                },
                {
                    "coord": [
                        231,
                        180
                    ],
                    "is_working": true,
                    "name": "Spittelau",
                    "rect": [
                        105,
                        170,
                        100,
                        20
                    ],
                    "text_id": 58,
                    "uid": 58
                },
                {
                    "coord": null,
                    "is_working": true,
                    "name": "Friedensbrucke",
                    "rect": null,
                    "text_id": 59,
                    "uid": 59
                },
                {
                    "coord": null,
                    "is_working": true,
                    "name": "Rossauer Lande",
                    "rect": null,
                    "text_id": 60,
                    "uid": 60
                },
                {
                    "coord": null,
                    "is_working": true,
                    "name": "Schottenring",
                    "rect": null,
                    "text_id": 30,
                    "uid": 61
                },
                {
                    "coord": null,
                    "is_working": true,
                    "name": "Schwedenplatz",
                    "rect": null,
                    "text_id": 61,
                    "uid": 62
                },
                {
                    "coord": null,
                    "is_working": true,
                    "name": "Landstrasse",
                    "rect": null,
                    "text_id": 47,
                    "uid": 63
                },
                {
                    "coord": null,
                    "is_working": true,
                    "name": "Stadtpark",
                    "rect": null,
                    "text_id": 62,
                    "uid": 64
                },
                {
                    "coord": null,
                    "is_working": true,
                    "name": "Karls- platz",
                    "rect": null,
                    "text_id": 14,
                    "uid": 65
                },
                {
                    "coord": null,
                    "is_working": true,
                    "name": "Kettenbruckengasse",
                    "rect": null,
                    "text_id": 63,
                    "uid": 66
                },
                {
                    "coord": null,
                    "is_working": true,
                    "name": "Pilgramgasse",
                    "rect": null,
                    "text_id": 64,
                    "uid": 67
                },
                {
                    "coord": null,
                    "is_working": true,
                    "name": "Margareten- gurtel",
                    "rect": null,
                    "text_id": 65,
                    "uid": 68
                },
                {
                    "coord": [
                        231,
                        482
                    ],
                    "is_working": true,
                    "name": "Langenfeldgasse",
                    "rect": [
                        105,
                        472,
                        100,
                        20
                    ],
                    "text_id": 66,
                    "uid": 69
                },
                {
                    "coord": null,
                    "is_working": true,
                    "name": "Meidling Haupstrasse",
                    "rect": null,
                    "text_id": 67,
                    "uid": 70
                },
                {
                    "coord": null,
                    "is_working": true,
                    "name": "Schonbrunn",
                    "rect": null,
                    "text_id": 68,
                    "uid": 71
                },
                {
                    "coord": null,
                    "is_working": true,
                    "name": "Hiezing",
                    "rect": null,
                    "text_id": 69,
                    "uid": 72
                },
                {
                    "coord": null,
                    "is_working": true,
                    "name": "Braunschweiggasse",
                    "rect": null,
                    "text_id": 70,
                    "uid": 73
                },
                {
                    "coord": null,
                    "is_working": true,
                    "name": "Unter St. Veit",
                    "rect": null,
                    "text_id": 71,
                    "uid": 74
                },
                {
                    "coord": null,
                    "is_working": true,
                    "name": "Ober St.Veit",
                    "rect": null,
                    "text_id": 72,
                    "uid": 75
                },
                {
                    "coord": null,
                    "is_working": true,
                    "name": "Hutteldorf",
                    "rect": null,
                    "text_id": 73,
                    "uid": 76
                }
            ],
            "text_id": 74
        },
        {
            "labels_bg_color": "-1",
            "labels_color": "000000",
            "line_color": "543C04",
            "line_width": 9,
            "name": "U6",
            "segments": [
                [
                    77,
                    78,
                    [
                        [
                            251,
                            79
                        ],
                        [
                            251,
                            55
                        ]
                    ],
                    true
                ],
                [
                    78,
                    79,
                    [
                        [
                            251,
                            105
                        ],
                        [
                            251,
                            79
                        ]
                    ],
                    true
                ],
                [
                    79,
                    80,
                    [
                        [
                            251,
                            131
                        ],
                        [
                            251,
                            105
                        ]
                    ],
                    true
                ],
                [
                    80,
                    81,
                    [
                        [
                            251,
                            156
                        ],
                        [
                            251,
                            131
                        ]
                    ],
                    true
                ],
                [
                    81,
                    82,
                    [
                        [
                            251,
                            180
                        ],
                        [
                            251,
                            156
                        ]
                    ],
                    true
                ],
                [
                    82,
                    83,
                    [
                        [
                            251,
                            202
                        ],
                        [
                            251,
                            180
                        ]
                    ],
                    true
                ],
                [
                    83,
                    84,
                    [
                        [
                            251,
                            226
                        ],
                        [
                            251,
                            202
                        ]
                    ],
                    true
                ],
                [
                    84,
                    85,
                    [
                        [
                            251,
                            253
                        ],
                        [
                            251,
                            226
                        ]
                    ],
                    true
                ],
                [
                    85,
                    86,
                    [
                        [
                            251,
                            281
                        ],
                        [
                            251,
                            253
                        ]
                    ],
                    true
                ],
                [
                    86,
                    87,
                    [
                        [
                            251,
                            312
                        ],
                        [
                            251,
                            281
                        ]
                    ],
                    true
                ],
                [
                    87,
                    88,
                    [
                        [
                            251,
                            363
                        ],
                        [
                            251,
                            312
                        ]
                    ],
                    true
                ],
                [
                    88,
                    89,
                    [
                        [
                            251,
                            402
                        ],
                        [
                            251,
                            363
                        ]
                    ],
                    true
                ],
                [
                    89,
                    90,
                    [
                        [
                            251,
                            428
                        ],
                        [
                            251,
                            402
                        ]
                    ],
                    true
                ],
                [
                    90,
                    91,
                    [
                        [
                            251,
                            456
                        ],
                        [
                            251,
                            428
                        ]
                    ],
                    true
                ],
                [
                    91,
                    92,
                    [
                        [
                            251,
                            482
                        ],
                        [
                            251,
                            456
                        ]
                    ],
                    true
                ],
                [
                    92,
                    93,
                    [
                        [
                            251,
                            508
                        ],
                        [
                            251,
                            482
                        ]
                    ],
                    true
                ],
                [
                    93,
                    94,
                    [
                        [
                            251,
                            536
                        ],
                        [
                            251,
                            508
                        ]
                    ],
                    true
                ],
                [
                    94,
                    95,
                    [
                        [
                            251,
                            566
                        ],
                        [
                            251,
                            536
                        ]
                    ],
                    true
                ],
                [
                    95,
                    96,
                    [
                        [
                            251,
                            592
                        ],
                        [
                            251,
                            566
                        ]
                    ],
                    true
                ],
                [
                    96,
                    97,
                    [
                        [
                            251,
                            617
                        ],
                        [
                            251,
                            592
                        ]
                    ],
                    true
                ],
                [
                    97,
                    98,
                    [
                        [
                            251,
                            640
                        ],
                        [
                            251,
                            617
                        ]
                    ],
                    true
                ],
                [
                    98,
                    99,
                    [
                        [
                            251,
                            664
                        ],
                        [
                            251,
                            640
                        ]
                    ],
                    true
                ],
                [
                    99,
                    100,
                    [
                        [
                            251,
                            686
                        ],
                        [
                            251,
                            664
                        ]
                    ],
                    true
                ]
            ],
            "stations": [
                {
                    "coord": [
                        251,
                        55
                    ],
                    "is_working": true,
                    "name": "Floridsdorf",
                    "rect": [
                        266,
                        43,
                        100,
                        20
                    ],
                    "text_id": 75,
                    "uid": 77
                },
                {
                    "coord": [
                        251,
                        79
                    ],
                    "is_working": true,
                    "name": "Neue Donau",
                    "rect": [
                        266,
                        69,
                        100,
                        20
                    ],
                    "text_id": 76,
                    "uid": 78
                },
                {
                    "coord": [
                        251,
                        105
                    ],
                    "is_working": true,
                    "name": "Handelskai",
                    "rect": [
                        266,
                        95,
                        100,
                        20
                    ],
                    "text_id": 77,
                    "uid": 79
                },
                {
                    "coord": [
                        251,
                        131
                    ],
                    "is_working": true,
                    "name": "Dresdner Strasse",
                    "rect": [
                        266,
                        120,
                        100,
                        20
                    ],
                    "text_id": 78,
                    "uid": 80
                },
                {
                    "coord": [
                        251,
                        156
                    ],
                    "is_working": true,
                    "name": "Jagerstrasse",
                    "rect": [
                        266,
                        146,
                        100,
                        20
                    ],
                    "text_id": 79,
                    "uid": 81
                },
                {
                    "coord": [
                        251,
                        180
                    ],
                    "is_working": true,
                    "name": "Spittelau",
                    "rect": [
                        266,
                        170,
                        100,
                        20
                    ],
                    "text_id": 58,
                    "uid": 82
                },
                {
                    "coord": [
                        251,
                        202
                    ],
                    "is_working": true,
                    "name": "Nussdorfer Strasse",
                    "rect": [
                        266,
                        192,
                        100,
                        20
                    ],
                    "text_id": 80,
                    "uid": 83
                },
                {
                    "coord": [
                        251,
                        226
                    ],
                    "is_working": true,
                    "name": "Vahringer Strasse - Volksoper",
                    "rect": [
                        266,
                        216,
                        100,
                        20
                    ],
                    "text_id": 81,
                    "uid": 84
                },
                {
                    "coord": [
                        251,
                        253
                    ],
                    "is_working": true,
                    "name": "Michelbeuern -AKH",
                    "rect": [
                        266,
                        243,
                        100,
                        20
                    ],
                    "text_id": 82,
                    "uid": 85
                },
                {
                    "coord": [
                        251,
                        281
                    ],
                    "is_working": true,
                    "name": "Alser Strasse",
                    "rect": [
                        266,
                        271,
                        100,
                        20
                    ],
                    "text_id": 83,
                    "uid": 86
                },
                {
                    "coord": [
                        251,
                        312
                    ],
                    "is_working": true,
                    "name": "Josefstadter Strasse",
                    "rect": [
                        266,
                        302,
                        100,
                        20
                    ],
                    "text_id": 84,
                    "uid": 87
                },
                {
                    "coord": [
                        251,
                        363
                    ],
                    "is_working": true,
                    "name": "Thaliastrasse",
                    "rect": [
                        266,
                        354,
                        100,
                        20
                    ],
                    "text_id": 85,
                    "uid": 88
                },
                {
                    "coord": [
                        251,
                        402
                    ],
                    "is_working": true,
                    "name": "Burgasse Stadthalle",
                    "rect": [
                        266,
                        391,
                        100,
                        20
                    ],
                    "text_id": 86,
                    "uid": 89
                },
                {
                    "coord": [
                        251,
                        428
                    ],
                    "is_working": true,
                    "name": "West- bahnhof",
                    "rect": [
                        266,
                        417,
                        100,
                        20
                    ],
                    "text_id": 41,
                    "uid": 90
                },
                {
                    "coord": [
                        251,
                        456
                    ],
                    "is_working": true,
                    "name": "Gumpendorfer Strasse",
                    "rect": [
                        266,
                        445,
                        100,
                        20
                    ],
                    "text_id": 87,
                    "uid": 91
                },
                {
                    "coord": [
                        251,
                        482
                    ],
                    "is_working": true,
                    "name": "Langenfeldgasse",
                    "rect": [
                        266,
                        473,
                        100,
                        20
                    ],
                    "text_id": 66,
                    "uid": 92
                },
                {
                    "coord": [
                        251,
                        508
                    ],
                    "is_working": true,
                    "name": "Niederhofstrasse",
                    "rect": [
                        266,
                        499,
                        100,
                        20
                    ],
                    "text_id": 88,
                    "uid": 93
                },
                {
                    "coord": [
                        251,
                        536
                    ],
                    "is_working": true,
                    "name": "Philadelphiabrucke",
                    "rect": [
                        266,
                        526,
                        100,
                        20
                    ],
                    "text_id": 89,
                    "uid": 94
                },
                {
                    "coord": [
                        251,
                        566
                    ],
                    "is_working": true,
                    "name": "Tscherttegasse",
                    "rect": [
                        266,
                        556,
                        100,
                        20
                    ],
                    "text_id": 90,
                    "uid": 95
                },
                {
                    "coord": [
                        251,
                        592
                    ],
                    "is_working": true,
                    "name": "Am Schopfwerk",
                    "rect": [
                        266,
                        583,
                        100,
                        20
                    ],
                    "text_id": 91,
                    "uid": 96
                },
                {
                    "coord": [
                        251,
                        617
                    ],
                    "is_working": true,
                    "name": "Alterlaa",
                    "rect": [
                        266,
                        607,
                        100,
                        20
                    ],
                    "text_id": 92,
                    "uid": 97
                },
                {
                    "coord": [
                        251,
                        640
                    ],
                    "is_working": true,
                    "name": "Erlaaer Strasse",
                    "rect": [
                        266,
                        630,
                        100,
                        20
                    ],
                    "text_id": 93,
                    "uid": 98
                },
                {
                    "coord": [
                        251,
                        664
                    ],
                    "is_working": true,
                    "name": "Perfektastrasse",
                    "rect": [
                        266,
                        654,
                        100,
                        20
                    ],
                    "text_id": 94,
                    "uid": 99
                },
                {
                    "coord": [
                        251,
                        686
                    ],
                    "is_working": true,
                    "name": "Siebenhirten",
                    "rect": [
                        266,
                        679,
                        100,
                        20
                    ],
                    "text_id": 95,
                    "uid": 100
                }
            ],
            "text_id": 96
        }
    ],
    "lines_width": 9,
    "name": "u6",
    "name_text_id": 96,
    "stations_diameter": 16.0,
    "transfers": [
        [
            69,
            92,
            [
                231,
                482
            ],
            [
                251,
                482
            ]
        ],
        [
            41,
            90,
            [
                231,
                428
            ],
            [
                251,
                428
            ]
        ],
        [
            58,
            82,
            [
                231,
                180
            ],
            [
                251,
                180
            ]
        ],
        [
            63,
            48,
            null,
            null
        ]
    ],
    "transports": [
        "metro"
    ],
    "type_name": "Метро",
    "type_text_id": 99,
    "upper_case": true,
    "width": 401,
    "word_wrap": true
}