{
    "0": "Shisanhao Jie",
    "1": "Zhongyang Dajie",
    "2": "Qihao Jie",
    "3": "Sihao Jie",
    "4": "Zhangshi",
    "5": "Kaifa Dadao",
    "6": "Yuhong Square",
    "7": "Yingbin Lu",
    "8": "Zhonggong Jie",
    "9": "Qigong Jie",
    "10": "Baogong Jie",
    "11": "Tiexi Square",
    "12": "Yunfeng Square",
    "13": "Shenyang Station",
    "14": "Taiyuan Jie",
    "15": "South Market",
    "16": "Qingnian Dajie",
    "17": "Huaiyuanmen",
    "18": "Zhong Jie",
    "19": "Zhong Jie East",
    "20": "Pangjiang Jie",
    "21": "Liming Square",
    "22": "Line 1",
    "23": "Santaizi",
    "24": "Lingxi",
    "25": "Xinleyizhi",
    "26": "Beilinggongyuan",
    "27": "Zhongyiyaodaxue",
    "28": "Qishanlu",
    "29": "Shenyangbeizhan",
    "30": "Jinrongzhongxin",
    "31": "Shifuguangchang",
    "32": "Qingniangongyuan",
    "33": "Gongyezhanlanguan",
    "34": "Shitushuguan",
    "35": "Wulihe",
    "36": "Aotizhongxin",
    "37": "Yingpanjie",
    "38": "Shijidasha",
    "39": "Baitahelu",
    "40": "Quanyunlu",
    "41": "Line 2",
    "42": "Метро",
    "43": "ROOT",
    "44": "Схема от 07.06.2013г.\nАвтор: Мурадов Борис",
    "45": "Imported from http://pmetro.su"
}