{
    "default_transports": [
        "metro"
    ],
    "height": 728,
    "images": [
        "res/schemes/bangkok.svg"
    ],
    "is_vector": true,
    "lines": [
        {
            "labels_bg_color": "-1",
            "labels_color": "65B724",
            "line_color": "65B724",
            "line_width": 7,
            "name": "Sukhumvit",
            "segments": [
                [
                    0,
                    1,
                    [
                        [
                            127,
                            93
                        ],
                        [
                            127,
                            57
                        ]
                    ],
                    true
                ],
                [
                    1,
                    2,
                    [
                        [
                            127,
                            157
                        ],
                        [
                            127,
                            93
                        ]
                    ],
                    true
                ],
                [
                    2,
                    3,
                    [
                        [
                            127,
                            190
                        ],
                        [
                            127,
                            157
                        ]
                    ],
                    true
                ],
                [
                    3,
                    4,
                    [
                        [
                            127,
                            223
                        ],
                        [
                            127,
                            190
                        ]
                    ],
                    true
                ],
                [
                    4,
                    5,
                    [
                        [
                            127,
                            257
                        ],
                        [
                            127,
                            223
                        ]
                    ],
                    true
                ],
                [
                    5,
                    6,
                    [
                        [
                            127,
                            297
                        ],
                        [
                            127,
                            257
                        ]
                    ],
                    true
                ],
                [
                    6,
                    7,
                    [
                        [
                            160,
                            313
                        ],
                        [
                            143.0,
                            313.0
                        ],
                        [
                            127,
                            297
                        ]
                    ],
                    true
                ],
                [
                    7,
                    8,
                    [
                        [
                            210,
                            313
                        ],
                        [
                            160,
                            313
                        ]
                    ],
                    true
                ],
                [
                    8,
                    9,
                    [
                        [
                            243,
                            313
                        ],
                        [
                            210,
                            313
                        ]
                    ],
                    true
                ],
                [
                    9,
                    10,
                    [
                        [
                            277,
                            313
                        ],
                        [
                            243,
                            313
                        ]
                    ],
                    true
                ],
                [
                    10,
                    11,
                    [
                        [
                            310,
                            313
                        ],
                        [
                            277,
                            313
                        ]
                    ],
                    true
                ],
                [
                    11,
                    12,
                    [
                        [
                            356,
                            323
                        ],
                        [
                            346.0,
                            313.0
                        ],
                        [
                            310,
                            313
                        ]
                    ],
                    true
                ],
                [
                    12,
                    13,
                    [
                        [
                            380,
                            347
                        ],
                        [
                            356,
                            323
                        ]
                    ],
                    true
                ],
                [
                    13,
                    14,
                    [
                        [
                            400,
                            367
                        ],
                        [
                            380,
                            347
                        ]
                    ],
                    true
                ],
                [
                    14,
                    15,
                    [
                        [
                            423,
                            390
                        ],
                        [
                            400,
                            367
                        ]
                    ],
                    true
                ],
                [
                    15,
                    16,
                    [
                        [
                            443,
                            410
                        ],
                        [
                            423,
                            390
                        ]
                    ],
                    true
                ],
                [
                    16,
                    17,
                    [
                        [
                            460,
                            427
                        ],
                        [
                            443,
                            410
                        ]
                    ],
                    true
                ],
                [
                    17,
                    18,
                    [
                        [
                            476,
                            443
                        ],
                        [
                            460,
                            427
                        ]
                    ],
                    true
                ],
                [
                    18,
                    19,
                    [
                        [
                            491,
                            458
                        ],
                        [
                            476,
                            443
                        ]
                    ],
                    true
                ],
                [
                    19,
                    20,
                    [
                        [
                            509,
                            476
                        ],
                        [
                            491,
                            458
                        ]
                    ],
                    true
                ],
                [
                    20,
                    21,
                    [
                        [
                            528,
                            495
                        ],
                        [
                            509,
                            476
                        ]
                    ],
                    true
                ]
            ],
            "stations": [
                {
                    "coord": [
                        127,
                        57
                    ],
                    "is_working": true,
                    "name": "Mo Chit",
                    "rect": [
                        139,
                        53,
                        40,
                        15
                    ],
                    "text_id": 0,
                    "uid": 0
                },
                {
                    "coord": [
                        127,
                        93
                    ],
                    "is_working": true,
                    "name": "Saphan Khwai",
                    "rect": [
                        136,
                        86,
                        73,
                        15
                    ],
                    "text_id": 1,
                    "uid": 1
                },
                {
                    "coord": [
                        127,
                        157
                    ],
                    "is_working": true,
                    "name": "Ari",
                    "rect": [
                        101,
                        150,
                        17,
                        15
                    ],
                    "text_id": 2,
                    "uid": 2
                },
                {
                    "coord": [
                        127,
                        190
                    ],
                    "is_working": true,
                    "name": "Sanam Pao",
                    "rect": [
                        60,
                        183,
                        58,
                        15
                    ],
                    "text_id": 3,
                    "uid": 3
                },
                {
                    "coord": [
                        127,
                        223
                    ],
                    "is_working": true,
                    "name": "Victory Monument",
                    "rect": [
                        27,
                        216,
                        91,
                        15
                    ],
                    "text_id": 4,
                    "uid": 4
                },
                {
                    "coord": [
                        127,
                        257
                    ],
                    "is_working": true,
                    "name": "Phaya Thai",
                    "rect": [
                        61,
                        250,
                        57,
                        15
                    ],
                    "text_id": 5,
                    "uid": 5
                },
                {
                    "coord": [
                        127,
                        297
                    ],
                    "is_working": true,
                    "name": "Ratchthewi",
                    "rect": [
                        61,
                        290,
                        57,
                        15
                    ],
                    "text_id": 6,
                    "uid": 6
                },
                {
                    "coord": [
                        160,
                        313
                    ],
                    "is_working": true,
                    "name": "Siam Central",
                    "rect": [
                        154,
                        235,
                        15,
                        66
                    ],
                    "text_id": 7,
                    "uid": 7
                },
                {
                    "coord": [
                        210,
                        313
                    ],
                    "is_working": true,
                    "name": "Chit Lom",
                    "rect": [
                        203,
                        258,
                        15,
                        46
                    ],
                    "text_id": 8,
                    "uid": 8
                },
                {
                    "coord": [
                        243,
                        313
                    ],
                    "is_working": true,
                    "name": "Phloen Chit",
                    "rect": [
                        236,
                        245,
                        15,
                        59
                    ],
                    "text_id": 9,
                    "uid": 9
                },
                {
                    "coord": [
                        277,
                        313
                    ],
                    "is_working": true,
                    "name": "Nana",
                    "rect": [
                        269,
                        276,
                        15,
                        28
                    ],
                    "text_id": 10,
                    "uid": 10
                },
                {
                    "coord": [
                        310,
                        313
                    ],
                    "is_working": true,
                    "name": "Asok",
                    "rect": [
                        278,
                        323,
                        28,
                        15
                    ],
                    "text_id": 11,
                    "uid": 11
                },
                {
                    "coord": [
                        356,
                        323
                    ],
                    "is_working": true,
                    "name": "Phrom Phong",
                    "rect": [
                        364,
                        310,
                        68,
                        15
                    ],
                    "text_id": 12,
                    "uid": 12
                },
                {
                    "coord": [
                        380,
                        347
                    ],
                    "is_working": true,
                    "name": "Thong Lo",
                    "rect": [
                        388,
                        334,
                        47,
                        15
                    ],
                    "text_id": 13,
                    "uid": 13
                },
                {
                    "coord": [
                        400,
                        367
                    ],
                    "is_working": true,
                    "name": "Ekkamai",
                    "rect": [
                        408,
                        354,
                        45,
                        15
                    ],
                    "text_id": 14,
                    "uid": 14
                },
                {
                    "coord": [
                        423,
                        390
                    ],
                    "is_working": true,
                    "name": "Phra Khanong",
                    "rect": [
                        431,
                        377,
                        72,
                        15
                    ],
                    "text_id": 15,
                    "uid": 15
                },
                {
                    "coord": [
                        443,
                        410
                    ],
                    "is_working": true,
                    "name": "On Nut",
                    "rect": [
                        451,
                        397,
                        36,
                        15
                    ],
                    "text_id": 16,
                    "uid": 16
                },
                {
                    "coord": [
                        460,
                        427
                    ],
                    "is_working": true,
                    "name": "Bang Chak",
                    "rect": [
                        468,
                        414,
                        57,
                        15
                    ],
                    "text_id": 17,
                    "uid": 17
                },
                {
                    "coord": [
                        476,
                        443
                    ],
                    "is_working": true,
                    "name": "Punnawithi",
                    "rect": [
                        484,
                        430,
                        56,
                        15
                    ],
                    "text_id": 18,
                    "uid": 18
                },
                {
                    "coord": [
                        491,
                        458
                    ],
                    "is_working": true,
                    "name": "Udom Suk",
                    "rect": [
                        499,
                        445,
                        53,
                        15
                    ],
                    "text_id": 19,
                    "uid": 19
                },
                {
                    "coord": [
                        509,
                        476
                    ],
                    "is_working": true,
                    "name": "Bang Na",
                    "rect": [
                        517,
                        463,
                        45,
                        15
                    ],
                    "text_id": 20,
                    "uid": 20
                },
                {
                    "coord": [
                        528,
                        495
                    ],
                    "is_working": true,
                    "name": "Bearing",
                    "rect": [
                        536,
                        486,
                        41,
                        15
                    ],
                    "text_id": 21,
                    "uid": 21
                }
            ],
            "text_id": 22
        },
        {
            "labels_bg_color": "-1",
            "labels_color": "175A0C",
            "line_color": "175A0C",
            "line_width": 7,
            "name": "Silom",
            "segments": [
                [
                    22,
                    23,
                    [
                        [
                            160,
                            323
                        ],
                        [
                            107,
                            323
                        ]
                    ],
                    true
                ],
                [
                    23,
                    24,
                    [
                        [
                            190,
                            353
                        ],
                        [
                            190.0,
                            333.0
                        ],
                        [
                            180.0,
                            323.0
                        ],
                        [
                            160,
                            323
                        ]
                    ],
                    true
                ],
                [
                    24,
                    25,
                    [
                        [
                            190,
                            377
                        ],
                        [
                            190,
                            353
                        ]
                    ],
                    true
                ],
                [
                    25,
                    26,
                    [
                        [
                            170,
                            433
                        ],
                        [
                            170.0,
                            420.0
                        ],
                        [
                            190.0,
                            400.0
                        ],
                        [
                            190,
                            377
                        ]
                    ],
                    true
                ],
                [
                    26,
                    27,
                    [
                        [
                            130,
                            487
                        ],
                        [
                            170.0,
                            447.0
                        ],
                        [
                            170,
                            433
                        ]
                    ],
                    true
                ],
                [
                    27,
                    28,
                    [
                        [
                            90,
                            503
                        ],
                        [
                            113.0,
                            503.0
                        ],
                        [
                            130,
                            487
                        ]
                    ],
                    true
                ],
                [
                    28,
                    29,
                    [
                        [
                            72,
                            521
                        ],
                        [
                            90,
                            503
                        ]
                    ],
                    true
                ],
                [
                    29,
                    30,
                    [
                        [
                            52,
                            541
                        ],
                        [
                            72,
                            521
                        ]
                    ],
                    true
                ],
                [
                    30,
                    31,
                    [
                        [
                            33,
                            560
                        ],
                        [
                            52,
                            541
                        ]
                    ],
                    true
                ],
                [
                    31,
                    32,
                    [
                        [
                            15,
                            578
                        ],
                        [
                            33,
                            560
                        ]
                    ],
                    true
                ]
            ],
            "stations": [
                {
                    "coord": [
                        107,
                        323
                    ],
                    "is_working": true,
                    "name": "National Stadium",
                    "rect": [
                        61,
                        332,
                        86,
                        15
                    ],
                    "text_id": 23,
                    "uid": 22
                },
                {
                    "coord": [
                        160,
                        323
                    ],
                    "is_working": true,
                    "name": "Siam Central",
                    "rect": null,
                    "text_id": 7,
                    "uid": 23
                },
                {
                    "coord": [
                        190,
                        353
                    ],
                    "is_working": true,
                    "name": "Ratchadamri",
                    "rect": [
                        202,
                        340,
                        65,
                        15
                    ],
                    "text_id": 24,
                    "uid": 24
                },
                {
                    "coord": [
                        190,
                        377
                    ],
                    "is_working": true,
                    "name": "Sala Daeng",
                    "rect": [
                        201,
                        362,
                        59,
                        15
                    ],
                    "text_id": 25,
                    "uid": 25
                },
                {
                    "coord": [
                        170,
                        433
                    ],
                    "is_working": true,
                    "name": "Chong Nonsi",
                    "rect": [
                        95,
                        427,
                        66,
                        15
                    ],
                    "text_id": 26,
                    "uid": 26
                },
                {
                    "coord": [
                        130,
                        487
                    ],
                    "is_working": true,
                    "name": "Surasak",
                    "rect": [
                        138,
                        485,
                        43,
                        15
                    ],
                    "text_id": 27,
                    "uid": 27
                },
                {
                    "coord": [
                        90,
                        503
                    ],
                    "is_working": true,
                    "name": "Saphan Taksin",
                    "rect": [
                        96,
                        508,
                        75,
                        15
                    ],
                    "text_id": 28,
                    "uid": 28
                },
                {
                    "coord": [
                        72,
                        521
                    ],
                    "is_working": true,
                    "name": "Krung Thon Buri",
                    "rect": [
                        80,
                        522,
                        83,
                        15
                    ],
                    "text_id": 29,
                    "uid": 29
                },
                {
                    "coord": [
                        52,
                        541
                    ],
                    "is_working": true,
                    "name": "Wongwean Yai",
                    "rect": [
                        60,
                        539,
                        75,
                        15
                    ],
                    "text_id": 30,
                    "uid": 30
                },
                {
                    "coord": [
                        33,
                        560
                    ],
                    "is_working": true,
                    "name": "Pho Nimit",
                    "rect": [
                        41,
                        558,
                        50,
                        15
                    ],
                    "text_id": 31,
                    "uid": 31
                },
                {
                    "coord": [
                        15,
                        578
                    ],
                    "is_working": true,
                    "name": "Talat Phlu",
                    "rect": [
                        23,
                        576,
                        51,
                        15
                    ],
                    "text_id": 32,
                    "uid": 32
                }
            ],
            "text_id": 33
        },
        {
            "labels_bg_color": "-1",
            "labels_color": "0404A4",
            "line_color": "0404A4",
            "line_width": 7,
            "name": "MRTA",
            "segments": [
                [
                    33,
                    34,
                    [
                        [
                            91,
                            83
                        ],
                        [
                            57,
                            83
                        ]
                    ],
                    true
                ],
                [
                    34,
                    35,
                    [
                        [
                            127,
                            47
                        ],
                        [
                            91,
                            83
                        ]
                    ],
                    true
                ],
                [
                    35,
                    36,
                    [
                        [
                            207,
                            40
                        ],
                        [
                            133.0,
                            40.0
                        ],
                        [
                            127,
                            47
                        ]
                    ],
                    true
                ],
                [
                    36,
                    37,
                    [
                        [
                            250,
                            50
                        ],
                        [
                            240.0,
                            40.0
                        ],
                        [
                            207,
                            40
                        ]
                    ],
                    true
                ],
                [
                    37,
                    38,
                    [
                        [
                            273,
                            73
                        ],
                        [
                            250,
                            50
                        ]
                    ],
                    true
                ],
                [
                    38,
                    39,
                    [
                        [
                            300,
                            100
                        ],
                        [
                            273,
                            73
                        ]
                    ],
                    true
                ],
                [
                    39,
                    40,
                    [
                        [
                            310,
                            137
                        ],
                        [
                            310.0,
                            110.0
                        ],
                        [
                            300,
                            100
                        ]
                    ],
                    true
                ],
                [
                    40,
                    41,
                    [
                        [
                            310,
                            177
                        ],
                        [
                            310,
                            137
                        ]
                    ],
                    true
                ],
                [
                    41,
                    42,
                    [
                        [
                            310,
                            217
                        ],
                        [
                            310,
                            177
                        ]
                    ],
                    true
                ],
                [
                    42,
                    43,
                    [
                        [
                            310,
                            257
                        ],
                        [
                            310,
                            217
                        ]
                    ],
                    true
                ],
                [
                    43,
                    44,
                    [
                        [
                            310,
                            303
                        ],
                        [
                            310,
                            257
                        ]
                    ],
                    true
                ],
                [
                    44,
                    45,
                    [
                        [
                            310,
                            350
                        ],
                        [
                            310,
                            303
                        ]
                    ],
                    true
                ],
                [
                    45,
                    46,
                    [
                        [
                            273,
                            387
                        ],
                        [
                            286.0,
                            387.0
                        ],
                        [
                            310.0,
                            363.0
                        ],
                        [
                            310,
                            350
                        ]
                    ],
                    true
                ],
                [
                    46,
                    47,
                    [
                        [
                            233,
                            387
                        ],
                        [
                            273,
                            387
                        ]
                    ],
                    true
                ],
                [
                    47,
                    48,
                    [
                        [
                            190,
                            387
                        ],
                        [
                            233,
                            387
                        ]
                    ],
                    true
                ],
                [
                    48,
                    49,
                    [
                        [
                            133,
                            387
                        ],
                        [
                            190,
                            387
                        ]
                    ],
                    true
                ],
                [
                    49,
                    50,
                    [
                        [
                            80,
                            387
                        ],
                        [
                            133,
                            387
                        ]
                    ],
                    true
                ]
            ],
            "stations": [
                {
                    "coord": [
                        57,
                        83
                    ],
                    "is_working": true,
                    "name": "Bang Sue",
                    "rect": [
                        20,
                        60,
                        50,
                        15
                    ],
                    "text_id": 34,
                    "uid": 33
                },
                {
                    "coord": [
                        91,
                        83
                    ],
                    "is_working": true,
                    "name": "Kamphaeng Phet",
                    "rect": [
                        33,
                        95,
                        86,
                        15
                    ],
                    "text_id": 35,
                    "uid": 34
                },
                {
                    "coord": [
                        127,
                        47
                    ],
                    "is_working": true,
                    "name": "Chatuchak Park",
                    "rect": [
                        42,
                        24,
                        81,
                        15
                    ],
                    "text_id": 36,
                    "uid": 35
                },
                {
                    "coord": [
                        207,
                        40
                    ],
                    "is_working": true,
                    "name": "Phahon Yothin",
                    "rect": [
                        178,
                        17,
                        73,
                        15
                    ],
                    "text_id": 37,
                    "uid": 36
                },
                {
                    "coord": [
                        250,
                        50
                    ],
                    "is_working": true,
                    "name": "Lat Phrao",
                    "rect": [
                        259,
                        38,
                        49,
                        15
                    ],
                    "text_id": 38,
                    "uid": 37
                },
                {
                    "coord": [
                        273,
                        73
                    ],
                    "is_working": true,
                    "name": "Ratchadaphisek",
                    "rect": [
                        282,
                        61,
                        82,
                        15
                    ],
                    "text_id": 39,
                    "uid": 38
                },
                {
                    "coord": [
                        300,
                        100
                    ],
                    "is_working": true,
                    "name": "Suthisarn",
                    "rect": [
                        309,
                        88,
                        49,
                        15
                    ],
                    "text_id": 40,
                    "uid": 39
                },
                {
                    "coord": [
                        310,
                        137
                    ],
                    "is_working": true,
                    "name": "Huai Khwang",
                    "rect": [
                        319,
                        130,
                        68,
                        15
                    ],
                    "text_id": 41,
                    "uid": 40
                },
                {
                    "coord": [
                        310,
                        177
                    ],
                    "is_working": true,
                    "name": "Thailand Cultural Centre",
                    "rect": [
                        319,
                        170,
                        122,
                        15
                    ],
                    "text_id": 42,
                    "uid": 41
                },
                {
                    "coord": [
                        310,
                        217
                    ],
                    "is_working": true,
                    "name": "Phra Ram 9",
                    "rect": [
                        319,
                        210,
                        60,
                        15
                    ],
                    "text_id": 43,
                    "uid": 42
                },
                {
                    "coord": [
                        310,
                        257
                    ],
                    "is_working": true,
                    "name": "Phetchaburi",
                    "rect": [
                        319,
                        250,
                        61,
                        15
                    ],
                    "text_id": 44,
                    "uid": 43
                },
                {
                    "coord": [
                        310,
                        303
                    ],
                    "is_working": true,
                    "name": "Sukhumvit",
                    "rect": [
                        322,
                        291,
                        54,
                        15
                    ],
                    "text_id": 22,
                    "uid": 44
                },
                {
                    "coord": [
                        310,
                        350
                    ],
                    "is_working": true,
                    "name": "Queen Sirikit National Convention Centre",
                    "rect": [
                        320,
                        349,
                        15,
                        205
                    ],
                    "text_id": 45,
                    "uid": 45
                },
                {
                    "coord": [
                        273,
                        387
                    ],
                    "is_working": true,
                    "name": "Klong Toei",
                    "rect": [
                        264,
                        395,
                        15,
                        55
                    ],
                    "text_id": 46,
                    "uid": 46
                },
                {
                    "coord": [
                        233,
                        387
                    ],
                    "is_working": true,
                    "name": "Lumphini",
                    "rect": [
                        225,
                        396,
                        15,
                        47
                    ],
                    "text_id": 47,
                    "uid": 47
                },
                {
                    "coord": [
                        190,
                        387
                    ],
                    "is_working": true,
                    "name": "Si Lom",
                    "rect": [
                        197,
                        395,
                        15,
                        36
                    ],
                    "text_id": 48,
                    "uid": 48
                },
                {
                    "coord": [
                        133,
                        387
                    ],
                    "is_working": true,
                    "name": "Sam Yan",
                    "rect": [
                        108,
                        363,
                        46,
                        15
                    ],
                    "text_id": 49,
                    "uid": 49
                },
                {
                    "coord": [
                        80,
                        387
                    ],
                    "is_working": true,
                    "name": "Hua Lamphong",
                    "rect": [
                        33,
                        396,
                        76,
                        15
                    ],
                    "text_id": 50,
                    "uid": 50
                }
            ],
            "text_id": 51
        }
    ],
    "lines_width": 7,
    "name": "metro",
    "name_text_id": 52,
    "stations_diameter": 13.0,
    "transfers": [
        [
            11,
            44,
            [
                310,
                313
            ],
            [
                310,
                303
            ]
        ],
        [
            0,
            35,
            [
                127,
                57
            ],
            [
                127,
                47
            ]
        ],
        [
            25,
            48,
            [
                190,
                377
            ],
            [
                190,
                387
            ]
        ],
        [
            7,
            23,
            [
                160,
                313
            ],
            [
                160,
                323
            ]
        ]
    ],
    "transports": [
        "metro"
    ],
    "type_name": "ROOT",
    "type_text_id": 53,
    "upper_case": false,
    "width": 678,
    "word_wrap": false
}