{
    "lines": [
        {
            "delays": [
                180,
                360
            ],
            "name": "A",
            "scheme": null,
            "segments": [
                [
                    0,
                    1,
                    120
                ],
                [
                    1,
                    0,
                    120
                ],
                [
                    1,
                    2,
                    120
                ],
                [
                    2,
                    1,
                    120
                ],
                [
                    2,
                    3,
                    120
                ],
                [
                    3,
                    2,
                    120
                ],
                [
                    3,
                    4,
                    120
                ],
                [
                    4,
                    3,
                    120
                ],
                [
                    4,
                    5,
                    120
                ],
                [
                    5,
                    4,
                    120
                ],
                [
                    5,
                    6,
                    120
                ],
                [
                    6,
                    5,
                    120
                ],
                [
                    6,
                    7,
                    120
                ],
                [
                    7,
                    6,
                    120
                ],
                [
                    7,
                    8,
                    120
                ],
                [
                    8,
                    7,
                    120
                ],
                [
                    8,
                    9,
                    120
                ],
                [
                    9,
                    8,
                    120
                ],
                [
                    9,
                    10,
                    120
                ],
                [
                    10,
                    9,
                    120
                ],
                [
                    10,
                    11,
                    120
                ],
                [
                    11,
                    10,
                    120
                ],
                [
                    11,
                    12,
                    120
                ],
                [
                    12,
                    11,
                    120
                ],
                [
                    12,
                    13,
                    120
                ],
                [
                    13,
                    12,
                    120
                ],
                [
                    13,
                    14,
                    120
                ],
                [
                    14,
                    13,
                    120
                ],
                [
                    14,
                    15,
                    120
                ],
                [
                    15,
                    14,
                    120
                ],
                [
                    15,
                    16,
                    120
                ],
                [
                    16,
                    15,
                    120
                ],
                [
                    16,
                    17,
                    120
                ],
                [
                    17,
                    16,
                    120
                ]
            ],
            "stations": [
                [
                    0,
                    "San Pedrito",
                    0
                ],
                [
                    1,
                    "San Jose de Flores",
                    1
                ],
                [
                    2,
                    "Carabobo",
                    2
                ],
                [
                    3,
                    "Puan",
                    3
                ],
                [
                    4,
                    "Primera Junta",
                    4
                ],
                [
                    5,
                    "Acoyte",
                    5
                ],
                [
                    6,
                    "Rio de Janeiro",
                    6
                ],
                [
                    7,
                    "Castro Barros",
                    7
                ],
                [
                    8,
                    "Loria",
                    8
                ],
                [
                    9,
                    "Plaza Miserere",
                    9
                ],
                [
                    10,
                    "Alberti",
                    10
                ],
                [
                    11,
                    "Pasco",
                    11
                ],
                [
                    12,
                    "Congreso",
                    12
                ],
                [
                    13,
                    "Saenz Pena",
                    13
                ],
                [
                    14,
                    "Lima",
                    14
                ],
                [
                    15,
                    "Piedras",
                    15
                ],
                [
                    16,
                    "Peru",
                    16
                ],
                [
                    17,
                    "Plaza de Mayo",
                    17
                ]
            ],
            "text_id": 18
        },
        {
            "delays": [
                180,
                360
            ],
            "name": "B",
            "scheme": null,
            "segments": [
                [
                    18,
                    19,
                    120
                ],
                [
                    19,
                    18,
                    120
                ],
                [
                    19,
                    20,
                    120
                ],
                [
                    20,
                    19,
                    120
                ],
                [
                    20,
                    21,
                    120
                ],
                [
                    21,
                    20,
                    120
                ],
                [
                    21,
                    22,
                    120
                ],
                [
                    22,
                    21,
                    120
                ],
                [
                    22,
                    23,
                    120
                ],
                [
                    23,
                    22,
                    120
                ],
                [
                    23,
                    24,
                    120
                ],
                [
                    24,
                    23,
                    120
                ],
                [
                    24,
                    25,
                    120
                ],
                [
                    25,
                    24,
                    120
                ],
                [
                    25,
                    26,
                    120
                ],
                [
                    26,
                    25,
                    120
                ],
                [
                    26,
                    27,
                    120
                ],
                [
                    27,
                    26,
                    120
                ],
                [
                    27,
                    28,
                    120
                ],
                [
                    28,
                    27,
                    120
                ],
                [
                    28,
                    29,
                    120
                ],
                [
                    29,
                    28,
                    120
                ],
                [
                    29,
                    30,
                    120
                ],
                [
                    30,
                    29,
                    120
                ],
                [
                    30,
                    31,
                    120
                ],
                [
                    31,
                    30,
                    120
                ],
                [
                    31,
                    32,
                    120
                ],
                [
                    32,
                    31,
                    120
                ],
                [
                    32,
                    33,
                    120
                ],
                [
                    33,
                    32,
                    120
                ],
                [
                    33,
                    34,
                    120
                ],
                [
                    34,
                    33,
                    120
                ]
            ],
            "stations": [
                [
                    18,
                    "Juan Manuel de Rosas",
                    19
                ],
                [
                    19,
                    "Echeverria",
                    20
                ],
                [
                    20,
                    "Los Incas",
                    21
                ],
                [
                    21,
                    "Tonador",
                    22
                ],
                [
                    22,
                    "Federico Lacroze",
                    23
                ],
                [
                    23,
                    "Dorrego",
                    24
                ],
                [
                    24,
                    "Malabia",
                    25
                ],
                [
                    25,
                    "Angel Gallardo",
                    26
                ],
                [
                    26,
                    "Medrano",
                    27
                ],
                [
                    27,
                    "Gardel",
                    28
                ],
                [
                    28,
                    "Pueyrredуn B",
                    29
                ],
                [
                    29,
                    "Pasteur",
                    30
                ],
                [
                    30,
                    "Callao B",
                    31
                ],
                [
                    31,
                    "Uruguay",
                    32
                ],
                [
                    32,
                    "Carlos Pellegrini",
                    33
                ],
                [
                    33,
                    "Florida",
                    34
                ],
                [
                    34,
                    "Leandro N. Alem",
                    35
                ]
            ],
            "text_id": 36
        },
        {
            "delays": [
                180,
                360
            ],
            "name": "C",
            "scheme": null,
            "segments": [
                [
                    35,
                    36,
                    120
                ],
                [
                    36,
                    35,
                    120
                ],
                [
                    36,
                    37,
                    120
                ],
                [
                    37,
                    36,
                    120
                ],
                [
                    37,
                    38,
                    120
                ],
                [
                    38,
                    37,
                    120
                ],
                [
                    38,
                    39,
                    120
                ],
                [
                    39,
                    38,
                    120
                ],
                [
                    39,
                    40,
                    120
                ],
                [
                    40,
                    39,
                    120
                ],
                [
                    40,
                    41,
                    120
                ],
                [
                    41,
                    40,
                    120
                ],
                [
                    41,
                    42,
                    120
                ],
                [
                    42,
                    41,
                    120
                ],
                [
                    42,
                    43,
                    120
                ],
                [
                    43,
                    42,
                    120
                ]
            ],
            "stations": [
                [
                    35,
                    "Retiro",
                    37
                ],
                [
                    36,
                    "General San Martin",
                    38
                ],
                [
                    37,
                    "Lavalle",
                    39
                ],
                [
                    38,
                    "Diagonal Norte",
                    40
                ],
                [
                    39,
                    "Avenida de Mayo",
                    41
                ],
                [
                    40,
                    "Moreno",
                    42
                ],
                [
                    41,
                    "Independencia",
                    43
                ],
                [
                    42,
                    "San Juan",
                    44
                ],
                [
                    43,
                    "Constitucion",
                    45
                ]
            ],
            "text_id": 46
        },
        {
            "delays": [
                180,
                360
            ],
            "name": "D",
            "scheme": null,
            "segments": [
                [
                    44,
                    45,
                    120
                ],
                [
                    45,
                    44,
                    120
                ],
                [
                    45,
                    46,
                    120
                ],
                [
                    46,
                    45,
                    120
                ],
                [
                    46,
                    47,
                    120
                ],
                [
                    47,
                    46,
                    120
                ],
                [
                    47,
                    48,
                    120
                ],
                [
                    48,
                    47,
                    120
                ],
                [
                    48,
                    49,
                    120
                ],
                [
                    49,
                    48,
                    120
                ],
                [
                    49,
                    50,
                    120
                ],
                [
                    50,
                    49,
                    120
                ],
                [
                    50,
                    51,
                    120
                ],
                [
                    51,
                    50,
                    120
                ],
                [
                    51,
                    52,
                    120
                ],
                [
                    52,
                    51,
                    120
                ],
                [
                    52,
                    53,
                    120
                ],
                [
                    53,
                    52,
                    120
                ],
                [
                    53,
                    54,
                    120
                ],
                [
                    54,
                    53,
                    120
                ],
                [
                    54,
                    55,
                    120
                ],
                [
                    55,
                    54,
                    120
                ],
                [
                    55,
                    56,
                    120
                ],
                [
                    56,
                    55,
                    120
                ],
                [
                    56,
                    57,
                    120
                ],
                [
                    57,
                    56,
                    120
                ],
                [
                    57,
                    58,
                    120
                ],
                [
                    58,
                    57,
                    120
                ],
                [
                    58,
                    59,
                    120
                ],
                [
                    59,
                    58,
                    120
                ]
            ],
            "stations": [
                [
                    44,
                    "Congreso de Tucuman",
                    47
                ],
                [
                    45,
                    "Juramento",
                    48
                ],
                [
                    46,
                    "Jose Hernandez",
                    49
                ],
                [
                    47,
                    "Olleros",
                    50
                ],
                [
                    48,
                    "Ministro Carranza",
                    51
                ],
                [
                    49,
                    "Palermo",
                    52
                ],
                [
                    50,
                    "Plaza Italia",
                    53
                ],
                [
                    51,
                    "Scalabrini Ortiz",
                    54
                ],
                [
                    52,
                    "Bulnes",
                    55
                ],
                [
                    53,
                    "Aguero",
                    56
                ],
                [
                    54,
                    "Pueyrredуn D",
                    57
                ],
                [
                    55,
                    "Facultad de Medicina",
                    58
                ],
                [
                    56,
                    "Callao D",
                    59
                ],
                [
                    57,
                    "Tribunales",
                    60
                ],
                [
                    58,
                    "Nueve de julio",
                    61
                ],
                [
                    59,
                    "Catedral",
                    62
                ]
            ],
            "text_id": 63
        },
        {
            "delays": [
                180,
                360
            ],
            "name": "E",
            "scheme": null,
            "segments": [
                [
                    60,
                    61,
                    120
                ],
                [
                    61,
                    60,
                    120
                ],
                [
                    61,
                    62,
                    120
                ],
                [
                    62,
                    61,
                    120
                ],
                [
                    62,
                    63,
                    120
                ],
                [
                    63,
                    62,
                    120
                ],
                [
                    63,
                    64,
                    120
                ],
                [
                    64,
                    63,
                    120
                ],
                [
                    64,
                    65,
                    120
                ],
                [
                    65,
                    64,
                    120
                ],
                [
                    65,
                    66,
                    120
                ],
                [
                    66,
                    65,
                    120
                ],
                [
                    66,
                    67,
                    120
                ],
                [
                    67,
                    66,
                    120
                ],
                [
                    67,
                    68,
                    120
                ],
                [
                    68,
                    67,
                    120
                ],
                [
                    68,
                    69,
                    120
                ],
                [
                    69,
                    68,
                    120
                ],
                [
                    69,
                    70,
                    120
                ],
                [
                    70,
                    69,
                    120
                ],
                [
                    70,
                    71,
                    120
                ],
                [
                    71,
                    70,
                    120
                ],
                [
                    71,
                    72,
                    120
                ],
                [
                    72,
                    71,
                    120
                ],
                [
                    72,
                    73,
                    120
                ],
                [
                    73,
                    72,
                    120
                ],
                [
                    73,
                    74,
                    120
                ],
                [
                    74,
                    73,
                    120
                ]
            ],
            "stations": [
                [
                    60,
                    "Plaza de los Virreyes",
                    64
                ],
                [
                    61,
                    "Varela",
                    65
                ],
                [
                    62,
                    "Medalla Milagrosa",
                    66
                ],
                [
                    63,
                    "Emilio Mitre",
                    67
                ],
                [
                    64,
                    "Jose Maria Moreno",
                    68
                ],
                [
                    65,
                    "Avenida La Plata",
                    69
                ],
                [
                    66,
                    "Boedo",
                    70
                ],
                [
                    67,
                    "General Urquiza",
                    71
                ],
                [
                    68,
                    "Jujuy",
                    72
                ],
                [
                    69,
                    "Pichincha",
                    73
                ],
                [
                    70,
                    "Rodolfo Walsh",
                    74
                ],
                [
                    71,
                    "San Jose",
                    75
                ],
                [
                    72,
                    "Independencia",
                    43
                ],
                [
                    73,
                    "Belgrano",
                    76
                ],
                [
                    74,
                    "Bolivar",
                    77
                ]
            ],
            "text_id": 78
        },
        {
            "delays": [
                180,
                360
            ],
            "name": "E2",
            "scheme": null,
            "segments": [
                [
                    75,
                    76,
                    120
                ],
                [
                    76,
                    75,
                    120
                ],
                [
                    76,
                    77,
                    120
                ],
                [
                    77,
                    76,
                    120
                ],
                [
                    77,
                    78,
                    120
                ],
                [
                    78,
                    77,
                    120
                ],
                [
                    78,
                    79,
                    120
                ],
                [
                    79,
                    78,
                    120
                ],
                [
                    79,
                    80,
                    120
                ],
                [
                    80,
                    79,
                    120
                ],
                [
                    80,
                    81,
                    120
                ],
                [
                    81,
                    80,
                    120
                ],
                [
                    81,
                    82,
                    120
                ],
                [
                    81,
                    86,
                    120
                ],
                [
                    82,
                    81,
                    120
                ],
                [
                    82,
                    83,
                    120
                ],
                [
                    83,
                    82,
                    120
                ],
                [
                    83,
                    84,
                    120
                ],
                [
                    84,
                    83,
                    120
                ],
                [
                    84,
                    85,
                    120
                ],
                [
                    85,
                    84,
                    120
                ],
                [
                    86,
                    81,
                    120
                ]
            ],
            "stations": [
                [
                    75,
                    "Intendente Saguier",
                    79
                ],
                [
                    76,
                    "Balbastro",
                    80
                ],
                [
                    77,
                    "Fuerza Area",
                    81
                ],
                [
                    78,
                    "Fernandez de la Cruz",
                    82
                ],
                [
                    79,
                    "Pte Illia",
                    83
                ],
                [
                    80,
                    "Parque de la Ciudad",
                    84
                ],
                [
                    81,
                    "Jumbo",
                    85
                ],
                [
                    82,
                    "Armada Argentina",
                    86
                ],
                [
                    83,
                    "Ministro R.Carillo",
                    87
                ],
                [
                    84,
                    "Gabino Ezeiza",
                    88
                ],
                [
                    85,
                    "General Savio",
                    89
                ],
                [
                    86,
                    "Centro Civico",
                    90
                ]
            ],
            "text_id": 91
        },
        {
            "delays": [
                180,
                360
            ],
            "name": "H",
            "scheme": null,
            "segments": [
                [
                    87,
                    88,
                    null
                ],
                [
                    87,
                    89,
                    120
                ],
                [
                    88,
                    87,
                    null
                ],
                [
                    88,
                    89,
                    0
                ],
                [
                    89,
                    87,
                    120
                ],
                [
                    89,
                    88,
                    null
                ],
                [
                    89,
                    90,
                    120
                ],
                [
                    90,
                    89,
                    120
                ],
                [
                    90,
                    91,
                    120
                ],
                [
                    91,
                    90,
                    120
                ],
                [
                    91,
                    92,
                    120
                ],
                [
                    92,
                    91,
                    120
                ],
                [
                    92,
                    93,
                    120
                ],
                [
                    93,
                    92,
                    120
                ],
                [
                    93,
                    94,
                    120
                ],
                [
                    94,
                    93,
                    120
                ],
                [
                    94,
                    95,
                    120
                ],
                [
                    95,
                    94,
                    120
                ],
                [
                    95,
                    96,
                    120
                ],
                [
                    96,
                    95,
                    120
                ],
                [
                    96,
                    97,
                    120
                ],
                [
                    97,
                    96,
                    120
                ]
            ],
            "stations": [
                [
                    87,
                    "Las Heras",
                    92
                ],
                [
                    88,
                    "Santa Fe",
                    93
                ],
                [
                    89,
                    "Cordoba",
                    94
                ],
                [
                    90,
                    "Corrientes",
                    95
                ],
                [
                    91,
                    "Once",
                    96
                ],
                [
                    92,
                    "Venezuela",
                    97
                ],
                [
                    93,
                    "Humberto I",
                    98
                ],
                [
                    94,
                    "Inclan",
                    99
                ],
                [
                    95,
                    "Caseros",
                    100
                ],
                [
                    96,
                    "Parque Patricios",
                    101
                ],
                [
                    97,
                    "Hospitales",
                    102
                ]
            ],
            "text_id": 103
        }
    ],
    "name": "metro",
    "transfers": [
        [
            60,
            75,
            120,
            true
        ],
        [
            28,
            90,
            120,
            true
        ],
        [
            88,
            54,
            120,
            true
        ],
        [
            72,
            41,
            120,
            true
        ],
        [
            14,
            39,
            120,
            true
        ],
        [
            59,
            16,
            120,
            true
        ],
        [
            74,
            16,
            120,
            true
        ],
        [
            32,
            58,
            120,
            true
        ],
        [
            38,
            58,
            120,
            true
        ],
        [
            91,
            9,
            120,
            true
        ],
        [
            93,
            68,
            120,
            true
        ]
    ],
    "type_name": "Метро"
}