{
    "0": "Propatria",
    "1": "Perez Bonalde",
    "2": "Plaza Sucre",
    "3": "Gato Negro",
    "4": "Agua Salud",
    "5": "Cano Amarillo",
    "6": "Capitolio",
    "7": "La Hoyada",
    "8": "Parque Carabobo",
    "9": "Bellas Artes",
    "10": "Colegio de Ingenieros",
    "11": "Plaza Venezuela",
    "12": "Sabana Grande",
    "13": "Chaca-to",
    "14": "Chacao",
    "15": "Altamira",
    "16": "Parque del Este",
    "17": "Los Dos Caminos",
    "18": "Los Cortijos",
    "19": "La California",
    "20": "Petare",
    "21": "Palo Verde",
    "22": "1",
    "23": "Las Adjuntas",
    "24": "Ruiz Pineda",
    "25": "Mamera",
    "26": "Ant-mano",
    "27": "Carapita",
    "28": "La Yaguara",
    "29": "La Paz",
    "30": "Artigas",
    "31": "Maternidad",
    "32": "Capuchinos",
    "33": "Zoologico",
    "34": "Caricuao",
    "35": "2",
    "36": "La Rinconada",
    "37": "Mercado",
    "38": "Coche",
    "39": "Los Gardines",
    "40": "El Valle",
    "41": "La Bandera",
    "42": "Los S-mbolos",
    "43": "Ciudad Universitaria",
    "44": "3",
    "45": "Teatros",
    "46": "Nuevo Circo",
    "47": "Parque Central",
    "48": "Zona Rental",
    "49": "4",
    "50": "Bello Monte",
    "51": "5",
    "52": "Metro",
    "53": "ROOT",
    "54": "Shema ot 23.11.2015g.",
    "55": "Imported from http://pmetro.su"
}