{
    "lines": [
        {
            "delays": [],
            "name": "A",
            "scheme": null,
            "segments": [
                [
                    0,
                    1,
                    120
                ],
                [
                    1,
                    0,
                    120
                ],
                [
                    1,
                    2,
                    120
                ],
                [
                    2,
                    1,
                    120
                ],
                [
                    2,
                    3,
                    120
                ],
                [
                    3,
                    2,
                    120
                ],
                [
                    3,
                    4,
                    120
                ],
                [
                    4,
                    3,
                    120
                ],
                [
                    4,
                    5,
                    120
                ],
                [
                    5,
                    4,
                    120
                ],
                [
                    5,
                    6,
                    120
                ],
                [
                    6,
                    5,
                    120
                ],
                [
                    6,
                    7,
                    120
                ],
                [
                    7,
                    6,
                    120
                ],
                [
                    7,
                    8,
                    120
                ],
                [
                    8,
                    7,
                    120
                ],
                [
                    8,
                    9,
                    120
                ],
                [
                    9,
                    8,
                    120
                ],
                [
                    9,
                    10,
                    120
                ],
                [
                    10,
                    9,
                    120
                ],
                [
                    10,
                    11,
                    120
                ],
                [
                    11,
                    10,
                    120
                ],
                [
                    11,
                    12,
                    120
                ],
                [
                    12,
                    11,
                    120
                ],
                [
                    12,
                    13,
                    120
                ],
                [
                    13,
                    12,
                    120
                ]
            ],
            "stations": [
                [
                    0,
                    "Perrache",
                    0
                ],
                [
                    1,
                    "Ampere/Victor Hugo",
                    1
                ],
                [
                    2,
                    "Bellecour",
                    2
                ],
                [
                    3,
                    "Cordeliers",
                    3
                ],
                [
                    4,
                    "Hotel de Ville/Louis Pradel",
                    4
                ],
                [
                    5,
                    "Foch",
                    5
                ],
                [
                    6,
                    "Massena",
                    6
                ],
                [
                    7,
                    "Charpennes/Charles Hernu",
                    7
                ],
                [
                    8,
                    "Republique-Villeurbanne",
                    8
                ],
                [
                    9,
                    "Gratte-Ciel",
                    9
                ],
                [
                    10,
                    "Flachet",
                    10
                ],
                [
                    11,
                    "Cusset",
                    11
                ],
                [
                    12,
                    "L. Bonnevay/Astroballe",
                    12
                ],
                [
                    13,
                    "Vaulx-en Velin/La Soie",
                    13
                ]
            ],
            "text_id": 14
        },
        {
            "delays": [],
            "name": "B",
            "scheme": null,
            "segments": [
                [
                    14,
                    15,
                    120
                ],
                [
                    15,
                    14,
                    120
                ],
                [
                    15,
                    16,
                    120
                ],
                [
                    16,
                    15,
                    120
                ],
                [
                    16,
                    17,
                    120
                ],
                [
                    17,
                    16,
                    120
                ],
                [
                    17,
                    18,
                    120
                ],
                [
                    18,
                    17,
                    120
                ],
                [
                    18,
                    19,
                    120
                ],
                [
                    19,
                    18,
                    120
                ],
                [
                    19,
                    20,
                    120
                ],
                [
                    20,
                    19,
                    120
                ],
                [
                    20,
                    21,
                    120
                ],
                [
                    21,
                    20,
                    120
                ],
                [
                    21,
                    22,
                    120
                ],
                [
                    22,
                    21,
                    120
                ]
            ],
            "stations": [
                [
                    14,
                    "Charpennes/Charles Hernu",
                    7
                ],
                [
                    15,
                    "Brotteaux",
                    15
                ],
                [
                    16,
                    "Gare Part-Dieu/Vivier Merle",
                    16
                ],
                [
                    17,
                    "Place Guichard/Bourse du Travail",
                    17
                ],
                [
                    18,
                    "Saxe-Gambetta",
                    18
                ],
                [
                    19,
                    "Jean Mace",
                    19
                ],
                [
                    20,
                    "Place Jean Jaures",
                    20
                ],
                [
                    21,
                    "Debourg",
                    21
                ],
                [
                    22,
                    "Stade de Gerland",
                    22
                ]
            ],
            "text_id": 23
        },
        {
            "delays": [],
            "name": "C",
            "scheme": null,
            "segments": [
                [
                    23,
                    24,
                    120
                ],
                [
                    24,
                    23,
                    120
                ],
                [
                    24,
                    25,
                    120
                ],
                [
                    25,
                    24,
                    120
                ],
                [
                    25,
                    26,
                    120
                ],
                [
                    26,
                    25,
                    120
                ],
                [
                    26,
                    27,
                    120
                ],
                [
                    27,
                    26,
                    120
                ]
            ],
            "stations": [
                [
                    23,
                    "Hotel de Ville/Louis Pradel",
                    4
                ],
                [
                    24,
                    "Croix-Paquet",
                    24
                ],
                [
                    25,
                    "Croix-Rousse",
                    25
                ],
                [
                    26,
                    "Henon",
                    26
                ],
                [
                    27,
                    "Cuire",
                    27
                ]
            ],
            "text_id": 28
        },
        {
            "delays": [],
            "name": "D",
            "scheme": null,
            "segments": [
                [
                    28,
                    29,
                    120
                ],
                [
                    29,
                    28,
                    120
                ],
                [
                    29,
                    30,
                    120
                ],
                [
                    30,
                    29,
                    120
                ],
                [
                    30,
                    31,
                    120
                ],
                [
                    31,
                    30,
                    120
                ],
                [
                    31,
                    32,
                    120
                ],
                [
                    32,
                    31,
                    120
                ],
                [
                    32,
                    33,
                    120
                ],
                [
                    33,
                    32,
                    120
                ],
                [
                    33,
                    34,
                    120
                ],
                [
                    34,
                    33,
                    120
                ],
                [
                    34,
                    35,
                    120
                ],
                [
                    35,
                    34,
                    120
                ],
                [
                    35,
                    36,
                    120
                ],
                [
                    36,
                    35,
                    120
                ],
                [
                    36,
                    37,
                    120
                ],
                [
                    37,
                    36,
                    120
                ],
                [
                    37,
                    38,
                    120
                ],
                [
                    38,
                    37,
                    120
                ],
                [
                    38,
                    39,
                    120
                ],
                [
                    39,
                    38,
                    120
                ],
                [
                    39,
                    40,
                    120
                ],
                [
                    40,
                    39,
                    120
                ],
                [
                    40,
                    41,
                    120
                ],
                [
                    41,
                    40,
                    120
                ],
                [
                    41,
                    42,
                    120
                ],
                [
                    42,
                    41,
                    120
                ]
            ],
            "stations": [
                [
                    28,
                    "Gare de Vaise",
                    29
                ],
                [
                    29,
                    "Valmy",
                    30
                ],
                [
                    30,
                    "Gorge de Loup",
                    31
                ],
                [
                    31,
                    "Vieux Lyon/Cathedrale St-Jean",
                    32
                ],
                [
                    32,
                    "Bellecour",
                    2
                ],
                [
                    33,
                    "Guillotiere",
                    33
                ],
                [
                    34,
                    "Saxe-Gambetta",
                    18
                ],
                [
                    35,
                    "Garibaldi",
                    34
                ],
                [
                    36,
                    "Sans-Souci",
                    35
                ],
                [
                    37,
                    "Monplaisir-Lumiere",
                    36
                ],
                [
                    38,
                    "Grange Blanche",
                    37
                ],
                [
                    39,
                    "Laennec",
                    38
                ],
                [
                    40,
                    "Mermoz Pinel",
                    39
                ],
                [
                    41,
                    "Parilly",
                    40
                ],
                [
                    42,
                    "Gare de Venissieux",
                    41
                ]
            ],
            "text_id": 42
        }
    ],
    "name": "metro",
    "transfers": [
        [
            2,
            32,
            120,
            true
        ],
        [
            4,
            23,
            120,
            true
        ],
        [
            7,
            14,
            120,
            true
        ],
        [
            18,
            34,
            120,
            true
        ]
    ],
    "type_name": "Метро"
}