{
    "default_transports": [
        "train"
    ],
    "height": 1119,
    "images": [
        "res/schemes/yug.svg"
    ],
    "is_vector": true,
    "lines": [
        {
            "labels_bg_color": "-1",
            "labels_color": "000000",
            "line_color": "FB0505",
            "line_width": 9,
            "name": "Ленинская",
            "segments": [],
            "stations": [
                {
                    "coord": null,
                    "is_working": true,
                    "name": "Заельцовская",
                    "rect": null,
                    "text_id": 0,
                    "uid": 0
                },
                {
                    "coord": null,
                    "is_working": true,
                    "name": "Гагаринская",
                    "rect": null,
                    "text_id": 1,
                    "uid": 1
                },
                {
                    "coord": null,
                    "is_working": true,
                    "name": "Красный проспект",
                    "rect": null,
                    "text_id": 2,
                    "uid": 2
                },
                {
                    "coord": null,
                    "is_working": true,
                    "name": "Площадь Ленина",
                    "rect": null,
                    "text_id": 3,
                    "uid": 3
                },
                {
                    "coord": null,
                    "is_working": true,
                    "name": "Октябрьская",
                    "rect": null,
                    "text_id": 4,
                    "uid": 4
                },
                {
                    "coord": [
                        84,
                        169
                    ],
                    "is_working": true,
                    "name": "Речной Вокзал",
                    "rect": [
                        98,
                        160,
                        79,
                        15
                    ],
                    "text_id": 5,
                    "uid": 5
                },
                {
                    "coord": null,
                    "is_working": true,
                    "name": "Студенческая",
                    "rect": null,
                    "text_id": 6,
                    "uid": 6
                },
                {
                    "coord": null,
                    "is_working": true,
                    "name": "Площадь Маркса",
                    "rect": null,
                    "text_id": 7,
                    "uid": 7
                },
                {
                    "coord": null,
                    "is_working": false,
                    "name": "Площадь Станиславского",
                    "rect": null,
                    "text_id": 8,
                    "uid": 8
                }
            ],
            "text_id": 9
        },
        {
            "labels_bg_color": "-1",
            "labels_color": "000000",
            "line_color": "0DA303",
            "line_width": 9,
            "name": "Дзержинская",
            "segments": [],
            "stations": [
                {
                    "coord": [
                        84,
                        69
                    ],
                    "is_working": true,
                    "name": "Площадь Гарина-Михайловского",
                    "rect": [
                        105,
                        67,
                        172,
                        15
                    ],
                    "text_id": 10,
                    "uid": 9
                },
                {
                    "coord": null,
                    "is_working": true,
                    "name": "Сибирская",
                    "rect": null,
                    "text_id": 11,
                    "uid": 10
                },
                {
                    "coord": null,
                    "is_working": true,
                    "name": "Маршала Покрышкина",
                    "rect": null,
                    "text_id": 12,
                    "uid": 11
                },
                {
                    "coord": null,
                    "is_working": true,
                    "name": "Березовая Роща",
                    "rect": null,
                    "text_id": 13,
                    "uid": 12
                },
                {
                    "coord": null,
                    "is_working": true,
                    "name": "Золотая нива",
                    "rect": null,
                    "text_id": 14,
                    "uid": 13
                }
            ],
            "text_id": 15
        },
        {
            "labels_bg_color": "-1",
            "labels_color": "000000",
            "line_color": "202020",
            "line_width": 9,
            "name": "Электропоезда_на_юг.Кузбасс.Сокур_через_Инскую",
            "segments": [
                [
                    39,
                    40,
                    [
                        [
                            59,
                            119
                        ],
                        [
                            59,
                            69
                        ]
                    ],
                    true
                ],
                [
                    40,
                    41,
                    [
                        [
                            59,
                            169
                        ],
                        [
                            59,
                            119
                        ]
                    ],
                    true
                ],
                [
                    41,
                    42,
                    [
                        [
                            59,
                            209
                        ],
                        [
                            59,
                            169
                        ]
                    ],
                    true
                ],
                [
                    42,
                    43,
                    [
                        [
                            59,
                            242
                        ],
                        [
                            59,
                            209
                        ]
                    ],
                    true
                ],
                [
                    43,
                    44,
                    [
                        [
                            84,
                            274
                        ],
                        [
                            59,
                            242
                        ]
                    ],
                    true
                ],
                [
                    43,
                    57,
                    [
                        [
                            59,
                            274
                        ],
                        [
                            59,
                            242
                        ]
                    ],
                    true
                ],
                [
                    44,
                    45,
                    [
                        [
                            128,
                            288
                        ],
                        [
                            84,
                            274
                        ]
                    ],
                    true
                ],
                [
                    45,
                    46,
                    [
                        [
                            159,
                            274
                        ],
                        [
                            128,
                            288
                        ]
                    ],
                    true
                ],
                [
                    46,
                    47,
                    [
                        [
                            199,
                            284
                        ],
                        [
                            159,
                            274
                        ]
                    ],
                    true
                ],
                [
                    47,
                    48,
                    [
                        [
                            294,
                            249
                        ],
                        [
                            199,
                            284
                        ]
                    ],
                    true
                ],
                [
                    47,
                    85,
                    [
                        [
                            249,
                            274
                        ],
                        [
                            199,
                            284
                        ]
                    ],
                    true
                ],
                [
                    48,
                    49,
                    [
                        [
                            310,
                            225
                        ],
                        [
                            294,
                            249
                        ]
                    ],
                    true
                ],
                [
                    49,
                    50,
                    [
                        [
                            328,
                            197
                        ],
                        [
                            310,
                            225
                        ]
                    ],
                    true
                ],
                [
                    50,
                    51,
                    [
                        [
                            344,
                            172
                        ],
                        [
                            328,
                            197
                        ]
                    ],
                    true
                ],
                [
                    51,
                    52,
                    [
                        [
                            359,
                            149
                        ],
                        [
                            344,
                            172
                        ]
                    ],
                    true
                ],
                [
                    52,
                    53,
                    [
                        [
                            374,
                            126
                        ],
                        [
                            359,
                            149
                        ]
                    ],
                    true
                ],
                [
                    53,
                    54,
                    [
                        [
                            389,
                            103
                        ],
                        [
                            374,
                            126
                        ]
                    ],
                    true
                ],
                [
                    54,
                    55,
                    [
                        [
                            405,
                            79
                        ],
                        [
                            389,
                            103
                        ]
                    ],
                    true
                ],
                [
                    55,
                    56,
                    [
                        [
                            420,
                            54
                        ],
                        [
                            405,
                            79
                        ]
                    ],
                    true
                ],
                [
                    57,
                    58,
                    [
                        [
                            59,
                            319
                        ],
                        [
                            59,
                            274
                        ]
                    ],
                    true
                ],
                [
                    58,
                    59,
                    [
                        [
                            59,
                            344
                        ],
                        [
                            59,
                            319
                        ]
                    ],
                    true
                ],
                [
                    59,
                    60,
                    [
                        [
                            59,
                            369
                        ],
                        [
                            59,
                            344
                        ]
                    ],
                    true
                ],
                [
                    60,
                    61,
                    [
                        [
                            59,
                            394
                        ],
                        [
                            59,
                            369
                        ]
                    ],
                    true
                ],
                [
                    61,
                    62,
                    [
                        [
                            59,
                            419
                        ],
                        [
                            59,
                            394
                        ]
                    ],
                    true
                ],
                [
                    62,
                    63,
                    [
                        [
                            59,
                            444
                        ],
                        [
                            59,
                            419
                        ]
                    ],
                    true
                ],
                [
                    63,
                    64,
                    [
                        [
                            59,
                            469
                        ],
                        [
                            59,
                            444
                        ]
                    ],
                    true
                ],
                [
                    64,
                    65,
                    [
                        [
                            59,
                            494
                        ],
                        [
                            59,
                            469
                        ]
                    ],
                    true
                ],
                [
                    65,
                    66,
                    [
                        [
                            59,
                            519
                        ],
                        [
                            59,
                            494
                        ]
                    ],
                    true
                ],
                [
                    66,
                    67,
                    [
                        [
                            59,
                            544
                        ],
                        [
                            59,
                            519
                        ]
                    ],
                    true
                ],
                [
                    67,
                    68,
                    [
                        [
                            59,
                            569
                        ],
                        [
                            59,
                            544
                        ]
                    ],
                    true
                ],
                [
                    68,
                    69,
                    [
                        [
                            59,
                            594
                        ],
                        [
                            59,
                            569
                        ]
                    ],
                    true
                ],
                [
                    69,
                    70,
                    [
                        [
                            59,
                            619
                        ],
                        [
                            59,
                            594
                        ]
                    ],
                    true
                ],
                [
                    70,
                    71,
                    [
                        [
                            59,
                            644
                        ],
                        [
                            59,
                            619
                        ]
                    ],
                    true
                ],
                [
                    71,
                    72,
                    [
                        [
                            59,
                            669
                        ],
                        [
                            59,
                            644
                        ]
                    ],
                    true
                ],
                [
                    72,
                    73,
                    [
                        [
                            59,
                            694
                        ],
                        [
                            59,
                            669
                        ]
                    ],
                    true
                ],
                [
                    73,
                    74,
                    [
                        [
                            59,
                            719
                        ],
                        [
                            59,
                            694
                        ]
                    ],
                    true
                ],
                [
                    74,
                    75,
                    [
                        [
                            59,
                            744
                        ],
                        [
                            59,
                            719
                        ]
                    ],
                    true
                ],
                [
                    75,
                    76,
                    [
                        [
                            59,
                            769
                        ],
                        [
                            59,
                            744
                        ]
                    ],
                    true
                ],
                [
                    76,
                    77,
                    [
                        [
                            59,
                            794
                        ],
                        [
                            59,
                            769
                        ]
                    ],
                    true
                ],
                [
                    77,
                    78,
                    [
                        [
                            59,
                            819
                        ],
                        [
                            59,
                            794
                        ]
                    ],
                    true
                ],
                [
                    78,
                    79,
                    [
                        [
                            59,
                            844
                        ],
                        [
                            59,
                            819
                        ]
                    ],
                    true
                ],
                [
                    79,
                    80,
                    [
                        [
                            59,
                            869
                        ],
                        [
                            59,
                            844
                        ]
                    ],
                    true
                ],
                [
                    80,
                    81,
                    [
                        [
                            59,
                            894
                        ],
                        [
                            59,
                            869
                        ]
                    ],
                    true
                ],
                [
                    81,
                    82,
                    [
                        [
                            59,
                            919
                        ],
                        [
                            59,
                            894
                        ]
                    ],
                    true
                ],
                [
                    82,
                    83,
                    [
                        [
                            59,
                            944
                        ],
                        [
                            59,
                            919
                        ]
                    ],
                    true
                ],
                [
                    83,
                    84,
                    [
                        [
                            59,
                            969
                        ],
                        [
                            59,
                            944
                        ]
                    ],
                    true
                ],
                [
                    85,
                    86,
                    [
                        [
                            294,
                            274
                        ],
                        [
                            249,
                            274
                        ]
                    ],
                    true
                ],
                [
                    86,
                    87,
                    [
                        [
                            309,
                            294
                        ],
                        [
                            294,
                            274
                        ]
                    ],
                    true
                ],
                [
                    87,
                    88,
                    [
                        [
                            324,
                            314
                        ],
                        [
                            309,
                            294
                        ]
                    ],
                    true
                ],
                [
                    88,
                    89,
                    [
                        [
                            339,
                            334
                        ],
                        [
                            324,
                            314
                        ]
                    ],
                    true
                ],
                [
                    89,
                    90,
                    [
                        [
                            354,
                            354
                        ],
                        [
                            339,
                            334
                        ]
                    ],
                    true
                ],
                [
                    90,
                    91,
                    [
                        [
                            369,
                            374
                        ],
                        [
                            354,
                            354
                        ]
                    ],
                    true
                ],
                [
                    91,
                    92,
                    [
                        [
                            384,
                            394
                        ],
                        [
                            369,
                            374
                        ]
                    ],
                    true
                ],
                [
                    92,
                    93,
                    [
                        [
                            399,
                            414
                        ],
                        [
                            384,
                            394
                        ]
                    ],
                    true
                ],
                [
                    93,
                    94,
                    [
                        [
                            414,
                            434
                        ],
                        [
                            399,
                            414
                        ]
                    ],
                    true
                ],
                [
                    94,
                    95,
                    [
                        [
                            429,
                            454
                        ],
                        [
                            414,
                            434
                        ]
                    ],
                    true
                ],
                [
                    95,
                    96,
                    [
                        [
                            444,
                            474
                        ],
                        [
                            429,
                            454
                        ]
                    ],
                    true
                ],
                [
                    96,
                    97,
                    [
                        [
                            459,
                            494
                        ],
                        [
                            444,
                            474
                        ]
                    ],
                    true
                ],
                [
                    97,
                    98,
                    [
                        [
                            474,
                            514
                        ],
                        [
                            459,
                            494
                        ]
                    ],
                    true
                ],
                [
                    98,
                    99,
                    [
                        [
                            489,
                            534
                        ],
                        [
                            474,
                            514
                        ]
                    ],
                    true
                ],
                [
                    99,
                    100,
                    [
                        [
                            504,
                            554
                        ],
                        [
                            489,
                            534
                        ]
                    ],
                    true
                ],
                [
                    100,
                    101,
                    [
                        [
                            519,
                            574
                        ],
                        [
                            504,
                            554
                        ]
                    ],
                    true
                ],
                [
                    101,
                    102,
                    [
                        [
                            534,
                            594
                        ],
                        [
                            519,
                            574
                        ]
                    ],
                    true
                ],
                [
                    102,
                    103,
                    [
                        [
                            549,
                            614
                        ],
                        [
                            534,
                            594
                        ]
                    ],
                    true
                ],
                [
                    103,
                    104,
                    [
                        [
                            564,
                            634
                        ],
                        [
                            549,
                            614
                        ]
                    ],
                    true
                ],
                [
                    104,
                    105,
                    [
                        [
                            579,
                            654
                        ],
                        [
                            564,
                            634
                        ]
                    ],
                    true
                ],
                [
                    105,
                    106,
                    [
                        [
                            594,
                            674
                        ],
                        [
                            579,
                            654
                        ]
                    ],
                    true
                ],
                [
                    106,
                    107,
                    [
                        [
                            609,
                            694
                        ],
                        [
                            594,
                            674
                        ]
                    ],
                    true
                ],
                [
                    107,
                    108,
                    [
                        [
                            624,
                            714
                        ],
                        [
                            609,
                            694
                        ]
                    ],
                    true
                ],
                [
                    108,
                    109,
                    [
                        [
                            639,
                            734
                        ],
                        [
                            624,
                            714
                        ]
                    ],
                    true
                ],
                [
                    109,
                    110,
                    [
                        [
                            654,
                            754
                        ],
                        [
                            639,
                            734
                        ]
                    ],
                    true
                ],
                [
                    110,
                    111,
                    [
                        [
                            669,
                            774
                        ],
                        [
                            654,
                            754
                        ]
                    ],
                    true
                ],
                [
                    111,
                    112,
                    [
                        [
                            684,
                            794
                        ],
                        [
                            669,
                            774
                        ]
                    ],
                    true
                ],
                [
                    112,
                    113,
                    [
                        [
                            699,
                            814
                        ],
                        [
                            684,
                            794
                        ]
                    ],
                    true
                ],
                [
                    113,
                    114,
                    [
                        [
                            714,
                            834
                        ],
                        [
                            699,
                            814
                        ]
                    ],
                    true
                ],
                [
                    114,
                    115,
                    [
                        [
                            729,
                            854
                        ],
                        [
                            714,
                            834
                        ]
                    ],
                    true
                ]
            ],
            "stations": [
                {
                    "coord": [
                        59,
                        69
                    ],
                    "is_working": true,
                    "name": "Новосибирск-Главный",
                    "rect": [
                        34,
                        38,
                        118,
                        15
                    ],
                    "text_id": 16,
                    "uid": 39
                },
                {
                    "coord": [
                        59,
                        119
                    ],
                    "is_working": true,
                    "name": "Центр",
                    "rect": [
                        73,
                        114,
                        33,
                        15
                    ],
                    "text_id": 41,
                    "uid": 40
                },
                {
                    "coord": [
                        59,
                        169
                    ],
                    "is_working": true,
                    "name": "Речной Вокзал",
                    "rect": [
                        66,
                        181,
                        79,
                        15
                    ],
                    "text_id": 5,
                    "uid": 41
                },
                {
                    "coord": [
                        59,
                        209
                    ],
                    "is_working": true,
                    "name": "Новосибирск-Южный",
                    "rect": [
                        70,
                        204,
                        111,
                        15
                    ],
                    "text_id": 42,
                    "uid": 42
                },
                {
                    "coord": [
                        59,
                        242
                    ],
                    "is_working": true,
                    "name": "Камышенская",
                    "rect": [
                        72,
                        233,
                        75,
                        15
                    ],
                    "text_id": 43,
                    "uid": 43
                },
                {
                    "coord": [
                        84,
                        274
                    ],
                    "is_working": true,
                    "name": "Разъезд Иня",
                    "rect": [
                        15,
                        287,
                        69,
                        15
                    ],
                    "text_id": 44,
                    "uid": 44
                },
                {
                    "coord": [
                        128,
                        288
                    ],
                    "is_working": true,
                    "name": "Новогодняя",
                    "rect": [
                        102,
                        299,
                        63,
                        15
                    ],
                    "text_id": 45,
                    "uid": 45
                },
                {
                    "coord": [
                        159,
                        274
                    ],
                    "is_working": true,
                    "name": "Первомайская",
                    "rect": [
                        121,
                        251,
                        77,
                        15
                    ],
                    "text_id": 46,
                    "uid": 46
                },
                {
                    "coord": [
                        199,
                        284
                    ],
                    "is_working": true,
                    "name": "Инская",
                    "rect": [
                        177,
                        293,
                        39,
                        15
                    ],
                    "text_id": 47,
                    "uid": 47
                },
                {
                    "coord": [
                        294,
                        249
                    ],
                    "is_working": true,
                    "name": "Издревая",
                    "rect": [
                        310,
                        243,
                        52,
                        15
                    ],
                    "text_id": 48,
                    "uid": 48
                },
                {
                    "coord": [
                        310,
                        225
                    ],
                    "is_working": true,
                    "name": "Учебный",
                    "rect": [
                        322,
                        221,
                        47,
                        15
                    ],
                    "text_id": 49,
                    "uid": 49
                },
                {
                    "coord": [
                        328,
                        197
                    ],
                    "is_working": true,
                    "name": "Дубрава",
                    "rect": [
                        339,
                        194,
                        45,
                        15
                    ],
                    "text_id": 50,
                    "uid": 50
                },
                {
                    "coord": [
                        344,
                        172
                    ],
                    "is_working": true,
                    "name": "Комаровка",
                    "rect": [
                        355,
                        168,
                        57,
                        15
                    ],
                    "text_id": 51,
                    "uid": 51
                },
                {
                    "coord": [
                        359,
                        149
                    ],
                    "is_working": true,
                    "name": "Гусиный Брод",
                    "rect": [
                        372,
                        146,
                        77,
                        15
                    ],
                    "text_id": 52,
                    "uid": 52
                },
                {
                    "coord": [
                        374,
                        126
                    ],
                    "is_working": true,
                    "name": "Новолуговская",
                    "rect": [
                        386,
                        124,
                        80,
                        15
                    ],
                    "text_id": 53,
                    "uid": 53
                },
                {
                    "coord": [
                        389,
                        103
                    ],
                    "is_working": true,
                    "name": "Жеребцово",
                    "rect": [
                        400,
                        100,
                        59,
                        15
                    ],
                    "text_id": 54,
                    "uid": 54
                },
                {
                    "coord": [
                        405,
                        79
                    ],
                    "is_working": true,
                    "name": "Ферма",
                    "rect": [
                        417,
                        76,
                        37,
                        15
                    ],
                    "text_id": 55,
                    "uid": 55
                },
                {
                    "coord": [
                        420,
                        54
                    ],
                    "is_working": true,
                    "name": "Сокур",
                    "rect": [
                        435,
                        49,
                        33,
                        15
                    ],
                    "text_id": 24,
                    "uid": 56
                },
                {
                    "coord": [
                        59,
                        274
                    ],
                    "is_working": true,
                    "name": "Разъезд Иня-южная",
                    "rect": [
                        15,
                        287,
                        106,
                        15
                    ],
                    "text_id": 56,
                    "uid": 57
                },
                {
                    "coord": [
                        59,
                        319
                    ],
                    "is_working": true,
                    "name": "Сибирская",
                    "rect": [
                        70,
                        316,
                        57,
                        15
                    ],
                    "text_id": 11,
                    "uid": 58
                },
                {
                    "coord": [
                        59,
                        344
                    ],
                    "is_working": true,
                    "name": "Речпорт",
                    "rect": [
                        70,
                        337,
                        44,
                        15
                    ],
                    "text_id": 57,
                    "uid": 59
                },
                {
                    "coord": [
                        59,
                        369
                    ],
                    "is_working": true,
                    "name": "Матвеевка",
                    "rect": [
                        70,
                        359,
                        57,
                        15
                    ],
                    "text_id": 58,
                    "uid": 60
                },
                {
                    "coord": [
                        59,
                        394
                    ],
                    "is_working": true,
                    "name": "Юность",
                    "rect": [
                        70,
                        388,
                        42,
                        15
                    ],
                    "text_id": 59,
                    "uid": 61
                },
                {
                    "coord": [
                        59,
                        419
                    ],
                    "is_working": true,
                    "name": "Нижняя Ельцовка",
                    "rect": [
                        70,
                        411,
                        93,
                        15
                    ],
                    "text_id": 60,
                    "uid": 62
                },
                {
                    "coord": [
                        59,
                        444
                    ],
                    "is_working": true,
                    "name": "Сеятель",
                    "rect": [
                        70,
                        434,
                        46,
                        15
                    ],
                    "text_id": 61,
                    "uid": 63
                },
                {
                    "coord": [
                        59,
                        469
                    ],
                    "is_working": true,
                    "name": "Обское Море",
                    "rect": [
                        70,
                        462,
                        69,
                        15
                    ],
                    "text_id": 62,
                    "uid": 64
                },
                {
                    "coord": [
                        59,
                        494
                    ],
                    "is_working": true,
                    "name": "Береговая",
                    "rect": [
                        70,
                        487,
                        56,
                        15
                    ],
                    "text_id": 63,
                    "uid": 65
                },
                {
                    "coord": [
                        59,
                        519
                    ],
                    "is_working": true,
                    "name": "Речкуновка",
                    "rect": [
                        70,
                        512,
                        61,
                        15
                    ],
                    "text_id": 64,
                    "uid": 66
                },
                {
                    "coord": [
                        59,
                        544
                    ],
                    "is_working": true,
                    "name": "Бердск",
                    "rect": [
                        70,
                        537,
                        40,
                        15
                    ],
                    "text_id": 65,
                    "uid": 67
                },
                {
                    "coord": [
                        59,
                        569
                    ],
                    "is_working": true,
                    "name": "Морозово",
                    "rect": [
                        70,
                        562,
                        52,
                        15
                    ],
                    "text_id": 66,
                    "uid": 68
                },
                {
                    "coord": [
                        59,
                        594
                    ],
                    "is_working": true,
                    "name": "Сельская",
                    "rect": [
                        70,
                        586,
                        52,
                        15
                    ],
                    "text_id": 67,
                    "uid": 69
                },
                {
                    "coord": [
                        59,
                        619
                    ],
                    "is_working": true,
                    "name": "Обской Залив",
                    "rect": [
                        70,
                        612,
                        74,
                        15
                    ],
                    "text_id": 68,
                    "uid": 70
                },
                {
                    "coord": [
                        59,
                        644
                    ],
                    "is_working": true,
                    "name": "52 км.",
                    "rect": [
                        70,
                        638,
                        33,
                        15
                    ],
                    "text_id": 69,
                    "uid": 71
                },
                {
                    "coord": [
                        59,
                        669
                    ],
                    "is_working": true,
                    "name": "Совхоз Бердский",
                    "rect": [
                        70,
                        662,
                        92,
                        15
                    ],
                    "text_id": 70,
                    "uid": 72
                },
                {
                    "coord": [
                        59,
                        694
                    ],
                    "is_working": true,
                    "name": "Искитим",
                    "rect": [
                        70,
                        686,
                        46,
                        15
                    ],
                    "text_id": 71,
                    "uid": 73
                },
                {
                    "coord": [
                        59,
                        719
                    ],
                    "is_working": true,
                    "name": "Монолитная",
                    "rect": [
                        70,
                        712,
                        65,
                        15
                    ],
                    "text_id": 72,
                    "uid": 74
                },
                {
                    "coord": [
                        59,
                        744
                    ],
                    "is_working": true,
                    "name": "Мраморная",
                    "rect": [
                        70,
                        737,
                        61,
                        15
                    ],
                    "text_id": 73,
                    "uid": 75
                },
                {
                    "coord": [
                        59,
                        769
                    ],
                    "is_working": true,
                    "name": "65 км.",
                    "rect": [
                        70,
                        762,
                        33,
                        15
                    ],
                    "text_id": 74,
                    "uid": 76
                },
                {
                    "coord": [
                        59,
                        794
                    ],
                    "is_working": true,
                    "name": "Ложок",
                    "rect": [
                        70,
                        787,
                        33,
                        15
                    ],
                    "text_id": 75,
                    "uid": 77
                },
                {
                    "coord": [
                        59,
                        819
                    ],
                    "is_working": true,
                    "name": "67 км.",
                    "rect": [
                        70,
                        813,
                        33,
                        15
                    ],
                    "text_id": 76,
                    "uid": 78
                },
                {
                    "coord": [
                        59,
                        844
                    ],
                    "is_working": true,
                    "name": "Евсино",
                    "rect": [
                        70,
                        837,
                        39,
                        15
                    ],
                    "text_id": 77,
                    "uid": 79
                },
                {
                    "coord": [
                        59,
                        869
                    ],
                    "is_working": true,
                    "name": "Койниха",
                    "rect": [
                        70,
                        862,
                        44,
                        15
                    ],
                    "text_id": 78,
                    "uid": 80
                },
                {
                    "coord": [
                        59,
                        894
                    ],
                    "is_working": true,
                    "name": "Линево",
                    "rect": [
                        70,
                        887,
                        39,
                        15
                    ],
                    "text_id": 79,
                    "uid": 81
                },
                {
                    "coord": [
                        59,
                        919
                    ],
                    "is_working": true,
                    "name": "Дорогино",
                    "rect": [
                        70,
                        913,
                        49,
                        15
                    ],
                    "text_id": 80,
                    "uid": 82
                },
                {
                    "coord": [
                        59,
                        944
                    ],
                    "is_working": true,
                    "name": "Посевная",
                    "rect": [
                        70,
                        936,
                        52,
                        15
                    ],
                    "text_id": 81,
                    "uid": 83
                },
                {
                    "coord": [
                        59,
                        969
                    ],
                    "is_working": true,
                    "name": "Черепаново",
                    "rect": [
                        70,
                        961,
                        63,
                        15
                    ],
                    "text_id": 82,
                    "uid": 84
                },
                {
                    "coord": [
                        249,
                        274
                    ],
                    "is_working": true,
                    "name": "Барышево",
                    "rect": [
                        228,
                        285,
                        58,
                        15
                    ],
                    "text_id": 83,
                    "uid": 85
                },
                {
                    "coord": [
                        294,
                        274
                    ],
                    "is_working": true,
                    "name": "Крахаль",
                    "rect": [
                        310,
                        266,
                        45,
                        15
                    ],
                    "text_id": 84,
                    "uid": 86
                },
                {
                    "coord": [
                        309,
                        294
                    ],
                    "is_working": true,
                    "name": "38 км.",
                    "rect": [
                        324,
                        285,
                        33,
                        15
                    ],
                    "text_id": 85,
                    "uid": 87
                },
                {
                    "coord": [
                        324,
                        314
                    ],
                    "is_working": true,
                    "name": "Совхозная",
                    "rect": [
                        338,
                        304,
                        57,
                        15
                    ],
                    "text_id": 86,
                    "uid": 88
                },
                {
                    "coord": [
                        339,
                        334
                    ],
                    "is_working": true,
                    "name": "Шелковичиха",
                    "rect": [
                        352,
                        323,
                        72,
                        15
                    ],
                    "text_id": 87,
                    "uid": 89
                },
                {
                    "coord": [
                        354,
                        354
                    ],
                    "is_working": true,
                    "name": "Геодезическая",
                    "rect": [
                        367,
                        343,
                        79,
                        15
                    ],
                    "text_id": 88,
                    "uid": 90
                },
                {
                    "coord": [
                        369,
                        374
                    ],
                    "is_working": true,
                    "name": "Новородниковый",
                    "rect": [
                        382,
                        364,
                        91,
                        15
                    ],
                    "text_id": 89,
                    "uid": 91
                },
                {
                    "coord": [
                        384,
                        394
                    ],
                    "is_working": true,
                    "name": "Восточная",
                    "rect": [
                        396,
                        384,
                        57,
                        15
                    ],
                    "text_id": 90,
                    "uid": 92
                },
                {
                    "coord": [
                        399,
                        414
                    ],
                    "is_working": true,
                    "name": "Репьево",
                    "rect": [
                        411,
                        404,
                        45,
                        15
                    ],
                    "text_id": 91,
                    "uid": 93
                },
                {
                    "coord": [
                        414,
                        434
                    ],
                    "is_working": true,
                    "name": "Криница",
                    "rect": [
                        427,
                        424,
                        44,
                        15
                    ],
                    "text_id": 92,
                    "uid": 94
                },
                {
                    "coord": [
                        429,
                        454
                    ],
                    "is_working": true,
                    "name": "Паровозный",
                    "rect": [
                        442,
                        444,
                        66,
                        15
                    ],
                    "text_id": 93,
                    "uid": 95
                },
                {
                    "coord": [
                        444,
                        474
                    ],
                    "is_working": true,
                    "name": "Мотково",
                    "rect": [
                        457,
                        464,
                        45,
                        15
                    ],
                    "text_id": 94,
                    "uid": 96
                },
                {
                    "coord": [
                        459,
                        494
                    ],
                    "is_working": true,
                    "name": "Льниха",
                    "rect": [
                        472,
                        484,
                        39,
                        15
                    ],
                    "text_id": 95,
                    "uid": 97
                },
                {
                    "coord": [
                        474,
                        514
                    ],
                    "is_working": true,
                    "name": "Боровушка",
                    "rect": [
                        488,
                        504,
                        60,
                        15
                    ],
                    "text_id": 96,
                    "uid": 98
                },
                {
                    "coord": [
                        489,
                        534
                    ],
                    "is_working": true,
                    "name": "Кувшинка",
                    "rect": [
                        502,
                        524,
                        52,
                        15
                    ],
                    "text_id": 97,
                    "uid": 99
                },
                {
                    "coord": [
                        504,
                        554
                    ],
                    "is_working": true,
                    "name": "Буготак",
                    "rect": [
                        518,
                        545,
                        42,
                        15
                    ],
                    "text_id": 98,
                    "uid": 100
                },
                {
                    "coord": [
                        519,
                        574
                    ],
                    "is_working": true,
                    "name": "Льнозавод",
                    "rect": [
                        533,
                        565,
                        57,
                        15
                    ],
                    "text_id": 99,
                    "uid": 101
                },
                {
                    "coord": [
                        534,
                        594
                    ],
                    "is_working": true,
                    "name": "Изынский",
                    "rect": [
                        548,
                        584,
                        53,
                        15
                    ],
                    "text_id": 100,
                    "uid": 102
                },
                {
                    "coord": [
                        549,
                        614
                    ],
                    "is_working": true,
                    "name": "Салаир",
                    "rect": [
                        561,
                        603,
                        41,
                        15
                    ],
                    "text_id": 101,
                    "uid": 103
                },
                {
                    "coord": [
                        564,
                        634
                    ],
                    "is_working": true,
                    "name": "Отгонка",
                    "rect": [
                        576,
                        623,
                        42,
                        15
                    ],
                    "text_id": 102,
                    "uid": 104
                },
                {
                    "coord": [
                        579,
                        654
                    ],
                    "is_working": true,
                    "name": "Мурлыткино",
                    "rect": [
                        592,
                        644,
                        67,
                        15
                    ],
                    "text_id": 103,
                    "uid": 105
                },
                {
                    "coord": [
                        594,
                        674
                    ],
                    "is_working": true,
                    "name": "Рожневский Бор",
                    "rect": [
                        606,
                        664,
                        86,
                        15
                    ],
                    "text_id": 104,
                    "uid": 106
                },
                {
                    "coord": [
                        609,
                        694
                    ],
                    "is_working": true,
                    "name": "Мезениха",
                    "rect": [
                        621,
                        684,
                        52,
                        15
                    ],
                    "text_id": 105,
                    "uid": 107
                },
                {
                    "coord": [
                        624,
                        714
                    ],
                    "is_working": true,
                    "name": "Кудрино",
                    "rect": [
                        636,
                        704,
                        45,
                        15
                    ],
                    "text_id": 106,
                    "uid": 108
                },
                {
                    "coord": [
                        639,
                        734
                    ],
                    "is_working": true,
                    "name": "Тогучин",
                    "rect": [
                        651,
                        725,
                        42,
                        15
                    ],
                    "text_id": 107,
                    "uid": 109
                },
                {
                    "coord": [
                        654,
                        754
                    ],
                    "is_working": true,
                    "name": "Девино",
                    "rect": [
                        665,
                        744,
                        39,
                        15
                    ],
                    "text_id": 108,
                    "uid": 110
                },
                {
                    "coord": [
                        669,
                        774
                    ],
                    "is_working": true,
                    "name": "141км.",
                    "rect": [
                        680,
                        764,
                        36,
                        15
                    ],
                    "text_id": 109,
                    "uid": 111
                },
                {
                    "coord": [
                        684,
                        794
                    ],
                    "is_working": true,
                    "name": "Гранит",
                    "rect": [
                        638,
                        795,
                        37,
                        15
                    ],
                    "text_id": 110,
                    "uid": 112
                },
                {
                    "coord": [
                        699,
                        814
                    ],
                    "is_working": true,
                    "name": "Изылинка",
                    "rect": [
                        637,
                        815,
                        54,
                        15
                    ],
                    "text_id": 111,
                    "uid": 113
                },
                {
                    "coord": [
                        714,
                        834
                    ],
                    "is_working": true,
                    "name": "156 км.",
                    "rect": [
                        667,
                        834,
                        39,
                        15
                    ],
                    "text_id": 112,
                    "uid": 114
                },
                {
                    "coord": [
                        729,
                        854
                    ],
                    "is_working": true,
                    "name": "Курундус",
                    "rect": [
                        669,
                        853,
                        51,
                        15
                    ],
                    "text_id": 113,
                    "uid": 115
                }
            ],
            "text_id": 114
        }
    ],
    "lines_width": 9,
    "name": "yug",
    "name_text_id": 114,
    "stations_diameter": 16.0,
    "transfers": [
        [
            2,
            10,
            null,
            null
        ],
        [
            39,
            9,
            [
                59,
                69
            ],
            [
                84,
                69
            ]
        ],
        [
            44,
            57,
            [
                84,
                274
            ],
            [
                59,
                274
            ]
        ],
        [
            86,
            48,
            [
                294,
                274
            ],
            [
                294,
                249
            ]
        ],
        [
            41,
            5,
            [
                59,
                169
            ],
            [
                84,
                169
            ]
        ]
    ],
    "transports": [
        "metro",
        "train"
    ],
    "type_name": "Электричка",
    "type_text_id": 151,
    "upper_case": false,
    "width": 879,
    "word_wrap": false
}