{
    "default_transports": [
        "train"
    ],
    "height": 675,
    "images": [
        "res/schemes/zapad.svg"
    ],
    "is_vector": true,
    "lines": [
        {
            "labels_bg_color": "-1",
            "labels_color": "000000",
            "line_color": "0DA303",
            "line_width": 9,
            "name": "Дзержинская",
            "segments": [],
            "stations": [
                {
                    "coord": [
                        955,
                        20
                    ],
                    "is_working": true,
                    "name": "Площадь Гарина-Михайловского",
                    "rect": [
                        769,
                        12,
                        172,
                        15
                    ],
                    "text_id": 10,
                    "uid": 9
                },
                {
                    "coord": null,
                    "is_working": true,
                    "name": "Сибирская",
                    "rect": null,
                    "text_id": 11,
                    "uid": 10
                },
                {
                    "coord": null,
                    "is_working": true,
                    "name": "Маршала Покрышкина",
                    "rect": null,
                    "text_id": 12,
                    "uid": 11
                },
                {
                    "coord": null,
                    "is_working": true,
                    "name": "Березовая Роща",
                    "rect": null,
                    "text_id": 13,
                    "uid": 12
                },
                {
                    "coord": null,
                    "is_working": true,
                    "name": "Золотая нива",
                    "rect": null,
                    "text_id": 14,
                    "uid": 13
                }
            ],
            "text_id": 15
        },
        {
            "labels_bg_color": "-1",
            "labels_color": "000000",
            "line_color": "202020",
            "line_width": 9,
            "name": "Электропоезда_на_запад",
            "segments": [
                [
                    116,
                    117,
                    [
                        [
                            955,
                            75
                        ],
                        [
                            955,
                            45
                        ]
                    ],
                    true
                ],
                [
                    117,
                    118,
                    [
                        [
                            925,
                            90
                        ],
                        [
                            955,
                            75
                        ]
                    ],
                    true
                ],
                [
                    118,
                    119,
                    [
                        [
                            895,
                            104
                        ],
                        [
                            925,
                            90
                        ]
                    ],
                    true
                ],
                [
                    119,
                    120,
                    [
                        [
                            865,
                            120
                        ],
                        [
                            895,
                            104
                        ]
                    ],
                    true
                ],
                [
                    120,
                    121,
                    [
                        [
                            835,
                            135
                        ],
                        [
                            865,
                            120
                        ]
                    ],
                    true
                ],
                [
                    121,
                    122,
                    [
                        [
                            805,
                            150
                        ],
                        [
                            835,
                            135
                        ]
                    ],
                    true
                ],
                [
                    122,
                    123,
                    [
                        [
                            775,
                            165
                        ],
                        [
                            805,
                            150
                        ]
                    ],
                    true
                ],
                [
                    123,
                    124,
                    [
                        [
                            745,
                            180
                        ],
                        [
                            775,
                            165
                        ]
                    ],
                    true
                ],
                [
                    124,
                    125,
                    [
                        [
                            715,
                            195
                        ],
                        [
                            745,
                            180
                        ]
                    ],
                    true
                ],
                [
                    125,
                    126,
                    [
                        [
                            685,
                            210
                        ],
                        [
                            715,
                            195
                        ]
                    ],
                    true
                ],
                [
                    126,
                    127,
                    [
                        [
                            655,
                            225
                        ],
                        [
                            685,
                            210
                        ]
                    ],
                    true
                ],
                [
                    127,
                    128,
                    [
                        [
                            625,
                            240
                        ],
                        [
                            655,
                            225
                        ]
                    ],
                    true
                ],
                [
                    128,
                    129,
                    [
                        [
                            595,
                            255
                        ],
                        [
                            625,
                            240
                        ]
                    ],
                    true
                ],
                [
                    129,
                    130,
                    [
                        [
                            565,
                            270
                        ],
                        [
                            595,
                            255
                        ]
                    ],
                    true
                ],
                [
                    130,
                    131,
                    [
                        [
                            535,
                            285
                        ],
                        [
                            565,
                            270
                        ]
                    ],
                    true
                ],
                [
                    131,
                    132,
                    [
                        [
                            505,
                            300
                        ],
                        [
                            535,
                            285
                        ]
                    ],
                    true
                ],
                [
                    132,
                    133,
                    [
                        [
                            475,
                            315
                        ],
                        [
                            505,
                            300
                        ]
                    ],
                    true
                ],
                [
                    133,
                    134,
                    [
                        [
                            445,
                            330
                        ],
                        [
                            475,
                            315
                        ]
                    ],
                    true
                ],
                [
                    134,
                    135,
                    [
                        [
                            415,
                            345
                        ],
                        [
                            445,
                            330
                        ]
                    ],
                    true
                ],
                [
                    135,
                    136,
                    [
                        [
                            385,
                            360
                        ],
                        [
                            415,
                            345
                        ]
                    ],
                    true
                ],
                [
                    136,
                    137,
                    [
                        [
                            355,
                            375
                        ],
                        [
                            385,
                            360
                        ]
                    ],
                    true
                ],
                [
                    137,
                    138,
                    [
                        [
                            325,
                            390
                        ],
                        [
                            355,
                            375
                        ]
                    ],
                    true
                ],
                [
                    138,
                    139,
                    [
                        [
                            295,
                            405
                        ],
                        [
                            325,
                            390
                        ]
                    ],
                    true
                ],
                [
                    139,
                    140,
                    [
                        [
                            265,
                            420
                        ],
                        [
                            295,
                            405
                        ]
                    ],
                    true
                ],
                [
                    140,
                    141,
                    [
                        [
                            235,
                            435
                        ],
                        [
                            265,
                            420
                        ]
                    ],
                    true
                ],
                [
                    141,
                    142,
                    [
                        [
                            205,
                            450
                        ],
                        [
                            235,
                            435
                        ]
                    ],
                    true
                ],
                [
                    142,
                    143,
                    [
                        [
                            175,
                            465
                        ],
                        [
                            205,
                            450
                        ]
                    ],
                    true
                ],
                [
                    143,
                    144,
                    [
                        [
                            145,
                            480
                        ],
                        [
                            175,
                            465
                        ]
                    ],
                    true
                ],
                [
                    144,
                    145,
                    [
                        [
                            115,
                            495
                        ],
                        [
                            145,
                            480
                        ]
                    ],
                    true
                ],
                [
                    145,
                    146,
                    [
                        [
                            85,
                            510
                        ],
                        [
                            115,
                            495
                        ]
                    ],
                    true
                ],
                [
                    146,
                    147,
                    [
                        [
                            55,
                            525
                        ],
                        [
                            85,
                            510
                        ]
                    ],
                    true
                ]
            ],
            "stations": [
                {
                    "coord": [
                        955,
                        45
                    ],
                    "is_working": true,
                    "name": "Новосибирск-Главный",
                    "rect": [
                        824,
                        37,
                        118,
                        15
                    ],
                    "text_id": 16,
                    "uid": 116
                },
                {
                    "coord": [
                        955,
                        75
                    ],
                    "is_working": true,
                    "name": "Правая Обь",
                    "rect": [
                        880,
                        57,
                        63,
                        15
                    ],
                    "text_id": 115,
                    "uid": 117
                },
                {
                    "coord": [
                        925,
                        90
                    ],
                    "is_working": true,
                    "name": "Левая Обь",
                    "rect": [
                        860,
                        76,
                        56,
                        15
                    ],
                    "text_id": 116,
                    "uid": 118
                },
                {
                    "coord": [
                        895,
                        104
                    ],
                    "is_working": true,
                    "name": "Жилмассив",
                    "rect": [
                        825,
                        91,
                        62,
                        15
                    ],
                    "text_id": 117,
                    "uid": 119
                },
                {
                    "coord": [
                        865,
                        120
                    ],
                    "is_working": true,
                    "name": "Новосибирск-Западный",
                    "rect": [
                        733,
                        106,
                        125,
                        15
                    ],
                    "text_id": 118,
                    "uid": 120
                },
                {
                    "coord": [
                        835,
                        135
                    ],
                    "is_working": true,
                    "name": "Западная",
                    "rect": [
                        773,
                        121,
                        52,
                        15
                    ],
                    "text_id": 119,
                    "uid": 121
                },
                {
                    "coord": [
                        805,
                        150
                    ],
                    "is_working": true,
                    "name": "Ипподром",
                    "rect": [
                        742,
                        136,
                        55,
                        15
                    ],
                    "text_id": 120,
                    "uid": 122
                },
                {
                    "coord": [
                        775,
                        165
                    ],
                    "is_working": true,
                    "name": "Обь",
                    "rect": [
                        742,
                        151,
                        22,
                        15
                    ],
                    "text_id": 121,
                    "uid": 123
                },
                {
                    "coord": [
                        745,
                        180
                    ],
                    "is_working": true,
                    "name": "Аэрофлот",
                    "rect": [
                        681,
                        165,
                        55,
                        15
                    ],
                    "text_id": 122,
                    "uid": 124
                },
                {
                    "coord": [
                        715,
                        195
                    ],
                    "is_working": true,
                    "name": "Павино",
                    "rect": [
                        666,
                        180,
                        40,
                        15
                    ],
                    "text_id": 123,
                    "uid": 125
                },
                {
                    "coord": [
                        685,
                        210
                    ],
                    "is_working": true,
                    "name": "Сады",
                    "rect": [
                        645,
                        195,
                        32,
                        15
                    ],
                    "text_id": 124,
                    "uid": 126
                },
                {
                    "coord": [
                        655,
                        225
                    ],
                    "is_working": true,
                    "name": "3307 км.",
                    "rect": [
                        603,
                        209,
                        45,
                        15
                    ],
                    "text_id": 125,
                    "uid": 127
                },
                {
                    "coord": [
                        625,
                        240
                    ],
                    "is_working": true,
                    "name": "Чик",
                    "rect": [
                        597,
                        224,
                        20,
                        15
                    ],
                    "text_id": 126,
                    "uid": 128
                },
                {
                    "coord": [
                        595,
                        255
                    ],
                    "is_working": true,
                    "name": "Шагаловский",
                    "rect": [
                        515,
                        240,
                        70,
                        15
                    ],
                    "text_id": 127,
                    "uid": 129
                },
                {
                    "coord": [
                        565,
                        270
                    ],
                    "is_working": true,
                    "name": "3293 км.",
                    "rect": [
                        512,
                        255,
                        45,
                        15
                    ],
                    "text_id": 128,
                    "uid": 130
                },
                {
                    "coord": [
                        535,
                        285
                    ],
                    "is_working": true,
                    "name": "Коченево",
                    "rect": [
                        477,
                        270,
                        50,
                        15
                    ],
                    "text_id": 129,
                    "uid": 131
                },
                {
                    "coord": [
                        505,
                        300
                    ],
                    "is_working": true,
                    "name": "3277 км.",
                    "rect": [
                        451,
                        285,
                        45,
                        15
                    ],
                    "text_id": 130,
                    "uid": 132
                },
                {
                    "coord": [
                        475,
                        315
                    ],
                    "is_working": true,
                    "name": "3273 км.",
                    "rect": [
                        422,
                        300,
                        45,
                        15
                    ],
                    "text_id": 131,
                    "uid": 133
                },
                {
                    "coord": [
                        445,
                        330
                    ],
                    "is_working": true,
                    "name": "Лесная Поляна",
                    "rect": [
                        355,
                        315,
                        81,
                        15
                    ],
                    "text_id": 132,
                    "uid": 134
                },
                {
                    "coord": [
                        415,
                        345
                    ],
                    "is_working": true,
                    "name": "3264 км.",
                    "rect": [
                        363,
                        330,
                        45,
                        15
                    ],
                    "text_id": 133,
                    "uid": 135
                },
                {
                    "coord": [
                        385,
                        360
                    ],
                    "is_working": true,
                    "name": "Оеш",
                    "rect": [
                        352,
                        345,
                        25,
                        15
                    ],
                    "text_id": 134,
                    "uid": 136
                },
                {
                    "coord": [
                        355,
                        375
                    ],
                    "is_working": true,
                    "name": "Дупленскя",
                    "rect": [
                        291,
                        360,
                        57,
                        15
                    ],
                    "text_id": 135,
                    "uid": 137
                },
                {
                    "coord": [
                        325,
                        390
                    ],
                    "is_working": true,
                    "name": "Рямок",
                    "rect": [
                        282,
                        375,
                        34,
                        15
                    ],
                    "text_id": 136,
                    "uid": 138
                },
                {
                    "coord": [
                        295,
                        405
                    ],
                    "is_working": true,
                    "name": "Тихомирово",
                    "rect": [
                        222,
                        391,
                        64,
                        15
                    ],
                    "text_id": 137,
                    "uid": 139
                },
                {
                    "coord": [
                        265,
                        420
                    ],
                    "is_working": true,
                    "name": "Кабинетное",
                    "rect": [
                        196,
                        404,
                        61,
                        15
                    ],
                    "text_id": 138,
                    "uid": 140
                },
                {
                    "coord": [
                        235,
                        435
                    ],
                    "is_working": true,
                    "name": "Большедорожное",
                    "rect": [
                        135,
                        419,
                        94,
                        15
                    ],
                    "text_id": 139,
                    "uid": 141
                },
                {
                    "coord": [
                        205,
                        450
                    ],
                    "is_working": true,
                    "name": "Чулымская",
                    "rect": [
                        135,
                        433,
                        62,
                        15
                    ],
                    "text_id": 140,
                    "uid": 142
                },
                {
                    "coord": [
                        175,
                        465
                    ],
                    "is_working": true,
                    "name": "Секты",
                    "rect": [
                        132,
                        450,
                        35,
                        15
                    ],
                    "text_id": 141,
                    "uid": 143
                },
                {
                    "coord": [
                        145,
                        480
                    ],
                    "is_working": true,
                    "name": "3192 км.",
                    "rect": [
                        93,
                        465,
                        45,
                        15
                    ],
                    "text_id": 142,
                    "uid": 144
                },
                {
                    "coord": [
                        115,
                        495
                    ],
                    "is_working": true,
                    "name": "Кокошино",
                    "rect": [
                        55,
                        480,
                        52,
                        15
                    ],
                    "text_id": 143,
                    "uid": 145
                },
                {
                    "coord": [
                        85,
                        510
                    ],
                    "is_working": true,
                    "name": "Капралово",
                    "rect": [
                        20,
                        495,
                        57,
                        15
                    ],
                    "text_id": 144,
                    "uid": 146
                },
                {
                    "coord": [
                        55,
                        525
                    ],
                    "is_working": true,
                    "name": "Каргат",
                    "rect": [
                        11,
                        513,
                        35,
                        15
                    ],
                    "text_id": 145,
                    "uid": 147
                }
            ],
            "text_id": 146
        }
    ],
    "lines_width": 9,
    "name": "zapad",
    "name_text_id": 146,
    "stations_diameter": 16.0,
    "transfers": [
        [
            9,
            116,
            [
                955,
                20
            ],
            [
                955,
                45
            ]
        ]
    ],
    "transports": [
        "metro",
        "train"
    ],
    "type_name": "Электричка",
    "type_text_id": 151,
    "upper_case": false,
    "width": 1105,
    "word_wrap": false
}