{
    "0": "Mama Tingo",
    "1": "Gregorio Urbano Gilbert",
    "2": "Gregorio Luperon",
    "3": "Jose Francisco Pena Gomez",
    "4": "Hermanas Mirabal",
    "5": "Maximo Gomez",
    "6": "Los Tainos",
    "7": "Pedro Livio Cedeno",
    "8": "Pena Battle",
    "9": "Juan Pablo Duarte",
    "10": "Prof. Juan Bosch",
    "11": "Casandra Damiron",
    "12": "Joaquin Balaguer",
    "13": "Amin Abel",
    "14": "Francisco Alberto Caamano",
    "15": "Centro de los Heroes",
    "16": "1",
    "17": "Maria Montez",
    "18": "Pedro F. Bono",
    "19": "Francisco G. Billini",
    "20": "Ulises F. Espaillat",
    "21": "Pedro Mir",
    "22": "Freddy Beras Goico",
    "23": "Juan Ulises Garcia",
    "24": "Coronel Rafael Tomas Fernandez",
    "25": "Mauricio Baez",
    "26": "Ramon Caceres",
    "27": "Horacio Vasquez",
    "28": "Manuel de Jesus Abreu Galvan",
    "29": "Eduardo Brito",
    "30": "Ercilia Pepin",
    "31": "Rosa Duarte",
    "32": "Trina de Moya Vasquez",
    "33": "Concepcion Bona",
    "34": "2",
    "35": "Metro",
    "36": "ROOT",
    "37": "Shema ot 19.08.2019g.\nAvtor: Dmitrij Varlamov\nInformatsija vzjata s sajta www.urbanrail.net\n19.08.2019 Dobavlena vtoraja linija. Prislal Dmitrij Varlamov.\n03.02.2009 Pervaja versija.",
    "38": "Imported from http://pmetro.su"
}