{
    "0": "Basso-Cambo",
    "1": "Bellefontaine",
    "2": "Reynerie",
    "3": "Mirail/Universitй",
    "4": "Bagatelle",
    "5": "Mermoz",
    "6": "Fontaine-Lestang",
    "7": "Arиnes/Gare Saint-Cyprien",
    "8": "Patte-d'Oie",
    "9": "Saint-Cyprien/Rйpublique",
    "10": "Esquirol",
    "11": "Capitole",
    "12": "Jean Jaurиs",
    "13": "Marengo-SNCF/Gare Matabiau",
    "14": "Jolimont",
    "15": "Roseraie",
    "16": "Argoulets",
    "17": "Balma Gramont",
    "18": "A",
    "19": "Gare des Capelles",
    "20": "Gare de Colomiers",
    "21": "C",
    "22": "Borderouge",
    "23": "Trois Cocus",
    "24": "La Vache",
    "25": "Barriиre de Paris",
    "26": "Minimes-Claude Nougaro",
    "27": "Canal du Midi",
    "28": "Compans Caffarelli",
    "29": "Jeanne d'Arc",
    "30": "Francois Verdier",
    "31": "Carmes",
    "32": "Palais de Justice",
    "33": "Saint-Michel-Marcel Langer",
    "34": "Empalot",
    "35": "Sain-Agne-SNCF",
    "36": "Saouzelong",
    "37": "Rangueil",
    "38": "Facultи de Pharmacie",
    "39": "Universitи-Paul-Sabatier",
    "40": "Ramonville",
    "41": "B",
    "42": "Метро",
    "43": "ROOT",
    "44": "Схема от 15.10.2007г.",
    "45": "Imported from http://pmetro.su"
}