{
    "0": "El Nasr",
    "1": "El Seiouff",
    "2": "Sidi Bishr",
    "3": "El Sariya",
    "4": "Louran",
    "5": "Tharwat",
    "6": "San Stefano",
    "7": "Kasr El Safa",
    "8": "Glym",
    "9": "Ramsis",
    "10": "El Bostan",
    "11": "El Hadaya",
    "12": "Isis",
    "13": "Janakleece",
    "14": "Schutz",
    "15": "Safar",
    "16": "Bacous",
    "17": "El Karnak",
    "18": "El Wezarah",
    "19": "Roushdy",
    "20": "Mohamed Mahfouz",
    "21": "Moustafa Kamel",
    "22": "Sidi Gaber El Sheikh",
    "23": "Cleopatra El Hammat",
    "24": "Cleopatra El Soghrah",
    "25": "Sporting",
    "26": "Sidi Gaber El Mahat",
    "27": "Cleopatra",
    "28": "Small Sporting",
    "29": "El Ibrahima",
    "30": "El Moaskar",
    "31": "Gamaa",
    "32": "El Shatby",
    "33": "El Shoban El Moslemin",
    "34": "Moustafa Zayan",
    "35": "Hasan Rasen",
    "36": "Ibrahim Mosque",
    "37": "Ramleh",
    "38": "Tram Al Raml",
    "39": "Трамвай",
    "40": "ROOT",
    "41": "Схема от 18.06.2007г.\nАвтор: Варламов Дмитрий (www.chpeks.com)",
    "42": "Imported from http://pmetro.su"
}