{
    "lines": [
        {
            "delays": [],
            "name": "U11",
            "scheme": null,
            "segments": [
                [
                    0,
                    1,
                    120
                ],
                [
                    1,
                    0,
                    120
                ],
                [
                    1,
                    2,
                    120
                ],
                [
                    2,
                    1,
                    120
                ],
                [
                    2,
                    3,
                    120
                ],
                [
                    3,
                    2,
                    120
                ],
                [
                    3,
                    4,
                    120
                ],
                [
                    4,
                    3,
                    120
                ],
                [
                    4,
                    5,
                    120
                ],
                [
                    5,
                    4,
                    120
                ],
                [
                    5,
                    6,
                    120
                ],
                [
                    6,
                    5,
                    120
                ],
                [
                    6,
                    7,
                    120
                ],
                [
                    7,
                    6,
                    120
                ],
                [
                    7,
                    8,
                    120
                ],
                [
                    8,
                    7,
                    120
                ],
                [
                    8,
                    9,
                    120
                ],
                [
                    9,
                    8,
                    120
                ],
                [
                    9,
                    10,
                    120
                ],
                [
                    10,
                    9,
                    120
                ],
                [
                    10,
                    11,
                    120
                ],
                [
                    11,
                    10,
                    120
                ],
                [
                    11,
                    12,
                    120
                ],
                [
                    12,
                    11,
                    120
                ],
                [
                    12,
                    13,
                    120
                ],
                [
                    13,
                    12,
                    120
                ],
                [
                    13,
                    14,
                    120
                ],
                [
                    14,
                    13,
                    120
                ]
            ],
            "stations": [
                [
                    0,
                    "Karlsplatz",
                    0
                ],
                [
                    1,
                    "Altenessen-Mitte",
                    1
                ],
                [
                    2,
                    "Kaiser-Wilhelm-Park",
                    2
                ],
                [
                    3,
                    "Altenessen Bahnhof",
                    3
                ],
                [
                    4,
                    "Bauminghausstrasse",
                    4
                ],
                [
                    5,
                    "Bamlerstrasse",
                    5
                ],
                [
                    6,
                    "Uni Essen",
                    6
                ],
                [
                    7,
                    "Berliner Platz",
                    7
                ],
                [
                    8,
                    "Hirschlandplatz",
                    8
                ],
                [
                    9,
                    "Essen Hauptbahnhof",
                    9
                ],
                [
                    10,
                    "Philharmonie/Saalbau",
                    10
                ],
                [
                    11,
                    "Ruttenscheider Stern",
                    11
                ],
                [
                    12,
                    "Martinstrasse",
                    12
                ],
                [
                    13,
                    "Messe Ost/Gruga",
                    13
                ],
                [
                    14,
                    "Messe West Sud/Gruga",
                    14
                ]
            ],
            "text_id": 15
        },
        {
            "delays": [],
            "name": "U17",
            "scheme": null,
            "segments": [
                [
                    15,
                    16,
                    120
                ],
                [
                    16,
                    15,
                    120
                ],
                [
                    16,
                    17,
                    120
                ],
                [
                    17,
                    16,
                    120
                ],
                [
                    17,
                    18,
                    120
                ],
                [
                    18,
                    17,
                    120
                ],
                [
                    18,
                    19,
                    120
                ],
                [
                    19,
                    18,
                    120
                ],
                [
                    19,
                    20,
                    120
                ],
                [
                    20,
                    19,
                    120
                ],
                [
                    20,
                    21,
                    120
                ],
                [
                    21,
                    20,
                    120
                ],
                [
                    21,
                    22,
                    120
                ],
                [
                    22,
                    21,
                    120
                ],
                [
                    22,
                    23,
                    120
                ],
                [
                    23,
                    22,
                    120
                ],
                [
                    23,
                    24,
                    120
                ],
                [
                    24,
                    23,
                    120
                ],
                [
                    24,
                    25,
                    120
                ],
                [
                    25,
                    24,
                    120
                ],
                [
                    25,
                    26,
                    120
                ],
                [
                    26,
                    25,
                    120
                ],
                [
                    26,
                    27,
                    120
                ],
                [
                    27,
                    26,
                    120
                ],
                [
                    27,
                    28,
                    120
                ],
                [
                    28,
                    27,
                    120
                ],
                [
                    28,
                    29,
                    120
                ],
                [
                    29,
                    28,
                    120
                ],
                [
                    29,
                    30,
                    120
                ],
                [
                    30,
                    29,
                    120
                ],
                [
                    30,
                    31,
                    120
                ],
                [
                    31,
                    30,
                    120
                ],
                [
                    31,
                    32,
                    120
                ],
                [
                    32,
                    31,
                    120
                ],
                [
                    32,
                    33,
                    120
                ],
                [
                    33,
                    32,
                    120
                ],
                [
                    33,
                    34,
                    120
                ],
                [
                    34,
                    33,
                    120
                ],
                [
                    34,
                    35,
                    120
                ],
                [
                    35,
                    34,
                    120
                ],
                [
                    35,
                    36,
                    120
                ],
                [
                    36,
                    35,
                    120
                ],
                [
                    36,
                    37,
                    120
                ],
                [
                    37,
                    36,
                    120
                ],
                [
                    37,
                    38,
                    120
                ],
                [
                    38,
                    37,
                    120
                ],
                [
                    38,
                    39,
                    120
                ],
                [
                    39,
                    38,
                    120
                ]
            ],
            "stations": [
                [
                    15,
                    "GE-Buerer Strasse",
                    16
                ],
                [
                    16,
                    "GE-Schloss Horst",
                    17
                ],
                [
                    17,
                    "GE-Fischerstrasse",
                    18
                ],
                [
                    18,
                    "Alte Landstrasse",
                    19
                ],
                [
                    19,
                    "Boyerstrasse",
                    20
                ],
                [
                    20,
                    "Arenbergstrasse",
                    21
                ],
                [
                    21,
                    "Hesslerstrasse",
                    22
                ],
                [
                    22,
                    "II. Schichtstrasse",
                    23
                ],
                [
                    23,
                    "Karlsplatz",
                    0
                ],
                [
                    24,
                    "Altenessen-Mitte",
                    1
                ],
                [
                    25,
                    "Kaiser-Wilhelm-Park",
                    2
                ],
                [
                    26,
                    "Altenessen Bahnhof",
                    3
                ],
                [
                    27,
                    "Bauminghausstrasse",
                    4
                ],
                [
                    28,
                    "Bamlerstrasse",
                    5
                ],
                [
                    29,
                    "Uni Essen",
                    6
                ],
                [
                    30,
                    "Berliner Platz",
                    7
                ],
                [
                    31,
                    "Hirschlandplatz",
                    8
                ],
                [
                    32,
                    "Essen Hauptbahnhof",
                    9
                ],
                [
                    33,
                    "Bismarckplatz",
                    24
                ],
                [
                    34,
                    "Planckstrasse",
                    25
                ],
                [
                    35,
                    "Germarkenplatz",
                    26
                ],
                [
                    36,
                    "Holsterhauser Platz",
                    27
                ],
                [
                    37,
                    "Halbe Hohe",
                    28
                ],
                [
                    38,
                    "Laubenweg",
                    29
                ],
                [
                    39,
                    "Margarethenhohe",
                    30
                ]
            ],
            "text_id": 31
        },
        {
            "delays": [],
            "name": "U18",
            "scheme": null,
            "segments": [
                [
                    40,
                    41,
                    120
                ],
                [
                    41,
                    40,
                    120
                ],
                [
                    41,
                    42,
                    120
                ],
                [
                    42,
                    41,
                    120
                ],
                [
                    42,
                    43,
                    120
                ],
                [
                    43,
                    42,
                    120
                ],
                [
                    43,
                    44,
                    120
                ],
                [
                    44,
                    43,
                    120
                ],
                [
                    44,
                    45,
                    120
                ],
                [
                    45,
                    44,
                    120
                ],
                [
                    45,
                    46,
                    120
                ],
                [
                    46,
                    45,
                    120
                ],
                [
                    46,
                    47,
                    120
                ],
                [
                    47,
                    46,
                    120
                ],
                [
                    47,
                    48,
                    120
                ],
                [
                    48,
                    47,
                    120
                ],
                [
                    48,
                    49,
                    120
                ],
                [
                    49,
                    48,
                    120
                ],
                [
                    49,
                    50,
                    120
                ],
                [
                    50,
                    49,
                    120
                ],
                [
                    50,
                    51,
                    120
                ],
                [
                    51,
                    50,
                    120
                ],
                [
                    51,
                    52,
                    120
                ],
                [
                    52,
                    51,
                    120
                ],
                [
                    52,
                    53,
                    120
                ],
                [
                    53,
                    52,
                    120
                ],
                [
                    53,
                    54,
                    120
                ],
                [
                    54,
                    53,
                    120
                ],
                [
                    54,
                    55,
                    120
                ],
                [
                    55,
                    54,
                    120
                ],
                [
                    55,
                    56,
                    120
                ],
                [
                    56,
                    55,
                    120
                ]
            ],
            "stations": [
                [
                    40,
                    "Berliner Platz",
                    7
                ],
                [
                    41,
                    "Hirschlandplatz",
                    8
                ],
                [
                    42,
                    "Essen Hauptbahnhof",
                    9
                ],
                [
                    43,
                    "Bismarckplatz",
                    24
                ],
                [
                    44,
                    "Alfred-Krupp-Schule",
                    32
                ],
                [
                    45,
                    "Hobeisenbrucke",
                    33
                ],
                [
                    46,
                    "Breslauer Strasse",
                    34
                ],
                [
                    47,
                    "Wickenburgstrasse",
                    35
                ],
                [
                    48,
                    "Rhein-Ruhr-Zentrum",
                    36
                ],
                [
                    49,
                    "Rosendellerstrasse",
                    37
                ],
                [
                    50,
                    "Eichbaum",
                    38
                ],
                [
                    51,
                    "Heissen Kirche",
                    39
                ],
                [
                    52,
                    "Muhlenfeld",
                    40
                ],
                [
                    53,
                    "Christianstrasse",
                    41
                ],
                [
                    54,
                    "Gracht",
                    42
                ],
                [
                    55,
                    "Von-Bock-Strasse",
                    43
                ],
                [
                    56,
                    "Mulheim Hauptbahnhof",
                    44
                ]
            ],
            "text_id": 45
        }
    ],
    "name": "metro",
    "transfers": [
        [
            23,
            0,
            120,
            true
        ],
        [
            40,
            7,
            120,
            true
        ],
        [
            30,
            7,
            120,
            true
        ],
        [
            41,
            31,
            120,
            true
        ],
        [
            41,
            8,
            120,
            true
        ],
        [
            31,
            8,
            120,
            true
        ],
        [
            42,
            32,
            120,
            true
        ],
        [
            42,
            9,
            120,
            true
        ],
        [
            32,
            9,
            120,
            true
        ],
        [
            24,
            1,
            120,
            true
        ],
        [
            25,
            2,
            120,
            true
        ],
        [
            26,
            3,
            120,
            true
        ],
        [
            27,
            4,
            120,
            true
        ],
        [
            28,
            5,
            120,
            true
        ],
        [
            29,
            6,
            120,
            true
        ],
        [
            43,
            33,
            120,
            true
        ],
        [
            40,
            30,
            120,
            true
        ]
    ],
    "type_name": "Электричка"
}