{
    "lines": [
        {
            "delays": [],
            "name": "1",
            "scheme": null,
            "segments": [
                [
                    0,
                    1,
                    120
                ],
                [
                    1,
                    0,
                    120
                ],
                [
                    1,
                    2,
                    120
                ],
                [
                    2,
                    1,
                    120
                ],
                [
                    2,
                    3,
                    120
                ],
                [
                    3,
                    2,
                    120
                ],
                [
                    3,
                    4,
                    120
                ],
                [
                    4,
                    3,
                    120
                ],
                [
                    4,
                    5,
                    120
                ],
                [
                    5,
                    4,
                    120
                ],
                [
                    5,
                    6,
                    120
                ],
                [
                    6,
                    5,
                    120
                ],
                [
                    6,
                    7,
                    120
                ],
                [
                    7,
                    6,
                    120
                ],
                [
                    7,
                    8,
                    120
                ],
                [
                    8,
                    7,
                    120
                ],
                [
                    8,
                    9,
                    120
                ],
                [
                    9,
                    8,
                    120
                ],
                [
                    9,
                    10,
                    120
                ],
                [
                    10,
                    9,
                    120
                ],
                [
                    10,
                    11,
                    120
                ],
                [
                    11,
                    10,
                    120
                ],
                [
                    11,
                    12,
                    120
                ],
                [
                    12,
                    11,
                    120
                ]
            ],
            "stations": [
                [
                    0,
                    "Tafourah - Grande Poste",
                    0
                ],
                [
                    1,
                    "Khalifa Boukhalfa",
                    1
                ],
                [
                    2,
                    "1er Mai",
                    2
                ],
                [
                    3,
                    "Aissat Idir",
                    3
                ],
                [
                    4,
                    "Jardin d'Essai",
                    4
                ],
                [
                    5,
                    "Les Fusilles",
                    5
                ],
                [
                    6,
                    "Cite Amirouche",
                    6
                ],
                [
                    7,
                    "Cite Mer",
                    7
                ],
                [
                    8,
                    "Hai el Badr",
                    8
                ],
                [
                    9,
                    "Bachdjarah - Tennis",
                    9
                ],
                [
                    10,
                    "Bachdjarah",
                    10
                ],
                [
                    11,
                    "El Harrach Gare",
                    11
                ],
                [
                    12,
                    "El Harrach Centre",
                    12
                ]
            ],
            "text_id": 13
        }
    ],
    "name": "metro",
    "transfers": [],
    "type_name": "Метро"
}