{
    "default_transports": [
        "metro"
    ],
    "height": 952,
    "images": [
        "res/schemes/wuxi.svg"
    ],
    "is_vector": true,
    "lines": [
        {
            "labels_bg_color": "-1",
            "labels_color": "EE0000",
            "line_color": "EE0000",
            "line_width": 9,
            "name": "1",
            "segments": [
                [
                    0,
                    1,
                    [
                        [
                            432,
                            64
                        ],
                        [
                            432,
                            23
                        ]
                    ],
                    true
                ],
                [
                    1,
                    2,
                    [
                        [
                            409,
                            118
                        ],
                        [
                            409.0,
                            103.0
                        ],
                        [
                            432.0,
                            80.0
                        ],
                        [
                            432,
                            64
                        ]
                    ],
                    true
                ],
                [
                    2,
                    3,
                    [
                        [
                            409,
                            152
                        ],
                        [
                            409,
                            118
                        ]
                    ],
                    true
                ],
                [
                    3,
                    4,
                    [
                        [
                            409,
                            185
                        ],
                        [
                            409,
                            152
                        ]
                    ],
                    true
                ],
                [
                    4,
                    5,
                    [
                        [
                            409,
                            216
                        ],
                        [
                            409,
                            185
                        ]
                    ],
                    true
                ],
                [
                    5,
                    6,
                    [
                        [
                            409,
                            247
                        ],
                        [
                            409,
                            216
                        ]
                    ],
                    true
                ],
                [
                    6,
                    7,
                    [
                        [
                            421,
                            278
                        ],
                        [
                            409.0,
                            266.0
                        ],
                        [
                            409,
                            247
                        ]
                    ],
                    true
                ],
                [
                    7,
                    8,
                    [
                        [
                            433,
                            306
                        ],
                        [
                            433.0,
                            290.0
                        ],
                        [
                            421,
                            278
                        ]
                    ],
                    true
                ],
                [
                    8,
                    9,
                    [
                        [
                            433,
                            341
                        ],
                        [
                            433,
                            306
                        ]
                    ],
                    true
                ],
                [
                    9,
                    10,
                    [
                        [
                            456,
                            392
                        ],
                        [
                            433.0,
                            369.0
                        ],
                        [
                            433,
                            341
                        ]
                    ],
                    true
                ],
                [
                    10,
                    11,
                    [
                        [
                            467,
                            427
                        ],
                        [
                            467.0,
                            403.0
                        ],
                        [
                            456,
                            392
                        ]
                    ],
                    true
                ],
                [
                    11,
                    12,
                    [
                        [
                            490,
                            471
                        ],
                        [
                            467.0,
                            448.0
                        ],
                        [
                            467,
                            427
                        ]
                    ],
                    true
                ],
                [
                    12,
                    13,
                    [
                        [
                            524,
                            505
                        ],
                        [
                            490,
                            471
                        ]
                    ],
                    true
                ],
                [
                    13,
                    14,
                    [
                        [
                            553,
                            534
                        ],
                        [
                            524,
                            505
                        ]
                    ],
                    true
                ],
                [
                    14,
                    15,
                    [
                        [
                            582,
                            563
                        ],
                        [
                            553,
                            534
                        ]
                    ],
                    true
                ],
                [
                    15,
                    16,
                    [
                        [
                            582,
                            642
                        ],
                        [
                            604.0,
                            620.0
                        ],
                        [
                            604.0,
                            585.0
                        ],
                        [
                            582,
                            563
                        ]
                    ],
                    true
                ],
                [
                    16,
                    17,
                    [
                        [
                            552,
                            672
                        ],
                        [
                            582,
                            642
                        ]
                    ],
                    true
                ],
                [
                    17,
                    18,
                    [
                        [
                            523,
                            701
                        ],
                        [
                            552,
                            672
                        ]
                    ],
                    true
                ],
                [
                    18,
                    19,
                    [
                        [
                            471,
                            720
                        ],
                        [
                            504.0,
                            720.0
                        ],
                        [
                            523,
                            701
                        ]
                    ],
                    true
                ],
                [
                    19,
                    20,
                    [
                        [
                            426,
                            720
                        ],
                        [
                            471,
                            720
                        ]
                    ],
                    true
                ],
                [
                    20,
                    21,
                    [
                        [
                            386,
                            720
                        ],
                        [
                            426,
                            720
                        ]
                    ],
                    true
                ],
                [
                    21,
                    22,
                    [
                        [
                            345,
                            761
                        ],
                        [
                            345.0,
                            743.0
                        ],
                        [
                            368.0,
                            720.0
                        ],
                        [
                            386,
                            720
                        ]
                    ],
                    true
                ],
                [
                    22,
                    23,
                    [
                        [
                            345,
                            802
                        ],
                        [
                            345,
                            761
                        ]
                    ],
                    true
                ]
            ],
            "stations": [
                {
                    "coord": [
                        432,
                        23
                    ],
                    "is_working": true,
                    "name": "Yanqiao",
                    "rect": [
                        380,
                        15,
                        42,
                        15
                    ],
                    "text_id": 0,
                    "uid": 0
                },
                {
                    "coord": [
                        432,
                        64
                    ],
                    "is_working": true,
                    "name": "Xibei Canal",
                    "rect": [
                        363,
                        57,
                        59,
                        15
                    ],
                    "text_id": 1,
                    "uid": 1
                },
                {
                    "coord": [
                        409,
                        118
                    ],
                    "is_working": true,
                    "name": "Xizhang",
                    "rect": [
                        358,
                        111,
                        41,
                        15
                    ],
                    "text_id": 2,
                    "uid": 2
                },
                {
                    "coord": [
                        409,
                        152
                    ],
                    "is_working": true,
                    "name": "Tianyi",
                    "rect": [
                        367,
                        145,
                        32,
                        15
                    ],
                    "text_id": 3,
                    "uid": 3
                },
                {
                    "coord": [
                        409,
                        185
                    ],
                    "is_working": true,
                    "name": "Liutan",
                    "rect": [
                        367,
                        178,
                        32,
                        15
                    ],
                    "text_id": 4,
                    "uid": 4
                },
                {
                    "coord": [
                        409,
                        216
                    ],
                    "is_working": true,
                    "name": "Zhuangqian",
                    "rect": [
                        340,
                        209,
                        59,
                        15
                    ],
                    "text_id": 5,
                    "uid": 5
                },
                {
                    "coord": [
                        409,
                        247
                    ],
                    "is_working": true,
                    "name": "Minfeng",
                    "rect": [
                        358,
                        240,
                        41,
                        15
                    ],
                    "text_id": 6,
                    "uid": 6
                },
                {
                    "coord": [
                        421,
                        278
                    ],
                    "is_working": true,
                    "name": "Wuxi Railway Station",
                    "rect": [
                        304,
                        275,
                        107,
                        15
                    ],
                    "text_id": 7,
                    "uid": 7
                },
                {
                    "coord": [
                        433,
                        306
                    ],
                    "is_working": true,
                    "name": "Shenglimen",
                    "rect": [
                        364,
                        297,
                        60,
                        15
                    ],
                    "text_id": 8,
                    "uid": 8
                },
                {
                    "coord": [
                        433,
                        341
                    ],
                    "is_working": true,
                    "name": "Sanyang Plaza",
                    "rect": [
                        349,
                        315,
                        75,
                        15
                    ],
                    "text_id": 9,
                    "uid": 9
                },
                {
                    "coord": [
                        456,
                        392
                    ],
                    "is_working": true,
                    "name": "Nanchan Temple",
                    "rect": [
                        361,
                        389,
                        85,
                        15
                    ],
                    "text_id": 10,
                    "uid": 10
                },
                {
                    "coord": [
                        467,
                        427
                    ],
                    "is_working": true,
                    "name": "Tanduqiao",
                    "rect": [
                        404,
                        420,
                        53,
                        15
                    ],
                    "text_id": 11,
                    "uid": 11
                },
                {
                    "coord": [
                        490,
                        471
                    ],
                    "is_working": true,
                    "name": "Taihu Square",
                    "rect": [
                        413,
                        468,
                        67,
                        15
                    ],
                    "text_id": 12,
                    "uid": 12
                },
                {
                    "coord": [
                        524,
                        505
                    ],
                    "is_working": true,
                    "name": "Qingmingqiao",
                    "rect": [
                        444,
                        502,
                        70,
                        15
                    ],
                    "text_id": 13,
                    "uid": 13
                },
                {
                    "coord": [
                        553,
                        534
                    ],
                    "is_working": true,
                    "name": "People's Hospital",
                    "rect": [
                        455,
                        531,
                        88,
                        15
                    ],
                    "text_id": 14,
                    "uid": 14
                },
                {
                    "coord": [
                        582,
                        563
                    ],
                    "is_working": true,
                    "name": "Huaqingdaqiao",
                    "rect": [
                        496,
                        560,
                        76,
                        15
                    ],
                    "text_id": 15,
                    "uid": 15
                },
                {
                    "coord": [
                        582,
                        642
                    ],
                    "is_working": true,
                    "name": "Yangming",
                    "rect": [
                        592,
                        639,
                        51,
                        15
                    ],
                    "text_id": 16,
                    "uid": 16
                },
                {
                    "coord": [
                        552,
                        672
                    ],
                    "is_working": true,
                    "name": "Nanhujiayuan",
                    "rect": [
                        562,
                        669,
                        70,
                        15
                    ],
                    "text_id": 17,
                    "uid": 17
                },
                {
                    "coord": [
                        523,
                        701
                    ],
                    "is_working": true,
                    "name": "Tangtieqiao",
                    "rect": [
                        533,
                        698,
                        59,
                        15
                    ],
                    "text_id": 18,
                    "uid": 18
                },
                {
                    "coord": [
                        471,
                        720
                    ],
                    "is_working": true,
                    "name": "Jinkui Park",
                    "rect": [
                        441,
                        696,
                        58,
                        15
                    ],
                    "text_id": 19,
                    "uid": 19
                },
                {
                    "coord": [
                        426,
                        720
                    ],
                    "is_working": true,
                    "name": "Civic Center",
                    "rect": [
                        400,
                        729,
                        64,
                        15
                    ],
                    "text_id": 20,
                    "uid": 20
                },
                {
                    "coord": [
                        386,
                        720
                    ],
                    "is_working": true,
                    "name": "Cultural Palace",
                    "rect": [
                        327,
                        696,
                        78,
                        15
                    ],
                    "text_id": 21,
                    "uid": 21
                },
                {
                    "coord": [
                        345,
                        761
                    ],
                    "is_working": true,
                    "name": "Jiangnan University",
                    "rect": [
                        355,
                        754,
                        101,
                        15
                    ],
                    "text_id": 22,
                    "uid": 22
                },
                {
                    "coord": [
                        345,
                        802
                    ],
                    "is_working": true,
                    "name": "Changguangxi",
                    "rect": [
                        355,
                        795,
                        73,
                        15
                    ],
                    "text_id": 23,
                    "uid": 23
                }
            ],
            "text_id": 24
        },
        {
            "labels_bg_color": "-1",
            "labels_color": "00A63B",
            "line_color": "00A63B",
            "line_width": 9,
            "name": "2",
            "segments": [
                [
                    24,
                    25,
                    [
                        [
                            152,
                            386
                        ],
                        [
                            79,
                            386
                        ]
                    ],
                    true
                ],
                [
                    25,
                    26,
                    [
                        [
                            204,
                            386
                        ],
                        [
                            152,
                            386
                        ]
                    ],
                    true
                ],
                [
                    26,
                    27,
                    [
                        [
                            247,
                            386
                        ],
                        [
                            204,
                            386
                        ]
                    ],
                    true
                ],
                [
                    27,
                    28,
                    [
                        [
                            291,
                            386
                        ],
                        [
                            247,
                            386
                        ]
                    ],
                    true
                ],
                [
                    28,
                    29,
                    [
                        [
                            344,
                            379
                        ],
                        [
                            337.0,
                            386.0
                        ],
                        [
                            291,
                            386
                        ]
                    ],
                    true
                ],
                [
                    29,
                    30,
                    [
                        [
                            376,
                            347
                        ],
                        [
                            344,
                            379
                        ]
                    ],
                    true
                ],
                [
                    30,
                    31,
                    [
                        [
                            419,
                            341
                        ],
                        [
                            382.0,
                            341.0
                        ],
                        [
                            376,
                            347
                        ]
                    ],
                    true
                ],
                [
                    31,
                    32,
                    [
                        [
                            492,
                            341
                        ],
                        [
                            419,
                            341
                        ]
                    ],
                    true
                ],
                [
                    32,
                    33,
                    [
                        [
                            545,
                            341
                        ],
                        [
                            492,
                            341
                        ]
                    ],
                    true
                ],
                [
                    33,
                    34,
                    [
                        [
                            596,
                            341
                        ],
                        [
                            545,
                            341
                        ]
                    ],
                    true
                ],
                [
                    34,
                    35,
                    [
                        [
                            645,
                            341
                        ],
                        [
                            596,
                            341
                        ]
                    ],
                    true
                ],
                [
                    35,
                    36,
                    [
                        [
                            692,
                            359
                        ],
                        [
                            674.0,
                            341.0
                        ],
                        [
                            645,
                            341
                        ]
                    ],
                    true
                ],
                [
                    36,
                    37,
                    [
                        [
                            718,
                            385
                        ],
                        [
                            692,
                            359
                        ]
                    ],
                    true
                ],
                [
                    37,
                    38,
                    [
                        [
                            743,
                            410
                        ],
                        [
                            718,
                            385
                        ]
                    ],
                    true
                ],
                [
                    38,
                    39,
                    [
                        [
                            790,
                            429
                        ],
                        [
                            762.0,
                            429.0
                        ],
                        [
                            743,
                            410
                        ]
                    ],
                    true
                ],
                [
                    39,
                    40,
                    [
                        [
                            829,
                            429
                        ],
                        [
                            790,
                            429
                        ]
                    ],
                    true
                ],
                [
                    40,
                    41,
                    [
                        [
                            865,
                            429
                        ],
                        [
                            829,
                            429
                        ]
                    ],
                    true
                ],
                [
                    41,
                    42,
                    [
                        [
                            918,
                            404
                        ],
                        [
                            893.0,
                            429.0
                        ],
                        [
                            865,
                            429
                        ]
                    ],
                    true
                ],
                [
                    42,
                    43,
                    [
                        [
                            953,
                            369
                        ],
                        [
                            918,
                            404
                        ]
                    ],
                    true
                ],
                [
                    43,
                    44,
                    [
                        [
                            982,
                            340
                        ],
                        [
                            953,
                            369
                        ]
                    ],
                    true
                ],
                [
                    44,
                    45,
                    [
                        [
                            1011,
                            311
                        ],
                        [
                            982,
                            340
                        ]
                    ],
                    true
                ]
            ],
            "stations": [
                {
                    "coord": [
                        79,
                        386
                    ],
                    "is_working": true,
                    "name": "Meiyuan Kaiyuan Temple",
                    "rect": [
                        16,
                        362,
                        127,
                        15
                    ],
                    "text_id": 25,
                    "uid": 24
                },
                {
                    "coord": [
                        152,
                        386
                    ],
                    "is_working": true,
                    "name": "Rongxiang",
                    "rect": [
                        128,
                        395,
                        55,
                        15
                    ],
                    "text_id": 26,
                    "uid": 25
                },
                {
                    "coord": [
                        204,
                        386
                    ],
                    "is_working": true,
                    "name": "Xiaotaoyuan",
                    "rect": [
                        173,
                        362,
                        63,
                        15
                    ],
                    "text_id": 27,
                    "uid": 26
                },
                {
                    "coord": [
                        247,
                        386
                    ],
                    "is_working": true,
                    "name": "Helikou",
                    "rect": [
                        228,
                        395,
                        40,
                        15
                    ],
                    "text_id": 28,
                    "uid": 27
                },
                {
                    "coord": [
                        291,
                        386
                    ],
                    "is_working": true,
                    "name": "Dawangji",
                    "rect": [
                        262,
                        362,
                        48,
                        15
                    ],
                    "text_id": 29,
                    "uid": 28
                },
                {
                    "coord": [
                        344,
                        379
                    ],
                    "is_working": true,
                    "name": "Liangxi Bridge",
                    "rect": [
                        354,
                        375,
                        74,
                        15
                    ],
                    "text_id": 30,
                    "uid": 29
                },
                {
                    "coord": [
                        376,
                        347
                    ],
                    "is_working": true,
                    "name": "Wu'ai Plaza",
                    "rect": [
                        307,
                        336,
                        59,
                        15
                    ],
                    "text_id": 31,
                    "uid": 30
                },
                {
                    "coord": [
                        419,
                        341
                    ],
                    "is_working": true,
                    "name": "Sanyang Plaza",
                    "rect": [
                        349,
                        315,
                        75,
                        15
                    ],
                    "text_id": 9,
                    "uid": 31
                },
                {
                    "coord": [
                        492,
                        341
                    ],
                    "is_working": true,
                    "name": "Donglin Square",
                    "rect": [
                        460,
                        350,
                        78,
                        15
                    ],
                    "text_id": 32,
                    "uid": 32
                },
                {
                    "coord": [
                        545,
                        341
                    ],
                    "is_working": true,
                    "name": "Shangmadun",
                    "rect": [
                        515,
                        317,
                        66,
                        15
                    ],
                    "text_id": 33,
                    "uid": 33
                },
                {
                    "coord": [
                        596,
                        341
                    ],
                    "is_working": true,
                    "name": "Jinghai",
                    "rect": [
                        577,
                        350,
                        38,
                        15
                    ],
                    "text_id": 34,
                    "uid": 34
                },
                {
                    "coord": [
                        645,
                        341
                    ],
                    "is_working": true,
                    "name": "Guangyi",
                    "rect": [
                        624,
                        317,
                        43,
                        15
                    ],
                    "text_id": 35,
                    "uid": 35
                },
                {
                    "coord": [
                        692,
                        359
                    ],
                    "is_working": true,
                    "name": "Baizhuang",
                    "rect": [
                        628,
                        359,
                        54,
                        15
                    ],
                    "text_id": 36,
                    "uid": 36
                },
                {
                    "coord": [
                        718,
                        385
                    ],
                    "is_working": true,
                    "name": "Dongting",
                    "rect": [
                        662,
                        382,
                        46,
                        15
                    ],
                    "text_id": 37,
                    "uid": 37
                },
                {
                    "coord": [
                        743,
                        410
                    ],
                    "is_working": true,
                    "name": "Zhuangqiao",
                    "rect": [
                        674,
                        407,
                        59,
                        15
                    ],
                    "text_id": 38,
                    "uid": 38
                },
                {
                    "coord": [
                        790,
                        429
                    ],
                    "is_working": true,
                    "name": "Yunlin",
                    "rect": [
                        776,
                        438,
                        33,
                        15
                    ],
                    "text_id": 39,
                    "uid": 39
                },
                {
                    "coord": [
                        829,
                        429
                    ],
                    "is_working": true,
                    "name": "Jiulihe Park",
                    "rect": [
                        799,
                        405,
                        61,
                        15
                    ],
                    "text_id": 40,
                    "uid": 40
                },
                {
                    "coord": [
                        865,
                        429
                    ],
                    "is_working": true,
                    "name": "Zhaqiao",
                    "rect": [
                        847,
                        438,
                        41,
                        15
                    ],
                    "text_id": 41,
                    "uid": 41
                },
                {
                    "coord": [
                        918,
                        404
                    ],
                    "is_working": true,
                    "name": "Yinyuehe Park",
                    "rect": [
                        928,
                        401,
                        74,
                        15
                    ],
                    "text_id": 42,
                    "uid": 42
                },
                {
                    "coord": [
                        953,
                        369
                    ],
                    "is_working": true,
                    "name": "Yinbin Square",
                    "rect": [
                        963,
                        366,
                        71,
                        15
                    ],
                    "text_id": 43,
                    "uid": 43
                },
                {
                    "coord": [
                        982,
                        340
                    ],
                    "is_working": true,
                    "name": "Wuxidong Railway Station",
                    "rect": [
                        992,
                        337,
                        131,
                        15
                    ],
                    "text_id": 44,
                    "uid": 44
                },
                {
                    "coord": [
                        1011,
                        311
                    ],
                    "is_working": true,
                    "name": "Anzhen",
                    "rect": [
                        1021,
                        304,
                        39,
                        15
                    ],
                    "text_id": 45,
                    "uid": 45
                }
            ],
            "text_id": 46
        }
    ],
    "lines_width": 9,
    "name": "metro",
    "name_text_id": 47,
    "stations_diameter": 15.0,
    "transfers": [
        [
            31,
            9,
            [
                419,
                341
            ],
            [
                433,
                341
            ]
        ]
    ],
    "transports": [
        "metro"
    ],
    "type_name": "ROOT",
    "type_text_id": 48,
    "upper_case": false,
    "width": 1161,
    "word_wrap": false
}