{
    "lines": [
        {
            "delays": [],
            "name": "Midosuji",
            "scheme": null,
            "segments": [
                [
                    0,
                    1,
                    120
                ],
                [
                    1,
                    0,
                    120
                ],
                [
                    1,
                    2,
                    120
                ],
                [
                    2,
                    1,
                    120
                ],
                [
                    2,
                    3,
                    120
                ],
                [
                    3,
                    2,
                    120
                ],
                [
                    3,
                    4,
                    120
                ],
                [
                    4,
                    3,
                    120
                ],
                [
                    4,
                    5,
                    120
                ],
                [
                    5,
                    4,
                    120
                ],
                [
                    5,
                    6,
                    120
                ],
                [
                    6,
                    5,
                    120
                ],
                [
                    6,
                    7,
                    120
                ],
                [
                    7,
                    6,
                    120
                ],
                [
                    7,
                    8,
                    120
                ],
                [
                    8,
                    7,
                    120
                ],
                [
                    8,
                    9,
                    120
                ],
                [
                    9,
                    8,
                    120
                ],
                [
                    9,
                    10,
                    120
                ],
                [
                    10,
                    9,
                    120
                ],
                [
                    10,
                    11,
                    120
                ],
                [
                    11,
                    10,
                    120
                ],
                [
                    11,
                    12,
                    120
                ],
                [
                    12,
                    11,
                    120
                ],
                [
                    12,
                    13,
                    120
                ],
                [
                    13,
                    12,
                    120
                ],
                [
                    13,
                    14,
                    120
                ],
                [
                    14,
                    13,
                    120
                ],
                [
                    14,
                    15,
                    120
                ],
                [
                    15,
                    14,
                    120
                ],
                [
                    15,
                    16,
                    120
                ],
                [
                    16,
                    15,
                    120
                ],
                [
                    16,
                    17,
                    120
                ],
                [
                    17,
                    16,
                    120
                ],
                [
                    17,
                    18,
                    120
                ],
                [
                    18,
                    17,
                    120
                ],
                [
                    18,
                    19,
                    120
                ],
                [
                    19,
                    18,
                    120
                ]
            ],
            "stations": [
                [
                    0,
                    "Esaka",
                    0
                ],
                [
                    1,
                    "Higashi-Mikuni",
                    1
                ],
                [
                    2,
                    "Shin-Osaka",
                    2
                ],
                [
                    3,
                    "Nishinakajima-Minamigata",
                    3
                ],
                [
                    4,
                    "Nakatsu",
                    4
                ],
                [
                    5,
                    "Umeda",
                    5
                ],
                [
                    6,
                    "Yodoyabashi",
                    6
                ],
                [
                    7,
                    "Hommachi",
                    7
                ],
                [
                    8,
                    "Shinsaibashi",
                    8
                ],
                [
                    9,
                    "Namba",
                    9
                ],
                [
                    10,
                    "Daikokucho",
                    10
                ],
                [
                    11,
                    "Dobutsuen-mae",
                    11
                ],
                [
                    12,
                    "Tennoji",
                    12
                ],
                [
                    13,
                    "Showacho",
                    13
                ],
                [
                    14,
                    "Nishitanabe",
                    14
                ],
                [
                    15,
                    "Nagai",
                    15
                ],
                [
                    16,
                    "Abiko",
                    16
                ],
                [
                    17,
                    "Kitahanada",
                    17
                ],
                [
                    18,
                    "Shinkanaoka",
                    18
                ],
                [
                    19,
                    "Nakamozu",
                    19
                ]
            ],
            "text_id": 20
        },
        {
            "delays": [],
            "name": "Tanimachi",
            "scheme": null,
            "segments": [
                [
                    20,
                    21,
                    120
                ],
                [
                    21,
                    20,
                    120
                ],
                [
                    21,
                    22,
                    120
                ],
                [
                    22,
                    21,
                    120
                ],
                [
                    22,
                    23,
                    120
                ],
                [
                    23,
                    22,
                    120
                ],
                [
                    23,
                    24,
                    120
                ],
                [
                    24,
                    23,
                    120
                ],
                [
                    24,
                    25,
                    120
                ],
                [
                    25,
                    24,
                    120
                ],
                [
                    25,
                    26,
                    120
                ],
                [
                    26,
                    25,
                    120
                ],
                [
                    26,
                    27,
                    120
                ],
                [
                    27,
                    26,
                    120
                ],
                [
                    27,
                    28,
                    120
                ],
                [
                    28,
                    27,
                    120
                ],
                [
                    28,
                    29,
                    120
                ],
                [
                    29,
                    28,
                    120
                ],
                [
                    29,
                    30,
                    120
                ],
                [
                    30,
                    29,
                    120
                ],
                [
                    30,
                    31,
                    120
                ],
                [
                    31,
                    30,
                    120
                ],
                [
                    31,
                    32,
                    120
                ],
                [
                    32,
                    31,
                    120
                ],
                [
                    32,
                    33,
                    120
                ],
                [
                    33,
                    32,
                    120
                ],
                [
                    33,
                    34,
                    120
                ],
                [
                    34,
                    33,
                    120
                ],
                [
                    34,
                    35,
                    120
                ],
                [
                    35,
                    34,
                    120
                ],
                [
                    35,
                    36,
                    120
                ],
                [
                    36,
                    35,
                    120
                ],
                [
                    36,
                    37,
                    120
                ],
                [
                    37,
                    36,
                    120
                ],
                [
                    37,
                    38,
                    120
                ],
                [
                    38,
                    37,
                    120
                ],
                [
                    38,
                    39,
                    120
                ],
                [
                    39,
                    38,
                    120
                ],
                [
                    39,
                    40,
                    120
                ],
                [
                    40,
                    39,
                    120
                ],
                [
                    40,
                    41,
                    120
                ],
                [
                    41,
                    40,
                    120
                ],
                [
                    41,
                    42,
                    120
                ],
                [
                    42,
                    41,
                    120
                ],
                [
                    42,
                    43,
                    120
                ],
                [
                    43,
                    42,
                    120
                ],
                [
                    43,
                    44,
                    120
                ],
                [
                    44,
                    43,
                    120
                ],
                [
                    44,
                    45,
                    120
                ],
                [
                    45,
                    44,
                    120
                ]
            ],
            "stations": [
                [
                    20,
                    "Dainichi",
                    21
                ],
                [
                    21,
                    "Moriguchi",
                    22
                ],
                [
                    22,
                    "Taishibashi-Imaichi",
                    23
                ],
                [
                    23,
                    "Sembayashi-Omiya",
                    24
                ],
                [
                    24,
                    "Sekime-Takadono",
                    25
                ],
                [
                    25,
                    "Noe-Uchindai",
                    26
                ],
                [
                    26,
                    "Miyakojima",
                    27
                ],
                [
                    27,
                    "Tenjimbashisuji Rokuchome",
                    28
                ],
                [
                    28,
                    "Nakazakicho",
                    29
                ],
                [
                    29,
                    "Higashi-Umeda",
                    30
                ],
                [
                    30,
                    "Minami-morimachi",
                    31
                ],
                [
                    31,
                    "Temmabashi",
                    32
                ],
                [
                    32,
                    "Tanimachi Yonchome",
                    33
                ],
                [
                    33,
                    "Tanimachi Rokuchome",
                    34
                ],
                [
                    34,
                    "Tanimachi Kyuchome",
                    35
                ],
                [
                    35,
                    "Shitennoji-mae Yuhigaoka",
                    36
                ],
                [
                    36,
                    "Tennoji",
                    12
                ],
                [
                    37,
                    "Abeno",
                    37
                ],
                [
                    38,
                    "Fuminosato",
                    38
                ],
                [
                    39,
                    "Tanabe",
                    39
                ],
                [
                    40,
                    "Komagawa-Nakano",
                    40
                ],
                [
                    41,
                    "Hirano",
                    41
                ],
                [
                    42,
                    "Kire-Uriwari",
                    42
                ],
                [
                    43,
                    "Deto",
                    43
                ],
                [
                    44,
                    "Nagahara",
                    44
                ],
                [
                    45,
                    "Yaominami",
                    45
                ]
            ],
            "text_id": 46
        },
        {
            "delays": [],
            "name": "Yotsubashi",
            "scheme": null,
            "segments": [
                [
                    46,
                    47,
                    120
                ],
                [
                    47,
                    46,
                    120
                ],
                [
                    47,
                    48,
                    120
                ],
                [
                    48,
                    47,
                    120
                ],
                [
                    48,
                    49,
                    120
                ],
                [
                    49,
                    48,
                    120
                ],
                [
                    49,
                    50,
                    120
                ],
                [
                    50,
                    49,
                    120
                ],
                [
                    50,
                    51,
                    120
                ],
                [
                    51,
                    50,
                    120
                ],
                [
                    51,
                    52,
                    120
                ],
                [
                    52,
                    51,
                    120
                ],
                [
                    52,
                    53,
                    120
                ],
                [
                    53,
                    52,
                    120
                ],
                [
                    53,
                    54,
                    120
                ],
                [
                    54,
                    53,
                    120
                ],
                [
                    54,
                    55,
                    120
                ],
                [
                    55,
                    54,
                    120
                ],
                [
                    55,
                    56,
                    120
                ],
                [
                    56,
                    55,
                    120
                ]
            ],
            "stations": [
                [
                    46,
                    "Nishi-Umeda",
                    47
                ],
                [
                    47,
                    "Higobashi",
                    48
                ],
                [
                    48,
                    "Hommachi",
                    7
                ],
                [
                    49,
                    "Yotsubashi",
                    49
                ],
                [
                    50,
                    "Namba",
                    9
                ],
                [
                    51,
                    "Daikokucho",
                    10
                ],
                [
                    52,
                    "Hanazonocho",
                    50
                ],
                [
                    53,
                    "Kishinosato",
                    51
                ],
                [
                    54,
                    "Tamade",
                    52
                ],
                [
                    55,
                    "Kitakagaya",
                    53
                ],
                [
                    56,
                    "Suminoekoen",
                    54
                ]
            ],
            "text_id": 49
        },
        {
            "delays": [],
            "name": "Chuo",
            "scheme": null,
            "segments": [
                [
                    57,
                    58,
                    120
                ],
                [
                    58,
                    57,
                    120
                ],
                [
                    58,
                    59,
                    120
                ],
                [
                    59,
                    58,
                    120
                ],
                [
                    59,
                    60,
                    120
                ],
                [
                    60,
                    59,
                    120
                ],
                [
                    60,
                    61,
                    120
                ],
                [
                    61,
                    60,
                    120
                ],
                [
                    61,
                    62,
                    120
                ],
                [
                    62,
                    61,
                    120
                ],
                [
                    62,
                    63,
                    120
                ],
                [
                    63,
                    62,
                    120
                ],
                [
                    63,
                    64,
                    120
                ],
                [
                    64,
                    63,
                    120
                ],
                [
                    64,
                    65,
                    120
                ],
                [
                    65,
                    64,
                    120
                ],
                [
                    65,
                    66,
                    120
                ],
                [
                    66,
                    65,
                    120
                ],
                [
                    66,
                    67,
                    120
                ],
                [
                    67,
                    66,
                    120
                ],
                [
                    67,
                    68,
                    120
                ],
                [
                    68,
                    67,
                    120
                ],
                [
                    68,
                    69,
                    120
                ],
                [
                    69,
                    68,
                    120
                ],
                [
                    69,
                    70,
                    120
                ],
                [
                    70,
                    69,
                    120
                ]
            ],
            "stations": [
                [
                    57,
                    "Cosmosquare",
                    55
                ],
                [
                    58,
                    "Osakako",
                    56
                ],
                [
                    59,
                    "Asashiobashi",
                    57
                ],
                [
                    60,
                    "Bentencho",
                    58
                ],
                [
                    61,
                    "Kujo",
                    59
                ],
                [
                    62,
                    "Awaza",
                    60
                ],
                [
                    63,
                    "Hommachi",
                    7
                ],
                [
                    64,
                    "Sakaisuji-Hommachi",
                    61
                ],
                [
                    65,
                    "Tanimachi Yonchome",
                    33
                ],
                [
                    66,
                    "Morinomiya",
                    62
                ],
                [
                    67,
                    "Midoribashi",
                    63
                ],
                [
                    68,
                    "Fukaebashi",
                    64
                ],
                [
                    69,
                    "Takaida",
                    65
                ],
                [
                    70,
                    "Nagata",
                    66
                ]
            ],
            "text_id": 67
        },
        {
            "delays": [],
            "name": "Sennichimae",
            "scheme": null,
            "segments": [
                [
                    71,
                    72,
                    120
                ],
                [
                    72,
                    71,
                    120
                ],
                [
                    72,
                    73,
                    120
                ],
                [
                    73,
                    72,
                    120
                ],
                [
                    73,
                    74,
                    120
                ],
                [
                    74,
                    73,
                    120
                ],
                [
                    74,
                    75,
                    120
                ],
                [
                    75,
                    74,
                    120
                ],
                [
                    75,
                    76,
                    120
                ],
                [
                    76,
                    75,
                    120
                ],
                [
                    76,
                    77,
                    120
                ],
                [
                    77,
                    76,
                    120
                ],
                [
                    77,
                    78,
                    120
                ],
                [
                    78,
                    77,
                    120
                ],
                [
                    78,
                    79,
                    120
                ],
                [
                    79,
                    78,
                    120
                ],
                [
                    79,
                    80,
                    120
                ],
                [
                    80,
                    79,
                    120
                ],
                [
                    80,
                    81,
                    120
                ],
                [
                    81,
                    80,
                    120
                ],
                [
                    81,
                    82,
                    120
                ],
                [
                    82,
                    81,
                    120
                ],
                [
                    82,
                    83,
                    120
                ],
                [
                    83,
                    82,
                    120
                ],
                [
                    83,
                    84,
                    120
                ],
                [
                    84,
                    83,
                    120
                ]
            ],
            "stations": [
                [
                    71,
                    "Nodahanshin",
                    68
                ],
                [
                    72,
                    "Tamagawa",
                    69
                ],
                [
                    73,
                    "Awaza",
                    60
                ],
                [
                    74,
                    "Nishi-Nagahori",
                    70
                ],
                [
                    75,
                    "Sakuragawa",
                    71
                ],
                [
                    76,
                    "Namba",
                    9
                ],
                [
                    77,
                    "Nipponbashi",
                    72
                ],
                [
                    78,
                    "Tanimachi Kyuchome",
                    35
                ],
                [
                    79,
                    "Tsuruhashi",
                    73
                ],
                [
                    80,
                    "Imazato",
                    74
                ],
                [
                    81,
                    "Shin-Fukae",
                    75
                ],
                [
                    82,
                    "Shoji",
                    76
                ],
                [
                    83,
                    "Kita-Tatsumi",
                    77
                ],
                [
                    84,
                    "Minami-Tatsumi",
                    78
                ]
            ],
            "text_id": 79
        },
        {
            "delays": [],
            "name": "Sakaisuji",
            "scheme": null,
            "segments": [
                [
                    85,
                    86,
                    120
                ],
                [
                    86,
                    85,
                    120
                ],
                [
                    86,
                    87,
                    120
                ],
                [
                    87,
                    86,
                    120
                ],
                [
                    87,
                    88,
                    120
                ],
                [
                    88,
                    87,
                    120
                ],
                [
                    88,
                    89,
                    120
                ],
                [
                    89,
                    88,
                    120
                ],
                [
                    89,
                    90,
                    120
                ],
                [
                    90,
                    89,
                    120
                ],
                [
                    90,
                    91,
                    120
                ],
                [
                    91,
                    90,
                    120
                ],
                [
                    91,
                    92,
                    120
                ],
                [
                    92,
                    91,
                    120
                ],
                [
                    92,
                    93,
                    120
                ],
                [
                    93,
                    92,
                    120
                ],
                [
                    93,
                    94,
                    120
                ],
                [
                    94,
                    93,
                    120
                ]
            ],
            "stations": [
                [
                    85,
                    "Tenjimbashisuji Rokuchome",
                    28
                ],
                [
                    86,
                    "Ogimachi",
                    80
                ],
                [
                    87,
                    "Minami-morimachi",
                    31
                ],
                [
                    88,
                    "Kitahama",
                    81
                ],
                [
                    89,
                    "Sakaisuji-Hommachi",
                    61
                ],
                [
                    90,
                    "Nagahoribashi",
                    82
                ],
                [
                    91,
                    "Nipponbashi",
                    72
                ],
                [
                    92,
                    "Ebisucho",
                    83
                ],
                [
                    93,
                    "Dobutsuen-mae",
                    11
                ],
                [
                    94,
                    "Tengachaya",
                    84
                ]
            ],
            "text_id": 85
        },
        {
            "delays": [],
            "name": "Nagahori Tsurumi-ryokuchi",
            "scheme": null,
            "segments": [
                [
                    95,
                    96,
                    120
                ],
                [
                    96,
                    95,
                    120
                ],
                [
                    96,
                    97,
                    120
                ],
                [
                    97,
                    96,
                    120
                ],
                [
                    97,
                    98,
                    120
                ],
                [
                    98,
                    97,
                    120
                ],
                [
                    98,
                    99,
                    120
                ],
                [
                    99,
                    98,
                    120
                ],
                [
                    99,
                    100,
                    120
                ],
                [
                    100,
                    99,
                    120
                ],
                [
                    100,
                    101,
                    120
                ],
                [
                    101,
                    100,
                    120
                ],
                [
                    101,
                    102,
                    120
                ],
                [
                    102,
                    101,
                    120
                ],
                [
                    102,
                    103,
                    120
                ],
                [
                    103,
                    102,
                    120
                ],
                [
                    103,
                    104,
                    120
                ],
                [
                    104,
                    103,
                    120
                ],
                [
                    104,
                    105,
                    120
                ],
                [
                    105,
                    104,
                    120
                ],
                [
                    105,
                    106,
                    120
                ],
                [
                    106,
                    105,
                    120
                ],
                [
                    106,
                    107,
                    120
                ],
                [
                    107,
                    106,
                    120
                ],
                [
                    107,
                    108,
                    120
                ],
                [
                    108,
                    107,
                    120
                ],
                [
                    108,
                    109,
                    120
                ],
                [
                    109,
                    108,
                    120
                ],
                [
                    109,
                    110,
                    120
                ],
                [
                    110,
                    109,
                    120
                ],
                [
                    110,
                    111,
                    120
                ],
                [
                    111,
                    110,
                    120
                ]
            ],
            "stations": [
                [
                    95,
                    "Taisho",
                    86
                ],
                [
                    96,
                    "Dome-mae Chiyozaki",
                    87
                ],
                [
                    97,
                    "Nishi-Nagahori",
                    70
                ],
                [
                    98,
                    "Nishiohashi",
                    88
                ],
                [
                    99,
                    "Shinsaibashi",
                    8
                ],
                [
                    100,
                    "Nagahoribashi",
                    82
                ],
                [
                    101,
                    "Matsuyamachi",
                    89
                ],
                [
                    102,
                    "Tanimachi Rokuchome",
                    34
                ],
                [
                    103,
                    "Tamatsukuri",
                    90
                ],
                [
                    104,
                    "Morinomiya",
                    62
                ],
                [
                    105,
                    "Osaka Business Park",
                    91
                ],
                [
                    106,
                    "Kyobashi",
                    92
                ],
                [
                    107,
                    "Gamo Yonchome",
                    93
                ],
                [
                    108,
                    "Imafuku-Tsurumi",
                    94
                ],
                [
                    109,
                    "Yokozutsumi",
                    95
                ],
                [
                    110,
                    "Tsurumi-ryokuchi",
                    96
                ],
                [
                    111,
                    "Kadoma-minami",
                    97
                ]
            ],
            "text_id": 98
        },
        {
            "delays": [],
            "name": "Imazatosuji",
            "scheme": null,
            "segments": [
                [
                    112,
                    113,
                    120
                ],
                [
                    113,
                    112,
                    120
                ],
                [
                    113,
                    114,
                    120
                ],
                [
                    114,
                    113,
                    120
                ],
                [
                    114,
                    115,
                    120
                ],
                [
                    115,
                    114,
                    120
                ],
                [
                    115,
                    116,
                    120
                ],
                [
                    116,
                    115,
                    120
                ],
                [
                    116,
                    117,
                    120
                ],
                [
                    117,
                    116,
                    120
                ],
                [
                    117,
                    118,
                    120
                ],
                [
                    118,
                    117,
                    120
                ],
                [
                    118,
                    119,
                    120
                ],
                [
                    119,
                    118,
                    120
                ],
                [
                    119,
                    120,
                    120
                ],
                [
                    120,
                    119,
                    120
                ],
                [
                    120,
                    121,
                    120
                ],
                [
                    121,
                    120,
                    120
                ],
                [
                    121,
                    122,
                    120
                ],
                [
                    122,
                    121,
                    120
                ]
            ],
            "stations": [
                [
                    112,
                    "Itakano",
                    99
                ],
                [
                    113,
                    "Zuiko Yonchome",
                    100
                ],
                [
                    114,
                    "Daido-Toyosato",
                    101
                ],
                [
                    115,
                    "Taishibashi-Imaichi",
                    23
                ],
                [
                    116,
                    "Shimizu",
                    102
                ],
                [
                    117,
                    "Shimmori-Furuichi",
                    103
                ],
                [
                    118,
                    "Sekime-Seiiku",
                    104
                ],
                [
                    119,
                    "Gamo Yonchome",
                    93
                ],
                [
                    120,
                    "Shigino",
                    105
                ],
                [
                    121,
                    "Midoribashi",
                    63
                ],
                [
                    122,
                    "Imazato",
                    74
                ]
            ],
            "text_id": 106
        },
        {
            "delays": [],
            "name": "Nanko Port Town",
            "scheme": null,
            "segments": [
                [
                    123,
                    124,
                    120
                ],
                [
                    124,
                    123,
                    120
                ],
                [
                    124,
                    125,
                    120
                ],
                [
                    125,
                    124,
                    120
                ],
                [
                    125,
                    126,
                    120
                ],
                [
                    126,
                    125,
                    120
                ],
                [
                    126,
                    127,
                    120
                ],
                [
                    127,
                    126,
                    120
                ],
                [
                    127,
                    128,
                    120
                ],
                [
                    128,
                    127,
                    120
                ],
                [
                    128,
                    129,
                    120
                ],
                [
                    129,
                    128,
                    120
                ],
                [
                    129,
                    130,
                    120
                ],
                [
                    130,
                    129,
                    120
                ],
                [
                    130,
                    131,
                    120
                ],
                [
                    131,
                    130,
                    120
                ],
                [
                    131,
                    132,
                    120
                ],
                [
                    132,
                    131,
                    120
                ]
            ],
            "stations": [
                [
                    123,
                    "Cosmosquare",
                    55
                ],
                [
                    124,
                    "Trade Center-mae",
                    107
                ],
                [
                    125,
                    "Nakafuto",
                    108
                ],
                [
                    126,
                    "Port Town-nishi",
                    109
                ],
                [
                    127,
                    "Port Town-higashi",
                    110
                ],
                [
                    128,
                    "Ferry Terminal",
                    111
                ],
                [
                    129,
                    "Nanko-higashi",
                    112
                ],
                [
                    130,
                    "Nankoguchi",
                    113
                ],
                [
                    131,
                    "Hirabayashi",
                    114
                ],
                [
                    132,
                    "Suminoekoen",
                    54
                ]
            ],
            "text_id": 115
        }
    ],
    "name": "metro",
    "transfers": [
        [
            46,
            5,
            120,
            true
        ],
        [
            5,
            29,
            120,
            true
        ],
        [
            62,
            73,
            120,
            true
        ],
        [
            57,
            123,
            120,
            true
        ],
        [
            10,
            51,
            120,
            true
        ],
        [
            11,
            93,
            120,
            true
        ],
        [
            107,
            119,
            120,
            true
        ],
        [
            7,
            48,
            120,
            true
        ],
        [
            7,
            63,
            120,
            true
        ],
        [
            48,
            63,
            120,
            true
        ],
        [
            80,
            122,
            120,
            true
        ],
        [
            67,
            121,
            120,
            true
        ],
        [
            30,
            87,
            120,
            true
        ],
        [
            66,
            104,
            120,
            true
        ],
        [
            100,
            90,
            120,
            true
        ],
        [
            9,
            50,
            120,
            true
        ],
        [
            9,
            76,
            120,
            true
        ],
        [
            50,
            76,
            120,
            true
        ],
        [
            77,
            91,
            120,
            true
        ],
        [
            97,
            74,
            120,
            true
        ],
        [
            64,
            89,
            120,
            true
        ],
        [
            8,
            99,
            120,
            true
        ],
        [
            56,
            132,
            120,
            true
        ],
        [
            22,
            115,
            120,
            true
        ],
        [
            34,
            78,
            120,
            true
        ],
        [
            33,
            102,
            120,
            true
        ],
        [
            32,
            65,
            120,
            true
        ],
        [
            27,
            85,
            120,
            true
        ],
        [
            12,
            36,
            120,
            true
        ],
        [
            8,
            49,
            120,
            true
        ]
    ],
    "type_name": "Метро"
}