{
    "0": "Luohu",
    "1": "Guomao",
    "2": "Laojie",
    "3": "Grand Theater",
    "4": "Science Museum",
    "5": "Huaqiang Rd.",
    "6": "Gangxia",
    "7": "Convention & Exhibition Center",
    "8": "Shopping Park",
    "9": "Xiangmihu",
    "10": "Chegongmiao",
    "11": "Zhuzilin",
    "12": "Qiaocheng East",
    "13": "OCT",
    "14": "Window of the World",
    "15": "Baishizhou",
    "16": "Hi-Tech Park",
    "17": "Shenzhen University",
    "18": "Luobao",
    "19": "Chiwan",
    "20": "Shekou Port",
    "21": "Sea World",
    "22": "Shuiwan",
    "23": "Dongjiatou",
    "24": "Wanxia",
    "25": "Haiyue",
    "26": "Dengliang",
    "27": "Houhai",
    "28": "Keyuan",
    "29": "Hongshuwan",
    "30": "Shekou",
    "31": "Caopu",
    "32": "Buji",
    "33": "Mumianwan",
    "34": "Dafen",
    "35": "Danzhutou",
    "36": "Liuyue",
    "37": "Tangkeng",
    "38": "Henggang",
    "39": "Yonghu",
    "40": "He'ao",
    "41": "Universiade",
    "42": "Ailian",
    "43": "Jixiang",
    "44": "Longcheng Sq",
    "45": "Nanlian",
    "46": "Shuanglong",
    "47": "Longgang",
    "48": "Children's Palace",
    "49": "Civic Center",
    "50": "Fumin",
    "51": "Futian Checkpoint",
    "52": "Longhua",
    "53": "Metro",
    "54": "ROOT",
    "55": "Shema ot 25.02.2011g.\nAvtor: Varlamov Dmitrij (www.chpeks.com)",
    "56": "Imported from http://pmetro.su"
}