{
    "default_transports": [
        "metro"
    ],
    "height": 655,
    "images": [
        "res/schemes/lausanne.svg"
    ],
    "is_vector": true,
    "lines": [
        {
            "labels_bg_color": "-1",
            "labels_color": "427BFF",
            "line_color": "427BFF",
            "line_width": 6,
            "name": "m1",
            "segments": [
                [
                    0,
                    1,
                    [
                        [
                            420,
                            340
                        ],
                        [
                            465,
                            340
                        ]
                    ],
                    true
                ],
                [
                    1,
                    2,
                    [
                        [
                            360,
                            340
                        ],
                        [
                            420,
                            340
                        ]
                    ],
                    true
                ],
                [
                    2,
                    3,
                    [
                        [
                            305,
                            340
                        ],
                        [
                            360,
                            340
                        ]
                    ],
                    true
                ],
                [
                    3,
                    4,
                    [
                        [
                            245,
                            340
                        ],
                        [
                            305,
                            340
                        ]
                    ],
                    true
                ],
                [
                    4,
                    5,
                    [
                        [
                            200,
                            340
                        ],
                        [
                            245,
                            340
                        ]
                    ],
                    true
                ],
                [
                    5,
                    6,
                    [
                        [
                            165,
                            320
                        ],
                        [
                            185.0,
                            340.0
                        ],
                        [
                            200,
                            340
                        ]
                    ],
                    true
                ],
                [
                    6,
                    7,
                    [
                        [
                            135,
                            315
                        ],
                        [
                            160.0,
                            315.0
                        ],
                        [
                            165,
                            320
                        ]
                    ],
                    true
                ],
                [
                    7,
                    8,
                    [
                        [
                            90,
                            355
                        ],
                        [
                            130.0,
                            315.0
                        ],
                        [
                            135,
                            315
                        ]
                    ],
                    true
                ],
                [
                    8,
                    9,
                    [
                        [
                            45,
                            360
                        ],
                        [
                            85.0,
                            360.0
                        ],
                        [
                            90,
                            355
                        ]
                    ],
                    true
                ],
                [
                    9,
                    10,
                    [
                        [
                            20,
                            325
                        ],
                        [
                            20.0,
                            345.0
                        ],
                        [
                            35.0,
                            360.0
                        ],
                        [
                            45,
                            360
                        ]
                    ],
                    true
                ],
                [
                    10,
                    11,
                    [
                        [
                            20,
                            285
                        ],
                        [
                            20,
                            325
                        ]
                    ],
                    true
                ],
                [
                    11,
                    12,
                    [
                        [
                            20,
                            245
                        ],
                        [
                            20,
                            285
                        ]
                    ],
                    true
                ],
                [
                    12,
                    13,
                    [
                        [
                            20,
                            200
                        ],
                        [
                            20,
                            245
                        ]
                    ],
                    true
                ],
                [
                    13,
                    14,
                    [
                        [
                            70,
                            180
                        ],
                        [
                            30.0,
                            180.0
                        ],
                        [
                            20.0,
                            190.0
                        ],
                        [
                            20,
                            200
                        ]
                    ],
                    true
                ]
            ],
            "stations": [
                {
                    "coord": [
                        465,
                        340
                    ],
                    "is_working": true,
                    "name": "Flon",
                    "rect": [
                        495,
                        335,
                        17,
                        13
                    ],
                    "text_id": 0,
                    "uid": 0
                },
                {
                    "coord": [
                        420,
                        340
                    ],
                    "is_working": true,
                    "name": "Vigie",
                    "rect": [
                        409,
                        319,
                        20,
                        13
                    ],
                    "text_id": 1,
                    "uid": 1
                },
                {
                    "coord": [
                        360,
                        340
                    ],
                    "is_working": true,
                    "name": "Montelly",
                    "rect": [
                        341,
                        319,
                        36,
                        13
                    ],
                    "text_id": 2,
                    "uid": 2
                },
                {
                    "coord": [
                        305,
                        340
                    ],
                    "is_working": true,
                    "name": "Provence",
                    "rect": [
                        287,
                        351,
                        40,
                        13
                    ],
                    "text_id": 3,
                    "uid": 3
                },
                {
                    "coord": [
                        245,
                        340
                    ],
                    "is_working": true,
                    "name": "Malley",
                    "rect": [
                        233,
                        319,
                        28,
                        13
                    ],
                    "text_id": 4,
                    "uid": 4
                },
                {
                    "coord": [
                        200,
                        340
                    ],
                    "is_working": true,
                    "name": "Bourdonnette",
                    "rect": [
                        178,
                        348,
                        55,
                        13
                    ],
                    "text_id": 5,
                    "uid": 5
                },
                {
                    "coord": [
                        165,
                        320
                    ],
                    "is_working": true,
                    "name": "Unil-Dorigny",
                    "rect": [
                        169,
                        303,
                        51,
                        13
                    ],
                    "text_id": 6,
                    "uid": 6
                },
                {
                    "coord": [
                        135,
                        315
                    ],
                    "is_working": true,
                    "name": "Mouline",
                    "rect": [
                        108,
                        297,
                        32,
                        11
                    ],
                    "text_id": 7,
                    "uid": 7
                },
                {
                    "coord": [
                        90,
                        355
                    ],
                    "is_working": true,
                    "name": "Unil-Sorge",
                    "rect": [
                        95,
                        361,
                        43,
                        12
                    ],
                    "text_id": 8,
                    "uid": 8
                },
                {
                    "coord": [
                        45,
                        360
                    ],
                    "is_working": true,
                    "name": "EPFL",
                    "rect": [
                        36,
                        367,
                        22,
                        13
                    ],
                    "text_id": 9,
                    "uid": 9
                },
                {
                    "coord": [
                        20,
                        325
                    ],
                    "is_working": true,
                    "name": "Bassenges",
                    "rect": [
                        28,
                        325,
                        46,
                        12
                    ],
                    "text_id": 10,
                    "uid": 10
                },
                {
                    "coord": [
                        20,
                        285
                    ],
                    "is_working": true,
                    "name": "Cerisaie",
                    "rect": [
                        29,
                        282,
                        36,
                        11
                    ],
                    "text_id": 11,
                    "uid": 11
                },
                {
                    "coord": [
                        20,
                        245
                    ],
                    "is_working": true,
                    "name": "Crochy",
                    "rect": [
                        28,
                        237,
                        32,
                        12
                    ],
                    "text_id": 12,
                    "uid": 12
                },
                {
                    "coord": [
                        20,
                        200
                    ],
                    "is_working": true,
                    "name": "Epenex",
                    "rect": [
                        28,
                        194,
                        32,
                        13
                    ],
                    "text_id": 13,
                    "uid": 13
                },
                {
                    "coord": [
                        70,
                        180
                    ],
                    "is_working": true,
                    "name": "Renens CFF",
                    "rect": [
                        82,
                        173,
                        50,
                        12
                    ],
                    "text_id": 14,
                    "uid": 14
                }
            ],
            "text_id": 15
        },
        {
            "labels_bg_color": "-1",
            "labels_color": "FF39A5",
            "line_color": "FF39A5",
            "line_width": 6,
            "name": "m2",
            "segments": [
                [
                    15,
                    16,
                    [
                        [
                            665,
                            85
                        ],
                        [
                            685,
                            65
                        ]
                    ],
                    true
                ],
                [
                    16,
                    17,
                    [
                        [
                            635,
                            115
                        ],
                        [
                            665,
                            85
                        ]
                    ],
                    true
                ],
                [
                    17,
                    18,
                    [
                        [
                            610,
                            145
                        ],
                        [
                            610.0,
                            140.0
                        ],
                        [
                            635,
                            115
                        ]
                    ],
                    true
                ],
                [
                    18,
                    19,
                    [
                        [
                            590,
                            225
                        ],
                        [
                            590.0,
                            200.0
                        ],
                        [
                            610.0,
                            180.0
                        ],
                        [
                            610,
                            145
                        ]
                    ],
                    true
                ],
                [
                    19,
                    20,
                    [
                        [
                            585,
                            300
                        ],
                        [
                            590.0,
                            295.0
                        ],
                        [
                            590,
                            225
                        ]
                    ],
                    true
                ],
                [
                    20,
                    21,
                    [
                        [
                            545,
                            305
                        ],
                        [
                            555.0,
                            315.0
                        ],
                        [
                            570.0,
                            315.0
                        ],
                        [
                            585,
                            300
                        ]
                    ],
                    true
                ],
                [
                    21,
                    22,
                    [
                        [
                            500,
                            270
                        ],
                        [
                            510.0,
                            270.0
                        ],
                        [
                            545,
                            305
                        ]
                    ],
                    true
                ],
                [
                    22,
                    23,
                    [
                        [
                            485,
                            340
                        ],
                        [
                            485.0,
                            280.0
                        ],
                        [
                            495.0,
                            270.0
                        ],
                        [
                            500,
                            270
                        ]
                    ],
                    true
                ],
                [
                    23,
                    24,
                    [
                        [
                            485,
                            380
                        ],
                        [
                            485,
                            340
                        ]
                    ],
                    true
                ],
                [
                    24,
                    25,
                    [
                        [
                            485,
                            415
                        ],
                        [
                            485,
                            380
                        ]
                    ],
                    true
                ],
                [
                    25,
                    26,
                    [
                        [
                            485,
                            445
                        ],
                        [
                            485,
                            415
                        ]
                    ],
                    true
                ],
                [
                    26,
                    27,
                    [
                        [
                            485,
                            470
                        ],
                        [
                            485,
                            445
                        ]
                    ],
                    true
                ],
                [
                    27,
                    28,
                    [
                        [
                            485,
                            505
                        ],
                        [
                            485,
                            470
                        ]
                    ],
                    true
                ]
            ],
            "stations": [
                {
                    "coord": [
                        685,
                        65
                    ],
                    "is_working": true,
                    "name": "Croisettes",
                    "rect": [
                        630,
                        51,
                        41,
                        13
                    ],
                    "text_id": 16,
                    "uid": 15
                },
                {
                    "coord": [
                        665,
                        85
                    ],
                    "is_working": true,
                    "name": "Vennes",
                    "rect": [
                        624,
                        74,
                        32,
                        11
                    ],
                    "text_id": 17,
                    "uid": 16
                },
                {
                    "coord": [
                        635,
                        115
                    ],
                    "is_working": true,
                    "name": "Fourmi",
                    "rect": [
                        597,
                        100,
                        29,
                        11
                    ],
                    "text_id": 18,
                    "uid": 17
                },
                {
                    "coord": [
                        610,
                        145
                    ],
                    "is_working": true,
                    "name": "Sallaz",
                    "rect": [
                        573,
                        141,
                        26,
                        12
                    ],
                    "text_id": 19,
                    "uid": 18
                },
                {
                    "coord": [
                        590,
                        225
                    ],
                    "is_working": true,
                    "name": "CHUV",
                    "rect": [
                        601,
                        217,
                        25,
                        12
                    ],
                    "text_id": 20,
                    "uid": 19
                },
                {
                    "coord": [
                        585,
                        300
                    ],
                    "is_working": true,
                    "name": "Ours",
                    "rect": [
                        593,
                        306,
                        20,
                        13
                    ],
                    "text_id": 21,
                    "uid": 20
                },
                {
                    "coord": [
                        545,
                        305
                    ],
                    "is_working": true,
                    "name": "Bessieres",
                    "rect": [
                        506,
                        316,
                        42,
                        13
                    ],
                    "text_id": 22,
                    "uid": 21
                },
                {
                    "coord": [
                        500,
                        270
                    ],
                    "is_working": true,
                    "name": "Rippone",
                    "rect": [
                        482,
                        252,
                        35,
                        11
                    ],
                    "text_id": 23,
                    "uid": 22
                },
                {
                    "coord": [
                        485,
                        340
                    ],
                    "is_working": true,
                    "name": "Flon",
                    "rect": null,
                    "text_id": 0,
                    "uid": 23
                },
                {
                    "coord": [
                        485,
                        380
                    ],
                    "is_working": true,
                    "name": "Gare CFF",
                    "rect": [
                        435,
                        374,
                        40,
                        13
                    ],
                    "text_id": 24,
                    "uid": 24
                },
                {
                    "coord": [
                        485,
                        415
                    ],
                    "is_working": true,
                    "name": "Grancy",
                    "rect": [
                        495,
                        408,
                        30,
                        12
                    ],
                    "text_id": 25,
                    "uid": 25
                },
                {
                    "coord": [
                        485,
                        445
                    ],
                    "is_working": true,
                    "name": "Delices",
                    "rect": [
                        494,
                        438,
                        32,
                        13
                    ],
                    "text_id": 26,
                    "uid": 26
                },
                {
                    "coord": [
                        485,
                        470
                    ],
                    "is_working": true,
                    "name": "Jordils",
                    "rect": [
                        494,
                        462,
                        29,
                        13
                    ],
                    "text_id": 27,
                    "uid": 27
                },
                {
                    "coord": [
                        485,
                        505
                    ],
                    "is_working": true,
                    "name": "Ouchy",
                    "rect": [
                        495,
                        496,
                        29,
                        13
                    ],
                    "text_id": 28,
                    "uid": 28
                }
            ],
            "text_id": 29
        },
        {
            "labels_bg_color": "-1",
            "labels_color": "00C600",
            "line_color": "00C600",
            "line_width": 3,
            "name": "LEB",
            "segments": [
                [
                    29,
                    30,
                    [
                        [
                            430,
                            290
                        ],
                        [
                            475,
                            335
                        ]
                    ],
                    true
                ],
                [
                    30,
                    31,
                    [
                        [
                            320,
                            225
                        ],
                        [
                            345.0,
                            250.0
                        ],
                        [
                            390.0,
                            250.0
                        ],
                        [
                            430,
                            290
                        ]
                    ],
                    true
                ],
                [
                    31,
                    32,
                    [
                        [
                            270,
                            175
                        ],
                        [
                            320,
                            225
                        ]
                    ],
                    true
                ],
                [
                    32,
                    33,
                    [
                        [
                            245,
                            125
                        ],
                        [
                            245.0,
                            150.0
                        ],
                        [
                            270,
                            175
                        ]
                    ],
                    true
                ],
                [
                    33,
                    34,
                    [
                        [
                            245,
                            65
                        ],
                        [
                            245,
                            125
                        ]
                    ],
                    true
                ]
            ],
            "stations": [
                {
                    "coord": [
                        475,
                        335
                    ],
                    "is_working": true,
                    "name": "Flon",
                    "rect": null,
                    "text_id": 0,
                    "uid": 29
                },
                {
                    "coord": [
                        430,
                        290
                    ],
                    "is_working": true,
                    "name": "Chauderon",
                    "rect": [
                        370,
                        287,
                        45,
                        13
                    ],
                    "text_id": 30,
                    "uid": 30
                },
                {
                    "coord": [
                        320,
                        225
                    ],
                    "is_working": true,
                    "name": "Montetan",
                    "rect": [
                        329,
                        212,
                        38,
                        13
                    ],
                    "text_id": 31,
                    "uid": 31
                },
                {
                    "coord": [
                        270,
                        175
                    ],
                    "is_working": true,
                    "name": "Union-Prilly",
                    "rect": [
                        279,
                        162,
                        48,
                        12
                    ],
                    "text_id": 32,
                    "uid": 32
                },
                {
                    "coord": [
                        245,
                        125
                    ],
                    "is_working": true,
                    "name": "Prilly-Chasseur",
                    "rect": [
                        255,
                        117,
                        62,
                        13
                    ],
                    "text_id": 33,
                    "uid": 33
                },
                {
                    "coord": [
                        245,
                        65
                    ],
                    "is_working": true,
                    "name": "Cery-Fleur-de-Lys",
                    "rect": [
                        257,
                        60,
                        72,
                        11
                    ],
                    "text_id": 34,
                    "uid": 34
                }
            ],
            "text_id": 35
        }
    ],
    "lines_width": 6,
    "name": "metro",
    "name_text_id": 36,
    "stations_diameter": 11.0,
    "transfers": [
        [
            0,
            23,
            [
                465,
                340
            ],
            [
                485,
                340
            ]
        ],
        [
            0,
            29,
            [
                465,
                340
            ],
            [
                475,
                335
            ]
        ],
        [
            23,
            29,
            [
                485,
                340
            ],
            [
                475,
                335
            ]
        ]
    ],
    "transports": [
        "metro"
    ],
    "type_name": "ROOT",
    "type_text_id": 37,
    "upper_case": false,
    "width": 835,
    "word_wrap": false
}