{
    "city_id": 2023469,
    "comments_text_id": 113,
    "default_locale": "ru",
    "delays": [
        {
            "ranges": [
                "08:00-20:00"
            ],
            "type": "day",
            "weekdays": null
        },
        {
            "ranges": [
                "20:00-24:00",
                "00:00-05:00"
            ],
            "type": "night",
            "weekdays": null
        }
    ],
    "description_text_id": 112,
    "file": "Irkutsk.zip",
    "latitude": 52.29566,
    "locales": [
        "ru",
        "en"
    ],
    "longitude": 104.29076,
    "map_id": "Irkutsk.zip",
    "schemes": [
        {
            "default_transports": [
                "metro"
            ],
            "file": "schemes/metro.json",
            "name": "metro",
            "name_text_id": 110,
            "root": true,
            "transports": [
                "metro"
            ],
            "type_name": "ROOT",
            "type_text_id": 111
        }
    ],
    "timestamp": 1226620800.0,
    "transport_types": [
        "Электричка"
    ],
    "transports": [
        {
            "file": "transports/metro.json",
            "name": "metro",
            "type": "Электричка"
        }
    ]
}