{
    "default_transports": [
        "metro"
    ],
    "height": 934,
    "images": [
        "res/schemes/roma.svg"
    ],
    "is_vector": true,
    "lines": [
        {
            "labels_bg_color": "-1",
            "labels_color": "FF6300",
            "line_color": "FF6300",
            "line_width": 11,
            "name": "A",
            "segments": [
                [
                    0,
                    1,
                    [
                        [
                            106,
                            288
                        ],
                        [
                            78,
                            260
                        ]
                    ],
                    true
                ],
                [
                    1,
                    2,
                    [
                        [
                            142,
                            314
                        ],
                        [
                            132.0,
                            314.0
                        ],
                        [
                            106,
                            288
                        ]
                    ],
                    true
                ],
                [
                    2,
                    3,
                    [
                        [
                            192,
                            276
                        ],
                        [
                            154.0,
                            314.0
                        ],
                        [
                            142,
                            314
                        ]
                    ],
                    true
                ],
                [
                    3,
                    4,
                    [
                        [
                            238,
                            248
                        ],
                        [
                            220.0,
                            248.0
                        ],
                        [
                            192,
                            276
                        ]
                    ],
                    true
                ],
                [
                    4,
                    5,
                    [
                        [
                            292,
                            248
                        ],
                        [
                            238,
                            248
                        ]
                    ],
                    true
                ],
                [
                    5,
                    6,
                    [
                        [
                            336,
                            228
                        ],
                        [
                            326.0,
                            228.0
                        ],
                        [
                            306.0,
                            248.0
                        ],
                        [
                            292,
                            248
                        ]
                    ],
                    true
                ],
                [
                    6,
                    7,
                    [
                        [
                            392,
                            228
                        ],
                        [
                            336,
                            228
                        ]
                    ],
                    true
                ],
                [
                    7,
                    8,
                    [
                        [
                            420,
                            256
                        ],
                        [
                            392,
                            228
                        ]
                    ],
                    true
                ],
                [
                    8,
                    9,
                    [
                        [
                            440,
                            276
                        ],
                        [
                            420,
                            256
                        ]
                    ],
                    true
                ],
                [
                    9,
                    10,
                    [
                        [
                            462,
                            284
                        ],
                        [
                            448.0,
                            284.0
                        ],
                        [
                            440,
                            276
                        ]
                    ],
                    true
                ],
                [
                    10,
                    11,
                    [
                        [
                            503,
                            312
                        ],
                        [
                            475.0,
                            284.0
                        ],
                        [
                            462,
                            284
                        ]
                    ],
                    true
                ],
                [
                    11,
                    12,
                    [
                        [
                            514,
                            332
                        ],
                        [
                            514.0,
                            323.0
                        ],
                        [
                            503,
                            312
                        ]
                    ],
                    true
                ],
                [
                    12,
                    13,
                    [
                        [
                            514,
                            372
                        ],
                        [
                            514,
                            332
                        ]
                    ],
                    true
                ],
                [
                    13,
                    14,
                    [
                        [
                            550,
                            408
                        ],
                        [
                            514,
                            372
                        ]
                    ],
                    true
                ],
                [
                    14,
                    15,
                    [
                        [
                            582,
                            440
                        ],
                        [
                            550,
                            408
                        ]
                    ],
                    true
                ],
                [
                    15,
                    16,
                    [
                        [
                            610,
                            468
                        ],
                        [
                            582,
                            440
                        ]
                    ],
                    true
                ],
                [
                    16,
                    17,
                    [
                        [
                            636,
                            494
                        ],
                        [
                            610,
                            468
                        ]
                    ],
                    true
                ],
                [
                    17,
                    18,
                    [
                        [
                            672,
                            530
                        ],
                        [
                            636,
                            494
                        ]
                    ],
                    true
                ],
                [
                    18,
                    19,
                    [
                        [
                            704,
                            562
                        ],
                        [
                            672,
                            530
                        ]
                    ],
                    true
                ],
                [
                    19,
                    20,
                    [
                        [
                            744,
                            562
                        ],
                        [
                            704,
                            562
                        ]
                    ],
                    true
                ],
                [
                    20,
                    21,
                    [
                        [
                            776,
                            580
                        ],
                        [
                            758.0,
                            562.0
                        ],
                        [
                            744,
                            562
                        ]
                    ],
                    true
                ],
                [
                    21,
                    22,
                    [
                        [
                            802,
                            606
                        ],
                        [
                            776,
                            580
                        ]
                    ],
                    true
                ],
                [
                    22,
                    23,
                    [
                        [
                            824,
                            628
                        ],
                        [
                            802,
                            606
                        ]
                    ],
                    true
                ],
                [
                    23,
                    24,
                    [
                        [
                            846,
                            650
                        ],
                        [
                            824,
                            628
                        ]
                    ],
                    true
                ],
                [
                    24,
                    25,
                    [
                        [
                            871,
                            675
                        ],
                        [
                            846,
                            650
                        ]
                    ],
                    true
                ],
                [
                    25,
                    26,
                    [
                        [
                            895,
                            699
                        ],
                        [
                            871,
                            675
                        ]
                    ],
                    true
                ]
            ],
            "stations": [
                {
                    "coord": [
                        78,
                        260
                    ],
                    "is_working": true,
                    "name": "Battistini",
                    "rect": [
                        23,
                        234,
                        60,
                        15
                    ],
                    "text_id": 0,
                    "uid": 0
                },
                {
                    "coord": [
                        106,
                        288
                    ],
                    "is_working": true,
                    "name": "Cornelia",
                    "rect": [
                        36,
                        285,
                        58,
                        15
                    ],
                    "text_id": 1,
                    "uid": 1
                },
                {
                    "coord": [
                        142,
                        314
                    ],
                    "is_working": true,
                    "name": "Baldo degli Ubaldi",
                    "rect": [
                        80,
                        325,
                        119,
                        15
                    ],
                    "text_id": 2,
                    "uid": 2
                },
                {
                    "coord": [
                        192,
                        276
                    ],
                    "is_working": true,
                    "name": "Valle Aurelia",
                    "rect": [
                        107,
                        250,
                        87,
                        15
                    ],
                    "text_id": 3,
                    "uid": 3
                },
                {
                    "coord": [
                        238,
                        248
                    ],
                    "is_working": true,
                    "name": "Cipro - Musei Vaticani",
                    "rect": [
                        230,
                        260,
                        133,
                        15
                    ],
                    "text_id": 4,
                    "uid": 4
                },
                {
                    "coord": [
                        292,
                        248
                    ],
                    "is_working": true,
                    "name": "Ottaviano S.Pietro",
                    "rect": [
                        161,
                        222,
                        116,
                        15
                    ],
                    "text_id": 5,
                    "uid": 5
                },
                {
                    "coord": [
                        336,
                        228
                    ],
                    "is_working": true,
                    "name": "Lepanto",
                    "rect": [
                        311,
                        201,
                        52,
                        15
                    ],
                    "text_id": 6,
                    "uid": 6
                },
                {
                    "coord": [
                        392,
                        228
                    ],
                    "is_working": true,
                    "name": "Flaminio",
                    "rect": [
                        387,
                        202,
                        53,
                        15
                    ],
                    "text_id": 7,
                    "uid": 7
                },
                {
                    "coord": [
                        420,
                        256
                    ],
                    "is_working": true,
                    "name": "Piazza di Spagna",
                    "rect": [
                        422,
                        230,
                        103,
                        15
                    ],
                    "text_id": 8,
                    "uid": 8
                },
                {
                    "coord": [
                        440,
                        276
                    ],
                    "is_working": true,
                    "name": "Barberini",
                    "rect": [
                        365,
                        273,
                        63,
                        15
                    ],
                    "text_id": 9,
                    "uid": 9
                },
                {
                    "coord": [
                        462,
                        284
                    ],
                    "is_working": true,
                    "name": "Repubblica",
                    "rect": [
                        392,
                        295,
                        73,
                        15
                    ],
                    "text_id": 10,
                    "uid": 10
                },
                {
                    "coord": [
                        503,
                        312
                    ],
                    "is_working": true,
                    "name": "Termini",
                    "rect": [
                        519,
                        300,
                        46,
                        15
                    ],
                    "text_id": 11,
                    "uid": 11
                },
                {
                    "coord": [
                        514,
                        332
                    ],
                    "is_working": true,
                    "name": "Vittorio Emanuele",
                    "rect": [
                        526,
                        325,
                        114,
                        15
                    ],
                    "text_id": 12,
                    "uid": 12
                },
                {
                    "coord": [
                        514,
                        372
                    ],
                    "is_working": true,
                    "name": "Manzoni",
                    "rect": [
                        526,
                        360,
                        52,
                        15
                    ],
                    "text_id": 13,
                    "uid": 13
                },
                {
                    "coord": [
                        550,
                        408
                    ],
                    "is_working": true,
                    "name": "San Giovani",
                    "rect": [
                        463,
                        404,
                        73,
                        15
                    ],
                    "text_id": 14,
                    "uid": 14
                },
                {
                    "coord": [
                        582,
                        440
                    ],
                    "is_working": true,
                    "name": "Re di Roma",
                    "rect": [
                        594,
                        428,
                        67,
                        15
                    ],
                    "text_id": 15,
                    "uid": 15
                },
                {
                    "coord": [
                        610,
                        468
                    ],
                    "is_working": true,
                    "name": "Ponte Lungo",
                    "rect": [
                        622,
                        456,
                        79,
                        15
                    ],
                    "text_id": 16,
                    "uid": 16
                },
                {
                    "coord": [
                        636,
                        494
                    ],
                    "is_working": true,
                    "name": "Furio Camillo",
                    "rect": [
                        648,
                        482,
                        86,
                        15
                    ],
                    "text_id": 17,
                    "uid": 17
                },
                {
                    "coord": [
                        672,
                        530
                    ],
                    "is_working": true,
                    "name": "Colli Albani",
                    "rect": [
                        684,
                        518,
                        77,
                        15
                    ],
                    "text_id": 18,
                    "uid": 18
                },
                {
                    "coord": [
                        704,
                        562
                    ],
                    "is_working": true,
                    "name": "Arco di Travertino",
                    "rect": [
                        572,
                        559,
                        120,
                        15
                    ],
                    "text_id": 19,
                    "uid": 19
                },
                {
                    "coord": [
                        744,
                        562
                    ],
                    "is_working": true,
                    "name": "Porta Furba - Quadraro",
                    "rect": [
                        738,
                        535,
                        153,
                        15
                    ],
                    "text_id": 20,
                    "uid": 20
                },
                {
                    "coord": [
                        776,
                        580
                    ],
                    "is_working": true,
                    "name": "Numidio Quadrato",
                    "rect": [
                        788,
                        568,
                        114,
                        15
                    ],
                    "text_id": 21,
                    "uid": 21
                },
                {
                    "coord": [
                        802,
                        606
                    ],
                    "is_working": true,
                    "name": "Lucio Sestio",
                    "rect": [
                        814,
                        594,
                        76,
                        15
                    ],
                    "text_id": 22,
                    "uid": 22
                },
                {
                    "coord": [
                        824,
                        628
                    ],
                    "is_working": true,
                    "name": "Giuglio Agricola",
                    "rect": [
                        836,
                        616,
                        106,
                        15
                    ],
                    "text_id": 23,
                    "uid": 23
                },
                {
                    "coord": [
                        846,
                        650
                    ],
                    "is_working": true,
                    "name": "Subaugusta",
                    "rect": [
                        858,
                        638,
                        78,
                        15
                    ],
                    "text_id": 24,
                    "uid": 24
                },
                {
                    "coord": [
                        871,
                        675
                    ],
                    "is_working": true,
                    "name": "Cinecitta",
                    "rect": [
                        883,
                        663,
                        59,
                        15
                    ],
                    "text_id": 25,
                    "uid": 25
                },
                {
                    "coord": [
                        895,
                        699
                    ],
                    "is_working": true,
                    "name": "Anagnina",
                    "rect": [
                        907,
                        692,
                        61,
                        15
                    ],
                    "text_id": 26,
                    "uid": 26
                }
            ],
            "text_id": 27
        },
        {
            "labels_bg_color": "-1",
            "labels_color": "8787FD",
            "line_color": "8787FD",
            "line_width": 11,
            "name": "B",
            "segments": [
                [
                    27,
                    28,
                    [
                        [
                            641,
                            73
                        ],
                        [
                            641,
                            31
                        ]
                    ],
                    true
                ],
                [
                    28,
                    29,
                    [
                        [
                            602,
                            112
                        ],
                        [
                            641,
                            73
                        ]
                    ],
                    true
                ],
                [
                    29,
                    30,
                    [
                        [
                            602,
                            166
                        ],
                        [
                            602,
                            112
                        ]
                    ],
                    true
                ],
                [
                    30,
                    38,
                    [
                        [
                            602,
                            221
                        ],
                        [
                            602,
                            166
                        ]
                    ],
                    true
                ],
                [
                    31,
                    32,
                    [
                        [
                            849,
                            164
                        ],
                        [
                            881,
                            132
                        ]
                    ],
                    true
                ],
                [
                    32,
                    33,
                    [
                        [
                            823,
                            190
                        ],
                        [
                            849,
                            164
                        ]
                    ],
                    true
                ],
                [
                    33,
                    34,
                    [
                        [
                            792,
                            221
                        ],
                        [
                            823,
                            190
                        ]
                    ],
                    true
                ],
                [
                    34,
                    35,
                    [
                        [
                            744,
                            221
                        ],
                        [
                            792,
                            221
                        ]
                    ],
                    true
                ],
                [
                    35,
                    36,
                    [
                        [
                            697,
                            221
                        ],
                        [
                            744,
                            221
                        ]
                    ],
                    true
                ],
                [
                    36,
                    37,
                    [
                        [
                            650,
                            221
                        ],
                        [
                            697,
                            221
                        ]
                    ],
                    true
                ],
                [
                    37,
                    38,
                    [
                        [
                            602,
                            221
                        ],
                        [
                            650,
                            221
                        ]
                    ],
                    true
                ],
                [
                    38,
                    39,
                    [
                        [
                            557,
                            239
                        ],
                        [
                            575.0,
                            221.0
                        ],
                        [
                            602,
                            221
                        ]
                    ],
                    true
                ],
                [
                    39,
                    40,
                    [
                        [
                            528,
                            268
                        ],
                        [
                            557,
                            239
                        ]
                    ],
                    true
                ],
                [
                    40,
                    41,
                    [
                        [
                            484,
                            312
                        ],
                        [
                            528,
                            268
                        ]
                    ],
                    true
                ],
                [
                    41,
                    42,
                    [
                        [
                            464,
                            332
                        ],
                        [
                            484,
                            312
                        ]
                    ],
                    true
                ],
                [
                    42,
                    43,
                    [
                        [
                            436,
                            360
                        ],
                        [
                            464,
                            332
                        ]
                    ],
                    true
                ],
                [
                    43,
                    44,
                    [
                        [
                            422,
                            425
                        ],
                        [
                            432.0,
                            415.0
                        ],
                        [
                            432.0,
                            365.0
                        ],
                        [
                            436,
                            360
                        ]
                    ],
                    true
                ],
                [
                    44,
                    45,
                    [
                        [
                            408,
                            476
                        ],
                        [
                            408.0,
                            439.0
                        ],
                        [
                            422,
                            425
                        ]
                    ],
                    true
                ],
                [
                    45,
                    46,
                    [
                        [
                            408,
                            564
                        ],
                        [
                            408,
                            476
                        ]
                    ],
                    true
                ],
                [
                    46,
                    47,
                    [
                        [
                            408,
                            606
                        ],
                        [
                            408,
                            564
                        ]
                    ],
                    true
                ],
                [
                    47,
                    48,
                    [
                        [
                            358,
                            668
                        ],
                        [
                            408.0,
                            618.0
                        ],
                        [
                            408,
                            606
                        ]
                    ],
                    true
                ],
                [
                    48,
                    49,
                    [
                        [
                            308,
                            718
                        ],
                        [
                            358,
                            668
                        ]
                    ],
                    true
                ],
                [
                    49,
                    50,
                    [
                        [
                            308,
                            764
                        ],
                        [
                            296.0,
                            752.0
                        ],
                        [
                            296.0,
                            730.0
                        ],
                        [
                            308,
                            718
                        ]
                    ],
                    true
                ],
                [
                    50,
                    51,
                    [
                        [
                            340,
                            784
                        ],
                        [
                            328.0,
                            784.0
                        ],
                        [
                            308,
                            764
                        ]
                    ],
                    true
                ],
                [
                    51,
                    52,
                    [
                        [
                            388,
                            784
                        ],
                        [
                            340,
                            784
                        ]
                    ],
                    true
                ]
            ],
            "stations": [
                {
                    "coord": [
                        641,
                        31
                    ],
                    "is_working": true,
                    "name": "Jonio",
                    "rect": [
                        594,
                        23,
                        35,
                        15
                    ],
                    "text_id": 28,
                    "uid": 27
                },
                {
                    "coord": [
                        641,
                        73
                    ],
                    "is_working": true,
                    "name": "Conca d'Oro",
                    "rect": [
                        542,
                        68,
                        79,
                        15
                    ],
                    "text_id": 29,
                    "uid": 28
                },
                {
                    "coord": [
                        602,
                        112
                    ],
                    "is_working": true,
                    "name": "Libia",
                    "rect": [
                        560,
                        106,
                        30,
                        15
                    ],
                    "text_id": 30,
                    "uid": 29
                },
                {
                    "coord": [
                        602,
                        166
                    ],
                    "is_working": true,
                    "name": "Annibaliano",
                    "rect": [
                        512,
                        170,
                        78,
                        15
                    ],
                    "text_id": 31,
                    "uid": 30
                },
                {
                    "coord": [
                        881,
                        132
                    ],
                    "is_working": true,
                    "name": "Rebibbia",
                    "rect": [
                        894,
                        124,
                        55,
                        15
                    ],
                    "text_id": 32,
                    "uid": 31
                },
                {
                    "coord": [
                        849,
                        164
                    ],
                    "is_working": true,
                    "name": "Ponte Mammolo",
                    "rect": [
                        862,
                        160,
                        98,
                        15
                    ],
                    "text_id": 33,
                    "uid": 32
                },
                {
                    "coord": [
                        823,
                        190
                    ],
                    "is_working": true,
                    "name": "Santa Maria del Soccorso",
                    "rect": [
                        836,
                        186,
                        167,
                        15
                    ],
                    "text_id": 34,
                    "uid": 33
                },
                {
                    "coord": [
                        792,
                        221
                    ],
                    "is_working": true,
                    "name": "Pietralata",
                    "rect": [
                        804,
                        218,
                        69,
                        15
                    ],
                    "text_id": 35,
                    "uid": 34
                },
                {
                    "coord": [
                        744,
                        221
                    ],
                    "is_working": true,
                    "name": "Monti Tiburtini",
                    "rect": [
                        710,
                        233,
                        92,
                        15
                    ],
                    "text_id": 36,
                    "uid": 35
                },
                {
                    "coord": [
                        697,
                        221
                    ],
                    "is_working": true,
                    "name": "Quintiliani",
                    "rect": [
                        669,
                        195,
                        66,
                        15
                    ],
                    "text_id": 37,
                    "uid": 36
                },
                {
                    "coord": [
                        650,
                        221
                    ],
                    "is_working": true,
                    "name": "Tiburtina",
                    "rect": [
                        619,
                        233,
                        60,
                        15
                    ],
                    "text_id": 38,
                    "uid": 37
                },
                {
                    "coord": [
                        602,
                        221
                    ],
                    "is_working": true,
                    "name": "Bologna",
                    "rect": [
                        535,
                        198,
                        56,
                        15
                    ],
                    "text_id": 39,
                    "uid": 38
                },
                {
                    "coord": [
                        557,
                        239
                    ],
                    "is_working": true,
                    "name": "Policlinico",
                    "rect": [
                        558,
                        249,
                        70,
                        15
                    ],
                    "text_id": 40,
                    "uid": 39
                },
                {
                    "coord": [
                        528,
                        268
                    ],
                    "is_working": true,
                    "name": "Castro Pretorio",
                    "rect": [
                        540,
                        265,
                        105,
                        15
                    ],
                    "text_id": 41,
                    "uid": 40
                },
                {
                    "coord": [
                        484,
                        312
                    ],
                    "is_working": true,
                    "name": "Termini",
                    "rect": [
                        519,
                        300,
                        46,
                        15
                    ],
                    "text_id": 11,
                    "uid": 41
                },
                {
                    "coord": [
                        464,
                        332
                    ],
                    "is_working": true,
                    "name": "Cavour",
                    "rect": [
                        402,
                        321,
                        49,
                        15
                    ],
                    "text_id": 42,
                    "uid": 42
                },
                {
                    "coord": [
                        436,
                        360
                    ],
                    "is_working": true,
                    "name": "Colosseo",
                    "rect": [
                        363,
                        353,
                        61,
                        15
                    ],
                    "text_id": 43,
                    "uid": 43
                },
                {
                    "coord": [
                        422,
                        425
                    ],
                    "is_working": true,
                    "name": "Circo Massimo",
                    "rect": [
                        434,
                        423,
                        91,
                        15
                    ],
                    "text_id": 44,
                    "uid": 44
                },
                {
                    "coord": [
                        408,
                        476
                    ],
                    "is_working": true,
                    "name": "Piramide",
                    "rect": [
                        421,
                        468,
                        55,
                        15
                    ],
                    "text_id": 45,
                    "uid": 45
                },
                {
                    "coord": [
                        408,
                        564
                    ],
                    "is_working": true,
                    "name": "Garbatella",
                    "rect": [
                        421,
                        557,
                        75,
                        15
                    ],
                    "text_id": 46,
                    "uid": 46
                },
                {
                    "coord": [
                        408,
                        606
                    ],
                    "is_working": true,
                    "name": "Basilica San Paolo",
                    "rect": [
                        421,
                        599,
                        119,
                        15
                    ],
                    "text_id": 47,
                    "uid": 47
                },
                {
                    "coord": [
                        358,
                        668
                    ],
                    "is_working": true,
                    "name": "Marconi",
                    "rect": [
                        371,
                        664,
                        54,
                        15
                    ],
                    "text_id": 48,
                    "uid": 48
                },
                {
                    "coord": [
                        308,
                        718
                    ],
                    "is_working": true,
                    "name": "Eur Magliana",
                    "rect": [
                        320,
                        715,
                        86,
                        15
                    ],
                    "text_id": 49,
                    "uid": 49
                },
                {
                    "coord": [
                        308,
                        764
                    ],
                    "is_working": true,
                    "name": "Eur Palasport",
                    "rect": [
                        320,
                        752,
                        93,
                        15
                    ],
                    "text_id": 50,
                    "uid": 50
                },
                {
                    "coord": [
                        340,
                        784
                    ],
                    "is_working": true,
                    "name": "Eur Fermi",
                    "rect": [
                        312,
                        795,
                        61,
                        15
                    ],
                    "text_id": 51,
                    "uid": 51
                },
                {
                    "coord": [
                        388,
                        784
                    ],
                    "is_working": true,
                    "name": "Laurentina",
                    "rect": [
                        400,
                        777,
                        72,
                        15
                    ],
                    "text_id": 52,
                    "uid": 52
                }
            ],
            "text_id": 53
        },
        {
            "labels_bg_color": "-1",
            "labels_color": "008700",
            "line_color": "008700",
            "line_width": 11,
            "name": "C",
            "segments": [
                [
                    53,
                    54,
                    [
                        [
                            629,
                            408
                        ],
                        [
                            597,
                            408
                        ]
                    ],
                    true
                ],
                [
                    54,
                    55,
                    [
                        [
                            663,
                            408
                        ],
                        [
                            629,
                            408
                        ]
                    ],
                    true
                ],
                [
                    55,
                    56,
                    [
                        [
                            697,
                            408
                        ],
                        [
                            663,
                            408
                        ]
                    ],
                    true
                ],
                [
                    56,
                    57,
                    [
                        [
                            713,
                            424
                        ],
                        [
                            697,
                            408
                        ]
                    ],
                    true
                ],
                [
                    57,
                    58,
                    [
                        [
                            729,
                            440
                        ],
                        [
                            713,
                            424
                        ]
                    ],
                    true
                ],
                [
                    58,
                    59,
                    [
                        [
                            747,
                            458
                        ],
                        [
                            729,
                            440
                        ]
                    ],
                    true
                ],
                [
                    59,
                    60,
                    [
                        [
                            762,
                            473
                        ],
                        [
                            747,
                            458
                        ]
                    ],
                    true
                ],
                [
                    60,
                    61,
                    [
                        [
                            777,
                            488
                        ],
                        [
                            762,
                            473
                        ]
                    ],
                    true
                ],
                [
                    61,
                    62,
                    [
                        [
                            798,
                            488
                        ],
                        [
                            777,
                            488
                        ]
                    ],
                    true
                ],
                [
                    62,
                    63,
                    [
                        [
                            819,
                            488
                        ],
                        [
                            798,
                            488
                        ]
                    ],
                    true
                ],
                [
                    63,
                    64,
                    [
                        [
                            840,
                            488
                        ],
                        [
                            819,
                            488
                        ]
                    ],
                    true
                ],
                [
                    64,
                    65,
                    [
                        [
                            856,
                            504
                        ],
                        [
                            840,
                            488
                        ]
                    ],
                    true
                ],
                [
                    65,
                    66,
                    [
                        [
                            877,
                            504
                        ],
                        [
                            856,
                            504
                        ]
                    ],
                    true
                ],
                [
                    66,
                    67,
                    [
                        [
                            898,
                            504
                        ],
                        [
                            877,
                            504
                        ]
                    ],
                    true
                ],
                [
                    67,
                    68,
                    [
                        [
                            919,
                            504
                        ],
                        [
                            898,
                            504
                        ]
                    ],
                    true
                ],
                [
                    68,
                    69,
                    [
                        [
                            940,
                            504
                        ],
                        [
                            919,
                            504
                        ]
                    ],
                    true
                ],
                [
                    69,
                    70,
                    [
                        [
                            961,
                            504
                        ],
                        [
                            940,
                            504
                        ]
                    ],
                    true
                ],
                [
                    70,
                    71,
                    [
                        [
                            982,
                            504
                        ],
                        [
                            961,
                            504
                        ]
                    ],
                    true
                ],
                [
                    71,
                    72,
                    [
                        [
                            1003,
                            504
                        ],
                        [
                            982,
                            504
                        ]
                    ],
                    true
                ],
                [
                    72,
                    73,
                    [
                        [
                            1024,
                            504
                        ],
                        [
                            1003,
                            504
                        ]
                    ],
                    true
                ]
            ],
            "stations": [
                {
                    "coord": [
                        597,
                        408
                    ],
                    "is_working": true,
                    "name": "Lodi",
                    "rect": [
                        589,
                        370,
                        15,
                        27
                    ],
                    "text_id": 54,
                    "uid": 53
                },
                {
                    "coord": [
                        629,
                        408
                    ],
                    "is_working": true,
                    "name": "Pigneto",
                    "rect": [
                        621,
                        348,
                        15,
                        49
                    ],
                    "text_id": 55,
                    "uid": 54
                },
                {
                    "coord": [
                        663,
                        408
                    ],
                    "is_working": true,
                    "name": "Malatesta",
                    "rect": [
                        655,
                        330,
                        15,
                        67
                    ],
                    "text_id": 56,
                    "uid": 55
                },
                {
                    "coord": [
                        697,
                        408
                    ],
                    "is_working": true,
                    "name": "Teano",
                    "rect": [
                        689,
                        358,
                        15,
                        39
                    ],
                    "text_id": 57,
                    "uid": 56
                },
                {
                    "coord": [
                        713,
                        424
                    ],
                    "is_working": true,
                    "name": "Gardenie",
                    "rect": [
                        709,
                        353,
                        15,
                        59
                    ],
                    "text_id": 58,
                    "uid": 57
                },
                {
                    "coord": [
                        729,
                        440
                    ],
                    "is_working": true,
                    "name": "Mirti",
                    "rect": [
                        725,
                        397,
                        15,
                        31
                    ],
                    "text_id": 59,
                    "uid": 58
                },
                {
                    "coord": [
                        747,
                        458
                    ],
                    "is_working": true,
                    "name": "Parco di Centocelle",
                    "rect": [
                        743,
                        317,
                        15,
                        129
                    ],
                    "text_id": 60,
                    "uid": 59
                },
                {
                    "coord": [
                        762,
                        473
                    ],
                    "is_working": true,
                    "name": "Alessandrino",
                    "rect": [
                        758,
                        373,
                        15,
                        88
                    ],
                    "text_id": 61,
                    "uid": 60
                },
                {
                    "coord": [
                        777,
                        488
                    ],
                    "is_working": true,
                    "name": "Torre Spaccata",
                    "rect": [
                        773,
                        374,
                        15,
                        102
                    ],
                    "text_id": 62,
                    "uid": 61
                },
                {
                    "coord": [
                        798,
                        488
                    ],
                    "is_working": true,
                    "name": "Torre Maura",
                    "rect": [
                        791,
                        393,
                        15,
                        83
                    ],
                    "text_id": 63,
                    "uid": 62
                },
                {
                    "coord": [
                        819,
                        488
                    ],
                    "is_working": true,
                    "name": "Giardinetti",
                    "rect": [
                        812,
                        406,
                        15,
                        70
                    ],
                    "text_id": 64,
                    "uid": 63
                },
                {
                    "coord": [
                        840,
                        488
                    ],
                    "is_working": true,
                    "name": "Torrenova",
                    "rect": [
                        833,
                        406,
                        15,
                        70
                    ],
                    "text_id": 65,
                    "uid": 64
                },
                {
                    "coord": [
                        856,
                        504
                    ],
                    "is_working": true,
                    "name": "Torre Angela",
                    "rect": [
                        852,
                        405,
                        15,
                        87
                    ],
                    "text_id": 66,
                    "uid": 65
                },
                {
                    "coord": [
                        877,
                        504
                    ],
                    "is_working": true,
                    "name": "Torre Gaia",
                    "rect": [
                        870,
                        423,
                        15,
                        69
                    ],
                    "text_id": 67,
                    "uid": 66
                },
                {
                    "coord": [
                        898,
                        504
                    ],
                    "is_working": true,
                    "name": "Grotte Celoni",
                    "rect": [
                        890,
                        404,
                        15,
                        88
                    ],
                    "text_id": 68,
                    "uid": 67
                },
                {
                    "coord": [
                        919,
                        504
                    ],
                    "is_working": true,
                    "name": "Due Leoni-Fontana Candida",
                    "rect": [
                        911,
                        323,
                        15,
                        169
                    ],
                    "text_id": 69,
                    "uid": 68
                },
                {
                    "coord": [
                        940,
                        504
                    ],
                    "is_working": true,
                    "name": "Borghesiana",
                    "rect": [
                        932,
                        409,
                        15,
                        83
                    ],
                    "text_id": 70,
                    "uid": 69
                },
                {
                    "coord": [
                        961,
                        504
                    ],
                    "is_working": true,
                    "name": "Bolognetta",
                    "rect": [
                        953,
                        417,
                        15,
                        75
                    ],
                    "text_id": 71,
                    "uid": 70
                },
                {
                    "coord": [
                        982,
                        504
                    ],
                    "is_working": true,
                    "name": "Finocchio",
                    "rect": [
                        974,
                        430,
                        15,
                        62
                    ],
                    "text_id": 72,
                    "uid": 71
                },
                {
                    "coord": [
                        1003,
                        504
                    ],
                    "is_working": true,
                    "name": "Graniti",
                    "rect": [
                        995,
                        446,
                        15,
                        46
                    ],
                    "text_id": 73,
                    "uid": 72
                },
                {
                    "coord": [
                        1024,
                        504
                    ],
                    "is_working": true,
                    "name": "Monte Compatri-Pantano",
                    "rect": [
                        1016,
                        336,
                        15,
                        156
                    ],
                    "text_id": 74,
                    "uid": 73
                }
            ],
            "text_id": 75
        }
    ],
    "lines_width": 11,
    "name": "metro",
    "name_text_id": 76,
    "stations_diameter": 18.0,
    "transfers": [
        [
            11,
            41,
            [
                503,
                312
            ],
            [
                484,
                312
            ]
        ]
    ],
    "transports": [
        "metro"
    ],
    "type_name": "ROOT",
    "type_text_id": 77,
    "upper_case": true,
    "width": 1174,
    "word_wrap": false
}