{
    "default_transports": [
        "metro"
    ],
    "height": 565,
    "images": [
        "res/schemes/railway.svg"
    ],
    "is_vector": true,
    "lines": [
        {
            "labels_bg_color": "-1",
            "labels_color": "000000",
            "line_color": "FF6300",
            "line_width": 9,
            "name": "A",
            "segments": [],
            "stations": [
                {
                    "coord": null,
                    "is_working": true,
                    "name": "Battistini",
                    "rect": null,
                    "text_id": 0,
                    "uid": 0
                },
                {
                    "coord": null,
                    "is_working": true,
                    "name": "Cornelia",
                    "rect": null,
                    "text_id": 1,
                    "uid": 1
                },
                {
                    "coord": null,
                    "is_working": true,
                    "name": "Baldo degli Ubaldi",
                    "rect": null,
                    "text_id": 2,
                    "uid": 2
                },
                {
                    "coord": [
                        220,
                        191
                    ],
                    "is_working": true,
                    "name": "Valle Aurelia",
                    "rect": [
                        235,
                        191,
                        50,
                        10
                    ],
                    "text_id": 3,
                    "uid": 3
                },
                {
                    "coord": null,
                    "is_working": true,
                    "name": "Cipro - Musei Vaticani",
                    "rect": null,
                    "text_id": 4,
                    "uid": 4
                },
                {
                    "coord": null,
                    "is_working": true,
                    "name": "Ottaviano S.Pietro",
                    "rect": null,
                    "text_id": 5,
                    "uid": 5
                },
                {
                    "coord": null,
                    "is_working": true,
                    "name": "Lepanto",
                    "rect": null,
                    "text_id": 6,
                    "uid": 6
                },
                {
                    "coord": [
                        376,
                        252
                    ],
                    "is_working": true,
                    "name": "Flaminio",
                    "rect": [
                        390,
                        252,
                        50,
                        10
                    ],
                    "text_id": 7,
                    "uid": 7
                },
                {
                    "coord": null,
                    "is_working": true,
                    "name": "Piazza di Spagna",
                    "rect": null,
                    "text_id": 8,
                    "uid": 8
                },
                {
                    "coord": null,
                    "is_working": true,
                    "name": "Barberini",
                    "rect": null,
                    "text_id": 9,
                    "uid": 9
                },
                {
                    "coord": null,
                    "is_working": true,
                    "name": "Repubblica",
                    "rect": null,
                    "text_id": 10,
                    "uid": 10
                },
                {
                    "coord": [
                        474,
                        219
                    ],
                    "is_working": true,
                    "name": "Termini",
                    "rect": null,
                    "text_id": 11,
                    "uid": 11
                },
                {
                    "coord": null,
                    "is_working": true,
                    "name": "Vittorio Emanuele",
                    "rect": null,
                    "text_id": 12,
                    "uid": 12
                },
                {
                    "coord": null,
                    "is_working": true,
                    "name": "Manzoni",
                    "rect": null,
                    "text_id": 13,
                    "uid": 13
                },
                {
                    "coord": null,
                    "is_working": true,
                    "name": "San Giovani",
                    "rect": null,
                    "text_id": 14,
                    "uid": 14
                },
                {
                    "coord": null,
                    "is_working": true,
                    "name": "Re di Roma",
                    "rect": null,
                    "text_id": 15,
                    "uid": 15
                },
                {
                    "coord": [
                        533,
                        297
                    ],
                    "is_working": true,
                    "name": "Ponte Lungo",
                    "rect": [
                        457,
                        273,
                        50,
                        10
                    ],
                    "text_id": 16,
                    "uid": 16
                },
                {
                    "coord": null,
                    "is_working": true,
                    "name": "Furio Camillo",
                    "rect": null,
                    "text_id": 17,
                    "uid": 17
                },
                {
                    "coord": null,
                    "is_working": true,
                    "name": "Colli Albani",
                    "rect": null,
                    "text_id": 18,
                    "uid": 18
                },
                {
                    "coord": null,
                    "is_working": true,
                    "name": "Arco di Travertino",
                    "rect": null,
                    "text_id": 19,
                    "uid": 19
                },
                {
                    "coord": null,
                    "is_working": true,
                    "name": "Porta Furba - Quadraro",
                    "rect": null,
                    "text_id": 20,
                    "uid": 20
                },
                {
                    "coord": null,
                    "is_working": true,
                    "name": "Numidio Quadrato",
                    "rect": null,
                    "text_id": 21,
                    "uid": 21
                },
                {
                    "coord": null,
                    "is_working": true,
                    "name": "Lucio Sestio",
                    "rect": null,
                    "text_id": 22,
                    "uid": 22
                },
                {
                    "coord": null,
                    "is_working": true,
                    "name": "Giuglio Agricola",
                    "rect": null,
                    "text_id": 23,
                    "uid": 23
                },
                {
                    "coord": null,
                    "is_working": true,
                    "name": "Subaugusta",
                    "rect": null,
                    "text_id": 24,
                    "uid": 24
                },
                {
                    "coord": null,
                    "is_working": true,
                    "name": "Cinecitta",
                    "rect": null,
                    "text_id": 25,
                    "uid": 25
                },
                {
                    "coord": null,
                    "is_working": true,
                    "name": "Anagnina",
                    "rect": null,
                    "text_id": 26,
                    "uid": 26
                }
            ],
            "text_id": 27
        },
        {
            "labels_bg_color": "-1",
            "labels_color": "000000",
            "line_color": "8787FD",
            "line_width": 9,
            "name": "B",
            "segments": [],
            "stations": [
                {
                    "coord": null,
                    "is_working": true,
                    "name": "Jonio",
                    "rect": null,
                    "text_id": 28,
                    "uid": 27
                },
                {
                    "coord": null,
                    "is_working": true,
                    "name": "Conca d'Oro",
                    "rect": null,
                    "text_id": 29,
                    "uid": 28
                },
                {
                    "coord": null,
                    "is_working": true,
                    "name": "Libia",
                    "rect": null,
                    "text_id": 30,
                    "uid": 29
                },
                {
                    "coord": null,
                    "is_working": true,
                    "name": "Annibaliano",
                    "rect": null,
                    "text_id": 31,
                    "uid": 30
                },
                {
                    "coord": null,
                    "is_working": true,
                    "name": "Rebibbia",
                    "rect": null,
                    "text_id": 32,
                    "uid": 31
                },
                {
                    "coord": null,
                    "is_working": true,
                    "name": "Ponte Mammolo",
                    "rect": null,
                    "text_id": 33,
                    "uid": 32
                },
                {
                    "coord": [
                        617,
                        211
                    ],
                    "is_working": true,
                    "name": "Santa Maria del Soccorso",
                    "rect": null,
                    "text_id": 34,
                    "uid": 33
                },
                {
                    "coord": null,
                    "is_working": true,
                    "name": "Pietralata",
                    "rect": null,
                    "text_id": 35,
                    "uid": 34
                },
                {
                    "coord": null,
                    "is_working": true,
                    "name": "Monti Tiburtini",
                    "rect": null,
                    "text_id": 36,
                    "uid": 35
                },
                {
                    "coord": null,
                    "is_working": true,
                    "name": "Quintiliani",
                    "rect": null,
                    "text_id": 37,
                    "uid": 36
                },
                {
                    "coord": [
                        482,
                        227
                    ],
                    "is_working": true,
                    "name": "Tiburtina",
                    "rect": null,
                    "text_id": 38,
                    "uid": 37
                },
                {
                    "coord": null,
                    "is_working": true,
                    "name": "Bologna",
                    "rect": null,
                    "text_id": 39,
                    "uid": 38
                },
                {
                    "coord": null,
                    "is_working": true,
                    "name": "Policlinico",
                    "rect": null,
                    "text_id": 40,
                    "uid": 39
                },
                {
                    "coord": null,
                    "is_working": true,
                    "name": "Castro Pretorio",
                    "rect": null,
                    "text_id": 41,
                    "uid": 40
                },
                {
                    "coord": [
                        365,
                        332
                    ],
                    "is_working": true,
                    "name": "Termini",
                    "rect": [
                        372,
                        344,
                        50,
                        10
                    ],
                    "text_id": 11,
                    "uid": 41
                },
                {
                    "coord": null,
                    "is_working": true,
                    "name": "Cavour",
                    "rect": null,
                    "text_id": 42,
                    "uid": 42
                },
                {
                    "coord": [
                        363,
                        369
                    ],
                    "is_working": true,
                    "name": "Colosseo",
                    "rect": null,
                    "text_id": 43,
                    "uid": 43
                },
                {
                    "coord": null,
                    "is_working": true,
                    "name": "Circo Massimo",
                    "rect": null,
                    "text_id": 44,
                    "uid": 44
                },
                {
                    "coord": [
                        364,
                        415
                    ],
                    "is_working": true,
                    "name": "Piramide",
                    "rect": null,
                    "text_id": 45,
                    "uid": 45
                },
                {
                    "coord": null,
                    "is_working": true,
                    "name": "Garbatella",
                    "rect": null,
                    "text_id": 46,
                    "uid": 46
                },
                {
                    "coord": null,
                    "is_working": true,
                    "name": "Basilica San Paolo",
                    "rect": null,
                    "text_id": 47,
                    "uid": 47
                },
                {
                    "coord": null,
                    "is_working": true,
                    "name": "Marconi",
                    "rect": null,
                    "text_id": 48,
                    "uid": 48
                },
                {
                    "coord": null,
                    "is_working": true,
                    "name": "Eur Magliana",
                    "rect": null,
                    "text_id": 49,
                    "uid": 49
                },
                {
                    "coord": null,
                    "is_working": true,
                    "name": "Eur Palasport",
                    "rect": null,
                    "text_id": 50,
                    "uid": 50
                },
                {
                    "coord": null,
                    "is_working": true,
                    "name": "Eur Fermi",
                    "rect": null,
                    "text_id": 51,
                    "uid": 51
                },
                {
                    "coord": null,
                    "is_working": true,
                    "name": "Laurentina",
                    "rect": null,
                    "text_id": 52,
                    "uid": 52
                }
            ],
            "text_id": 53
        }
    ],
    "lines_width": 9,
    "name": "railway",
    "name_text_id": 79,
    "stations_diameter": 16.0,
    "transfers": [
        [
            11,
            41,
            [
                474,
                219
            ],
            [
                365,
                332
            ]
        ]
    ],
    "transports": [
        "metro"
    ],
    "type_name": "ROOT",
    "type_text_id": 77,
    "upper_case": true,
    "width": 767,
    "word_wrap": true
}