{
    "lines": [
        {
            "delays": [
                300,
                600
            ],
            "name": "Didube-Samgorskaya",
            "scheme": null,
            "segments": [
                [
                    0,
                    1,
                    120
                ],
                [
                    1,
                    0,
                    120
                ],
                [
                    1,
                    2,
                    120
                ],
                [
                    2,
                    1,
                    120
                ],
                [
                    2,
                    3,
                    120
                ],
                [
                    3,
                    2,
                    120
                ],
                [
                    3,
                    4,
                    120
                ],
                [
                    4,
                    3,
                    120
                ],
                [
                    4,
                    5,
                    120
                ],
                [
                    5,
                    4,
                    120
                ],
                [
                    5,
                    6,
                    120
                ],
                [
                    6,
                    5,
                    120
                ],
                [
                    6,
                    7,
                    120
                ],
                [
                    7,
                    6,
                    120
                ],
                [
                    7,
                    8,
                    120
                ],
                [
                    8,
                    7,
                    120
                ],
                [
                    8,
                    9,
                    120
                ],
                [
                    9,
                    8,
                    120
                ],
                [
                    9,
                    10,
                    120
                ],
                [
                    10,
                    9,
                    120
                ],
                [
                    10,
                    11,
                    120
                ],
                [
                    11,
                    10,
                    120
                ],
                [
                    11,
                    12,
                    120
                ],
                [
                    12,
                    11,
                    120
                ],
                [
                    12,
                    13,
                    120
                ],
                [
                    13,
                    12,
                    120
                ],
                [
                    13,
                    14,
                    120
                ],
                [
                    14,
                    13,
                    120
                ],
                [
                    14,
                    15,
                    120
                ],
                [
                    15,
                    14,
                    120
                ]
            ],
            "stations": [
                [
                    0,
                    "axmetelis Teatri",
                    0
                ],
                [
                    1,
                    "sarajiSvili",
                    1
                ],
                [
                    2,
                    "guramiSvili",
                    2
                ],
                [
                    3,
                    "RrmaRele",
                    3
                ],
                [
                    4,
                    "didube",
                    4
                ],
                [
                    5,
                    "elektrodepo",
                    5
                ],
                [
                    6,
                    "naZaladevi",
                    6
                ],
                [
                    7,
                    "vagzlis moedani",
                    7
                ],
                [
                    8,
                    "marjaniSvili",
                    8
                ],
                [
                    9,
                    "rustaveli",
                    9
                ],
                [
                    10,
                    "Taisuflebis moedani",
                    10
                ],
                [
                    11,
                    "avlabari",
                    11
                ],
                [
                    12,
                    "300 aragveli",
                    12
                ],
                [
                    13,
                    "iSani",
                    13
                ],
                [
                    14,
                    "samgori",
                    14
                ],
                [
                    15,
                    "varkeTili",
                    15
                ]
            ],
            "text_id": 16
        },
        {
            "delays": [
                300,
                600
            ],
            "name": "Saburtalinskaya",
            "scheme": null,
            "segments": [
                [
                    16,
                    17,
                    120
                ],
                [
                    17,
                    16,
                    120
                ],
                [
                    17,
                    18,
                    120
                ],
                [
                    18,
                    17,
                    120
                ],
                [
                    18,
                    19,
                    120
                ],
                [
                    19,
                    18,
                    120
                ],
                [
                    19,
                    20,
                    120
                ],
                [
                    20,
                    19,
                    120
                ]
            ],
            "stations": [
                [
                    16,
                    "vagzlis moedani",
                    7
                ],
                [
                    17,
                    "wereTlis gamziri",
                    17
                ],
                [
                    18,
                    "teqnikuri universiteti",
                    18
                ],
                [
                    19,
                    "samedicino instituti",
                    19
                ],
                [
                    20,
                    "delisi",
                    20
                ]
            ],
            "text_id": 21
        },
        {
            "delays": [
                600,
                720
            ],
            "name": "Saburtalinskaya-1",
            "scheme": null,
            "segments": [
                [
                    21,
                    22,
                    180
                ],
                [
                    22,
                    21,
                    180
                ]
            ],
            "stations": [
                [
                    21,
                    "delisi",
                    20
                ],
                [
                    22,
                    "vazha pshavela",
                    22
                ]
            ],
            "text_id": 21
        }
    ],
    "name": "metro",
    "transfers": [
        [
            7,
            16,
            120,
            true
        ],
        [
            20,
            21,
            0,
            true
        ]
    ],
    "type_name": "Метро"
}