{
    "lines": [
        {
            "delays": [],
            "name": "1",
            "scheme": null,
            "segments": [
                [
                    0,
                    1,
                    120
                ],
                [
                    1,
                    0,
                    120
                ],
                [
                    1,
                    2,
                    120
                ],
                [
                    2,
                    1,
                    120
                ],
                [
                    2,
                    3,
                    120
                ],
                [
                    3,
                    2,
                    120
                ],
                [
                    3,
                    4,
                    120
                ],
                [
                    4,
                    3,
                    120
                ],
                [
                    4,
                    5,
                    120
                ],
                [
                    5,
                    4,
                    120
                ],
                [
                    5,
                    6,
                    120
                ],
                [
                    6,
                    5,
                    120
                ],
                [
                    6,
                    7,
                    120
                ],
                [
                    7,
                    6,
                    120
                ],
                [
                    7,
                    8,
                    120
                ],
                [
                    8,
                    7,
                    120
                ],
                [
                    8,
                    9,
                    120
                ],
                [
                    9,
                    8,
                    120
                ],
                [
                    9,
                    10,
                    120
                ],
                [
                    10,
                    9,
                    120
                ],
                [
                    10,
                    11,
                    120
                ],
                [
                    11,
                    10,
                    120
                ],
                [
                    11,
                    12,
                    120
                ],
                [
                    12,
                    11,
                    120
                ],
                [
                    12,
                    13,
                    120
                ],
                [
                    13,
                    12,
                    120
                ],
                [
                    13,
                    14,
                    120
                ],
                [
                    14,
                    13,
                    120
                ],
                [
                    14,
                    15,
                    120
                ],
                [
                    15,
                    14,
                    120
                ]
            ],
            "stations": [
                [
                    0,
                    "Guangzhou East Railway Station",
                    0
                ],
                [
                    1,
                    "Tianhe Sports Center",
                    1
                ],
                [
                    2,
                    "Tiyu Xilu",
                    2
                ],
                [
                    3,
                    "Yangji",
                    3
                ],
                [
                    4,
                    "Dongshankou",
                    4
                ],
                [
                    5,
                    "Martyrs' Park",
                    5
                ],
                [
                    6,
                    "Peasant Movement Institute",
                    6
                ],
                [
                    7,
                    "Gongyuanqian",
                    7
                ],
                [
                    8,
                    "Ximenkou",
                    8
                ],
                [
                    9,
                    "Chen Clan Academy",
                    9
                ],
                [
                    10,
                    "Changshou Lu",
                    10
                ],
                [
                    11,
                    "Huangsha",
                    11
                ],
                [
                    12,
                    "Fangcun",
                    12
                ],
                [
                    13,
                    "Huadiwan",
                    13
                ],
                [
                    14,
                    "Kengkou",
                    14
                ],
                [
                    15,
                    "Xilang",
                    15
                ]
            ],
            "text_id": 16
        },
        {
            "delays": [],
            "name": "2",
            "scheme": null,
            "segments": [
                [
                    16,
                    17,
                    120
                ],
                [
                    17,
                    16,
                    120
                ],
                [
                    17,
                    18,
                    120
                ],
                [
                    18,
                    17,
                    120
                ],
                [
                    18,
                    19,
                    120
                ],
                [
                    19,
                    18,
                    120
                ],
                [
                    19,
                    20,
                    120
                ],
                [
                    20,
                    19,
                    120
                ],
                [
                    20,
                    21,
                    120
                ],
                [
                    21,
                    20,
                    120
                ],
                [
                    21,
                    22,
                    120
                ],
                [
                    22,
                    21,
                    120
                ],
                [
                    22,
                    23,
                    120
                ],
                [
                    23,
                    22,
                    120
                ],
                [
                    23,
                    24,
                    120
                ],
                [
                    24,
                    23,
                    120
                ],
                [
                    24,
                    25,
                    120
                ],
                [
                    25,
                    24,
                    120
                ],
                [
                    25,
                    26,
                    120
                ],
                [
                    26,
                    25,
                    120
                ],
                [
                    26,
                    27,
                    120
                ],
                [
                    27,
                    26,
                    120
                ],
                [
                    27,
                    28,
                    120
                ],
                [
                    28,
                    27,
                    120
                ],
                [
                    28,
                    29,
                    120
                ],
                [
                    29,
                    28,
                    120
                ],
                [
                    29,
                    30,
                    120
                ],
                [
                    30,
                    29,
                    120
                ],
                [
                    30,
                    31,
                    120
                ],
                [
                    31,
                    30,
                    120
                ],
                [
                    31,
                    32,
                    120
                ],
                [
                    32,
                    31,
                    120
                ],
                [
                    32,
                    33,
                    120
                ],
                [
                    33,
                    32,
                    120
                ],
                [
                    33,
                    34,
                    120
                ],
                [
                    34,
                    33,
                    120
                ],
                [
                    34,
                    35,
                    120
                ],
                [
                    35,
                    34,
                    120
                ],
                [
                    35,
                    36,
                    120
                ],
                [
                    36,
                    35,
                    120
                ],
                [
                    36,
                    37,
                    120
                ],
                [
                    37,
                    36,
                    120
                ],
                [
                    37,
                    38,
                    120
                ],
                [
                    38,
                    37,
                    120
                ],
                [
                    38,
                    39,
                    120
                ],
                [
                    39,
                    38,
                    120
                ]
            ],
            "stations": [
                [
                    16,
                    "Jiahewanggang",
                    17
                ],
                [
                    17,
                    "Huangbian",
                    18
                ],
                [
                    18,
                    "Jiangxia",
                    19
                ],
                [
                    19,
                    "Xiao-gang",
                    20
                ],
                [
                    20,
                    "Baiyun Cultural Square",
                    21
                ],
                [
                    21,
                    "Baiyun Park",
                    22
                ],
                [
                    22,
                    "Feixiang Park",
                    23
                ],
                [
                    23,
                    "Sanyuanli",
                    24
                ],
                [
                    24,
                    "Guangzhou Railway Station",
                    25
                ],
                [
                    25,
                    "Yuexiu Park",
                    26
                ],
                [
                    26,
                    "Sun Yat-sen Memorial Hall",
                    27
                ],
                [
                    27,
                    "Gongyuanqian",
                    7
                ],
                [
                    28,
                    "Haizhu Square",
                    28
                ],
                [
                    29,
                    "The 2nd Workers' Cultural Palace",
                    29
                ],
                [
                    30,
                    "Jiangnanxi",
                    30
                ],
                [
                    31,
                    "Changgang",
                    31
                ],
                [
                    32,
                    "Jiangtai Lu",
                    32
                ],
                [
                    33,
                    "Dongxiaonan",
                    33
                ],
                [
                    34,
                    "Nanzhou",
                    34
                ],
                [
                    35,
                    "Luoxi",
                    35
                ],
                [
                    36,
                    "Nanpu",
                    36
                ],
                [
                    37,
                    "Huijiang",
                    37
                ],
                [
                    38,
                    "Shibi",
                    38
                ],
                [
                    39,
                    "Guangzhou South Railway Station",
                    39
                ]
            ],
            "text_id": 40
        },
        {
            "delays": [],
            "name": "3",
            "scheme": null,
            "segments": [
                [
                    40,
                    41,
                    120
                ],
                [
                    41,
                    40,
                    120
                ],
                [
                    41,
                    42,
                    120
                ],
                [
                    42,
                    41,
                    120
                ],
                [
                    42,
                    43,
                    120
                ],
                [
                    43,
                    42,
                    120
                ],
                [
                    43,
                    44,
                    120
                ],
                [
                    44,
                    43,
                    120
                ],
                [
                    44,
                    45,
                    120
                ],
                [
                    45,
                    44,
                    120
                ],
                [
                    45,
                    46,
                    120
                ],
                [
                    45,
                    69,
                    120
                ],
                [
                    46,
                    45,
                    120
                ],
                [
                    46,
                    47,
                    120
                ],
                [
                    47,
                    46,
                    120
                ],
                [
                    47,
                    48,
                    120
                ],
                [
                    48,
                    47,
                    120
                ],
                [
                    48,
                    49,
                    120
                ],
                [
                    49,
                    48,
                    120
                ],
                [
                    49,
                    50,
                    120
                ],
                [
                    50,
                    49,
                    120
                ],
                [
                    50,
                    51,
                    120
                ],
                [
                    51,
                    50,
                    120
                ],
                [
                    51,
                    52,
                    120
                ],
                [
                    52,
                    51,
                    120
                ],
                [
                    52,
                    53,
                    120
                ],
                [
                    53,
                    52,
                    120
                ],
                [
                    53,
                    54,
                    120
                ],
                [
                    54,
                    53,
                    120
                ],
                [
                    54,
                    55,
                    120
                ],
                [
                    55,
                    54,
                    120
                ],
                [
                    56,
                    57,
                    null
                ],
                [
                    57,
                    56,
                    null
                ],
                [
                    57,
                    58,
                    null
                ],
                [
                    57,
                    59,
                    120
                ],
                [
                    58,
                    57,
                    null
                ],
                [
                    58,
                    59,
                    0
                ],
                [
                    59,
                    57,
                    120
                ],
                [
                    59,
                    58,
                    null
                ],
                [
                    59,
                    60,
                    120
                ],
                [
                    60,
                    59,
                    120
                ],
                [
                    60,
                    61,
                    120
                ],
                [
                    61,
                    60,
                    120
                ],
                [
                    61,
                    62,
                    120
                ],
                [
                    62,
                    61,
                    120
                ],
                [
                    62,
                    63,
                    120
                ],
                [
                    63,
                    62,
                    120
                ],
                [
                    63,
                    64,
                    120
                ],
                [
                    64,
                    63,
                    120
                ],
                [
                    64,
                    65,
                    120
                ],
                [
                    65,
                    64,
                    120
                ],
                [
                    65,
                    66,
                    120
                ],
                [
                    66,
                    65,
                    120
                ],
                [
                    66,
                    67,
                    120
                ],
                [
                    67,
                    66,
                    120
                ],
                [
                    67,
                    68,
                    120
                ],
                [
                    68,
                    67,
                    120
                ],
                [
                    68,
                    69,
                    120
                ],
                [
                    69,
                    45,
                    120
                ],
                [
                    69,
                    68,
                    120
                ]
            ],
            "stations": [
                [
                    40,
                    "Tianhe Coach Terminal",
                    41
                ],
                [
                    41,
                    "Wushan",
                    42
                ],
                [
                    42,
                    "South China Normal University",
                    43
                ],
                [
                    43,
                    "Gangding",
                    44
                ],
                [
                    44,
                    "Shipaiqiao",
                    45
                ],
                [
                    45,
                    "Tiyu Xilu",
                    2
                ],
                [
                    46,
                    "Zhujiang New Town",
                    46
                ],
                [
                    47,
                    "Chigang Pagoda",
                    47
                ],
                [
                    48,
                    "Kecun",
                    48
                ],
                [
                    49,
                    "Datang",
                    49
                ],
                [
                    50,
                    "Lijiao",
                    50
                ],
                [
                    51,
                    "Xiajiao",
                    51
                ],
                [
                    52,
                    "Dashi",
                    52
                ],
                [
                    53,
                    "Hanxi Changlong",
                    53
                ],
                [
                    54,
                    "Shiqiao",
                    54
                ],
                [
                    55,
                    "Panyu Square",
                    55
                ],
                [
                    56,
                    "Airport North",
                    56
                ],
                [
                    57,
                    "Airport South",
                    57
                ],
                [
                    58,
                    "Gaozeng",
                    58
                ],
                [
                    59,
                    "Renhe",
                    59
                ],
                [
                    60,
                    "Longgui",
                    60
                ],
                [
                    61,
                    "Jiahewanggang",
                    17
                ],
                [
                    62,
                    "Baiyun Dadao Bei",
                    61
                ],
                [
                    63,
                    "Yongtai",
                    62
                ],
                [
                    64,
                    "Tonghe",
                    63
                ],
                [
                    65,
                    "Jingxi Nanfang Hospital",
                    64
                ],
                [
                    66,
                    "Meihuayuan",
                    65
                ],
                [
                    67,
                    "Yantang",
                    66
                ],
                [
                    68,
                    "Guangzhou East Railway Station",
                    0
                ],
                [
                    69,
                    "Linhexi",
                    67
                ]
            ],
            "text_id": 68
        },
        {
            "delays": [],
            "name": "4",
            "scheme": null,
            "segments": [
                [
                    70,
                    71,
                    0
                ],
                [
                    71,
                    70,
                    0
                ],
                [
                    71,
                    72,
                    0
                ],
                [
                    72,
                    71,
                    0
                ],
                [
                    72,
                    73,
                    0
                ],
                [
                    73,
                    72,
                    0
                ],
                [
                    73,
                    74,
                    0
                ],
                [
                    74,
                    73,
                    0
                ],
                [
                    74,
                    75,
                    0
                ],
                [
                    75,
                    74,
                    0
                ],
                [
                    75,
                    76,
                    120
                ],
                [
                    76,
                    75,
                    120
                ],
                [
                    76,
                    77,
                    120
                ],
                [
                    77,
                    76,
                    120
                ],
                [
                    77,
                    78,
                    120
                ],
                [
                    78,
                    77,
                    120
                ],
                [
                    78,
                    79,
                    120
                ],
                [
                    79,
                    78,
                    120
                ],
                [
                    79,
                    80,
                    120
                ],
                [
                    80,
                    79,
                    120
                ],
                [
                    80,
                    81,
                    120
                ],
                [
                    81,
                    80,
                    120
                ],
                [
                    81,
                    82,
                    120
                ],
                [
                    82,
                    81,
                    120
                ],
                [
                    82,
                    83,
                    null
                ],
                [
                    82,
                    84,
                    120
                ],
                [
                    83,
                    82,
                    null
                ],
                [
                    83,
                    84,
                    0
                ],
                [
                    84,
                    82,
                    120
                ],
                [
                    84,
                    83,
                    null
                ],
                [
                    84,
                    85,
                    120
                ],
                [
                    85,
                    84,
                    120
                ],
                [
                    85,
                    86,
                    120
                ],
                [
                    86,
                    85,
                    120
                ],
                [
                    86,
                    87,
                    120
                ],
                [
                    87,
                    86,
                    120
                ],
                [
                    87,
                    88,
                    null
                ],
                [
                    87,
                    89,
                    120
                ],
                [
                    88,
                    87,
                    null
                ],
                [
                    88,
                    89,
                    0
                ],
                [
                    89,
                    87,
                    120
                ],
                [
                    89,
                    88,
                    null
                ],
                [
                    89,
                    90,
                    120
                ],
                [
                    90,
                    89,
                    120
                ],
                [
                    90,
                    91,
                    120
                ],
                [
                    91,
                    90,
                    120
                ],
                [
                    91,
                    92,
                    120
                ],
                [
                    92,
                    91,
                    120
                ],
                [
                    92,
                    93,
                    0
                ],
                [
                    93,
                    92,
                    0
                ],
                [
                    93,
                    94,
                    0
                ],
                [
                    94,
                    93,
                    0
                ],
                [
                    94,
                    95,
                    0
                ],
                [
                    95,
                    94,
                    0
                ],
                [
                    95,
                    96,
                    0
                ],
                [
                    96,
                    95,
                    0
                ],
                [
                    96,
                    97,
                    0
                ],
                [
                    97,
                    96,
                    0
                ],
                [
                    97,
                    98,
                    0
                ],
                [
                    98,
                    97,
                    0
                ]
            ],
            "stations": [
                [
                    70,
                    "Shuixi",
                    69
                ],
                [
                    71,
                    "Xiangang",
                    70
                ],
                [
                    72,
                    "Science City East",
                    71
                ],
                [
                    73,
                    "Science City West",
                    72
                ],
                [
                    74,
                    "Xiaoxintang",
                    73
                ],
                [
                    75,
                    "Huangcun",
                    74
                ],
                [
                    76,
                    "Chebei",
                    75
                ],
                [
                    77,
                    "Chebeinan",
                    76
                ],
                [
                    78,
                    "Wanshengwei",
                    77
                ],
                [
                    79,
                    "Guanzhou",
                    78
                ],
                [
                    80,
                    "Higher Education Mega Center North",
                    79
                ],
                [
                    81,
                    "Higher Education Mega Center South",
                    80
                ],
                [
                    82,
                    "Xinzao",
                    81
                ],
                [
                    83,
                    "Guanqiao",
                    82
                ],
                [
                    84,
                    "Shiqi",
                    83
                ],
                [
                    85,
                    "Haibang",
                    84
                ],
                [
                    86,
                    "Dichong",
                    85
                ],
                [
                    87,
                    "Dongchong",
                    86
                ],
                [
                    88,
                    "Qingsheng",
                    87
                ],
                [
                    89,
                    "Huangge Auto Center",
                    88
                ],
                [
                    90,
                    "Huangge",
                    89
                ],
                [
                    91,
                    "Jiaomen",
                    90
                ],
                [
                    92,
                    "Jinzhou",
                    91
                ],
                [
                    93,
                    "Dongguayu",
                    92
                ],
                [
                    94,
                    "Hudiezhou",
                    93
                ],
                [
                    95,
                    "Jinmen",
                    94
                ],
                [
                    96,
                    "Nanbeitai",
                    95
                ],
                [
                    97,
                    "Nansha Ferry Terminal",
                    96
                ],
                [
                    98,
                    "Nansha Information Technology Park",
                    97
                ]
            ],
            "text_id": 98
        },
        {
            "delays": [],
            "name": "5",
            "scheme": null,
            "segments": [
                [
                    99,
                    100,
                    120
                ],
                [
                    100,
                    99,
                    120
                ],
                [
                    100,
                    101,
                    120
                ],
                [
                    101,
                    100,
                    120
                ],
                [
                    101,
                    102,
                    120
                ],
                [
                    102,
                    101,
                    120
                ],
                [
                    102,
                    103,
                    120
                ],
                [
                    103,
                    102,
                    120
                ],
                [
                    103,
                    104,
                    120
                ],
                [
                    104,
                    103,
                    120
                ],
                [
                    104,
                    105,
                    120
                ],
                [
                    105,
                    104,
                    120
                ],
                [
                    105,
                    106,
                    120
                ],
                [
                    106,
                    105,
                    120
                ],
                [
                    106,
                    107,
                    120
                ],
                [
                    107,
                    106,
                    120
                ],
                [
                    107,
                    108,
                    120
                ],
                [
                    108,
                    107,
                    120
                ],
                [
                    108,
                    109,
                    120
                ],
                [
                    109,
                    108,
                    120
                ],
                [
                    109,
                    110,
                    120
                ],
                [
                    110,
                    109,
                    120
                ],
                [
                    110,
                    111,
                    120
                ],
                [
                    111,
                    110,
                    120
                ],
                [
                    111,
                    112,
                    120
                ],
                [
                    112,
                    111,
                    120
                ],
                [
                    112,
                    113,
                    120
                ],
                [
                    113,
                    112,
                    120
                ],
                [
                    113,
                    114,
                    120
                ],
                [
                    114,
                    113,
                    120
                ],
                [
                    114,
                    115,
                    120
                ],
                [
                    115,
                    114,
                    120
                ],
                [
                    115,
                    116,
                    120
                ],
                [
                    116,
                    115,
                    120
                ],
                [
                    116,
                    117,
                    120
                ],
                [
                    117,
                    116,
                    120
                ],
                [
                    117,
                    118,
                    120
                ],
                [
                    118,
                    117,
                    120
                ],
                [
                    118,
                    119,
                    120
                ],
                [
                    119,
                    118,
                    120
                ],
                [
                    119,
                    120,
                    120
                ],
                [
                    120,
                    119,
                    120
                ],
                [
                    120,
                    121,
                    120
                ],
                [
                    121,
                    120,
                    120
                ],
                [
                    121,
                    122,
                    120
                ],
                [
                    122,
                    121,
                    120
                ],
                [
                    122,
                    123,
                    0
                ],
                [
                    123,
                    122,
                    0
                ],
                [
                    123,
                    124,
                    0
                ],
                [
                    124,
                    123,
                    0
                ],
                [
                    124,
                    125,
                    0
                ],
                [
                    125,
                    124,
                    0
                ],
                [
                    125,
                    126,
                    0
                ],
                [
                    126,
                    125,
                    0
                ],
                [
                    126,
                    127,
                    0
                ],
                [
                    127,
                    126,
                    0
                ]
            ],
            "stations": [
                [
                    99,
                    "Jiaokou",
                    99
                ],
                [
                    100,
                    "Tanwei",
                    100
                ],
                [
                    101,
                    "Zhongshanba",
                    101
                ],
                [
                    102,
                    "Xichang",
                    102
                ],
                [
                    103,
                    "Xicun",
                    103
                ],
                [
                    104,
                    "Guangzhou Railway Station",
                    25
                ],
                [
                    105,
                    "Xiaobei",
                    104
                ],
                [
                    106,
                    "Taojin",
                    105
                ],
                [
                    107,
                    "Ouzhuang",
                    106
                ],
                [
                    108,
                    "Zoo",
                    107
                ],
                [
                    109,
                    "Yangji",
                    3
                ],
                [
                    110,
                    "Wuyangcun",
                    108
                ],
                [
                    111,
                    "Zhujiang New Town",
                    46
                ],
                [
                    112,
                    "Liede",
                    109
                ],
                [
                    113,
                    "Tancun",
                    110
                ],
                [
                    114,
                    "Yuancun",
                    111
                ],
                [
                    115,
                    "Keyun Lu",
                    112
                ],
                [
                    116,
                    "Chebeinan",
                    76
                ],
                [
                    117,
                    "Dongpu",
                    113
                ],
                [
                    118,
                    "Sanxi",
                    114
                ],
                [
                    119,
                    "Yuzhu",
                    115
                ],
                [
                    120,
                    "Dashadi",
                    116
                ],
                [
                    121,
                    "Dashadong",
                    117
                ],
                [
                    122,
                    "Wenchong",
                    118
                ],
                [
                    123,
                    "Shuanggang",
                    119
                ],
                [
                    124,
                    "Miaotou",
                    120
                ],
                [
                    125,
                    "Xiayuan",
                    121
                ],
                [
                    126,
                    "Huangpu Industrial Zone",
                    122
                ],
                [
                    127,
                    "Huangpu Coach Terminal",
                    123
                ]
            ],
            "text_id": 124
        },
        {
            "delays": [],
            "name": "6",
            "scheme": null,
            "segments": [
                [
                    128,
                    129,
                    120
                ],
                [
                    129,
                    128,
                    120
                ],
                [
                    129,
                    130,
                    120
                ],
                [
                    130,
                    129,
                    120
                ],
                [
                    130,
                    131,
                    120
                ],
                [
                    131,
                    130,
                    120
                ],
                [
                    131,
                    132,
                    120
                ],
                [
                    132,
                    131,
                    120
                ],
                [
                    132,
                    133,
                    120
                ],
                [
                    133,
                    132,
                    120
                ],
                [
                    133,
                    134,
                    120
                ],
                [
                    134,
                    133,
                    120
                ],
                [
                    134,
                    135,
                    120
                ],
                [
                    135,
                    134,
                    120
                ],
                [
                    135,
                    136,
                    120
                ],
                [
                    136,
                    135,
                    120
                ],
                [
                    136,
                    137,
                    120
                ],
                [
                    137,
                    136,
                    120
                ],
                [
                    137,
                    138,
                    120
                ],
                [
                    138,
                    137,
                    120
                ],
                [
                    138,
                    139,
                    120
                ],
                [
                    139,
                    138,
                    120
                ],
                [
                    139,
                    140,
                    120
                ],
                [
                    140,
                    139,
                    120
                ],
                [
                    140,
                    141,
                    120
                ],
                [
                    141,
                    140,
                    120
                ],
                [
                    141,
                    142,
                    120
                ],
                [
                    142,
                    141,
                    120
                ],
                [
                    142,
                    143,
                    120
                ],
                [
                    143,
                    142,
                    120
                ],
                [
                    143,
                    144,
                    120
                ],
                [
                    144,
                    143,
                    120
                ],
                [
                    144,
                    145,
                    120
                ],
                [
                    145,
                    144,
                    120
                ],
                [
                    145,
                    146,
                    120
                ],
                [
                    146,
                    145,
                    120
                ],
                [
                    146,
                    147,
                    120
                ],
                [
                    147,
                    146,
                    120
                ],
                [
                    147,
                    148,
                    120
                ],
                [
                    148,
                    147,
                    120
                ]
            ],
            "stations": [
                [
                    128,
                    "Xunfenggang",
                    125
                ],
                [
                    129,
                    "Hengsha",
                    126
                ],
                [
                    130,
                    "Shabei",
                    127
                ],
                [
                    131,
                    "Hesha",
                    128
                ],
                [
                    132,
                    "Tanwei",
                    100
                ],
                [
                    133,
                    "Ruyifang",
                    129
                ],
                [
                    134,
                    "Huangsha",
                    11
                ],
                [
                    135,
                    "Cultural Park",
                    130
                ],
                [
                    136,
                    "Yide Lu",
                    131
                ],
                [
                    137,
                    "Haizhu Square",
                    28
                ],
                [
                    138,
                    "Beijing Lu",
                    132
                ],
                [
                    139,
                    "Tuanyida Square",
                    133
                ],
                [
                    140,
                    "Donghu",
                    134
                ],
                [
                    141,
                    "Dongshankou",
                    4
                ],
                [
                    142,
                    "Ouzhuang",
                    106
                ],
                [
                    143,
                    "Huanghuagang",
                    135
                ],
                [
                    144,
                    "Shaheding",
                    136
                ],
                [
                    145,
                    "Tianpingjia",
                    137
                ],
                [
                    146,
                    "Yantang",
                    66
                ],
                [
                    147,
                    "Tianhe Coach Terminal",
                    41
                ],
                [
                    148,
                    "Changban",
                    138
                ]
            ],
            "text_id": 139
        },
        {
            "delays": [],
            "name": "8",
            "scheme": null,
            "segments": [
                [
                    149,
                    150,
                    0
                ],
                [
                    150,
                    149,
                    0
                ],
                [
                    150,
                    151,
                    0
                ],
                [
                    151,
                    150,
                    0
                ],
                [
                    151,
                    152,
                    0
                ],
                [
                    152,
                    151,
                    0
                ],
                [
                    152,
                    153,
                    0
                ],
                [
                    153,
                    152,
                    0
                ],
                [
                    153,
                    154,
                    0
                ],
                [
                    154,
                    153,
                    0
                ],
                [
                    154,
                    155,
                    0
                ],
                [
                    155,
                    154,
                    0
                ],
                [
                    155,
                    156,
                    0
                ],
                [
                    156,
                    155,
                    0
                ],
                [
                    156,
                    157,
                    0
                ],
                [
                    157,
                    156,
                    0
                ],
                [
                    157,
                    158,
                    0
                ],
                [
                    158,
                    157,
                    0
                ],
                [
                    158,
                    159,
                    0
                ],
                [
                    159,
                    158,
                    0
                ],
                [
                    159,
                    160,
                    0
                ],
                [
                    160,
                    159,
                    0
                ],
                [
                    160,
                    161,
                    0
                ],
                [
                    161,
                    160,
                    0
                ],
                [
                    161,
                    162,
                    0
                ],
                [
                    162,
                    161,
                    0
                ],
                [
                    162,
                    163,
                    0
                ],
                [
                    163,
                    162,
                    0
                ],
                [
                    163,
                    164,
                    120
                ],
                [
                    164,
                    163,
                    120
                ],
                [
                    164,
                    165,
                    120
                ],
                [
                    165,
                    164,
                    120
                ],
                [
                    165,
                    166,
                    120
                ],
                [
                    166,
                    165,
                    120
                ],
                [
                    166,
                    167,
                    120
                ],
                [
                    167,
                    166,
                    120
                ],
                [
                    167,
                    168,
                    120
                ],
                [
                    168,
                    167,
                    120
                ],
                [
                    168,
                    169,
                    120
                ],
                [
                    169,
                    168,
                    120
                ],
                [
                    169,
                    170,
                    120
                ],
                [
                    170,
                    169,
                    120
                ],
                [
                    170,
                    171,
                    120
                ],
                [
                    171,
                    170,
                    120
                ],
                [
                    171,
                    172,
                    120
                ],
                [
                    172,
                    171,
                    120
                ],
                [
                    172,
                    173,
                    120
                ],
                [
                    173,
                    172,
                    120
                ],
                [
                    173,
                    174,
                    120
                ],
                [
                    174,
                    173,
                    120
                ],
                [
                    174,
                    175,
                    120
                ],
                [
                    175,
                    174,
                    120
                ]
            ],
            "stations": [
                [
                    149,
                    "Baiyun Lake",
                    140
                ],
                [
                    150,
                    "Huangjinwei",
                    141
                ],
                [
                    151,
                    "Tinggangcun",
                    142
                ],
                [
                    152,
                    "Shijing",
                    143
                ],
                [
                    153,
                    "Pingshacun",
                    144
                ],
                [
                    154,
                    "Julong",
                    145
                ],
                [
                    155,
                    "Tongdewei",
                    146
                ],
                [
                    156,
                    "Ezhangtan",
                    147
                ],
                [
                    157,
                    "Xicun",
                    103
                ],
                [
                    158,
                    "Caihongqiao",
                    148
                ],
                [
                    159,
                    "Chen Clan Academy",
                    9
                ],
                [
                    160,
                    "Hualinxi",
                    149
                ],
                [
                    161,
                    "Cultural Park",
                    130
                ],
                [
                    162,
                    "Tongfuxi",
                    150
                ],
                [
                    163,
                    "Fenghuang Xincun",
                    151
                ],
                [
                    164,
                    "Shayuan",
                    152
                ],
                [
                    165,
                    "Baogang Dadao",
                    153
                ],
                [
                    166,
                    "Changgang",
                    31
                ],
                [
                    167,
                    "Xiaogang",
                    154
                ],
                [
                    168,
                    "Sun Yat-Sen University",
                    155
                ],
                [
                    169,
                    "Lujiang",
                    156
                ],
                [
                    170,
                    "Kecun",
                    48
                ],
                [
                    171,
                    "Chigang",
                    157
                ],
                [
                    172,
                    "Modiesha",
                    158
                ],
                [
                    173,
                    "Xingangdong",
                    159
                ],
                [
                    174,
                    "Pazhou",
                    160
                ],
                [
                    175,
                    "Wanshengwei",
                    77
                ]
            ],
            "text_id": 161
        },
        {
            "delays": [],
            "name": "Guangfo",
            "scheme": null,
            "segments": [
                [
                    176,
                    177,
                    120
                ],
                [
                    177,
                    176,
                    120
                ],
                [
                    177,
                    178,
                    120
                ],
                [
                    178,
                    177,
                    120
                ],
                [
                    178,
                    179,
                    120
                ],
                [
                    179,
                    178,
                    120
                ],
                [
                    179,
                    180,
                    120
                ],
                [
                    180,
                    179,
                    120
                ],
                [
                    180,
                    181,
                    120
                ],
                [
                    181,
                    180,
                    120
                ],
                [
                    181,
                    182,
                    120
                ],
                [
                    182,
                    181,
                    120
                ],
                [
                    182,
                    183,
                    120
                ],
                [
                    183,
                    182,
                    120
                ],
                [
                    183,
                    184,
                    120
                ],
                [
                    184,
                    183,
                    120
                ],
                [
                    184,
                    185,
                    120
                ],
                [
                    185,
                    184,
                    120
                ],
                [
                    185,
                    186,
                    120
                ],
                [
                    186,
                    185,
                    120
                ],
                [
                    186,
                    187,
                    120
                ],
                [
                    187,
                    186,
                    120
                ],
                [
                    187,
                    188,
                    120
                ],
                [
                    188,
                    187,
                    120
                ],
                [
                    188,
                    189,
                    120
                ],
                [
                    189,
                    188,
                    120
                ],
                [
                    189,
                    190,
                    120
                ],
                [
                    190,
                    189,
                    120
                ],
                [
                    190,
                    191,
                    120
                ],
                [
                    191,
                    190,
                    120
                ],
                [
                    191,
                    192,
                    120
                ],
                [
                    192,
                    191,
                    120
                ],
                [
                    192,
                    193,
                    120
                ],
                [
                    193,
                    192,
                    120
                ],
                [
                    193,
                    194,
                    0
                ],
                [
                    194,
                    193,
                    0
                ],
                [
                    194,
                    195,
                    0
                ],
                [
                    195,
                    194,
                    0
                ],
                [
                    195,
                    196,
                    0
                ],
                [
                    196,
                    195,
                    0
                ]
            ],
            "stations": [
                [
                    176,
                    "Kuiqi Lu",
                    162
                ],
                [
                    177,
                    "Jihua Park",
                    163
                ],
                [
                    178,
                    "Tongji Lu",
                    164
                ],
                [
                    179,
                    "Zumiao",
                    165
                ],
                [
                    180,
                    "Pujun Beilu",
                    166
                ],
                [
                    181,
                    "Chao'an",
                    167
                ],
                [
                    182,
                    "Guicheng",
                    168
                ],
                [
                    183,
                    "Nangui Lu",
                    169
                ],
                [
                    184,
                    "Leigang",
                    170
                ],
                [
                    185,
                    "Qiandeng Lake",
                    171
                ],
                [
                    186,
                    "Financial Hi-Tech Zone",
                    172
                ],
                [
                    187,
                    "Longxi",
                    173
                ],
                [
                    188,
                    "Jushu",
                    174
                ],
                [
                    189,
                    "Xilang",
                    15
                ],
                [
                    190,
                    "Hedong",
                    175
                ],
                [
                    191,
                    "Shachong",
                    176
                ],
                [
                    192,
                    "Shayuan",
                    152
                ],
                [
                    193,
                    "Yangang",
                    177
                ],
                [
                    194,
                    "Shixi",
                    178
                ],
                [
                    195,
                    "Nanzhou",
                    34
                ],
                [
                    196,
                    "Lijiao",
                    50
                ]
            ],
            "text_id": 179
        },
        {
            "delays": [],
            "name": "APM",
            "scheme": null,
            "segments": [
                [
                    197,
                    198,
                    120
                ],
                [
                    198,
                    197,
                    120
                ],
                [
                    198,
                    199,
                    120
                ],
                [
                    199,
                    198,
                    120
                ],
                [
                    199,
                    200,
                    120
                ],
                [
                    200,
                    199,
                    120
                ],
                [
                    200,
                    201,
                    120
                ],
                [
                    201,
                    200,
                    120
                ],
                [
                    201,
                    202,
                    120
                ],
                [
                    202,
                    201,
                    120
                ],
                [
                    202,
                    203,
                    120
                ],
                [
                    203,
                    202,
                    120
                ],
                [
                    203,
                    204,
                    120
                ],
                [
                    204,
                    203,
                    120
                ],
                [
                    204,
                    205,
                    120
                ],
                [
                    205,
                    204,
                    120
                ]
            ],
            "stations": [
                [
                    197,
                    "Linhexi",
                    67
                ],
                [
                    198,
                    "Tianhe Sports Center South",
                    180
                ],
                [
                    199,
                    "Tianhenan",
                    181
                ],
                [
                    200,
                    "Huangpu Dadao",
                    182
                ],
                [
                    201,
                    "Guangzhou Women & Children's Center",
                    183
                ],
                [
                    202,
                    "Huacheng Dadao",
                    184
                ],
                [
                    203,
                    "Guangzhou Opera House",
                    185
                ],
                [
                    204,
                    "Haixinsha",
                    186
                ],
                [
                    205,
                    "Chigang Pagoda",
                    47
                ]
            ],
            "text_id": 187
        }
    ],
    "name": "metro",
    "transfers": [
        [
            16,
            61,
            120,
            true
        ],
        [
            205,
            47,
            120,
            true
        ],
        [
            166,
            31,
            120,
            true
        ],
        [
            78,
            175,
            120,
            true
        ],
        [
            15,
            189,
            120,
            true
        ],
        [
            48,
            170,
            120,
            true
        ],
        [
            100,
            132,
            120,
            true
        ],
        [
            134,
            11,
            120,
            true
        ],
        [
            137,
            28,
            120,
            true
        ],
        [
            141,
            4,
            120,
            true
        ],
        [
            107,
            142,
            120,
            true
        ],
        [
            68,
            0,
            120,
            true
        ],
        [
            146,
            67,
            120,
            true
        ],
        [
            40,
            147,
            120,
            true
        ],
        [
            164,
            192,
            120,
            true
        ],
        [
            104,
            24,
            120,
            true
        ],
        [
            69,
            197,
            120,
            true
        ],
        [
            27,
            7,
            120,
            true
        ],
        [
            109,
            3,
            120,
            true
        ],
        [
            45,
            2,
            120,
            true
        ],
        [
            111,
            46,
            120,
            true
        ],
        [
            77,
            116,
            120,
            true
        ]
    ],
    "type_name": "Метро"
}