{
    "0": "Chateau de Vincennes",
    "1": "Berault",
    "2": "St-Mande Tourelle",
    "3": "Porte de Vincennes",
    "4": "Nation",
    "5": "Reuilly Diderot",
    "6": "Gare de Lyon",
    "7": "Bastille",
    "8": "St Paul",
    "9": "Hotel de Ville",
    "10": "Chatelet",
    "11": "Louvre Rivoli",
    "12": "Palais Royal - Musee du Louvre",
    "13": "Tuileries",
    "14": "Concorde",
    "15": "Champs Elysees - Clemenceau",
    "16": "Franklin D. Roosevelt",
    "17": "George V",
    "18": "Ch. De Gaulle - Etoile",
    "19": "Argentine",
    "20": "Porte Maillot",
    "21": "Les Sablons",
    "22": "Pont de Neuilly",
    "23": "Esplanade de La Defense",
    "24": "Grande Arche de La Defense",
    "25": "Ligne 1",
    "26": "Mairie de Montreuil",
    "27": "Croix de Chavaux",
    "28": "Robespierre",
    "29": "Porte de Montreuil",
    "30": "Maraichers",
    "31": "Buzenval",
    "32": "Boulets Montreuil",
    "33": "Charonne",
    "34": "Voltaire",
    "35": "Saint Ambroise",
    "36": "Oberkampf",
    "37": "Republique",
    "38": "Strasbourg Saint Denis",
    "39": "Bonne Nouvelle",
    "40": "Rue Montmartre",
    "41": "Richelieu Drouot",
    "42": "Chaussee d'Antin - La Fayette",
    "43": "Havre Caumartin",
    "44": "Saint Augustin",
    "45": "Miromesnil",
    "46": "St Philippe du Roule",
    "47": "Alma Marceau",
    "48": "Iena",
    "49": "Trocadero",
    "50": "Rue de la Pompe",
    "51": "La Muette",
    "52": "Ranelagh",
    "53": "Jasmin",
    "54": "Michel-Ange Auteuil",
    "55": "Michel-Ange Molitor",
    "56": "Exelmans",
    "57": "Porte de St Cloud",
    "58": "Marcel Sembat",
    "59": "Billancourt",
    "60": "Pont de Sevres",
    "61": "Ligne 9",
    "62": "Boulogne - Pont de St Cloud",
    "63": "Boulogne - Jean Jaures",
    "64": "Chardon Lagache",
    "65": "Mirabeau",
    "66": "Porte d'Auteuil",
    "67": "Eglise d'Auteuil",
    "68": "Javel",
    "69": "Charles Michels",
    "70": "Avenue Emile Zola",
    "71": "La Motte Picquet - Grenelle",
    "72": "Segur",
    "73": "Duroc",
    "74": "Vaneau",
    "75": "Sevres Babylone",
    "76": "Mabillon",
    "77": "Odeon",
    "78": "Cluny - La Sorbonne",
    "79": "Maubert Mutualite",
    "80": "Cardinal Lemoine",
    "81": "Jussieu",
    "82": "Gare d'Austerlitz",
    "83": "Ligne 10",
    "84": "Mairie des Lilas",
    "85": "Porte des Lilas",
    "86": "Telegraphe",
    "87": "Place des Fetes",
    "88": "Jourdain",
    "89": "Pyrenees",
    "90": "Belleville",
    "91": "Goncourt",
    "92": "Arts et Metiers",
    "93": "Rambuteau",
    "94": "Ligne 11",
    "95": "Mairie d'Issy",
    "96": "Corentin Celton",
    "97": "Porte de Versailles",
    "98": "Convention",
    "99": "Vaugirard",
    "100": "Volontaires",
    "101": "Pasteur",
    "102": "Falguiere",
    "103": "Montparnasse Bienvenue",
    "104": "Notre-Dame des Champs",
    "105": "Rennes",
    "106": "Rue du Bac",
    "107": "Solferino",
    "108": "Assemblee Nationale",
    "109": "Madeleine",
    "110": "Saint Lazare",
    "111": "Trinite",
    "112": "Notre Dame de Lorette",
    "113": "Saint Georges",
    "114": "Pigalle",
    "115": "Abbesses",
    "116": "Lamarck Caulaincourt",
    "117": "Jules Joffrin",
    "118": "Marcadet Poissonniers",
    "119": "Marx Dormoy",
    "120": "Porte de la Chapelle",
    "121": "Aubervilliers Front-Populaire",
    "122": "Ligne 12",
    "123": "Chatillon Montrouge",
    "124": "Malakoff - Rue Etienne Dolet",
    "125": "Malakoff - Plateau de Vanves",
    "126": "Porte de Vanves",
    "127": "Plaisance",
    "128": "Pernety",
    "129": "Gaite",
    "130": "St Francois Xavier",
    "131": "Varenne",
    "132": "Invalides",
    "133": "Liege",
    "134": "Place de Clichy",
    "135": "La Fourche",
    "136": "Brochant",
    "137": "Porte de Clichy",
    "138": "Mairie de Clichy",
    "139": "Gabriel Peri",
    "140": "Les Angnettes",
    "141": "Asnieres Gennevilliers Les Courtilles",
    "142": "Guy Moquet",
    "143": "Porte de St Ouen",
    "144": "Garibaldi",
    "145": "Mairie de St Ouen",
    "146": "Carrefour Pleyel",
    "147": "Saint Denis - Porte de Paris",
    "148": "Saint Denis - Basilique",
    "149": "Saint Denis - Universite",
    "150": "Ligne 13",
    "151": "Olympiades",
    "152": "Bibliotheque Francois Mitterrand",
    "153": "Cour St-Emilion",
    "154": "Bercy",
    "155": "Pyramides",
    "156": "Ligne 14",
    "157": "Louis Blanc",
    "158": "Jaures",
    "159": "Bolivar",
    "160": "Buttes Chaumont",
    "161": "Botzaris",
    "162": "Pre St Gervais",
    "163": "Danube",
    "164": "Ligne 7bis",
    "165": "\"Vincennes RER A2, A4\"",
    "166": "Chatelet - Les Halles",
    "167": "Auber",
    "168": "Charles De Gaulle - Etoile",
    "169": "Nanterre Prefecture RER A1",
    "170": "Houilles - Carriere s/ Seine",
    "171": "Sartrouville",
    "172": "\"Maisons-Lafitte RER A3, A5\"",
    "173": "RER A",
    "174": "Nanterre Prefecture",
    "175": "Nanterre Universite",
    "176": "Nanterre-Ville",
    "177": "Rueil-Malmaison",
    "178": "Chatou - Croissy",
    "179": "Le Vesinet Centre",
    "180": "Le Vesinet - Le Peck",
    "181": "St Germain en Laye",
    "182": "RER A1",
    "183": "Boissy St Leger",
    "184": "Sucy-Bonneuil",
    "185": "La Varenne-Chennevieres",
    "186": "Champigny",
    "187": "Le Parc de St Maur",
    "188": "St Maur-Creteil",
    "189": "Joinville le Pont",
    "190": "Nogent sur Marne",
    "191": "Fontenay sous Bois",
    "192": "Vincennes",
    "193": "RER A2",
    "194": "Avron",
    "195": "Alexandre Dumas",
    "196": "Philippe Auguste",
    "197": "Pere Lachaise",
    "198": "Menilmontant",
    "199": "Couronnes",
    "200": "Colonel Fabien",
    "201": "Stalingrad",
    "202": "La Chapelle",
    "203": "Barbes Rochechouart",
    "204": "Anvers",
    "205": "Blanche",
    "206": "Rome",
    "207": "Villiers",
    "208": "Monceau",
    "209": "Courcelles",
    "210": "Ternes",
    "211": "Victor Hugo",
    "212": "Porte Dauphine",
    "213": "Ligne 2",
    "214": "Maisons-Laffitte",
    "215": "Acheres Ville",
    "216": "Conflans-Fin d'Oise",
    "217": "Cergy-Prefecture",
    "218": "Cergy-St Christophe",
    "219": "RER A3",
    "220": "Marne la Vallee-Chessy - PARC EURODISNEY",
    "221": "Bussy-St-Georges",
    "222": "Torcy",
    "223": "Lognes",
    "224": "Noisiel",
    "225": "Noisy-Champs",
    "226": "Noisy le Gd-Mont d'Est",
    "227": "Bry-sur-Marne",
    "228": "Neuilly Plaisance",
    "229": "Val de Fontenay",
    "230": "RER A4",
    "231": "Maisons Laffitte",
    "232": "Acheres Grand Cormier",
    "233": "Poissy",
    "234": "RER A5",
    "235": "Orly Sud",
    "236": "Orly Ouest",
    "237": "Antony RER B4",
    "238": "La Croix de Berny",
    "239": "Parc de Sceaux",
    "240": "Bourg La Reine RER B2",
    "241": "Bagneux",
    "242": "Arcueil Cachan",
    "243": "Laplace",
    "244": "Gentilly",
    "245": "Cite Universitaire",
    "246": "Denfert Rochereau",
    "247": "Port Royal",
    "248": "Luxembourg",
    "249": "St Michel - Notre Dame",
    "250": "Chatelet-Les Halles",
    "251": "Gare du Nord",
    "252": "La Plaine - Voyageurs",
    "253": "La Courneuve - Aubervilliers",
    "254": "Le Bourget",
    "255": "Drancy",
    "256": "Blanc-Mesnil",
    "257": "\"Aulnay-Sous-Bois RER B3, B5\"",
    "258": "RER B",
    "259": "Bourg La Reine",
    "260": "Sceaux",
    "261": "Fontenay aux Roses",
    "262": "Robinson",
    "263": "RER B2",
    "264": "Antony",
    "265": "Fontaine Michalon",
    "266": "Les Baconnets",
    "267": "Massy-Verrieres RER C2",
    "268": "Massy-Palaiseau RER C2",
    "269": "Palaiseau",
    "270": "Palaiseau - Villebon",
    "271": "Lozere",
    "272": "Le Guichet",
    "273": "Orsay-Ville",
    "274": "Bures sur Yvette",
    "275": "La Hackiniere",
    "276": "Gif sur Yvette",
    "277": "Courcelle sur Yvette",
    "278": "Saint Remy les Chevreuses",
    "279": "RER B4",
    "280": "Aulnay-Sous-Bois",
    "281": "Sevran-Beaudottes",
    "282": "Villepinte",
    "283": "Parc des Expositions",
    "284": "Roissy - Aeroport Ch. De Gaulle",
    "285": "RER B3",
    "286": "Sevran-Livry",
    "287": "Vert-Galant",
    "288": "Villeparisis",
    "289": "Mitry-Claye",
    "290": "RER B5",
    "291": "\"Bretigny sur Orge RER C4, C6\"",
    "292": "St Michel sur Orge",
    "293": "Ste Genevieve des Bois",
    "294": "Epinay sur Orge",
    "295": "Savigny sur Orge",
    "296": "Juvisy",
    "297": "Athis Mons",
    "298": "Ablon",
    "299": "Villeneuve le Roi",
    "300": "Choisy le Roi RER C2",
    "301": "Les Ardoines",
    "302": "Vitry sur Seine",
    "303": "Ivry sur Seine",
    "304": "Bd Massena",
    "305": "St Michel-Notre Dame",
    "306": "Musee d'Orsay",
    "307": "Pont de l'Alma",
    "308": "Champ de Mars - Tour Eiffel",
    "309": "RER C",
    "310": "Ermont-Eaubonne",
    "311": "Cernay",
    "312": "Franconville-Plessis Bouchard",
    "313": "Montigny-Beauchamp",
    "314": "RER C1",
    "315": "Galieni",
    "316": "Porte de Bagnolet",
    "317": "Gambetta",
    "318": "Saint-Maur",
    "319": "Parmentier",
    "320": "Temple",
    "321": "Reaumur Sebastopol",
    "322": "Sentier",
    "323": "Bourse",
    "324": "4 Septembre",
    "325": "Opera",
    "326": "Europe",
    "327": "Malesherbes",
    "328": "Wagram",
    "329": "Pereire",
    "330": "Porte de Champerret",
    "331": "Louise Michel",
    "332": "Anatole France",
    "333": "Pont de Levallois - Becon",
    "334": "Ligne 3",
    "335": "Sannois",
    "336": "Argenteuil",
    "337": "RER C3",
    "338": "Bretigny sur Orge",
    "339": "La Norville-St Germain les Arpajon",
    "340": "Arpajon",
    "341": "Egly",
    "342": "Breuillet-Bruyeres le Chatel",
    "343": "Breuillet Village",
    "344": "St Cheron",
    "345": "Sermaise",
    "346": "Dourdan",
    "347": "RER C4",
    "348": "Viroflay - RG",
    "349": "Porchefontaine",
    "350": "Versailles - Rive Gauche",
    "351": "Chateau de Versailles",
    "352": "RER C5",
    "353": "Choisy le Roi",
    "354": "Les Saules",
    "355": "Orly Ville",
    "356": "Pont de Rungis-Aeroport d'Orly",
    "357": "Rungis-La Fraternelle",
    "358": "Chemin d'Antony",
    "359": "Massy-Verrieres RER B4",
    "360": "Massy-PalaiseauRER B4",
    "361": "RER C2",
    "362": "Marolles en Hurepoix",
    "363": "Bouray",
    "364": "Lardy",
    "365": "Chamarande",
    "366": "Etrechy",
    "367": "Etampes",
    "368": "St Martin d'Etampes",
    "369": "RER C6",
    "370": "Versailles - Chantiers",
    "371": "St Cyr",
    "372": "St Quentin en Yvelines",
    "373": "RER C7",
    "374": "St Denis",
    "375": "Pierrefitte-Stains",
    "376": "Garges - Sarcelles",
    "377": "Villiers le Bel",
    "378": "Goussainville",
    "379": "Les Noues",
    "380": "Louvres",
    "381": "Survilliers - Fosses",
    "382": "La Borne Blanche",
    "383": "Orry La Ville - Coye",
    "384": "RER D",
    "385": "Pelleport",
    "386": "Saint Fargeau",
    "387": "Ligne 3bis",
    "388": "Porte De Clignancourt",
    "389": "Simplon",
    "390": "Chateau Rouge",
    "391": "Gare de l'Est",
    "392": "Chateau d'eau",
    "393": "Etienne Marcel",
    "394": "Les Halles",
    "395": "Cite",
    "396": "Saint Michel",
    "397": "Saint Germain des Pres",
    "398": "Saint Sulpice",
    "399": "Saint Placide",
    "400": "Vavin",
    "401": "Raspail",
    "402": "Mouton Duvernet",
    "403": "Alesia",
    "404": "Porte d'Orleans",
    "405": "Mairie de Montrouge",
    "406": "Ligne 4",
    "407": "Bobigny - Pablo Picasso",
    "408": "Bobigny-Pantin - R. Queneau",
    "409": "Eglise de Pantin",
    "410": "Hoche",
    "411": "Porte de Pantin",
    "412": "Ourcq",
    "413": "Laumiere",
    "414": "Jacques Bonsergent",
    "415": "Richard Lenoir",
    "416": "Breguet Sabin",
    "417": "Quai de la Rapee",
    "418": "Saint Marcel",
    "419": "Campo Formio",
    "420": "Place d'Italie",
    "421": "Ligne 5",
    "422": "Picpus",
    "423": "Bel Air",
    "424": "Daumesnil",
    "425": "Dugommier",
    "426": "Quai de la Gare",
    "427": "Chevaleret",
    "428": "Nationale",
    "429": "Corvisart",
    "430": "Glaciere",
    "431": "St Jacques",
    "432": "Edgar Quinet",
    "433": "Sevres Lecourbe",
    "434": "Cambronne",
    "435": "Dupleix",
    "436": "Bir Hakeim",
    "437": "Passy",
    "438": "Boissiere",
    "439": "Kleber",
    "440": "Ligne 6",
    "441": "La Courneuve - 8 Mai 1945",
    "442": "Fort d'Aubervilliers",
    "443": "Aubervilliers - Pantin - 4 Chemins",
    "444": "Porte de la Villette",
    "445": "Corentin Cariou",
    "446": "Crimee",
    "447": "Riquet",
    "448": "Chateau Landon",
    "449": "Poissonniere",
    "450": "Cadet",
    "451": "Le Peletier",
    "452": "Pont Neuf",
    "453": "Pont Marie",
    "454": "Sully Morland",
    "455": "Place Monge",
    "456": "Censier Daubenton",
    "457": "Les Gobelins",
    "458": "Tolbiac",
    "459": "Maison Blanche",
    "460": "Porte d'Italie",
    "461": "Porte de Choisy",
    "462": "Porte d'Ivry",
    "463": "Pierre et Marie Curie",
    "464": "Mairie d'Ivry",
    "465": "Le Kremlin - Bicetre",
    "466": "Villejuif - Leo Lagrange",
    "467": "Vjuif - P.Vaillant-Couturier",
    "468": "Villejuif - Louis Aragon",
    "469": "Ligne 7",
    "470": "Balard",
    "471": "Lourmel",
    "472": "Boucicaut",
    "473": "Felix Faure",
    "474": "Commerce",
    "475": "Ecole Militaire",
    "476": "Latour Maubourg",
    "477": "Filles du Calvaire",
    "478": "St Sebastien - Froissart",
    "479": "Chemin Vert",
    "480": "Ledru Rollin",
    "481": "Faidherbe - Chaligny",
    "482": "Montgallet",
    "483": "Michel Bizot",
    "484": "Porte Doree",
    "485": "Porte de Charenton",
    "486": "Liberte",
    "487": "Charenton - Ecoles",
    "488": "Alfort - Ecole Veterinaire",
    "489": "Maisons-Alfort Stade",
    "490": "Maisons-Alfort Les Juilliottes",
    "491": "Creteil - L'Echat",
    "492": "Creteil Universite",
    "493": "Creteil Prefecture",
    "494": "Creteil Pointe du Lac",
    "495": "Ligne 8",
    "496": "Metro",
    "497": "ROOT",
    "498": "Shema ot 21.05.2013g.\nInformatsija o vremeni proezda:\n- zhdem Vashej pomoschi...\nKarta vzjata s sajta http://...htm.",
    "499": "Imported from http://pmetro.su"
}