{
    "lines": [
        {
            "delays": [],
            "name": "1",
            "scheme": null,
            "segments": [
                [
                    0,
                    1,
                    120
                ],
                [
                    1,
                    0,
                    120
                ],
                [
                    1,
                    2,
                    120
                ],
                [
                    2,
                    1,
                    120
                ],
                [
                    2,
                    3,
                    120
                ],
                [
                    3,
                    2,
                    120
                ],
                [
                    3,
                    4,
                    120
                ],
                [
                    4,
                    3,
                    120
                ],
                [
                    4,
                    5,
                    120
                ],
                [
                    5,
                    4,
                    120
                ],
                [
                    5,
                    6,
                    120
                ],
                [
                    6,
                    5,
                    120
                ],
                [
                    6,
                    7,
                    120
                ],
                [
                    7,
                    6,
                    120
                ],
                [
                    7,
                    8,
                    120
                ],
                [
                    8,
                    7,
                    120
                ],
                [
                    8,
                    9,
                    120
                ],
                [
                    9,
                    8,
                    120
                ],
                [
                    9,
                    10,
                    120
                ],
                [
                    10,
                    9,
                    120
                ],
                [
                    10,
                    11,
                    120
                ],
                [
                    11,
                    10,
                    120
                ],
                [
                    11,
                    12,
                    120
                ],
                [
                    12,
                    11,
                    120
                ],
                [
                    12,
                    13,
                    120
                ],
                [
                    13,
                    12,
                    120
                ],
                [
                    13,
                    14,
                    120
                ],
                [
                    14,
                    13,
                    120
                ],
                [
                    14,
                    15,
                    120
                ],
                [
                    15,
                    14,
                    120
                ],
                [
                    15,
                    16,
                    120
                ],
                [
                    16,
                    15,
                    120
                ],
                [
                    16,
                    17,
                    120
                ],
                [
                    17,
                    16,
                    120
                ],
                [
                    17,
                    18,
                    120
                ],
                [
                    18,
                    17,
                    120
                ],
                [
                    18,
                    19,
                    120
                ],
                [
                    19,
                    18,
                    120
                ]
            ],
            "stations": [
                [
                    0,
                    "Uruguai",
                    0
                ],
                [
                    1,
                    "Saens Pena",
                    1
                ],
                [
                    2,
                    "Sao Francisco Xavier",
                    2
                ],
                [
                    3,
                    "Afonso Pena",
                    3
                ],
                [
                    4,
                    "Estacio",
                    4
                ],
                [
                    5,
                    "Praca Onze",
                    5
                ],
                [
                    6,
                    "Central",
                    6
                ],
                [
                    7,
                    "Presidente Vargas",
                    7
                ],
                [
                    8,
                    "Uruguaiana",
                    8
                ],
                [
                    9,
                    "Carioca",
                    9
                ],
                [
                    10,
                    "Cinelandia",
                    10
                ],
                [
                    11,
                    "Gloria",
                    11
                ],
                [
                    12,
                    "Catete",
                    12
                ],
                [
                    13,
                    "Largo do Machado",
                    13
                ],
                [
                    14,
                    "Flamengo",
                    14
                ],
                [
                    15,
                    "Botafogo",
                    15
                ],
                [
                    16,
                    "Cardeal Arcoverde",
                    16
                ],
                [
                    17,
                    "Siqueira Campos",
                    17
                ],
                [
                    18,
                    "Cantagalo",
                    18
                ],
                [
                    19,
                    "General Osorio",
                    19
                ]
            ],
            "text_id": 20
        },
        {
            "delays": [],
            "name": "2",
            "scheme": null,
            "segments": [
                [
                    20,
                    21,
                    120
                ],
                [
                    21,
                    20,
                    120
                ],
                [
                    21,
                    22,
                    120
                ],
                [
                    22,
                    21,
                    120
                ],
                [
                    22,
                    23,
                    120
                ],
                [
                    23,
                    22,
                    120
                ],
                [
                    23,
                    24,
                    120
                ],
                [
                    24,
                    23,
                    120
                ],
                [
                    24,
                    25,
                    120
                ],
                [
                    25,
                    24,
                    120
                ],
                [
                    25,
                    26,
                    120
                ],
                [
                    26,
                    25,
                    120
                ],
                [
                    26,
                    27,
                    120
                ],
                [
                    27,
                    26,
                    120
                ],
                [
                    27,
                    28,
                    120
                ],
                [
                    28,
                    27,
                    120
                ],
                [
                    28,
                    29,
                    120
                ],
                [
                    29,
                    28,
                    120
                ],
                [
                    29,
                    30,
                    120
                ],
                [
                    30,
                    29,
                    120
                ],
                [
                    30,
                    31,
                    120
                ],
                [
                    31,
                    30,
                    120
                ],
                [
                    31,
                    32,
                    120
                ],
                [
                    32,
                    31,
                    120
                ],
                [
                    32,
                    33,
                    120
                ],
                [
                    33,
                    32,
                    120
                ],
                [
                    33,
                    34,
                    120
                ],
                [
                    34,
                    33,
                    120
                ],
                [
                    34,
                    35,
                    120
                ],
                [
                    35,
                    34,
                    120
                ],
                [
                    35,
                    36,
                    120
                ],
                [
                    36,
                    35,
                    120
                ],
                [
                    36,
                    37,
                    120
                ],
                [
                    37,
                    36,
                    120
                ],
                [
                    37,
                    38,
                    120
                ],
                [
                    38,
                    37,
                    120
                ],
                [
                    38,
                    39,
                    120
                ],
                [
                    39,
                    38,
                    120
                ],
                [
                    39,
                    40,
                    120
                ],
                [
                    40,
                    39,
                    120
                ],
                [
                    40,
                    41,
                    120
                ],
                [
                    41,
                    40,
                    120
                ],
                [
                    41,
                    42,
                    120
                ],
                [
                    42,
                    41,
                    120
                ],
                [
                    42,
                    43,
                    120
                ],
                [
                    43,
                    42,
                    120
                ],
                [
                    43,
                    44,
                    120
                ],
                [
                    44,
                    43,
                    120
                ],
                [
                    44,
                    45,
                    120
                ],
                [
                    45,
                    44,
                    120
                ]
            ],
            "stations": [
                [
                    20,
                    "Botafogo",
                    15
                ],
                [
                    21,
                    "Flamengo",
                    14
                ],
                [
                    22,
                    "Largo do Machado",
                    13
                ],
                [
                    23,
                    "Catete",
                    12
                ],
                [
                    24,
                    "Gloria",
                    11
                ],
                [
                    25,
                    "Cinelandia",
                    10
                ],
                [
                    26,
                    "Carioca",
                    9
                ],
                [
                    27,
                    "Uruguaiana",
                    8
                ],
                [
                    28,
                    "Presidente Vargas",
                    7
                ],
                [
                    29,
                    "Central",
                    6
                ],
                [
                    30,
                    "Cidade Nova",
                    21
                ],
                [
                    31,
                    "Sao Cristovao",
                    22
                ],
                [
                    32,
                    "Maracana",
                    23
                ],
                [
                    33,
                    "Triagem",
                    24
                ],
                [
                    34,
                    "Maria da Graca",
                    25
                ],
                [
                    35,
                    "Nova America/Del Castilho",
                    26
                ],
                [
                    36,
                    "Inhauma",
                    27
                ],
                [
                    37,
                    "Engenho da Rainha",
                    28
                ],
                [
                    38,
                    "Thomaz Coelho",
                    29
                ],
                [
                    39,
                    "Vicente de Carvalho",
                    30
                ],
                [
                    40,
                    "Iraja",
                    31
                ],
                [
                    41,
                    "Colegio",
                    32
                ],
                [
                    42,
                    "Coelho Neto",
                    33
                ],
                [
                    43,
                    "Acari/Fazenda Botafogo",
                    34
                ],
                [
                    44,
                    "Engenheiro Rubens Paiva",
                    35
                ],
                [
                    45,
                    "Pavuna",
                    36
                ]
            ],
            "text_id": 37
        },
        {
            "delays": [],
            "name": "4",
            "scheme": null,
            "segments": [
                [
                    46,
                    47,
                    120
                ],
                [
                    47,
                    46,
                    120
                ],
                [
                    47,
                    48,
                    120
                ],
                [
                    48,
                    47,
                    120
                ],
                [
                    48,
                    49,
                    120
                ],
                [
                    49,
                    48,
                    120
                ],
                [
                    49,
                    50,
                    120
                ],
                [
                    50,
                    49,
                    120
                ],
                [
                    50,
                    51,
                    120
                ],
                [
                    51,
                    50,
                    120
                ]
            ],
            "stations": [
                [
                    46,
                    "General Osorio",
                    19
                ],
                [
                    47,
                    "Nossa Senhora da Paz",
                    38
                ],
                [
                    48,
                    "Jardim de Alah",
                    39
                ],
                [
                    49,
                    "Antero de Quental",
                    40
                ],
                [
                    50,
                    "Sao Conrado",
                    41
                ],
                [
                    51,
                    "Jardim Oceanico",
                    42
                ]
            ],
            "text_id": 43
        }
    ],
    "name": "metro",
    "transfers": [
        [
            15,
            20,
            null,
            true
        ],
        [
            9,
            26,
            null,
            true
        ],
        [
            12,
            23,
            null,
            true
        ],
        [
            6,
            29,
            null,
            true
        ],
        [
            10,
            25,
            null,
            true
        ],
        [
            14,
            21,
            null,
            true
        ],
        [
            19,
            46,
            null,
            true
        ],
        [
            11,
            24,
            null,
            true
        ],
        [
            13,
            22,
            null,
            true
        ],
        [
            7,
            28,
            null,
            true
        ],
        [
            8,
            27,
            null,
            true
        ]
    ],
    "type_name": "Метро"
}