{
    "lines": [
        {
            "delays": [
                180,
                360
            ],
            "name": "1",
            "scheme": null,
            "segments": [
                [
                    0,
                    1,
                    120
                ],
                [
                    1,
                    0,
                    120
                ],
                [
                    1,
                    2,
                    120
                ],
                [
                    2,
                    1,
                    120
                ],
                [
                    2,
                    3,
                    120
                ],
                [
                    3,
                    2,
                    120
                ],
                [
                    3,
                    4,
                    120
                ],
                [
                    4,
                    3,
                    120
                ],
                [
                    4,
                    5,
                    120
                ],
                [
                    5,
                    4,
                    120
                ],
                [
                    5,
                    6,
                    120
                ],
                [
                    6,
                    5,
                    120
                ],
                [
                    6,
                    7,
                    120
                ],
                [
                    7,
                    6,
                    120
                ],
                [
                    7,
                    8,
                    120
                ],
                [
                    8,
                    7,
                    120
                ],
                [
                    8,
                    9,
                    120
                ],
                [
                    9,
                    8,
                    120
                ],
                [
                    9,
                    10,
                    120
                ],
                [
                    10,
                    9,
                    120
                ],
                [
                    10,
                    11,
                    120
                ],
                [
                    11,
                    10,
                    120
                ],
                [
                    11,
                    12,
                    120
                ],
                [
                    12,
                    11,
                    120
                ],
                [
                    12,
                    13,
                    120
                ],
                [
                    13,
                    12,
                    120
                ]
            ],
            "stations": [
                [
                    0,
                    "La Rose",
                    0
                ],
                [
                    1,
                    "Frais Vallon",
                    1
                ],
                [
                    2,
                    "Malpasse",
                    2
                ],
                [
                    3,
                    "Saint Just",
                    3
                ],
                [
                    4,
                    "Chartreux",
                    4
                ],
                [
                    5,
                    "Cinq Avenues/Longchamp",
                    5
                ],
                [
                    6,
                    "Rйformйs/Canebiиre",
                    6
                ],
                [
                    7,
                    "Gare Saint Charles",
                    7
                ],
                [
                    8,
                    "Colbert/Hфtel de la Rйgion",
                    8
                ],
                [
                    9,
                    "Vieux Port/Hфtel de Ville",
                    9
                ],
                [
                    10,
                    "Estrangin/Prйfecture",
                    10
                ],
                [
                    11,
                    "Castellane",
                    11
                ],
                [
                    12,
                    "Baille",
                    12
                ],
                [
                    13,
                    "La Timone",
                    13
                ]
            ],
            "text_id": 14
        },
        {
            "delays": [
                180,
                360
            ],
            "name": "2",
            "scheme": null,
            "segments": [
                [
                    14,
                    15,
                    120
                ],
                [
                    15,
                    14,
                    120
                ],
                [
                    15,
                    16,
                    120
                ],
                [
                    16,
                    15,
                    120
                ],
                [
                    16,
                    17,
                    120
                ],
                [
                    17,
                    16,
                    120
                ],
                [
                    17,
                    18,
                    120
                ],
                [
                    18,
                    17,
                    120
                ],
                [
                    18,
                    19,
                    120
                ],
                [
                    19,
                    18,
                    120
                ],
                [
                    19,
                    20,
                    120
                ],
                [
                    20,
                    19,
                    120
                ],
                [
                    20,
                    21,
                    120
                ],
                [
                    21,
                    20,
                    120
                ],
                [
                    21,
                    22,
                    120
                ],
                [
                    22,
                    21,
                    120
                ],
                [
                    22,
                    23,
                    120
                ],
                [
                    23,
                    22,
                    120
                ],
                [
                    23,
                    24,
                    120
                ],
                [
                    24,
                    23,
                    120
                ],
                [
                    24,
                    25,
                    120
                ],
                [
                    25,
                    24,
                    120
                ]
            ],
            "stations": [
                [
                    14,
                    "Bougainville",
                    15
                ],
                [
                    15,
                    "National",
                    16
                ],
                [
                    16,
                    "Dйsirйe Clary",
                    17
                ],
                [
                    17,
                    "Joliette",
                    18
                ],
                [
                    18,
                    "Jules Guesde",
                    19
                ],
                [
                    19,
                    "Gare Saint Charles",
                    7
                ],
                [
                    20,
                    "Noailles",
                    20
                ],
                [
                    21,
                    "Notre Dame du Mont/Cours Julien",
                    21
                ],
                [
                    22,
                    "Castellane",
                    11
                ],
                [
                    23,
                    "Pйrier",
                    22
                ],
                [
                    24,
                    "Rond-Point du Prado",
                    23
                ],
                [
                    25,
                    "Sainte Marguerite/Dromel",
                    24
                ]
            ],
            "text_id": 25
        }
    ],
    "name": "metro",
    "transfers": [
        [
            7,
            19,
            120,
            true
        ],
        [
            11,
            22,
            120,
            true
        ]
    ],
    "type_name": "Метро"
}