{
    "default_transports": [
        "metro"
    ],
    "height": 483,
    "images": [
        "res/schemes/gwangju.svg"
    ],
    "is_vector": true,
    "lines": [
        {
            "labels_bg_color": "-1",
            "labels_color": "000000",
            "line_color": "67A128",
            "line_width": 8,
            "name": "1",
            "segments": [
                [
                    0,
                    1,
                    [
                        [
                            883.0,
                            241.0
                        ],
                        [
                            885.05,
                            250.03
                        ],
                        [
                            886.84,
                            258.62
                        ],
                        [
                            888.37,
                            266.78
                        ],
                        [
                            889.62,
                            274.5
                        ],
                        [
                            890.62,
                            281.78
                        ],
                        [
                            891.34,
                            288.62
                        ],
                        [
                            891.8,
                            295.03
                        ],
                        [
                            892.0,
                            301.0
                        ],
                        [
                            891.93,
                            306.53
                        ],
                        [
                            891.59,
                            311.62
                        ],
                        [
                            890.99,
                            316.28
                        ],
                        [
                            890.12,
                            320.5
                        ],
                        [
                            888.99,
                            324.28
                        ],
                        [
                            887.59,
                            327.62
                        ],
                        [
                            885.93,
                            330.53
                        ],
                        [
                            884.0,
                            333.0
                        ]
                    ],
                    true
                ],
                [
                    1,
                    2,
                    [
                        [
                            861,
                            173
                        ],
                        [
                            883,
                            241
                        ]
                    ],
                    true
                ],
                [
                    2,
                    3,
                    [
                        [
                            831,
                            135
                        ],
                        [
                            861,
                            173
                        ]
                    ],
                    true
                ],
                [
                    3,
                    4,
                    [
                        [
                            816.0,
                            93.0
                        ],
                        [
                            816.35,
                            96.33
                        ],
                        [
                            816.78,
                            99.56
                        ],
                        [
                            817.29,
                            102.7
                        ],
                        [
                            817.88,
                            105.75
                        ],
                        [
                            818.54,
                            108.7
                        ],
                        [
                            819.28,
                            111.56
                        ],
                        [
                            820.1,
                            114.33
                        ],
                        [
                            821.0,
                            117.0
                        ],
                        [
                            821.98,
                            119.58
                        ],
                        [
                            823.03,
                            122.06
                        ],
                        [
                            824.16,
                            124.45
                        ],
                        [
                            825.38,
                            126.75
                        ],
                        [
                            826.66,
                            128.95
                        ],
                        [
                            828.03,
                            131.06
                        ],
                        [
                            829.48,
                            133.08
                        ],
                        [
                            831.0,
                            135.0
                        ]
                    ],
                    true
                ],
                [
                    4,
                    5,
                    [
                        [
                            789.0,
                            64.0
                        ],
                        [
                            792.45,
                            66.63
                        ],
                        [
                            795.66,
                            69.16
                        ],
                        [
                            798.63,
                            71.57
                        ],
                        [
                            801.38,
                            73.88
                        ],
                        [
                            803.88,
                            76.07
                        ],
                        [
                            806.16,
                            78.16
                        ],
                        [
                            808.2,
                            80.13
                        ],
                        [
                            810.0,
                            82.0
                        ],
                        [
                            811.57,
                            83.76
                        ],
                        [
                            812.91,
                            85.41
                        ],
                        [
                            814.01,
                            86.95
                        ],
                        [
                            814.88,
                            88.38
                        ],
                        [
                            815.51,
                            89.7
                        ],
                        [
                            815.91,
                            90.91
                        ],
                        [
                            816.07,
                            92.01
                        ],
                        [
                            816.0,
                            93.0
                        ]
                    ],
                    true
                ],
                [
                    5,
                    6,
                    [
                        [
                            764,
                            44
                        ],
                        [
                            789,
                            64
                        ]
                    ],
                    true
                ],
                [
                    6,
                    7,
                    [
                        [
                            729.0,
                            38.0
                        ],
                        [
                            730.6,
                            35.8
                        ],
                        [
                            732.28,
                            33.94
                        ],
                        [
                            734.04,
                            32.42
                        ],
                        [
                            735.88,
                            31.25
                        ],
                        [
                            737.79,
                            30.42
                        ],
                        [
                            739.78,
                            29.94
                        ],
                        [
                            741.85,
                            29.8
                        ],
                        [
                            744.0,
                            30.0
                        ],
                        [
                            746.23,
                            30.55
                        ],
                        [
                            748.53,
                            31.44
                        ],
                        [
                            750.91,
                            32.67
                        ],
                        [
                            753.38,
                            34.25
                        ],
                        [
                            755.91,
                            36.17
                        ],
                        [
                            758.53,
                            38.44
                        ],
                        [
                            761.23,
                            41.05
                        ],
                        [
                            764.0,
                            44.0
                        ]
                    ],
                    true
                ],
                [
                    7,
                    8,
                    [
                        [
                            693.0,
                            58.0
                        ],
                        [
                            695.95,
                            56.98
                        ],
                        [
                            698.81,
                            55.94
                        ],
                        [
                            701.58,
                            54.86
                        ],
                        [
                            704.25,
                            53.75
                        ],
                        [
                            706.83,
                            52.61
                        ],
                        [
                            709.31,
                            51.44
                        ],
                        [
                            711.7,
                            50.23
                        ],
                        [
                            714.0,
                            49.0
                        ],
                        [
                            716.2,
                            47.73
                        ],
                        [
                            718.31,
                            46.44
                        ],
                        [
                            720.33,
                            45.11
                        ],
                        [
                            722.25,
                            43.75
                        ],
                        [
                            724.08,
                            42.36
                        ],
                        [
                            725.81,
                            40.94
                        ],
                        [
                            727.45,
                            39.48
                        ],
                        [
                            729.0,
                            38.0
                        ]
                    ],
                    true
                ],
                [
                    8,
                    9,
                    [
                        [
                            640.0,
                            49.0
                        ],
                        [
                            641.84,
                            48.59
                        ],
                        [
                            643.72,
                            48.38
                        ],
                        [
                            645.65,
                            48.35
                        ],
                        [
                            647.62,
                            48.5
                        ],
                        [
                            649.64,
                            48.77
                        ],
                        [
                            651.7,
                            49.25
                        ],
                        [
                            653.82,
                            49.95
                        ],
                        [
                            656.0,
                            51.0
                        ],
                        [
                            658.28,
                            52.63
                        ],
                        [
                            660.61,
                            54.54
                        ],
                        [
                            662.98,
                            56.54
                        ],
                        [
                            665.38,
                            58.56
                        ],
                        [
                            667.79,
                            60.52
                        ],
                        [
                            670.2,
                            62.31
                        ],
                        [
                            672.62,
                            63.87
                        ],
                        [
                            675.0,
                            65.0
                        ],
                        [
                            677.32,
                            65.42
                        ],
                        [
                            679.61,
                            65.35
                        ],
                        [
                            681.88,
                            64.91
                        ],
                        [
                            684.12,
                            64.12
                        ],
                        [
                            686.37,
                            63.08
                        ],
                        [
                            688.59,
                            61.72
                        ],
                        [
                            690.8,
                            60.02
                        ],
                        [
                            693.0,
                            58.0
                        ]
                    ],
                    true
                ],
                [
                    9,
                    10,
                    [
                        [
                            603,
                            56
                        ],
                        [
                            640,
                            49
                        ]
                    ],
                    true
                ],
                [
                    10,
                    11,
                    [
                        [
                            563,
                            60
                        ],
                        [
                            603,
                            56
                        ]
                    ],
                    true
                ],
                [
                    11,
                    12,
                    [
                        [
                            513.0,
                            66.0
                        ],
                        [
                            516.12,
                            65.16
                        ],
                        [
                            519.25,
                            64.38
                        ],
                        [
                            522.38,
                            63.66
                        ],
                        [
                            525.5,
                            63.0
                        ],
                        [
                            528.62,
                            62.41
                        ],
                        [
                            531.75,
                            61.88
                        ],
                        [
                            534.88,
                            61.41
                        ],
                        [
                            538.0,
                            61.0
                        ],
                        [
                            541.12,
                            60.66
                        ],
                        [
                            544.25,
                            60.38
                        ],
                        [
                            547.38,
                            60.16
                        ],
                        [
                            550.5,
                            60.0
                        ],
                        [
                            553.62,
                            59.91
                        ],
                        [
                            556.75,
                            59.88
                        ],
                        [
                            559.88,
                            59.91
                        ],
                        [
                            563.0,
                            60.0
                        ]
                    ],
                    true
                ],
                [
                    12,
                    13,
                    [
                        [
                            464.0,
                            87.0
                        ],
                        [
                            467.88,
                            84.63
                        ],
                        [
                            471.66,
                            82.41
                        ],
                        [
                            475.32,
                            80.32
                        ],
                        [
                            478.88,
                            78.38
                        ],
                        [
                            482.32,
                            76.57
                        ],
                        [
                            485.66,
                            74.91
                        ],
                        [
                            488.88,
                            73.38
                        ],
                        [
                            492.0,
                            72.0
                        ],
                        [
                            495.01,
                            70.76
                        ],
                        [
                            497.91,
                            69.66
                        ],
                        [
                            500.7,
                            68.7
                        ],
                        [
                            503.38,
                            67.88
                        ],
                        [
                            505.95,
                            67.2
                        ],
                        [
                            508.41,
                            66.66
                        ],
                        [
                            510.76,
                            66.26
                        ],
                        [
                            513.0,
                            66.0
                        ]
                    ],
                    true
                ],
                [
                    13,
                    14,
                    [
                        [
                            427,
                            112
                        ],
                        [
                            464,
                            87
                        ]
                    ],
                    true
                ],
                [
                    14,
                    15,
                    [
                        [
                            279.0,
                            104.0
                        ],
                        [
                            290.78,
                            106.15
                        ],
                        [
                            301.88,
                            108.22
                        ],
                        [
                            312.27,
                            110.22
                        ],
                        [
                            322.0,
                            112.12
                        ],
                        [
                            331.15,
                            113.91
                        ],
                        [
                            339.59,
                            115.63
                        ],
                        [
                            347.27,
                            117.3
                        ],
                        [
                            354.0,
                            119.0
                        ],
                        [
                            359.4,
                            120.88
                        ],
                        [
                            363.94,
                            122.74
                        ],
                        [
                            367.96,
                            124.46
                        ],
                        [
                            371.56,
                            126.0
                        ],
                        [
                            374.91,
                            127.29
                        ],
                        [
                            378.15,
                            128.26
                        ],
                        [
                            381.41,
                            128.87
                        ],
                        [
                            385.0,
                            129.0
                        ],
                        [
                            389.41,
                            128.45
                        ],
                        [
                            394.25,
                            127.37
                        ],
                        [
                            399.34,
                            125.84
                        ],
                        [
                            404.62,
                            123.88
                        ],
                        [
                            409.97,
                            121.53
                        ],
                        [
                            415.47,
                            118.78
                        ],
                        [
                            421.15,
                            115.6
                        ],
                        [
                            427.0,
                            112.0
                        ]
                    ],
                    true
                ],
                [
                    15,
                    16,
                    [
                        [
                            220.0,
                            109.0
                        ],
                        [
                            222.63,
                            107.87
                        ],
                        [
                            225.41,
                            106.84
                        ],
                        [
                            228.32,
                            105.93
                        ],
                        [
                            231.38,
                            105.12
                        ],
                        [
                            234.57,
                            104.43
                        ],
                        [
                            237.91,
                            103.84
                        ],
                        [
                            241.38,
                            103.37
                        ],
                        [
                            245.0,
                            103.0
                        ],
                        [
                            248.76,
                            102.74
                        ],
                        [
                            252.66,
                            102.59
                        ],
                        [
                            256.7,
                            102.55
                        ],
                        [
                            260.88,
                            102.62
                        ],
                        [
                            265.2,
                            102.8
                        ],
                        [
                            269.66,
                            103.09
                        ],
                        [
                            274.26,
                            103.49
                        ],
                        [
                            279.0,
                            104.0
                        ]
                    ],
                    true
                ],
                [
                    16,
                    17,
                    [
                        [
                            180.0,
                            142.0
                        ],
                        [
                            182.73,
                            138.18
                        ],
                        [
                            185.44,
                            134.59
                        ],
                        [
                            188.11,
                            131.24
                        ],
                        [
                            190.75,
                            128.12
                        ],
                        [
                            193.36,
                            125.24
                        ],
                        [
                            195.94,
                            122.59
                        ],
                        [
                            198.48,
                            120.18
                        ],
                        [
                            201.0,
                            118.0
                        ],
                        [
                            203.48,
                            116.05
                        ],
                        [
                            205.94,
                            114.34
                        ],
                        [
                            208.36,
                            112.87
                        ],
                        [
                            210.75,
                            111.62
                        ],
                        [
                            213.11,
                            110.62
                        ],
                        [
                            215.44,
                            109.84
                        ],
                        [
                            217.73,
                            109.3
                        ],
                        [
                            220.0,
                            109.0
                        ]
                    ],
                    true
                ],
                [
                    17,
                    18,
                    [
                        [
                            161,
                            180
                        ],
                        [
                            180,
                            142
                        ]
                    ],
                    true
                ],
                [
                    18,
                    19,
                    [
                        [
                            75.0,
                            224.0
                        ],
                        [
                            78.73,
                            224.06
                        ],
                        [
                            82.69,
                            223.75
                        ],
                        [
                            86.86,
                            223.06
                        ],
                        [
                            91.25,
                            222.0
                        ],
                        [
                            95.86,
                            220.56
                        ],
                        [
                            100.69,
                            218.75
                        ],
                        [
                            105.73,
                            216.56
                        ],
                        [
                            111.0,
                            214.0
                        ],
                        [
                            116.48,
                            211.06
                        ],
                        [
                            122.19,
                            207.75
                        ],
                        [
                            128.11,
                            204.06
                        ],
                        [
                            134.25,
                            200.0
                        ],
                        [
                            140.61,
                            195.56
                        ],
                        [
                            147.19,
                            190.75
                        ],
                        [
                            153.98,
                            185.56
                        ],
                        [
                            161.0,
                            180.0
                        ]
                    ],
                    true
                ]
            ],
            "stations": [
                {
                    "coord": [
                        884,
                        333
                    ],
                    "is_working": true,
                    "name": "Nokdong",
                    "rect": [
                        829,
                        314,
                        46,
                        15
                    ],
                    "text_id": 0,
                    "uid": 0
                },
                {
                    "coord": [
                        883,
                        241
                    ],
                    "is_working": true,
                    "name": "Sotae",
                    "rect": [
                        841,
                        242,
                        30,
                        15
                    ],
                    "text_id": 1,
                    "uid": 1
                },
                {
                    "coord": [
                        861,
                        173
                    ],
                    "is_working": true,
                    "name": "Hakdong-Jeungsimsa",
                    "rect": [
                        742,
                        176,
                        109,
                        15
                    ],
                    "text_id": 2,
                    "uid": 2
                },
                {
                    "coord": [
                        831,
                        135
                    ],
                    "is_working": true,
                    "name": "Namgwangju",
                    "rect": [
                        755,
                        141,
                        66,
                        15
                    ],
                    "text_id": 3,
                    "uid": 3
                },
                {
                    "coord": [
                        816,
                        93
                    ],
                    "is_working": true,
                    "name": "Culture Complex",
                    "rect": [
                        827,
                        85,
                        85,
                        15
                    ],
                    "text_id": 4,
                    "uid": 4
                },
                {
                    "coord": [
                        789,
                        64
                    ],
                    "is_working": true,
                    "name": "Geumnamno 4-ga",
                    "rect": [
                        809,
                        55,
                        88,
                        15
                    ],
                    "text_id": 5,
                    "uid": 5
                },
                {
                    "coord": [
                        764,
                        44
                    ],
                    "is_working": true,
                    "name": "Geumnamno 5-ga",
                    "rect": [
                        781,
                        33,
                        88,
                        15
                    ],
                    "text_id": 6,
                    "uid": 6
                },
                {
                    "coord": [
                        729,
                        38
                    ],
                    "is_working": true,
                    "name": "Yangdong Market",
                    "rect": [
                        637,
                        13,
                        88,
                        15
                    ],
                    "text_id": 7,
                    "uid": 7
                },
                {
                    "coord": [
                        693,
                        58
                    ],
                    "is_working": true,
                    "name": "Dolgogae",
                    "rect": [
                        701,
                        67,
                        49,
                        15
                    ],
                    "text_id": 8,
                    "uid": 8
                },
                {
                    "coord": [
                        640,
                        49
                    ],
                    "is_working": true,
                    "name": "Nongseong",
                    "rect": [
                        575,
                        28,
                        58,
                        15
                    ],
                    "text_id": 9,
                    "uid": 9
                },
                {
                    "coord": [
                        603,
                        56
                    ],
                    "is_working": true,
                    "name": "Hwajeong",
                    "rect": [
                        605,
                        66,
                        51,
                        15
                    ],
                    "text_id": 10,
                    "uid": 10
                },
                {
                    "coord": [
                        563,
                        60
                    ],
                    "is_working": true,
                    "name": "Ssangcheon",
                    "rect": [
                        498,
                        35,
                        63,
                        15
                    ],
                    "text_id": 11,
                    "uid": 11
                },
                {
                    "coord": [
                        513,
                        66
                    ],
                    "is_working": true,
                    "name": "Uncheon",
                    "rect": [
                        519,
                        73,
                        46,
                        15
                    ],
                    "text_id": 12,
                    "uid": 12
                },
                {
                    "coord": [
                        464,
                        87
                    ],
                    "is_working": true,
                    "name": "Sangmu",
                    "rect": [
                        415,
                        67,
                        42,
                        15
                    ],
                    "text_id": 13,
                    "uid": 13
                },
                {
                    "coord": [
                        427,
                        112
                    ],
                    "is_working": true,
                    "name": "Kim Daejung Convention Center",
                    "rect": [
                        435,
                        120,
                        161,
                        15
                    ],
                    "text_id": 14,
                    "uid": 14
                },
                {
                    "coord": [
                        279,
                        104
                    ],
                    "is_working": true,
                    "name": "Airport",
                    "rect": [
                        288,
                        81,
                        36,
                        15
                    ],
                    "text_id": 15,
                    "uid": 15
                },
                {
                    "coord": [
                        220,
                        109
                    ],
                    "is_working": true,
                    "name": "Songjeong Park",
                    "rect": [
                        134,
                        86,
                        80,
                        15
                    ],
                    "text_id": 16,
                    "uid": 16
                },
                {
                    "coord": [
                        180,
                        142
                    ],
                    "is_working": true,
                    "name": "Gwangju Songjeong Station",
                    "rect": [
                        35,
                        120,
                        137,
                        15
                    ],
                    "text_id": 17,
                    "uid": 17
                },
                {
                    "coord": [
                        161,
                        180
                    ],
                    "is_working": true,
                    "name": "Dosan",
                    "rect": [
                        118,
                        159,
                        34,
                        15
                    ],
                    "text_id": 18,
                    "uid": 18
                },
                {
                    "coord": [
                        75,
                        224
                    ],
                    "is_working": true,
                    "name": "Pyeongdong",
                    "rect": [
                        17,
                        195,
                        63,
                        15
                    ],
                    "text_id": 19,
                    "uid": 19
                }
            ],
            "text_id": 20
        }
    ],
    "lines_width": 8,
    "name": "metro",
    "name_text_id": 21,
    "stations_diameter": 12.0,
    "transfers": [],
    "transports": [
        "metro"
    ],
    "type_name": "ROOT",
    "type_text_id": 22,
    "upper_case": false,
    "width": 1042,
    "word_wrap": false
}