{
    "lines": [
        {
            "delays": [],
            "name": "Linha Centro",
            "scheme": null,
            "segments": [
                [
                    0,
                    1,
                    120
                ],
                [
                    1,
                    0,
                    120
                ],
                [
                    1,
                    2,
                    120
                ],
                [
                    2,
                    1,
                    120
                ],
                [
                    2,
                    3,
                    120
                ],
                [
                    3,
                    2,
                    120
                ],
                [
                    3,
                    4,
                    120
                ],
                [
                    4,
                    3,
                    120
                ],
                [
                    4,
                    5,
                    120
                ],
                [
                    5,
                    4,
                    120
                ],
                [
                    5,
                    6,
                    120
                ],
                [
                    6,
                    5,
                    120
                ],
                [
                    6,
                    7,
                    120
                ],
                [
                    7,
                    6,
                    120
                ],
                [
                    7,
                    8,
                    120
                ],
                [
                    8,
                    7,
                    120
                ],
                [
                    8,
                    9,
                    120
                ],
                [
                    9,
                    8,
                    120
                ],
                [
                    9,
                    10,
                    120
                ],
                [
                    9,
                    14,
                    120
                ],
                [
                    10,
                    9,
                    120
                ],
                [
                    10,
                    11,
                    120
                ],
                [
                    11,
                    10,
                    120
                ],
                [
                    11,
                    12,
                    120
                ],
                [
                    12,
                    11,
                    120
                ],
                [
                    12,
                    13,
                    120
                ],
                [
                    13,
                    12,
                    120
                ],
                [
                    14,
                    9,
                    120
                ],
                [
                    14,
                    15,
                    120
                ],
                [
                    15,
                    14,
                    120
                ],
                [
                    15,
                    16,
                    120
                ],
                [
                    16,
                    15,
                    120
                ],
                [
                    16,
                    17,
                    120
                ],
                [
                    17,
                    16,
                    120
                ]
            ],
            "stations": [
                [
                    0,
                    "Recife",
                    0
                ],
                [
                    1,
                    "Joana Bezerra",
                    1
                ],
                [
                    2,
                    "Afogados",
                    2
                ],
                [
                    3,
                    "Ipiranga",
                    3
                ],
                [
                    4,
                    "Mangueira",
                    4
                ],
                [
                    5,
                    "Santa Luzia",
                    5
                ],
                [
                    6,
                    "Werneck",
                    6
                ],
                [
                    7,
                    "Barro",
                    7
                ],
                [
                    8,
                    "Tejipio",
                    8
                ],
                [
                    9,
                    "Coqueiral",
                    9
                ],
                [
                    10,
                    "Cavaleiro",
                    10
                ],
                [
                    11,
                    "Floriano",
                    11
                ],
                [
                    12,
                    "Engenho Velho",
                    12
                ],
                [
                    13,
                    "Jaboatao",
                    13
                ],
                [
                    14,
                    "Alto do Ceu",
                    14
                ],
                [
                    15,
                    "Curado",
                    15
                ],
                [
                    16,
                    "Rodoviaria",
                    16
                ],
                [
                    17,
                    "Camaragibe",
                    17
                ]
            ],
            "text_id": 18
        },
        {
            "delays": [],
            "name": "Linha Sul",
            "scheme": null,
            "segments": [
                [
                    18,
                    19,
                    120
                ],
                [
                    19,
                    18,
                    120
                ],
                [
                    19,
                    20,
                    120
                ],
                [
                    20,
                    19,
                    120
                ],
                [
                    20,
                    21,
                    120
                ],
                [
                    21,
                    20,
                    120
                ],
                [
                    21,
                    22,
                    120
                ],
                [
                    22,
                    21,
                    120
                ],
                [
                    22,
                    23,
                    120
                ],
                [
                    23,
                    22,
                    120
                ],
                [
                    23,
                    24,
                    120
                ],
                [
                    24,
                    23,
                    120
                ],
                [
                    24,
                    25,
                    120
                ],
                [
                    25,
                    24,
                    120
                ],
                [
                    25,
                    26,
                    120
                ],
                [
                    26,
                    25,
                    120
                ],
                [
                    26,
                    27,
                    120
                ],
                [
                    27,
                    26,
                    120
                ],
                [
                    27,
                    28,
                    120
                ],
                [
                    28,
                    27,
                    120
                ],
                [
                    28,
                    29,
                    120
                ],
                [
                    29,
                    28,
                    120
                ]
            ],
            "stations": [
                [
                    18,
                    "Recife",
                    0
                ],
                [
                    19,
                    "Joana Bezerra",
                    1
                ],
                [
                    20,
                    "Largo da Paz",
                    19
                ],
                [
                    21,
                    "Imbiribeira",
                    20
                ],
                [
                    22,
                    "Antonio Falcao",
                    21
                ],
                [
                    23,
                    "Shopping",
                    22
                ],
                [
                    24,
                    "Tancredo Neves",
                    23
                ],
                [
                    25,
                    "Aeroporto",
                    24
                ],
                [
                    26,
                    "Porta Larga",
                    25
                ],
                [
                    27,
                    "Monte dos Guararapes",
                    26
                ],
                [
                    28,
                    "Prazeres",
                    27
                ],
                [
                    29,
                    "Cajueiro Seco",
                    28
                ]
            ],
            "text_id": 29
        }
    ],
    "name": "metro",
    "transfers": [
        [
            1,
            19,
            0,
            true
        ],
        [
            0,
            18,
            0,
            true
        ]
    ],
    "type_name": "Метро"
}