{
    "0": "Yenikapi",
    "1": "Aksaray",
    "2": "Emniyet",
    "3": "Ulubatli Topkapi",
    "4": "Bayrampasa",
    "5": "Sagmalcilar",
    "6": "Kartaltepe",
    "7": "Otogar",
    "8": "Terazidere",
    "9": "Davutpasa",
    "10": "Merter",
    "11": "Zeytinburnu",
    "12": "Bakirkoy",
    "13": "Bahcelievler",
    "14": "Atakoy",
    "15": "Yeni Bosna",
    "16": "DTM-CNR/Expo",
    "17": "Havaalani",
    "18": "Esenler",
    "19": "Menderes",
    "20": "Uc Yuzlu",
    "21": "Bagcilar",
    "22": "Kirazli",
    "23": "M1",
    "24": "Seyrantepe",
    "25": "Haciosman",
    "26": "Darussafaka",
    "27": "Ataturk Oto Sanayi",
    "28": "ITU Maslak",
    "29": "Sanayi Mah.",
    "30": "4 Levent",
    "31": "Levent",
    "32": "Gayrettepe",
    "33": "Sisli",
    "34": "Osmanbey",
    "35": "Taksim",
    "36": "Sishane",
    "37": "Halic",
    "38": "Vezneciler",
    "39": "M2",
    "40": "Yenimahalle",
    "41": "Mahmutbey",
    "42": "Istoc",
    "43": "Ikitelli Sanayi",
    "44": "Turgut Ozal",
    "45": "Siteler",
    "46": "Basak Konutlari",
    "47": "MetroKent",
    "48": "Ziya Gokalp Mahallesi",
    "49": "Olimpiyat Parki",
    "50": "M3",
    "51": "Kadikoy",
    "52": "Ayrilikcesmesi",
    "53": "Acibadem",
    "54": "Unalan",
    "55": "Goztepe",
    "56": "Yenisahra",
    "57": "Kozyatagi",
    "58": "Bostanci",
    "59": "Kucukyali",
    "60": "Maltepe",
    "61": "Huzurevi",
    "62": "Gulsuyu",
    "63": "Cevizli",
    "64": "Hastane",
    "65": "Soganlik",
    "66": "Kartal",
    "67": "M4",
    "68": "Nispetiye",
    "69": "Etiler",
    "70": "Bogazici Universitesi",
    "71": "M6",
    "72": "Habibler",
    "73": "Mescid-i Selam",
    "74": "Cebeci",
    "75": "Sultanciftligi",
    "76": "Yeni Mah.",
    "77": "Haci Sukru",
    "78": "50. Yil - Bastabya",
    "79": "Cumhuriyet Mah.",
    "80": "Metris",
    "81": "Karadeniz",
    "82": "Tas Kopru",
    "83": "Ali Fuat Basgil",
    "84": "Cukucesme Ulubatli",
    "85": "Uluyol - Berec",
    "86": "Rami",
    "87": "Topcular",
    "88": "Demirkapi",
    "89": "Sehitlik",
    "90": "Edirnekapi",
    "91": "Vatan",
    "92": "Fetihkapi",
    "93": "Topkapi",
    "94": "T4",
    "95": "Метро",
    "96": "ROOT",
    "97": "Схема от 24.04.2015г.\nАвтор: Варламов Дмитрий (www.chpeks.com)",
    "98": "Imported from http://pmetro.su"
}