{
    "lines": [
        {
            "delays": [],
            "name": "Western",
            "scheme": null,
            "segments": [
                [
                    0,
                    1,
                    120
                ],
                [
                    1,
                    0,
                    120
                ],
                [
                    1,
                    2,
                    120
                ],
                [
                    2,
                    1,
                    120
                ],
                [
                    2,
                    3,
                    120
                ],
                [
                    3,
                    2,
                    120
                ],
                [
                    3,
                    4,
                    120
                ],
                [
                    4,
                    3,
                    120
                ],
                [
                    4,
                    5,
                    120
                ],
                [
                    5,
                    4,
                    120
                ],
                [
                    5,
                    6,
                    120
                ],
                [
                    6,
                    5,
                    120
                ],
                [
                    6,
                    7,
                    120
                ],
                [
                    7,
                    6,
                    120
                ],
                [
                    7,
                    8,
                    120
                ],
                [
                    8,
                    7,
                    120
                ],
                [
                    8,
                    9,
                    120
                ],
                [
                    9,
                    8,
                    120
                ],
                [
                    9,
                    10,
                    120
                ],
                [
                    10,
                    9,
                    120
                ],
                [
                    10,
                    11,
                    120
                ],
                [
                    11,
                    10,
                    120
                ],
                [
                    11,
                    12,
                    120
                ],
                [
                    12,
                    11,
                    120
                ],
                [
                    12,
                    13,
                    120
                ],
                [
                    13,
                    12,
                    120
                ],
                [
                    13,
                    14,
                    120
                ],
                [
                    14,
                    13,
                    120
                ],
                [
                    14,
                    15,
                    120
                ],
                [
                    15,
                    14,
                    120
                ],
                [
                    15,
                    16,
                    120
                ],
                [
                    16,
                    15,
                    120
                ],
                [
                    16,
                    17,
                    120
                ],
                [
                    17,
                    16,
                    120
                ],
                [
                    17,
                    18,
                    120
                ],
                [
                    18,
                    17,
                    120
                ],
                [
                    18,
                    19,
                    120
                ],
                [
                    19,
                    18,
                    120
                ],
                [
                    19,
                    20,
                    120
                ],
                [
                    20,
                    19,
                    120
                ]
            ],
            "stations": [
                [
                    0,
                    "Churchgate",
                    0
                ],
                [
                    1,
                    "Marine Lines",
                    1
                ],
                [
                    2,
                    "Charni Rd",
                    2
                ],
                [
                    3,
                    "Grant Rd",
                    3
                ],
                [
                    4,
                    "Mumbai Central",
                    4
                ],
                [
                    5,
                    "Mahalaxmi",
                    5
                ],
                [
                    6,
                    "Lower Parel",
                    6
                ],
                [
                    7,
                    "Elphinstone Rd",
                    7
                ],
                [
                    8,
                    "Dadar",
                    8
                ],
                [
                    9,
                    "Matunga Rd",
                    9
                ],
                [
                    10,
                    "Mahim Jn",
                    10
                ],
                [
                    11,
                    "Bandra",
                    11
                ],
                [
                    12,
                    "Khar Rd",
                    12
                ],
                [
                    13,
                    "Santacruz",
                    13
                ],
                [
                    14,
                    "Vile Parle",
                    14
                ],
                [
                    15,
                    "Andheri",
                    15
                ],
                [
                    16,
                    "Jogeshwari",
                    16
                ],
                [
                    17,
                    "Goregaon",
                    17
                ],
                [
                    18,
                    "Malad",
                    18
                ],
                [
                    19,
                    "Kandivli",
                    19
                ],
                [
                    20,
                    "Borivali",
                    20
                ]
            ],
            "text_id": 21
        },
        {
            "delays": [],
            "name": "Central",
            "scheme": null,
            "segments": [
                [
                    21,
                    22,
                    120
                ],
                [
                    22,
                    21,
                    120
                ],
                [
                    22,
                    23,
                    120
                ],
                [
                    23,
                    22,
                    120
                ],
                [
                    23,
                    24,
                    120
                ],
                [
                    24,
                    23,
                    120
                ],
                [
                    24,
                    25,
                    120
                ],
                [
                    25,
                    24,
                    120
                ],
                [
                    25,
                    26,
                    120
                ],
                [
                    26,
                    25,
                    120
                ],
                [
                    26,
                    27,
                    120
                ],
                [
                    27,
                    26,
                    120
                ],
                [
                    27,
                    28,
                    120
                ],
                [
                    28,
                    27,
                    120
                ],
                [
                    28,
                    29,
                    120
                ],
                [
                    29,
                    28,
                    120
                ],
                [
                    29,
                    30,
                    120
                ],
                [
                    30,
                    29,
                    120
                ],
                [
                    30,
                    31,
                    120
                ],
                [
                    31,
                    30,
                    120
                ],
                [
                    31,
                    32,
                    120
                ],
                [
                    32,
                    31,
                    120
                ],
                [
                    32,
                    33,
                    120
                ],
                [
                    33,
                    32,
                    120
                ],
                [
                    33,
                    34,
                    120
                ],
                [
                    34,
                    33,
                    120
                ],
                [
                    34,
                    35,
                    120
                ],
                [
                    35,
                    34,
                    120
                ],
                [
                    35,
                    36,
                    120
                ],
                [
                    36,
                    35,
                    120
                ],
                [
                    36,
                    37,
                    120
                ],
                [
                    37,
                    36,
                    120
                ],
                [
                    37,
                    38,
                    120
                ],
                [
                    38,
                    37,
                    120
                ],
                [
                    38,
                    39,
                    120
                ],
                [
                    39,
                    38,
                    120
                ],
                [
                    39,
                    40,
                    120
                ],
                [
                    40,
                    39,
                    120
                ],
                [
                    40,
                    41,
                    120
                ],
                [
                    41,
                    40,
                    120
                ],
                [
                    41,
                    42,
                    120
                ],
                [
                    42,
                    41,
                    120
                ],
                [
                    42,
                    43,
                    120
                ],
                [
                    43,
                    42,
                    120
                ],
                [
                    43,
                    44,
                    120
                ],
                [
                    44,
                    43,
                    120
                ]
            ],
            "stations": [
                [
                    21,
                    "Mumbai CST",
                    22
                ],
                [
                    22,
                    "Masjid",
                    23
                ],
                [
                    23,
                    "Sandhurst Rd",
                    24
                ],
                [
                    24,
                    "Byculla",
                    25
                ],
                [
                    25,
                    "Chinchpokli",
                    26
                ],
                [
                    26,
                    "Curey Rd",
                    27
                ],
                [
                    27,
                    "Parel",
                    28
                ],
                [
                    28,
                    "Dadar",
                    8
                ],
                [
                    29,
                    "Matunga",
                    29
                ],
                [
                    30,
                    "Sion",
                    30
                ],
                [
                    31,
                    "Kurla",
                    31
                ],
                [
                    32,
                    "Vidyavihar",
                    32
                ],
                [
                    33,
                    "Ghatkopar",
                    33
                ],
                [
                    34,
                    "Vikhroli",
                    34
                ],
                [
                    35,
                    "Kanjur Marg",
                    35
                ],
                [
                    36,
                    "Bhandup",
                    36
                ],
                [
                    37,
                    "Mulund",
                    37
                ],
                [
                    38,
                    "Thane",
                    38
                ],
                [
                    39,
                    "Kalwa",
                    39
                ],
                [
                    40,
                    "Mumbra",
                    40
                ],
                [
                    41,
                    "Diva Jn",
                    41
                ],
                [
                    42,
                    "Dombivli",
                    42
                ],
                [
                    43,
                    "Thakruli",
                    43
                ],
                [
                    44,
                    "Kalyan",
                    44
                ]
            ],
            "text_id": 45
        },
        {
            "delays": [],
            "name": "Harbour 1",
            "scheme": null,
            "segments": [
                [
                    45,
                    46,
                    120
                ],
                [
                    46,
                    45,
                    120
                ],
                [
                    46,
                    47,
                    120
                ],
                [
                    47,
                    46,
                    120
                ],
                [
                    47,
                    48,
                    120
                ],
                [
                    48,
                    47,
                    120
                ],
                [
                    48,
                    49,
                    120
                ],
                [
                    49,
                    48,
                    120
                ],
                [
                    49,
                    50,
                    120
                ],
                [
                    50,
                    49,
                    120
                ],
                [
                    50,
                    51,
                    120
                ],
                [
                    51,
                    50,
                    120
                ],
                [
                    51,
                    52,
                    120
                ],
                [
                    52,
                    51,
                    120
                ],
                [
                    52,
                    53,
                    120
                ],
                [
                    53,
                    52,
                    120
                ],
                [
                    53,
                    54,
                    120
                ],
                [
                    54,
                    53,
                    120
                ],
                [
                    54,
                    55,
                    120
                ],
                [
                    55,
                    54,
                    120
                ],
                [
                    55,
                    56,
                    120
                ],
                [
                    56,
                    55,
                    120
                ],
                [
                    56,
                    57,
                    120
                ],
                [
                    57,
                    56,
                    120
                ],
                [
                    57,
                    58,
                    120
                ],
                [
                    58,
                    57,
                    120
                ],
                [
                    58,
                    59,
                    120
                ],
                [
                    59,
                    58,
                    120
                ]
            ],
            "stations": [
                [
                    45,
                    "Mumbai CST",
                    22
                ],
                [
                    46,
                    "Masjid",
                    23
                ],
                [
                    47,
                    "Sandhurst Rd",
                    24
                ],
                [
                    48,
                    "Dockyard Rd",
                    46
                ],
                [
                    49,
                    "Reay Rd",
                    47
                ],
                [
                    50,
                    "Cotton Green",
                    48
                ],
                [
                    51,
                    "Sewri",
                    49
                ],
                [
                    52,
                    "Wadala Jn",
                    50
                ],
                [
                    53,
                    "King Circle",
                    51
                ],
                [
                    54,
                    "Mahim Jn",
                    10
                ],
                [
                    55,
                    "Bandra",
                    11
                ],
                [
                    56,
                    "Khar Rd",
                    12
                ],
                [
                    57,
                    "Santacruz",
                    13
                ],
                [
                    58,
                    "Vile Parle",
                    14
                ],
                [
                    59,
                    "Andheri",
                    15
                ]
            ],
            "text_id": 52
        },
        {
            "delays": [],
            "name": "Harbour 2",
            "scheme": null,
            "segments": [
                [
                    60,
                    61,
                    120
                ],
                [
                    61,
                    60,
                    120
                ],
                [
                    61,
                    62,
                    120
                ],
                [
                    62,
                    61,
                    120
                ],
                [
                    62,
                    63,
                    120
                ],
                [
                    63,
                    62,
                    120
                ],
                [
                    63,
                    64,
                    120
                ],
                [
                    64,
                    63,
                    120
                ],
                [
                    64,
                    65,
                    120
                ],
                [
                    65,
                    64,
                    120
                ],
                [
                    65,
                    66,
                    120
                ],
                [
                    66,
                    65,
                    120
                ],
                [
                    66,
                    67,
                    120
                ],
                [
                    67,
                    66,
                    120
                ],
                [
                    67,
                    68,
                    120
                ],
                [
                    68,
                    67,
                    120
                ],
                [
                    68,
                    69,
                    120
                ],
                [
                    69,
                    68,
                    120
                ],
                [
                    69,
                    70,
                    120
                ],
                [
                    70,
                    69,
                    120
                ],
                [
                    70,
                    71,
                    120
                ],
                [
                    71,
                    70,
                    120
                ],
                [
                    71,
                    72,
                    120
                ],
                [
                    72,
                    71,
                    120
                ],
                [
                    72,
                    73,
                    120
                ],
                [
                    73,
                    72,
                    120
                ],
                [
                    73,
                    74,
                    120
                ],
                [
                    74,
                    73,
                    120
                ],
                [
                    74,
                    75,
                    120
                ],
                [
                    75,
                    74,
                    120
                ],
                [
                    75,
                    76,
                    120
                ],
                [
                    76,
                    75,
                    120
                ],
                [
                    76,
                    77,
                    120
                ],
                [
                    77,
                    76,
                    120
                ],
                [
                    77,
                    78,
                    120
                ],
                [
                    78,
                    77,
                    120
                ],
                [
                    78,
                    79,
                    120
                ],
                [
                    79,
                    78,
                    120
                ],
                [
                    79,
                    80,
                    120
                ],
                [
                    80,
                    79,
                    120
                ],
                [
                    80,
                    81,
                    120
                ],
                [
                    81,
                    80,
                    120
                ],
                [
                    81,
                    82,
                    120
                ],
                [
                    82,
                    81,
                    120
                ],
                [
                    82,
                    83,
                    120
                ],
                [
                    83,
                    82,
                    120
                ]
            ],
            "stations": [
                [
                    60,
                    "Mumbai CST",
                    22
                ],
                [
                    61,
                    "Masjid",
                    23
                ],
                [
                    62,
                    "Sandhurst Rd",
                    24
                ],
                [
                    63,
                    "Dockyard Rd",
                    46
                ],
                [
                    64,
                    "Reay Rd",
                    47
                ],
                [
                    65,
                    "Cotton Green",
                    48
                ],
                [
                    66,
                    "Sewri",
                    49
                ],
                [
                    67,
                    "Wadala Jn",
                    50
                ],
                [
                    68,
                    "GTB Nagar",
                    53
                ],
                [
                    69,
                    "Chunabhatti",
                    54
                ],
                [
                    70,
                    "Kurla",
                    31
                ],
                [
                    71,
                    "Tilak Nagar",
                    55
                ],
                [
                    72,
                    "Chembur",
                    56
                ],
                [
                    73,
                    "Mankhurd",
                    57
                ],
                [
                    74,
                    "Vashi",
                    58
                ],
                [
                    75,
                    "Sanpada",
                    59
                ],
                [
                    76,
                    "Jui Nagar",
                    60
                ],
                [
                    77,
                    "Nerul",
                    61
                ],
                [
                    78,
                    "Seawood",
                    62
                ],
                [
                    79,
                    "Belapur",
                    63
                ],
                [
                    80,
                    "Kharghar",
                    64
                ],
                [
                    81,
                    "Mansarovar",
                    65
                ],
                [
                    82,
                    "Khandeshwar",
                    66
                ],
                [
                    83,
                    "Panvel",
                    67
                ]
            ],
            "text_id": 68
        },
        {
            "delays": [],
            "name": "Thane-Vashi",
            "scheme": null,
            "segments": [
                [
                    84,
                    85,
                    120
                ],
                [
                    85,
                    84,
                    120
                ],
                [
                    85,
                    86,
                    120
                ],
                [
                    86,
                    85,
                    120
                ],
                [
                    86,
                    87,
                    120
                ],
                [
                    87,
                    86,
                    120
                ],
                [
                    87,
                    88,
                    120
                ],
                [
                    88,
                    87,
                    120
                ],
                [
                    88,
                    89,
                    120
                ],
                [
                    89,
                    88,
                    120
                ],
                [
                    89,
                    90,
                    120
                ],
                [
                    90,
                    89,
                    120
                ],
                [
                    90,
                    91,
                    120
                ],
                [
                    91,
                    90,
                    120
                ]
            ],
            "stations": [
                [
                    84,
                    "Thane",
                    38
                ],
                [
                    85,
                    "Dighe",
                    69
                ],
                [
                    86,
                    "Airoli",
                    70
                ],
                [
                    87,
                    "Rabale",
                    71
                ],
                [
                    88,
                    "Ghansoli",
                    72
                ],
                [
                    89,
                    "Koparkhairane",
                    73
                ],
                [
                    90,
                    "Turbhe",
                    74
                ],
                [
                    91,
                    "Vashi",
                    58
                ]
            ],
            "text_id": 75
        }
    ],
    "name": "metro",
    "transfers": [
        [
            15,
            59,
            0,
            true
        ],
        [
            11,
            55,
            0,
            true
        ],
        [
            50,
            65,
            0,
            true
        ],
        [
            8,
            28,
            120,
            true
        ],
        [
            48,
            63,
            0,
            true
        ],
        [
            12,
            56,
            0,
            true
        ],
        [
            31,
            70,
            120,
            true
        ],
        [
            10,
            54,
            0,
            true
        ],
        [
            46,
            61,
            0,
            true
        ],
        [
            22,
            46,
            120,
            true
        ],
        [
            22,
            61,
            120,
            true
        ],
        [
            45,
            60,
            0,
            true
        ],
        [
            21,
            45,
            120,
            true
        ],
        [
            21,
            60,
            120,
            true
        ],
        [
            49,
            64,
            0,
            true
        ],
        [
            47,
            62,
            0,
            true
        ],
        [
            23,
            47,
            120,
            true
        ],
        [
            23,
            62,
            120,
            true
        ],
        [
            13,
            57,
            0,
            true
        ],
        [
            51,
            66,
            0,
            true
        ],
        [
            38,
            84,
            120,
            true
        ],
        [
            74,
            91,
            120,
            true
        ],
        [
            14,
            58,
            0,
            true
        ],
        [
            52,
            67,
            0,
            true
        ]
    ],
    "type_name": "Электричка"
}