{
    "0": "Grove Street",
    "1": "Silver Lake",
    "2": "Branch Brook Park",
    "3": "Davenport Avenue",
    "4": "Bloomfield Avenue",
    "5": "Park Avenue",
    "6": "Orange Street",
    "7": "Norfolk Street",
    "8": "Warren Street",
    "9": "Washington Street",
    "10": "Military Park",
    "11": "Newark Penn Station",
    "12": "Newark City Subway",
    "13": "NJPAC/Center Street",
    "14": "Atlantic Street",
    "15": "Riverfront Stadium",
    "16": "Broad Street Station",
    "17": "Washington Park",
    "18": "Newark Light Rail",
    "19": "Train",
    "20": "ROOT",
    "21": "Shema ot 02.10.2007g.\nAvtor: Shul'ga Sergej\nAvtor: Varlamov Dmitrij (www.chpeks.com)",
    "22": "Imported from http://pmetro.su"
}