{
    "0": "Govan",
    "1": "Ibrox",
    "2": "Cessnock",
    "3": "Kinning Park",
    "4": "Shields Road",
    "5": "West Street",
    "6": "Bridge Street",
    "7": "St. Enoch",
    "8": "Buchanan Street",
    "9": "Cowcaddens",
    "10": "St. George's Cross",
    "11": "Kelvinbridge",
    "12": "Hillhead",
    "13": "Kelvinhall",
    "14": "Patrick",
    "15": "Circle line",
    "16": "Метро",
    "17": "ROOT",
    "18": "Схема от 20.07.2008г.\nКарту прислал Савицкий Владислав.\n\nИнформация по станциям - Савицкий Владислав.\n\nИнтервалы движения - ??.",
    "19": "Imported from http://pmetro.su"
}