{
    "lines": [
        {
            "delays": [],
            "name": "Blue Line",
            "scheme": null,
            "segments": [
                [
                    0,
                    1,
                    120
                ],
                [
                    1,
                    0,
                    120
                ],
                [
                    1,
                    2,
                    120
                ],
                [
                    2,
                    1,
                    120
                ],
                [
                    2,
                    3,
                    120
                ],
                [
                    3,
                    2,
                    120
                ],
                [
                    3,
                    4,
                    120
                ],
                [
                    4,
                    3,
                    120
                ],
                [
                    4,
                    5,
                    120
                ],
                [
                    5,
                    4,
                    120
                ],
                [
                    5,
                    6,
                    120
                ],
                [
                    6,
                    5,
                    120
                ],
                [
                    6,
                    7,
                    120
                ],
                [
                    7,
                    6,
                    120
                ],
                [
                    7,
                    8,
                    120
                ],
                [
                    8,
                    7,
                    120
                ],
                [
                    8,
                    9,
                    120
                ],
                [
                    9,
                    8,
                    120
                ],
                [
                    9,
                    10,
                    120
                ],
                [
                    10,
                    9,
                    120
                ],
                [
                    10,
                    11,
                    120
                ],
                [
                    11,
                    10,
                    120
                ],
                [
                    11,
                    12,
                    120
                ],
                [
                    12,
                    11,
                    120
                ],
                [
                    12,
                    13,
                    120
                ],
                [
                    13,
                    12,
                    120
                ],
                [
                    13,
                    14,
                    120
                ],
                [
                    14,
                    13,
                    120
                ]
            ],
            "stations": [
                [
                    0,
                    "7th St.",
                    0
                ],
                [
                    1,
                    "Charlotte Transportation Center/Arena",
                    1
                ],
                [
                    2,
                    "3rd St./Convention Center",
                    2
                ],
                [
                    3,
                    "Stonewall",
                    3
                ],
                [
                    4,
                    "Carson",
                    4
                ],
                [
                    5,
                    "Bland",
                    5
                ],
                [
                    6,
                    "East/West Blvd",
                    6
                ],
                [
                    7,
                    "New Bern",
                    7
                ],
                [
                    8,
                    "Scaleybark",
                    8
                ],
                [
                    9,
                    "Woodlawn",
                    9
                ],
                [
                    10,
                    "Tyvola",
                    10
                ],
                [
                    11,
                    "Archdale",
                    11
                ],
                [
                    12,
                    "Arrowood",
                    12
                ],
                [
                    13,
                    "Sharon Road West",
                    13
                ],
                [
                    14,
                    "I-485/South Blvd",
                    14
                ]
            ],
            "text_id": 15
        }
    ],
    "name": "metro",
    "transfers": [],
    "type_name": "Трамвай"
}