{
    "lines": [
        {
            "delays": [
                180,
                360
            ],
            "name": "Omni Loop",
            "scheme": null,
            "segments": [
                [
                    0,
                    1,
                    120
                ],
                [
                    1,
                    0,
                    120
                ],
                [
                    1,
                    2,
                    120
                ],
                [
                    2,
                    1,
                    120
                ],
                [
                    2,
                    3,
                    120
                ],
                [
                    3,
                    2,
                    120
                ],
                [
                    3,
                    4,
                    120
                ],
                [
                    4,
                    3,
                    120
                ],
                [
                    4,
                    5,
                    120
                ],
                [
                    5,
                    4,
                    120
                ],
                [
                    5,
                    6,
                    120
                ],
                [
                    5,
                    13,
                    120
                ],
                [
                    6,
                    7,
                    120
                ],
                [
                    7,
                    8,
                    120
                ],
                [
                    8,
                    9,
                    120
                ],
                [
                    9,
                    10,
                    120
                ],
                [
                    10,
                    11,
                    120
                ],
                [
                    11,
                    12,
                    120
                ],
                [
                    12,
                    13,
                    120
                ]
            ],
            "stations": [
                [
                    0,
                    "School Board",
                    0
                ],
                [
                    1,
                    "Omni",
                    1
                ],
                [
                    2,
                    "Bicentennial Park",
                    2
                ],
                [
                    3,
                    "Eleventh Street",
                    3
                ],
                [
                    4,
                    "Park West",
                    4
                ],
                [
                    5,
                    "Freedom Tower",
                    5
                ],
                [
                    6,
                    "College North",
                    6
                ],
                [
                    7,
                    "Arena/State Plaza",
                    7
                ],
                [
                    8,
                    "Government Center",
                    8
                ],
                [
                    9,
                    "Third Street",
                    9
                ],
                [
                    10,
                    "Knight Center",
                    10
                ],
                [
                    11,
                    "Bayfront Park",
                    11
                ],
                [
                    12,
                    "First Street",
                    12
                ],
                [
                    13,
                    "College/Bayside",
                    13
                ]
            ],
            "text_id": 14
        },
        {
            "delays": [
                180,
                360
            ],
            "name": "Brickell Loop",
            "scheme": null,
            "segments": [
                [
                    14,
                    15,
                    120
                ],
                [
                    15,
                    14,
                    120
                ],
                [
                    15,
                    16,
                    120
                ],
                [
                    16,
                    15,
                    120
                ],
                [
                    16,
                    17,
                    120
                ],
                [
                    17,
                    16,
                    120
                ],
                [
                    17,
                    18,
                    120
                ],
                [
                    18,
                    17,
                    120
                ],
                [
                    18,
                    19,
                    120
                ],
                [
                    19,
                    18,
                    120
                ],
                [
                    19,
                    20,
                    120
                ],
                [
                    19,
                    27,
                    120
                ],
                [
                    20,
                    21,
                    120
                ],
                [
                    21,
                    22,
                    120
                ],
                [
                    22,
                    23,
                    120
                ],
                [
                    23,
                    24,
                    120
                ],
                [
                    24,
                    25,
                    120
                ],
                [
                    25,
                    26,
                    120
                ],
                [
                    26,
                    27,
                    120
                ]
            ],
            "stations": [
                [
                    14,
                    "Financial District",
                    15
                ],
                [
                    15,
                    "Brickell",
                    16
                ],
                [
                    16,
                    "Tenth Street",
                    17
                ],
                [
                    17,
                    "Eighth Street",
                    18
                ],
                [
                    18,
                    "Fifth Street",
                    19
                ],
                [
                    19,
                    "Riverwalk",
                    20
                ],
                [
                    20,
                    "Knight Center",
                    10
                ],
                [
                    21,
                    "Bayfront Park",
                    11
                ],
                [
                    22,
                    "First Street",
                    12
                ],
                [
                    23,
                    "College/Bayside",
                    13
                ],
                [
                    24,
                    "College North",
                    6
                ],
                [
                    25,
                    "Arena/State Plaza",
                    7
                ],
                [
                    26,
                    "Government Center",
                    8
                ],
                [
                    27,
                    "Third Street",
                    9
                ]
            ],
            "text_id": 21
        },
        {
            "delays": [
                180,
                360
            ],
            "name": "Downtown Loop",
            "scheme": null,
            "segments": [
                [
                    28,
                    29,
                    120
                ],
                [
                    29,
                    30,
                    120
                ],
                [
                    30,
                    31,
                    120
                ],
                [
                    31,
                    32,
                    120
                ],
                [
                    32,
                    33,
                    120
                ],
                [
                    33,
                    34,
                    120
                ],
                [
                    34,
                    35,
                    120
                ],
                [
                    35,
                    28,
                    120
                ]
            ],
            "stations": [
                [
                    28,
                    "Miami Avenue",
                    22
                ],
                [
                    29,
                    "Government Center",
                    8
                ],
                [
                    30,
                    "Arena/State Plaza",
                    7
                ],
                [
                    31,
                    "College North",
                    6
                ],
                [
                    32,
                    "College/Bayside",
                    13
                ],
                [
                    33,
                    "First Street",
                    12
                ],
                [
                    34,
                    "Bayfront Park",
                    11
                ],
                [
                    35,
                    "Knight Center",
                    10
                ]
            ],
            "text_id": 23
        },
        {
            "delays": [
                180,
                360
            ],
            "name": "Metrorail",
            "scheme": null,
            "segments": [
                [
                    36,
                    44,
                    120
                ],
                [
                    37,
                    38,
                    120
                ],
                [
                    38,
                    37,
                    120
                ],
                [
                    38,
                    39,
                    120
                ],
                [
                    39,
                    38,
                    120
                ],
                [
                    39,
                    40,
                    120
                ],
                [
                    40,
                    39,
                    120
                ],
                [
                    40,
                    41,
                    120
                ],
                [
                    41,
                    40,
                    120
                ],
                [
                    41,
                    42,
                    120
                ],
                [
                    42,
                    41,
                    120
                ],
                [
                    42,
                    43,
                    120
                ],
                [
                    43,
                    42,
                    120
                ],
                [
                    43,
                    44,
                    120
                ],
                [
                    44,
                    36,
                    120
                ],
                [
                    44,
                    43,
                    120
                ],
                [
                    44,
                    45,
                    120
                ],
                [
                    45,
                    44,
                    120
                ],
                [
                    45,
                    46,
                    120
                ],
                [
                    46,
                    45,
                    120
                ],
                [
                    46,
                    47,
                    120
                ],
                [
                    47,
                    46,
                    120
                ],
                [
                    47,
                    48,
                    120
                ],
                [
                    48,
                    47,
                    120
                ],
                [
                    48,
                    49,
                    120
                ],
                [
                    49,
                    48,
                    120
                ],
                [
                    49,
                    50,
                    120
                ],
                [
                    50,
                    49,
                    120
                ],
                [
                    50,
                    51,
                    120
                ],
                [
                    51,
                    50,
                    120
                ],
                [
                    51,
                    52,
                    120
                ],
                [
                    52,
                    51,
                    120
                ],
                [
                    52,
                    53,
                    120
                ],
                [
                    53,
                    52,
                    120
                ],
                [
                    53,
                    54,
                    120
                ],
                [
                    54,
                    53,
                    120
                ],
                [
                    54,
                    55,
                    120
                ],
                [
                    55,
                    54,
                    120
                ],
                [
                    55,
                    56,
                    120
                ],
                [
                    56,
                    55,
                    120
                ],
                [
                    56,
                    57,
                    120
                ],
                [
                    57,
                    56,
                    120
                ],
                [
                    57,
                    58,
                    120
                ],
                [
                    58,
                    57,
                    120
                ]
            ],
            "stations": [
                [
                    36,
                    "Miami International Airport",
                    24
                ],
                [
                    37,
                    "Palmetto",
                    25
                ],
                [
                    38,
                    "Okeechobee",
                    26
                ],
                [
                    39,
                    "Hialeah",
                    27
                ],
                [
                    40,
                    "Tri-Rail",
                    28
                ],
                [
                    41,
                    "Northside",
                    29
                ],
                [
                    42,
                    "Dr Martin Luther King Jr.",
                    30
                ],
                [
                    43,
                    "Brownsville",
                    31
                ],
                [
                    44,
                    "Earlington Heights",
                    32
                ],
                [
                    45,
                    "Allapattah",
                    33
                ],
                [
                    46,
                    "Santa Clara",
                    34
                ],
                [
                    47,
                    "Civic Center",
                    35
                ],
                [
                    48,
                    "Culmer",
                    36
                ],
                [
                    49,
                    "Overtown/Arena",
                    37
                ],
                [
                    50,
                    "Government Center",
                    8
                ],
                [
                    51,
                    "Brickell",
                    16
                ],
                [
                    52,
                    "Vizcaya",
                    38
                ],
                [
                    53,
                    "Coconut Grove",
                    39
                ],
                [
                    54,
                    "Douglas Road",
                    40
                ],
                [
                    55,
                    "University",
                    41
                ],
                [
                    56,
                    "South Miami",
                    42
                ],
                [
                    57,
                    "Dadeland North",
                    43
                ],
                [
                    58,
                    "Dadeland South",
                    44
                ]
            ],
            "text_id": 45
        }
    ],
    "name": "metro",
    "transfers": [
        [
            6,
            24,
            120,
            true
        ],
        [
            6,
            31,
            120,
            true
        ],
        [
            7,
            25,
            120,
            true
        ],
        [
            7,
            30,
            120,
            true
        ],
        [
            8,
            26,
            120,
            true
        ],
        [
            8,
            29,
            120,
            true
        ],
        [
            8,
            50,
            120,
            true
        ],
        [
            9,
            27,
            120,
            true
        ],
        [
            10,
            20,
            120,
            true
        ],
        [
            10,
            35,
            120,
            true
        ],
        [
            11,
            21,
            120,
            true
        ],
        [
            11,
            34,
            120,
            true
        ],
        [
            12,
            22,
            120,
            true
        ],
        [
            12,
            33,
            120,
            true
        ],
        [
            13,
            23,
            120,
            true
        ],
        [
            13,
            32,
            120,
            true
        ],
        [
            15,
            51,
            120,
            true
        ],
        [
            20,
            35,
            120,
            true
        ],
        [
            21,
            34,
            120,
            true
        ],
        [
            22,
            33,
            120,
            true
        ],
        [
            23,
            32,
            120,
            true
        ],
        [
            24,
            31,
            120,
            true
        ],
        [
            25,
            30,
            120,
            true
        ],
        [
            26,
            29,
            120,
            true
        ],
        [
            26,
            50,
            120,
            true
        ],
        [
            29,
            50,
            120,
            true
        ]
    ],
    "type_name": "Метро"
}