{
    "0": "Lliria",
    "1": "Benaguasil 2n",
    "2": "Benaguasil 1r",
    "3": "La Pobla de Vallbona",
    "4": "L’Eliana",
    "5": "Montesol",
    "6": "El Clot",
    "7": "Entrepins",
    "8": "La Vallesa",
    "9": "La Canyada",
    "10": "Fuente del Jarro",
    "11": "Santa Rita",
    "12": "Paterna",
    "13": "Campament",
    "14": "Les Carolines/Fira",
    "15": "Benimаmet",
    "16": "Cantereria",
    "17": "Betera",
    "18": "S. Psiquiаtric",
    "19": "Masies",
    "20": "Seminari-CEU",
    "21": "Moncada-Alfara",
    "22": "Massarrojos",
    "23": "Rocafort",
    "24": "Godella",
    "25": "Burjassot-Godella",
    "26": "Burjassot",
    "27": "Empalme",
    "28": "Beniferri",
    "29": "Campanar-La Fe",
    "30": "Turia",
    "31": "А. Guimerа",
    "32": "Pl. Espanya",
    "33": "Jesus",
    "34": "Patraix",
    "35": "Hospital",
    "36": "Sant Isidre",
    "37": "Valencia Sud",
    "38": "Paiporta",
    "39": "Picanya",
    "40": "Torrent",
    "41": "Torrent Avinguda",
    "42": "Colegi El Vedat",
    "43": "Realon",
    "44": "Sant Ramon",
    "45": "Picassent",
    "46": "Omet",
    "47": "Espioca",
    "48": "Font Almaguer",
    "49": "Alginet",
    "50": "Ausiаs March",
    "51": "Carlet",
    "52": "Benimodo",
    "53": "L'Alcudia",
    "54": "Montortal",
    "55": "Masalaves",
    "56": "Alberic",
    "57": "Villanueva de Castellon",
    "58": "1",
    "59": "Aeroport",
    "60": "Rosas",
    "61": "Manises",
    "62": "Salt de l`Aigua",
    "63": "Quart de Poblet",
    "64": "Faitanar",
    "65": "Mislata-Almassil",
    "66": "Mislata",
    "67": "Nou d’Octubre",
    "68": "Av. del Cid",
    "69": "Xаtiva",
    "70": "Colon",
    "71": "Alameda",
    "72": "Facultats",
    "73": "Benimaclet",
    "74": "Machado",
    "75": "Palmaret",
    "76": "Alboraya",
    "77": "Almаssera",
    "78": "Meliana",
    "79": "Foios",
    "80": "Albalat dels Sorells",
    "81": "Museros",
    "82": "Massamagrell",
    "83": "La Pobla de Farnals",
    "84": "Rafelbunyol",
    "85": "3",
    "86": "Mas del Rosari",
    "87": "La Coma",
    "88": "Tomas y Valiente",
    "89": "Santa Gemma",
    "90": "Ll. Llarga Terramelar",
    "91": "TVV",
    "92": "Feria Valencia",
    "93": "V. Andres E.",
    "94": "Campus",
    "95": "Sant Joan",
    "96": "La Granja",
    "97": "Palau de Congressos",
    "98": "Florista",
    "99": "Garbi",
    "100": "Benicalap",
    "101": "Trаnsits",
    "102": "Marxalenes",
    "103": "Reus",
    "104": "Sagunt",
    "105": "Pont de Fusta",
    "106": "Primat Reig",
    "107": "V. Zaragoza",
    "108": "U. Politecnica",
    "109": "La Carrasca",
    "110": "Tarongers",
    "111": "Serreria",
    "112": "La Cadena",
    "113": "Eugenia Vines",
    "114": "Les Arenes",
    "115": "Dr. Lluch",
    "116": "La Marina",
    "117": "4",
    "118": "Neptu",
    "119": "Grau",
    "120": "Francisco Cubells",
    "121": "Maritim Serreria",
    "122": "Ayora",
    "123": "Amistat",
    "124": "Aragon",
    "125": "Bailen",
    "126": "5",
    "127": "Tossal del Rei",
    "128": "Sant Miquel dels Reis",
    "129": "Estadi del Llevant",
    "130": "Orriols",
    "131": "Alfauir",
    "132": "Mediterrani",
    "133": "6",
    "134": "Riba-roja de Tuna",
    "135": "Masia de Traver",
    "136": "La Presa",
    "137": "La Cova",
    "138": "9",
    "139": "Метро",
    "140": "ROOT",
    "141": "Схема от 10.03.2015г.\nАвтор: Варламов Дмитрий (www.chpeks.com)\nИнформация взята с сайтов www.urbanrail.net и www.metrovalencia.com",
    "142": "Imported from http://pmetro.su"
}