{
    "0": "Villa El Salvador",
    "1": "Parque Industrial",
    "2": "Pumacahua",
    "3": "Villa Maria",
    "4": "Maria Auxiliadora",
    "5": "San Juan",
    "6": "Atocongo",
    "7": "Jorge Chavez",
    "8": "Ayacucho",
    "9": "Cabitos",
    "10": "Angamos",
    "11": "San Borja Sur",
    "12": "La Cultura",
    "13": "Arriola",
    "14": "Gamarra",
    "15": "Grau",
    "16": "El Angel",
    "17": "Presbitero Maestro",
    "18": "Caja de Agua",
    "19": "Piramide del Sol",
    "20": "Los Jardines",
    "21": "Los Postes",
    "22": "San Carlos",
    "23": "San Martin",
    "24": "Santa Rosa",
    "25": "Bayovar",
    "26": "1",
    "27": "Метро",
    "28": "ROOT",
    "29": "Схема от 20.08.2019г.\nАвтор: Дмитрий Варламов\nИнформация взята с сайта www.lineauno.pe\n20.08.2019 Добавлены новые станции. Указаны реальные интервалы движения. Прислал Дмитрий Варламов.\n06.06.2013 Добавлены новые станции.\n27.10.2006 Первая версия.",
    "30": "Imported from http://pmetro.su"
}