{
    "0": "Kokura",
    "1": "Heiwadori",
    "2": "Tanga",
    "3": "Kawaraguchi Mihagino",
    "4": "Katano",
    "5": "Jono",
    "6": "Kitagata",
    "7": "Keibajomae",
    "8": "Moritsune",
    "9": "Tokuriki Kodanmae",
    "10": "Tokuriki Arashiyamaguchi",
    "11": "Shii",
    "12": "Kikugaoka",
    "13": "Monorail",
    "14": "Электричка",
    "15": "ROOT",
    "16": "Monorail\nСхема от 10.03.2011г.\nАвтор: Варламов Дмитрий (www.chpeks.com)",
    "17": "Imported from http://pmetro.su"
}