{
    "default_transports": [
        "metro"
    ],
    "height": 385,
    "images": [
        "res/schemes/den-haag.svg"
    ],
    "is_vector": true,
    "lines": [
        {
            "labels_bg_color": "-1",
            "labels_color": "840084",
            "line_color": "840084",
            "line_width": 5,
            "name": "RandstadRail 3",
            "segments": [
                [
                    0,
                    1,
                    [
                        [
                            110,
                            100
                        ],
                        [
                            95,
                            115
                        ]
                    ],
                    true
                ],
                [
                    1,
                    2,
                    [
                        [
                            125,
                            85
                        ],
                        [
                            110,
                            100
                        ]
                    ],
                    true
                ],
                [
                    2,
                    3,
                    [
                        [
                            160,
                            85
                        ],
                        [
                            150.0,
                            75.0
                        ],
                        [
                            135.0,
                            75.0
                        ],
                        [
                            125,
                            85
                        ]
                    ],
                    true
                ],
                [
                    3,
                    4,
                    [
                        [
                            190,
                            95
                        ],
                        [
                            170.0,
                            95.0
                        ],
                        [
                            160,
                            85
                        ]
                    ],
                    true
                ],
                [
                    4,
                    5,
                    [
                        [
                            230,
                            95
                        ],
                        [
                            190,
                            95
                        ]
                    ],
                    true
                ],
                [
                    5,
                    6,
                    [
                        [
                            265,
                            130
                        ],
                        [
                            230,
                            95
                        ]
                    ],
                    true
                ],
                [
                    6,
                    7,
                    [
                        [
                            290,
                            155
                        ],
                        [
                            265,
                            130
                        ]
                    ],
                    true
                ],
                [
                    7,
                    8,
                    [
                        [
                            315,
                            180
                        ],
                        [
                            290,
                            155
                        ]
                    ],
                    true
                ],
                [
                    8,
                    9,
                    [
                        [
                            515,
                            165
                        ],
                        [
                            475.0,
                            165.0
                        ],
                        [
                            450.0,
                            190.0
                        ],
                        [
                            325.0,
                            190.0
                        ],
                        [
                            315,
                            180
                        ]
                    ],
                    true
                ],
                [
                    9,
                    10,
                    [
                        [
                            550,
                            165
                        ],
                        [
                            515,
                            165
                        ]
                    ],
                    true
                ],
                [
                    10,
                    11,
                    [
                        [
                            585,
                            165
                        ],
                        [
                            550,
                            165
                        ]
                    ],
                    true
                ],
                [
                    11,
                    12,
                    [
                        [
                            610,
                            165
                        ],
                        [
                            585,
                            165
                        ]
                    ],
                    true
                ],
                [
                    12,
                    13,
                    [
                        [
                            635,
                            165
                        ],
                        [
                            610,
                            165
                        ]
                    ],
                    true
                ],
                [
                    13,
                    14,
                    [
                        [
                            640,
                            135
                        ],
                        [
                            645.0,
                            140.0
                        ],
                        [
                            645.0,
                            155.0
                        ],
                        [
                            635,
                            165
                        ]
                    ],
                    true
                ],
                [
                    14,
                    15,
                    [
                        [
                            590,
                            125
                        ],
                        [
                            630.0,
                            125.0
                        ],
                        [
                            640,
                            135
                        ]
                    ],
                    true
                ],
                [
                    15,
                    16,
                    [
                        [
                            540,
                            135
                        ],
                        [
                            550.0,
                            125.0
                        ],
                        [
                            590,
                            125
                        ]
                    ],
                    true
                ],
                [
                    16,
                    17,
                    [
                        [
                            515,
                            185
                        ],
                        [
                            515.0,
                            160.0
                        ],
                        [
                            540,
                            135
                        ]
                    ],
                    true
                ],
                [
                    17,
                    18,
                    [
                        [
                            515,
                            210
                        ],
                        [
                            515,
                            185
                        ]
                    ],
                    true
                ],
                [
                    18,
                    19,
                    [
                        [
                            540,
                            235
                        ],
                        [
                            525.0,
                            235.0
                        ],
                        [
                            515.0,
                            225.0
                        ],
                        [
                            515,
                            210
                        ]
                    ],
                    true
                ],
                [
                    19,
                    20,
                    [
                        [
                            565,
                            230
                        ],
                        [
                            560.0,
                            235.0
                        ],
                        [
                            540,
                            235
                        ]
                    ],
                    true
                ],
                [
                    20,
                    21,
                    [
                        [
                            575,
                            200
                        ],
                        [
                            575.0,
                            220.0
                        ],
                        [
                            565,
                            230
                        ]
                    ],
                    true
                ],
                [
                    21,
                    22,
                    [
                        [
                            550,
                            185
                        ],
                        [
                            560.0,
                            185.0
                        ],
                        [
                            575,
                            200
                        ]
                    ],
                    true
                ]
            ],
            "stations": [
                {
                    "coord": [
                        95,
                        115
                    ],
                    "is_working": true,
                    "name": "Grote Markt",
                    "rect": [
                        23,
                        115,
                        60,
                        15
                    ],
                    "text_id": 0,
                    "uid": 0
                },
                {
                    "coord": [
                        110,
                        100
                    ],
                    "is_working": true,
                    "name": "Spui",
                    "rect": [
                        75,
                        88,
                        24,
                        15
                    ],
                    "text_id": 1,
                    "uid": 1
                },
                {
                    "coord": [
                        125,
                        85
                    ],
                    "is_working": true,
                    "name": "Den Haag Centraal Station",
                    "rect": [
                        22,
                        53,
                        133,
                        15
                    ],
                    "text_id": 2,
                    "uid": 2
                },
                {
                    "coord": [
                        160,
                        85
                    ],
                    "is_working": true,
                    "name": "Beatrixlaan",
                    "rect": [
                        163,
                        61,
                        59,
                        15
                    ],
                    "text_id": 3,
                    "uid": 3
                },
                {
                    "coord": [
                        190,
                        95
                    ],
                    "is_working": true,
                    "name": "Laan van NOI",
                    "rect": [
                        152,
                        117,
                        69,
                        15
                    ],
                    "text_id": 4,
                    "uid": 4
                },
                {
                    "coord": [
                        230,
                        95
                    ],
                    "is_working": true,
                    "name": "Voorburg't Loo",
                    "rect": [
                        235,
                        74,
                        73,
                        15
                    ],
                    "text_id": 5,
                    "uid": 5
                },
                {
                    "coord": [
                        265,
                        130
                    ],
                    "is_working": true,
                    "name": "Leidschendam-Voorburg",
                    "rect": [
                        267,
                        106,
                        122,
                        15
                    ],
                    "text_id": 6,
                    "uid": 6
                },
                {
                    "coord": [
                        290,
                        155
                    ],
                    "is_working": true,
                    "name": "Forepark",
                    "rect": [
                        294,
                        131,
                        46,
                        15
                    ],
                    "text_id": 7,
                    "uid": 7
                },
                {
                    "coord": [
                        315,
                        180
                    ],
                    "is_working": true,
                    "name": "Leidschenveen",
                    "rect": [
                        316,
                        158,
                        77,
                        15
                    ],
                    "text_id": 8,
                    "uid": 8
                },
                {
                    "coord": [
                        515,
                        165
                    ],
                    "is_working": true,
                    "name": "Voorweg Laag/Voorweg Hoog 1",
                    "rect": [
                        475,
                        37,
                        15,
                        156
                    ],
                    "text_id": 9,
                    "uid": 9
                },
                {
                    "coord": [
                        550,
                        165
                    ],
                    "is_working": true,
                    "name": "Centrum-West 1",
                    "rect": [
                        549,
                        74,
                        15,
                        81
                    ],
                    "text_id": 10,
                    "uid": 10
                },
                {
                    "coord": [
                        585,
                        165
                    ],
                    "is_working": true,
                    "name": "Stadhuis",
                    "rect": [
                        568,
                        110,
                        15,
                        45
                    ],
                    "text_id": 11,
                    "uid": 11
                },
                {
                    "coord": [
                        610,
                        165
                    ],
                    "is_working": true,
                    "name": "Palenstein",
                    "rect": [
                        603,
                        100,
                        15,
                        54
                    ],
                    "text_id": 12,
                    "uid": 12
                },
                {
                    "coord": [
                        635,
                        165
                    ],
                    "is_working": true,
                    "name": "Seghwaert",
                    "rect": [
                        649,
                        164,
                        15,
                        54
                    ],
                    "text_id": 13,
                    "uid": 13
                },
                {
                    "coord": [
                        640,
                        135
                    ],
                    "is_working": true,
                    "name": "Leidsewallen",
                    "rect": [
                        648,
                        119,
                        67,
                        15
                    ],
                    "text_id": 14,
                    "uid": 14
                },
                {
                    "coord": [
                        590,
                        125
                    ],
                    "is_working": true,
                    "name": "De Leyens",
                    "rect": [
                        584,
                        63,
                        15,
                        55
                    ],
                    "text_id": 15,
                    "uid": 15
                },
                {
                    "coord": [
                        540,
                        135
                    ],
                    "is_working": true,
                    "name": "Buytenwegh",
                    "rect": [
                        528,
                        65,
                        15,
                        63
                    ],
                    "text_id": 16,
                    "uid": 16
                },
                {
                    "coord": [
                        515,
                        185
                    ],
                    "is_working": true,
                    "name": "Voorweg Laag/Voorweg Hoog 2",
                    "rect": [
                        491,
                        37,
                        15,
                        156
                    ],
                    "text_id": 17,
                    "uid": 17
                },
                {
                    "coord": [
                        515,
                        210
                    ],
                    "is_working": true,
                    "name": "Meerzicht",
                    "rect": [
                        457,
                        203,
                        50,
                        15
                    ],
                    "text_id": 18,
                    "uid": 18
                },
                {
                    "coord": [
                        540,
                        235
                    ],
                    "is_working": true,
                    "name": "Driemanspolder",
                    "rect": [
                        504,
                        243,
                        81,
                        15
                    ],
                    "text_id": 19,
                    "uid": 19
                },
                {
                    "coord": [
                        565,
                        230
                    ],
                    "is_working": true,
                    "name": "Delftswallen",
                    "rect": [
                        575,
                        226,
                        63,
                        15
                    ],
                    "text_id": 20,
                    "uid": 20
                },
                {
                    "coord": [
                        575,
                        200
                    ],
                    "is_working": true,
                    "name": "Dorp",
                    "rect": [
                        584,
                        192,
                        26,
                        15
                    ],
                    "text_id": 21,
                    "uid": 21
                },
                {
                    "coord": [
                        550,
                        185
                    ],
                    "is_working": true,
                    "name": "Centrum-West 2",
                    "rect": [
                        524,
                        148,
                        15,
                        81
                    ],
                    "text_id": 22,
                    "uid": 22
                }
            ],
            "text_id": 23
        },
        {
            "labels_bg_color": "-1",
            "labels_color": "ff8442",
            "line_color": "ff8442",
            "line_width": 5,
            "name": "RandstadRail 4",
            "segments": [
                [
                    23,
                    24,
                    [
                        [
                            110,
                            110
                        ],
                        [
                            95,
                            125
                        ]
                    ],
                    true
                ],
                [
                    24,
                    25,
                    [
                        [
                            125,
                            95
                        ],
                        [
                            110,
                            110
                        ]
                    ],
                    true
                ],
                [
                    25,
                    26,
                    [
                        [
                            160,
                            95
                        ],
                        [
                            150.0,
                            85.0
                        ],
                        [
                            135.0,
                            85.0
                        ],
                        [
                            125,
                            95
                        ]
                    ],
                    true
                ],
                [
                    26,
                    27,
                    [
                        [
                            190,
                            105
                        ],
                        [
                            170.0,
                            105.0
                        ],
                        [
                            160,
                            95
                        ]
                    ],
                    true
                ],
                [
                    27,
                    28,
                    [
                        [
                            230,
                            105
                        ],
                        [
                            190,
                            105
                        ]
                    ],
                    true
                ],
                [
                    28,
                    29,
                    [
                        [
                            265,
                            140
                        ],
                        [
                            230,
                            105
                        ]
                    ],
                    true
                ],
                [
                    29,
                    30,
                    [
                        [
                            290,
                            165
                        ],
                        [
                            265,
                            140
                        ]
                    ],
                    true
                ],
                [
                    30,
                    31,
                    [
                        [
                            315,
                            190
                        ],
                        [
                            290,
                            165
                        ]
                    ],
                    true
                ],
                [
                    31,
                    32,
                    [
                        [
                            515,
                            175
                        ],
                        [
                            475.0,
                            175.0
                        ],
                        [
                            450.0,
                            200.0
                        ],
                        [
                            325.0,
                            200.0
                        ],
                        [
                            315,
                            190
                        ]
                    ],
                    true
                ],
                [
                    32,
                    33,
                    [
                        [
                            550,
                            175
                        ],
                        [
                            515,
                            175
                        ]
                    ],
                    true
                ],
                [
                    33,
                    34,
                    [
                        [
                            585,
                            175
                        ],
                        [
                            550,
                            175
                        ]
                    ],
                    true
                ],
                [
                    34,
                    35,
                    [
                        [
                            610,
                            175
                        ],
                        [
                            585,
                            175
                        ]
                    ],
                    true
                ],
                [
                    35,
                    36,
                    [
                        [
                            635,
                            175
                        ],
                        [
                            610,
                            175
                        ]
                    ],
                    true
                ],
                [
                    36,
                    37,
                    [
                        [
                            685,
                            175
                        ],
                        [
                            635,
                            175
                        ]
                    ],
                    true
                ],
                [
                    37,
                    38,
                    [
                        [
                            700,
                            190
                        ],
                        [
                            685,
                            175
                        ]
                    ],
                    true
                ]
            ],
            "stations": [
                {
                    "coord": [
                        95,
                        125
                    ],
                    "is_working": true,
                    "name": "Grote Markt",
                    "rect": null,
                    "text_id": 0,
                    "uid": 23
                },
                {
                    "coord": [
                        110,
                        110
                    ],
                    "is_working": true,
                    "name": "Spui",
                    "rect": null,
                    "text_id": 1,
                    "uid": 24
                },
                {
                    "coord": [
                        125,
                        95
                    ],
                    "is_working": true,
                    "name": "Den Haag Centraal Station",
                    "rect": null,
                    "text_id": 2,
                    "uid": 25
                },
                {
                    "coord": [
                        160,
                        95
                    ],
                    "is_working": true,
                    "name": "Beatrixlaan",
                    "rect": null,
                    "text_id": 3,
                    "uid": 26
                },
                {
                    "coord": [
                        190,
                        105
                    ],
                    "is_working": true,
                    "name": "Laan van NOI",
                    "rect": null,
                    "text_id": 4,
                    "uid": 27
                },
                {
                    "coord": [
                        230,
                        105
                    ],
                    "is_working": true,
                    "name": "Voorburg't Loo",
                    "rect": null,
                    "text_id": 5,
                    "uid": 28
                },
                {
                    "coord": [
                        265,
                        140
                    ],
                    "is_working": true,
                    "name": "Leidschendam-Voorburg",
                    "rect": null,
                    "text_id": 6,
                    "uid": 29
                },
                {
                    "coord": [
                        290,
                        165
                    ],
                    "is_working": true,
                    "name": "Forepark",
                    "rect": null,
                    "text_id": 7,
                    "uid": 30
                },
                {
                    "coord": [
                        315,
                        190
                    ],
                    "is_working": true,
                    "name": "Leidschenveen",
                    "rect": null,
                    "text_id": 8,
                    "uid": 31
                },
                {
                    "coord": [
                        515,
                        175
                    ],
                    "is_working": true,
                    "name": "Voorweg Laag/Voorweg Hoog 1",
                    "rect": null,
                    "text_id": 9,
                    "uid": 32
                },
                {
                    "coord": [
                        550,
                        175
                    ],
                    "is_working": true,
                    "name": "Centrum-West 1",
                    "rect": null,
                    "text_id": 10,
                    "uid": 33
                },
                {
                    "coord": [
                        585,
                        175
                    ],
                    "is_working": true,
                    "name": "Stadhuis",
                    "rect": null,
                    "text_id": 11,
                    "uid": 34
                },
                {
                    "coord": [
                        610,
                        175
                    ],
                    "is_working": true,
                    "name": "Palenstein",
                    "rect": null,
                    "text_id": 12,
                    "uid": 35
                },
                {
                    "coord": [
                        635,
                        175
                    ],
                    "is_working": true,
                    "name": "Seghwaert",
                    "rect": null,
                    "text_id": 13,
                    "uid": 36
                },
                {
                    "coord": [
                        685,
                        175
                    ],
                    "is_working": true,
                    "name": "Willem Dreeslaan",
                    "rect": [
                        684,
                        153,
                        90,
                        15
                    ],
                    "text_id": 24,
                    "uid": 37
                },
                {
                    "coord": [
                        700,
                        190
                    ],
                    "is_working": true,
                    "name": "Oosterheem",
                    "rect": [
                        711,
                        181,
                        62,
                        15
                    ],
                    "text_id": 25,
                    "uid": 38
                }
            ],
            "text_id": 26
        }
    ],
    "lines_width": 5,
    "name": "metro",
    "name_text_id": 27,
    "stations_diameter": 10.0,
    "transfers": [
        [
            3,
            26,
            [
                160,
                85
            ],
            [
                160,
                95
            ]
        ],
        [
            10,
            33,
            [
                550,
                165
            ],
            [
                550,
                175
            ]
        ],
        [
            10,
            22,
            [
                550,
                165
            ],
            [
                550,
                185
            ]
        ],
        [
            33,
            22,
            [
                550,
                175
            ],
            [
                550,
                185
            ]
        ],
        [
            2,
            25,
            [
                125,
                85
            ],
            [
                125,
                95
            ]
        ],
        [
            7,
            30,
            [
                290,
                155
            ],
            [
                290,
                165
            ]
        ],
        [
            0,
            23,
            [
                95,
                115
            ],
            [
                95,
                125
            ]
        ],
        [
            4,
            27,
            [
                190,
                95
            ],
            [
                190,
                105
            ]
        ],
        [
            6,
            29,
            [
                265,
                130
            ],
            [
                265,
                140
            ]
        ],
        [
            8,
            31,
            [
                315,
                180
            ],
            [
                315,
                190
            ]
        ],
        [
            12,
            35,
            [
                610,
                165
            ],
            [
                610,
                175
            ]
        ],
        [
            13,
            36,
            [
                635,
                165
            ],
            [
                635,
                175
            ]
        ],
        [
            1,
            24,
            [
                110,
                100
            ],
            [
                110,
                110
            ]
        ],
        [
            11,
            34,
            [
                585,
                165
            ],
            [
                585,
                175
            ]
        ],
        [
            5,
            28,
            [
                230,
                95
            ],
            [
                230,
                105
            ]
        ],
        [
            9,
            32,
            [
                515,
                165
            ],
            [
                515,
                175
            ]
        ],
        [
            9,
            17,
            [
                515,
                165
            ],
            [
                515,
                185
            ]
        ],
        [
            32,
            17,
            [
                515,
                175
            ],
            [
                515,
                185
            ]
        ]
    ],
    "transports": [
        "metro"
    ],
    "type_name": "ROOT",
    "type_text_id": 28,
    "upper_case": false,
    "width": 850,
    "word_wrap": false
}