{
    "0": "Krechevitsy",
    "1": "Trubichino",
    "2": "Volhovskij",
    "3": "Syrkovo",
    "4": "Rabochaja",
    "5": "Shuseva",
    "6": "Kolmovo",
    "7": "NovGU",
    "8": "Rus'",
    "9": "IEiU",
    "10": "Sporttovary",
    "11": "Pankovka-1",
    "12": "Pankovka-2",
    "13": "Aeroport",
    "14": "Jur'evo",
    "15": "Il'men'",
    "16": "Pankovko-Krechevitskaja",
    "17": "Derevjanitsy-2",
    "18": "Derevjanitsy-1",
    "19": "Sel'hozinstitut",
    "20": "Antonovo",
    "21": "Vokzal",
    "22": "Universam",
    "23": "Kochetovskij rynok",
    "24": "Ermolino",
    "25": "Ermolino-Derevjanitskaja",
    "26": "Akron",
    "27": "Ul'janovo",
    "28": "Deka",
    "29": "Slavija",
    "30": "Dirol",
    "31": "Ul'janovo-Moskovskaja",
    "32": "Dialog",
    "33": "Fedorovskij ruchej",
    "34": "Lodochnaja stantsija",
    "35": "Kreml'",
    "36": "Splav",
    "37": "Sportkompleks \"Akron\"",
    "38": "Kremlevskoe kol'tso",
    "39": "Metro",
    "40": "ROOT",
    "41": "Shema mechtatelja\nShema ot 02.04.2009 g.\nAvtor: Varlamov Dmitrij (www.chpeks.com)",
    "42": "Imported from http://pmetro.su"
}