{
    "0": "Кречевицы",
    "1": "Трубичино",
    "2": "Волховский",
    "3": "Сырково",
    "4": "Рабочая",
    "5": "Шусева",
    "6": "Колмово",
    "7": "НовГУ",
    "8": "Русь",
    "9": "ИЭиУ",
    "10": "Спорттовары",
    "11": "Панковка-1",
    "12": "Панковка-2",
    "13": "Аэропорт",
    "14": "Юрьево",
    "15": "Ильмень",
    "16": "Панковко-Кречевицкая",
    "17": "Деревяницы-2",
    "18": "Деревяницы-1",
    "19": "Сельхозинститут",
    "20": "Антоново",
    "21": "Вокзал",
    "22": "Универсам",
    "23": "Кочетовский рынок",
    "24": "Ермолино",
    "25": "Ермолино-Деревяницкая",
    "26": "Акрон",
    "27": "Ульяново",
    "28": "Дека",
    "29": "Славия",
    "30": "Дирол",
    "31": "Ульяново-Московская",
    "32": "Диалог",
    "33": "Федоровский ручей",
    "34": "Лодочная станция",
    "35": "Кремль",
    "36": "Сплав",
    "37": "Спорткомплекс \"Акрон\"",
    "38": "Кремлевское кольцо",
    "39": "Метро",
    "40": "ROOT",
    "41": "Схема мечтателя\nСхема от 02.04.2009 г.\nАвтор: Варламов Дмитрий (www.chpeks.com)",
    "42": "Imported from http://pmetro.su"
}