{
    "lines": [
        {
            "delays": [
                300,
                600
            ],
            "name": "L1",
            "scheme": null,
            "segments": [
                [
                    0,
                    1,
                    120
                ],
                [
                    1,
                    0,
                    120
                ],
                [
                    1,
                    2,
                    120
                ],
                [
                    2,
                    1,
                    120
                ],
                [
                    2,
                    3,
                    120
                ],
                [
                    3,
                    2,
                    120
                ],
                [
                    3,
                    4,
                    120
                ],
                [
                    4,
                    3,
                    120
                ],
                [
                    4,
                    5,
                    120
                ],
                [
                    5,
                    4,
                    120
                ],
                [
                    5,
                    6,
                    120
                ],
                [
                    6,
                    5,
                    120
                ],
                [
                    6,
                    7,
                    120
                ],
                [
                    7,
                    6,
                    120
                ],
                [
                    7,
                    8,
                    120
                ],
                [
                    8,
                    7,
                    120
                ],
                [
                    8,
                    9,
                    120
                ],
                [
                    9,
                    8,
                    120
                ],
                [
                    9,
                    10,
                    120
                ],
                [
                    10,
                    9,
                    120
                ],
                [
                    10,
                    11,
                    120
                ],
                [
                    11,
                    10,
                    120
                ],
                [
                    11,
                    12,
                    120
                ],
                [
                    12,
                    11,
                    120
                ],
                [
                    12,
                    13,
                    120
                ],
                [
                    13,
                    12,
                    120
                ],
                [
                    13,
                    14,
                    120
                ],
                [
                    14,
                    13,
                    120
                ],
                [
                    14,
                    15,
                    120
                ],
                [
                    15,
                    14,
                    120
                ],
                [
                    15,
                    16,
                    120
                ],
                [
                    16,
                    15,
                    120
                ],
                [
                    16,
                    17,
                    120
                ],
                [
                    17,
                    16,
                    120
                ],
                [
                    17,
                    18,
                    120
                ],
                [
                    18,
                    17,
                    120
                ],
                [
                    18,
                    19,
                    120
                ],
                [
                    19,
                    18,
                    120
                ]
            ],
            "stations": [
                [
                    0,
                    "Colma",
                    0
                ],
                [
                    1,
                    "Daly City",
                    1
                ],
                [
                    2,
                    "Balboa Park",
                    2
                ],
                [
                    3,
                    "Glen Park",
                    3
                ],
                [
                    4,
                    "24th Street Mission",
                    4
                ],
                [
                    5,
                    "16th Street Mission",
                    5
                ],
                [
                    6,
                    "Civic Center",
                    6
                ],
                [
                    7,
                    "Powell Street",
                    7
                ],
                [
                    8,
                    "Montgomery Street",
                    8
                ],
                [
                    9,
                    "Embarcadero",
                    9
                ],
                [
                    10,
                    "West Oakland",
                    10
                ],
                [
                    11,
                    "Oakland City Center/12 Street",
                    11
                ],
                [
                    12,
                    "19 Street Oakland",
                    12
                ],
                [
                    13,
                    "Macarthur",
                    13
                ],
                [
                    14,
                    "Ashby",
                    14
                ],
                [
                    15,
                    "Downtown Berkeley",
                    15
                ],
                [
                    16,
                    "North Berkeley",
                    16
                ],
                [
                    17,
                    "El Cerrito Plaza",
                    17
                ],
                [
                    18,
                    "El Cerrito Del Norte",
                    18
                ],
                [
                    19,
                    "Richmond",
                    19
                ]
            ],
            "text_id": 20
        },
        {
            "delays": [
                300,
                600
            ],
            "name": "A1",
            "scheme": null,
            "segments": [],
            "stations": [
                [
                    20,
                    "San Francisco Airport International Terminal",
                    21
                ]
            ],
            "text_id": 22
        },
        {
            "delays": [
                300,
                600
            ],
            "name": "A2",
            "scheme": null,
            "segments": [],
            "stations": [
                [
                    21,
                    "Airport Terminal A",
                    23
                ]
            ],
            "text_id": 24
        },
        {
            "delays": [
                300,
                600
            ],
            "name": "L2",
            "scheme": null,
            "segments": [
                [
                    22,
                    23,
                    120
                ],
                [
                    23,
                    22,
                    120
                ],
                [
                    23,
                    24,
                    120
                ],
                [
                    24,
                    23,
                    120
                ],
                [
                    24,
                    25,
                    120
                ],
                [
                    25,
                    24,
                    120
                ],
                [
                    25,
                    26,
                    120
                ],
                [
                    26,
                    25,
                    120
                ],
                [
                    26,
                    27,
                    120
                ],
                [
                    27,
                    26,
                    120
                ],
                [
                    27,
                    28,
                    120
                ],
                [
                    28,
                    27,
                    120
                ],
                [
                    28,
                    29,
                    120
                ],
                [
                    29,
                    28,
                    120
                ],
                [
                    29,
                    30,
                    120
                ],
                [
                    30,
                    29,
                    120
                ],
                [
                    30,
                    31,
                    120
                ],
                [
                    31,
                    30,
                    120
                ],
                [
                    31,
                    32,
                    120
                ],
                [
                    32,
                    31,
                    120
                ],
                [
                    32,
                    33,
                    120
                ],
                [
                    33,
                    32,
                    120
                ],
                [
                    33,
                    34,
                    120
                ],
                [
                    34,
                    33,
                    120
                ],
                [
                    34,
                    35,
                    120
                ],
                [
                    35,
                    34,
                    120
                ],
                [
                    35,
                    36,
                    120
                ],
                [
                    36,
                    35,
                    120
                ],
                [
                    36,
                    37,
                    120
                ],
                [
                    37,
                    36,
                    120
                ],
                [
                    37,
                    38,
                    120
                ],
                [
                    38,
                    37,
                    120
                ],
                [
                    38,
                    39,
                    120
                ],
                [
                    39,
                    38,
                    120
                ],
                [
                    39,
                    40,
                    120
                ],
                [
                    40,
                    39,
                    120
                ]
            ],
            "stations": [
                [
                    22,
                    "Daly City",
                    1
                ],
                [
                    23,
                    "Balboa Park",
                    2
                ],
                [
                    24,
                    "Glen Park",
                    3
                ],
                [
                    25,
                    "24th Street Mission",
                    4
                ],
                [
                    26,
                    "16th Street Mission",
                    5
                ],
                [
                    27,
                    "Civic Center",
                    6
                ],
                [
                    28,
                    "Powell Street",
                    7
                ],
                [
                    29,
                    "Montgomery Street",
                    8
                ],
                [
                    30,
                    "Embarcadero",
                    9
                ],
                [
                    31,
                    "West Oakland",
                    10
                ],
                [
                    32,
                    "Lake Merritt",
                    25
                ],
                [
                    33,
                    "Fruitvale",
                    26
                ],
                [
                    34,
                    "Coliseum Oakland Airport",
                    27
                ],
                [
                    35,
                    "San Leandro",
                    28
                ],
                [
                    36,
                    "Bay Fair",
                    29
                ],
                [
                    37,
                    "Hayward",
                    30
                ],
                [
                    38,
                    "South Hayward",
                    31
                ],
                [
                    39,
                    "Union City",
                    32
                ],
                [
                    40,
                    "Fremont",
                    33
                ]
            ],
            "text_id": 34
        },
        {
            "delays": [
                300,
                600
            ],
            "name": "L3",
            "scheme": null,
            "segments": [
                [
                    41,
                    42,
                    120
                ],
                [
                    42,
                    41,
                    120
                ],
                [
                    42,
                    43,
                    120
                ],
                [
                    43,
                    42,
                    120
                ],
                [
                    43,
                    44,
                    120
                ],
                [
                    44,
                    43,
                    120
                ],
                [
                    44,
                    45,
                    120
                ],
                [
                    45,
                    44,
                    120
                ],
                [
                    45,
                    46,
                    120
                ],
                [
                    46,
                    45,
                    120
                ],
                [
                    46,
                    47,
                    120
                ],
                [
                    47,
                    46,
                    120
                ],
                [
                    47,
                    48,
                    120
                ],
                [
                    48,
                    47,
                    120
                ],
                [
                    48,
                    49,
                    120
                ],
                [
                    49,
                    48,
                    120
                ],
                [
                    49,
                    50,
                    120
                ],
                [
                    50,
                    49,
                    120
                ],
                [
                    50,
                    51,
                    120
                ],
                [
                    51,
                    50,
                    120
                ],
                [
                    51,
                    52,
                    120
                ],
                [
                    52,
                    51,
                    120
                ],
                [
                    52,
                    53,
                    120
                ],
                [
                    53,
                    52,
                    120
                ],
                [
                    53,
                    54,
                    120
                ],
                [
                    54,
                    53,
                    120
                ],
                [
                    54,
                    55,
                    120
                ],
                [
                    55,
                    54,
                    120
                ],
                [
                    55,
                    56,
                    120
                ],
                [
                    56,
                    55,
                    120
                ],
                [
                    56,
                    57,
                    120
                ],
                [
                    57,
                    56,
                    120
                ],
                [
                    57,
                    58,
                    120
                ],
                [
                    58,
                    57,
                    120
                ]
            ],
            "stations": [
                [
                    41,
                    "Fremont",
                    33
                ],
                [
                    42,
                    "Union City",
                    32
                ],
                [
                    43,
                    "South Hayward",
                    31
                ],
                [
                    44,
                    "Hayward",
                    30
                ],
                [
                    45,
                    "Bay Fair",
                    29
                ],
                [
                    46,
                    "San Leandro",
                    28
                ],
                [
                    47,
                    "Coliseum Oakland Airport",
                    27
                ],
                [
                    48,
                    "Fruitvale",
                    26
                ],
                [
                    49,
                    "Lake Merritt",
                    25
                ],
                [
                    50,
                    "Oakland City Center/12 Street",
                    11
                ],
                [
                    51,
                    "19 Street Oakland",
                    12
                ],
                [
                    52,
                    "Macarthur",
                    13
                ],
                [
                    53,
                    "Ashby",
                    14
                ],
                [
                    54,
                    "Downtown Berkeley",
                    15
                ],
                [
                    55,
                    "North Berkeley",
                    16
                ],
                [
                    56,
                    "El Cerrito Plaza",
                    17
                ],
                [
                    57,
                    "El Cerrito Del Norte",
                    18
                ],
                [
                    58,
                    "Richmond",
                    19
                ]
            ],
            "text_id": 35
        },
        {
            "delays": [
                300,
                600
            ],
            "name": "L4",
            "scheme": null,
            "segments": [
                [
                    59,
                    60,
                    120
                ],
                [
                    60,
                    59,
                    120
                ],
                [
                    60,
                    61,
                    120
                ],
                [
                    61,
                    60,
                    120
                ],
                [
                    61,
                    62,
                    120
                ],
                [
                    62,
                    61,
                    120
                ],
                [
                    62,
                    63,
                    120
                ],
                [
                    63,
                    62,
                    120
                ],
                [
                    63,
                    64,
                    120
                ],
                [
                    64,
                    63,
                    120
                ],
                [
                    64,
                    65,
                    120
                ],
                [
                    65,
                    64,
                    120
                ],
                [
                    65,
                    66,
                    120
                ],
                [
                    66,
                    65,
                    120
                ],
                [
                    66,
                    67,
                    120
                ],
                [
                    67,
                    66,
                    120
                ],
                [
                    67,
                    68,
                    120
                ],
                [
                    68,
                    67,
                    120
                ],
                [
                    68,
                    69,
                    120
                ],
                [
                    69,
                    68,
                    120
                ],
                [
                    69,
                    70,
                    120
                ],
                [
                    70,
                    69,
                    120
                ],
                [
                    70,
                    71,
                    120
                ],
                [
                    71,
                    70,
                    120
                ],
                [
                    71,
                    72,
                    120
                ],
                [
                    72,
                    71,
                    120
                ],
                [
                    72,
                    73,
                    120
                ],
                [
                    73,
                    72,
                    120
                ],
                [
                    73,
                    74,
                    120
                ],
                [
                    74,
                    73,
                    120
                ],
                [
                    74,
                    75,
                    120
                ],
                [
                    75,
                    74,
                    120
                ],
                [
                    75,
                    76,
                    120
                ],
                [
                    76,
                    75,
                    120
                ],
                [
                    76,
                    77,
                    120
                ],
                [
                    77,
                    76,
                    120
                ],
                [
                    77,
                    78,
                    120
                ],
                [
                    78,
                    77,
                    120
                ],
                [
                    78,
                    79,
                    120
                ],
                [
                    79,
                    78,
                    120
                ],
                [
                    79,
                    80,
                    120
                ],
                [
                    80,
                    79,
                    120
                ]
            ],
            "stations": [
                [
                    59,
                    "Colma",
                    0
                ],
                [
                    60,
                    "Daly City",
                    1
                ],
                [
                    61,
                    "Balboa Park",
                    2
                ],
                [
                    62,
                    "Glen Park",
                    3
                ],
                [
                    63,
                    "24th Street Mission",
                    4
                ],
                [
                    64,
                    "16th Street Mission",
                    5
                ],
                [
                    65,
                    "Civic Center",
                    6
                ],
                [
                    66,
                    "Powell Street",
                    7
                ],
                [
                    67,
                    "Montgomery Street",
                    8
                ],
                [
                    68,
                    "Embarcadero",
                    9
                ],
                [
                    69,
                    "West Oakland",
                    10
                ],
                [
                    70,
                    "Oakland City Center/12 Street",
                    11
                ],
                [
                    71,
                    "19 Street Oakland",
                    12
                ],
                [
                    72,
                    "Macarthur",
                    13
                ],
                [
                    73,
                    "Rockridge",
                    36
                ],
                [
                    74,
                    "Orinda",
                    37
                ],
                [
                    75,
                    "Lafayette",
                    38
                ],
                [
                    76,
                    "Walnut Creek",
                    39
                ],
                [
                    77,
                    "Pleasant Hill",
                    40
                ],
                [
                    78,
                    "Concord",
                    41
                ],
                [
                    79,
                    "North Concord/Martinez",
                    42
                ],
                [
                    80,
                    "Pittsburg Bay Point",
                    43
                ]
            ],
            "text_id": 44
        },
        {
            "delays": [
                300,
                600
            ],
            "name": "L5",
            "scheme": null,
            "segments": [
                [
                    81,
                    82,
                    120
                ],
                [
                    82,
                    81,
                    120
                ],
                [
                    82,
                    83,
                    120
                ],
                [
                    83,
                    82,
                    120
                ],
                [
                    83,
                    84,
                    120
                ],
                [
                    84,
                    83,
                    120
                ],
                [
                    84,
                    85,
                    120
                ],
                [
                    85,
                    84,
                    120
                ],
                [
                    85,
                    86,
                    120
                ],
                [
                    86,
                    85,
                    120
                ],
                [
                    86,
                    87,
                    120
                ],
                [
                    87,
                    86,
                    120
                ],
                [
                    87,
                    88,
                    120
                ],
                [
                    88,
                    87,
                    120
                ],
                [
                    88,
                    89,
                    120
                ],
                [
                    89,
                    88,
                    120
                ],
                [
                    89,
                    90,
                    120
                ],
                [
                    90,
                    89,
                    120
                ],
                [
                    90,
                    91,
                    120
                ],
                [
                    91,
                    90,
                    120
                ],
                [
                    91,
                    92,
                    120
                ],
                [
                    92,
                    91,
                    120
                ],
                [
                    92,
                    93,
                    120
                ],
                [
                    93,
                    92,
                    120
                ],
                [
                    93,
                    94,
                    120
                ],
                [
                    94,
                    93,
                    120
                ],
                [
                    94,
                    95,
                    120
                ],
                [
                    95,
                    94,
                    120
                ],
                [
                    95,
                    96,
                    120
                ],
                [
                    96,
                    95,
                    120
                ],
                [
                    96,
                    97,
                    120
                ],
                [
                    97,
                    96,
                    120
                ]
            ],
            "stations": [
                [
                    81,
                    "Daly City",
                    1
                ],
                [
                    82,
                    "Balboa Park",
                    2
                ],
                [
                    83,
                    "Glen Park",
                    3
                ],
                [
                    84,
                    "24th Street Mission",
                    4
                ],
                [
                    85,
                    "16th Street Mission",
                    5
                ],
                [
                    86,
                    "Civic Center",
                    6
                ],
                [
                    87,
                    "Powell Street",
                    7
                ],
                [
                    88,
                    "Montgomery Street",
                    8
                ],
                [
                    89,
                    "Embarcadero",
                    9
                ],
                [
                    90,
                    "West Oakland",
                    10
                ],
                [
                    91,
                    "Lake Merritt",
                    25
                ],
                [
                    92,
                    "Fruitvale",
                    26
                ],
                [
                    93,
                    "Coliseum Oakland Airport",
                    27
                ],
                [
                    94,
                    "San Leandro",
                    28
                ],
                [
                    95,
                    "Bay Fair",
                    29
                ],
                [
                    96,
                    "Castro Valley",
                    45
                ],
                [
                    97,
                    "Dublin/Pleasanton",
                    46
                ]
            ],
            "text_id": 47
        },
        {
            "delays": [
                300,
                600
            ],
            "name": "Air-Bart Shuttle",
            "scheme": null,
            "segments": [
                [
                    98,
                    99,
                    120
                ],
                [
                    99,
                    98,
                    120
                ]
            ],
            "stations": [
                [
                    98,
                    "Coliseum Oakland Airport",
                    27
                ],
                [
                    99,
                    "Oakland International Airport",
                    48
                ]
            ],
            "text_id": 49
        },
        {
            "delays": [
                300,
                600
            ],
            "name": "Dumbarton Express",
            "scheme": null,
            "segments": [
                [
                    100,
                    101,
                    120
                ],
                [
                    101,
                    100,
                    120
                ],
                [
                    101,
                    102,
                    120
                ],
                [
                    102,
                    101,
                    120
                ],
                [
                    102,
                    103,
                    120
                ],
                [
                    103,
                    102,
                    120
                ],
                [
                    103,
                    104,
                    120
                ],
                [
                    104,
                    103,
                    120
                ]
            ],
            "stations": [
                [
                    100,
                    "Union City",
                    32
                ],
                [
                    101,
                    "Fremont Dumbarton",
                    50
                ],
                [
                    102,
                    "Newark",
                    51
                ],
                [
                    103,
                    "Menlo Park1",
                    52
                ],
                [
                    104,
                    "Palo Alto",
                    53
                ]
            ],
            "text_id": 54
        },
        {
            "delays": [
                300,
                600
            ],
            "name": "SCVTA Light Rail Transit",
            "scheme": null,
            "segments": [
                [
                    105,
                    106,
                    120
                ],
                [
                    106,
                    105,
                    120
                ],
                [
                    106,
                    107,
                    120
                ],
                [
                    107,
                    106,
                    120
                ],
                [
                    107,
                    108,
                    120
                ],
                [
                    108,
                    107,
                    120
                ],
                [
                    108,
                    109,
                    120
                ],
                [
                    109,
                    108,
                    120
                ],
                [
                    109,
                    110,
                    120
                ],
                [
                    110,
                    109,
                    120
                ],
                [
                    110,
                    111,
                    120
                ],
                [
                    111,
                    110,
                    120
                ],
                [
                    111,
                    112,
                    120
                ],
                [
                    112,
                    111,
                    120
                ],
                [
                    112,
                    113,
                    120
                ],
                [
                    113,
                    112,
                    120
                ],
                [
                    113,
                    114,
                    120
                ],
                [
                    114,
                    113,
                    120
                ],
                [
                    114,
                    115,
                    120
                ],
                [
                    115,
                    114,
                    120
                ],
                [
                    115,
                    116,
                    120
                ],
                [
                    116,
                    115,
                    120
                ],
                [
                    116,
                    117,
                    120
                ],
                [
                    117,
                    116,
                    120
                ],
                [
                    117,
                    118,
                    120
                ],
                [
                    118,
                    117,
                    120
                ],
                [
                    118,
                    119,
                    120
                ],
                [
                    119,
                    118,
                    120
                ],
                [
                    119,
                    120,
                    120
                ],
                [
                    120,
                    119,
                    120
                ],
                [
                    120,
                    121,
                    120
                ],
                [
                    121,
                    120,
                    120
                ],
                [
                    121,
                    122,
                    120
                ],
                [
                    122,
                    121,
                    120
                ],
                [
                    122,
                    123,
                    120
                ],
                [
                    123,
                    122,
                    120
                ],
                [
                    123,
                    124,
                    120
                ],
                [
                    124,
                    123,
                    120
                ],
                [
                    124,
                    125,
                    120
                ],
                [
                    125,
                    124,
                    120
                ],
                [
                    125,
                    126,
                    120
                ],
                [
                    126,
                    125,
                    120
                ],
                [
                    126,
                    127,
                    120
                ],
                [
                    127,
                    126,
                    120
                ],
                [
                    127,
                    128,
                    120
                ],
                [
                    128,
                    127,
                    120
                ],
                [
                    128,
                    129,
                    120
                ],
                [
                    129,
                    128,
                    120
                ],
                [
                    129,
                    130,
                    120
                ],
                [
                    129,
                    134,
                    120
                ],
                [
                    130,
                    129,
                    120
                ],
                [
                    130,
                    131,
                    120
                ],
                [
                    131,
                    130,
                    120
                ],
                [
                    131,
                    132,
                    120
                ],
                [
                    132,
                    131,
                    120
                ],
                [
                    132,
                    133,
                    120
                ],
                [
                    133,
                    132,
                    120
                ],
                [
                    134,
                    129,
                    120
                ],
                [
                    134,
                    135,
                    120
                ]
            ],
            "stations": [
                [
                    105,
                    "Old Ironsides",
                    55
                ],
                [
                    106,
                    "Great America",
                    56
                ],
                [
                    107,
                    "Lick Mill",
                    57
                ],
                [
                    108,
                    "Champion",
                    58
                ],
                [
                    109,
                    "Tasman",
                    59
                ],
                [
                    110,
                    "River Oaks",
                    60
                ],
                [
                    111,
                    "Orchard",
                    61
                ],
                [
                    112,
                    "Bonaventura",
                    62
                ],
                [
                    113,
                    "Component",
                    63
                ],
                [
                    114,
                    "Karina",
                    64
                ],
                [
                    115,
                    "Metro/Airport",
                    65
                ],
                [
                    116,
                    "Gish",
                    66
                ],
                [
                    117,
                    "Civic Center1",
                    67
                ],
                [
                    118,
                    "Japantown/Ayer",
                    68
                ],
                [
                    119,
                    "St James",
                    69
                ],
                [
                    120,
                    "Santa Clara",
                    70
                ],
                [
                    121,
                    "Paseo de San Antonio",
                    71
                ],
                [
                    122,
                    "Convention Center",
                    72
                ],
                [
                    123,
                    "Technology Center",
                    73
                ],
                [
                    124,
                    "Virginia",
                    74
                ],
                [
                    125,
                    "Tamien",
                    75
                ],
                [
                    126,
                    "Curtner",
                    76
                ],
                [
                    127,
                    "Capitol",
                    77
                ],
                [
                    128,
                    "Brahnam",
                    78
                ],
                [
                    129,
                    "Ohlone/Chynoweth",
                    79
                ],
                [
                    130,
                    "Blossom Hill",
                    80
                ],
                [
                    131,
                    "Snell",
                    81
                ],
                [
                    132,
                    "Cottle",
                    82
                ],
                [
                    133,
                    "San Teresa",
                    83
                ],
                [
                    134,
                    "Oakridge",
                    84
                ],
                [
                    135,
                    "Almaden",
                    85
                ]
            ],
            "text_id": 86
        },
        {
            "delays": [
                300,
                600
            ],
            "name": "Caltrain",
            "scheme": null,
            "segments": [
                [
                    136,
                    137,
                    120
                ],
                [
                    137,
                    136,
                    120
                ],
                [
                    137,
                    138,
                    120
                ],
                [
                    138,
                    137,
                    120
                ],
                [
                    138,
                    139,
                    120
                ],
                [
                    139,
                    138,
                    120
                ],
                [
                    139,
                    140,
                    120
                ],
                [
                    140,
                    139,
                    120
                ],
                [
                    140,
                    141,
                    120
                ],
                [
                    141,
                    140,
                    120
                ],
                [
                    141,
                    142,
                    120
                ],
                [
                    142,
                    141,
                    120
                ],
                [
                    142,
                    143,
                    120
                ],
                [
                    143,
                    142,
                    120
                ],
                [
                    143,
                    144,
                    120
                ],
                [
                    144,
                    143,
                    120
                ],
                [
                    144,
                    145,
                    120
                ],
                [
                    145,
                    144,
                    120
                ],
                [
                    145,
                    146,
                    120
                ],
                [
                    146,
                    145,
                    120
                ],
                [
                    146,
                    147,
                    120
                ],
                [
                    147,
                    146,
                    120
                ],
                [
                    147,
                    148,
                    120
                ],
                [
                    148,
                    147,
                    120
                ],
                [
                    148,
                    149,
                    120
                ],
                [
                    149,
                    148,
                    120
                ],
                [
                    149,
                    150,
                    120
                ],
                [
                    150,
                    149,
                    120
                ],
                [
                    150,
                    151,
                    120
                ],
                [
                    151,
                    150,
                    120
                ],
                [
                    151,
                    152,
                    120
                ],
                [
                    152,
                    151,
                    120
                ],
                [
                    152,
                    153,
                    120
                ],
                [
                    153,
                    152,
                    120
                ],
                [
                    153,
                    154,
                    120
                ],
                [
                    154,
                    153,
                    120
                ],
                [
                    154,
                    155,
                    120
                ],
                [
                    155,
                    154,
                    120
                ],
                [
                    155,
                    156,
                    120
                ],
                [
                    156,
                    155,
                    120
                ],
                [
                    156,
                    157,
                    120
                ],
                [
                    157,
                    156,
                    120
                ],
                [
                    157,
                    158,
                    120
                ],
                [
                    158,
                    157,
                    120
                ],
                [
                    158,
                    159,
                    120
                ],
                [
                    159,
                    158,
                    120
                ],
                [
                    159,
                    160,
                    120
                ],
                [
                    160,
                    159,
                    120
                ],
                [
                    160,
                    161,
                    120
                ],
                [
                    161,
                    160,
                    120
                ],
                [
                    161,
                    162,
                    120
                ],
                [
                    162,
                    161,
                    120
                ],
                [
                    162,
                    163,
                    120
                ],
                [
                    163,
                    162,
                    120
                ],
                [
                    163,
                    164,
                    120
                ],
                [
                    164,
                    163,
                    120
                ],
                [
                    164,
                    165,
                    120
                ],
                [
                    165,
                    164,
                    120
                ],
                [
                    165,
                    166,
                    120
                ],
                [
                    166,
                    165,
                    120
                ],
                [
                    166,
                    167,
                    120
                ],
                [
                    167,
                    166,
                    120
                ],
                [
                    167,
                    168,
                    120
                ],
                [
                    168,
                    167,
                    120
                ]
            ],
            "stations": [
                [
                    136,
                    "San Francisco",
                    87
                ],
                [
                    137,
                    "22nd Street",
                    88
                ],
                [
                    138,
                    "Paul Avenue",
                    89
                ],
                [
                    139,
                    "Bayshore",
                    90
                ],
                [
                    140,
                    "South San Francisco",
                    91
                ],
                [
                    141,
                    "San Bruno",
                    92
                ],
                [
                    142,
                    "Millbrae",
                    93
                ],
                [
                    143,
                    "Broadway",
                    94
                ],
                [
                    144,
                    "Burlingame",
                    95
                ],
                [
                    145,
                    "San Mateo",
                    96
                ],
                [
                    146,
                    "Hayward Park",
                    97
                ],
                [
                    147,
                    "Hillsdale",
                    98
                ],
                [
                    148,
                    "Belmont",
                    99
                ],
                [
                    149,
                    "San Carlos",
                    100
                ],
                [
                    150,
                    "Redwood City",
                    101
                ],
                [
                    151,
                    "Atherton",
                    102
                ],
                [
                    152,
                    "Menlo Park",
                    103
                ],
                [
                    153,
                    "Palo Alto",
                    53
                ],
                [
                    154,
                    "California Avenue",
                    104
                ],
                [
                    155,
                    "San Antonio",
                    105
                ],
                [
                    156,
                    "Castro",
                    106
                ],
                [
                    157,
                    "Mountain View",
                    107
                ],
                [
                    158,
                    "Sunnyvale",
                    108
                ],
                [
                    159,
                    "Lawrence",
                    109
                ],
                [
                    160,
                    "Santa Clara1",
                    110
                ],
                [
                    161,
                    "College Park",
                    111
                ],
                [
                    162,
                    "San Jose Diridon",
                    112
                ],
                [
                    163,
                    "Tamien",
                    75
                ],
                [
                    164,
                    "Capitol",
                    77
                ],
                [
                    165,
                    "Blossom Hill",
                    80
                ],
                [
                    166,
                    "Morgan Hill",
                    113
                ],
                [
                    167,
                    "San Martin",
                    114
                ],
                [
                    168,
                    "Gilroy",
                    115
                ]
            ],
            "text_id": 116
        }
    ],
    "name": "metro",
    "transfers": [
        [
            0,
            59,
            0,
            true
        ],
        [
            1,
            22,
            0,
            true
        ],
        [
            1,
            60,
            0,
            true
        ],
        [
            1,
            81,
            0,
            true
        ],
        [
            2,
            23,
            0,
            true
        ],
        [
            2,
            61,
            0,
            true
        ],
        [
            2,
            82,
            0,
            true
        ],
        [
            3,
            24,
            0,
            true
        ],
        [
            3,
            62,
            0,
            true
        ],
        [
            3,
            83,
            0,
            true
        ],
        [
            93,
            98,
            0,
            true
        ],
        [
            104,
            153,
            0,
            true
        ],
        [
            125,
            163,
            0,
            true
        ],
        [
            127,
            164,
            0,
            true
        ],
        [
            130,
            165,
            0,
            true
        ],
        [
            4,
            25,
            0,
            true
        ],
        [
            4,
            63,
            0,
            true
        ],
        [
            4,
            84,
            0,
            true
        ],
        [
            5,
            26,
            0,
            true
        ],
        [
            5,
            64,
            0,
            true
        ],
        [
            5,
            85,
            0,
            true
        ],
        [
            6,
            27,
            0,
            true
        ],
        [
            6,
            65,
            0,
            true
        ],
        [
            6,
            86,
            0,
            true
        ],
        [
            7,
            28,
            0,
            true
        ],
        [
            7,
            66,
            0,
            true
        ],
        [
            7,
            87,
            0,
            true
        ],
        [
            8,
            29,
            0,
            true
        ],
        [
            8,
            67,
            0,
            true
        ],
        [
            8,
            88,
            0,
            true
        ],
        [
            9,
            30,
            0,
            true
        ],
        [
            9,
            68,
            0,
            true
        ],
        [
            9,
            89,
            0,
            true
        ],
        [
            10,
            31,
            0,
            true
        ],
        [
            10,
            69,
            0,
            true
        ],
        [
            10,
            90,
            0,
            true
        ],
        [
            11,
            50,
            0,
            true
        ],
        [
            11,
            70,
            0,
            true
        ],
        [
            12,
            51,
            0,
            true
        ],
        [
            12,
            71,
            0,
            true
        ],
        [
            13,
            52,
            0,
            true
        ],
        [
            13,
            72,
            0,
            true
        ],
        [
            14,
            53,
            0,
            true
        ],
        [
            15,
            54,
            0,
            true
        ],
        [
            16,
            55,
            0,
            true
        ],
        [
            17,
            56,
            0,
            true
        ],
        [
            18,
            57,
            0,
            true
        ],
        [
            19,
            58,
            0,
            true
        ],
        [
            22,
            60,
            0,
            true
        ],
        [
            22,
            81,
            0,
            true
        ],
        [
            23,
            61,
            0,
            true
        ],
        [
            23,
            82,
            0,
            true
        ],
        [
            24,
            62,
            0,
            true
        ],
        [
            24,
            83,
            0,
            true
        ],
        [
            25,
            63,
            0,
            true
        ],
        [
            25,
            84,
            0,
            true
        ],
        [
            26,
            64,
            0,
            true
        ],
        [
            26,
            85,
            0,
            true
        ],
        [
            27,
            65,
            0,
            true
        ],
        [
            27,
            86,
            0,
            true
        ],
        [
            28,
            66,
            0,
            true
        ],
        [
            28,
            87,
            0,
            true
        ],
        [
            29,
            67,
            0,
            true
        ],
        [
            29,
            88,
            0,
            true
        ],
        [
            30,
            68,
            0,
            true
        ],
        [
            30,
            89,
            0,
            true
        ],
        [
            31,
            69,
            0,
            true
        ],
        [
            31,
            90,
            0,
            true
        ],
        [
            32,
            49,
            0,
            true
        ],
        [
            32,
            91,
            0,
            true
        ],
        [
            33,
            48,
            0,
            true
        ],
        [
            33,
            92,
            0,
            true
        ],
        [
            34,
            47,
            0,
            true
        ],
        [
            34,
            93,
            0,
            true
        ],
        [
            34,
            98,
            0,
            true
        ],
        [
            35,
            46,
            0,
            true
        ],
        [
            35,
            94,
            0,
            true
        ],
        [
            36,
            45,
            0,
            true
        ],
        [
            36,
            95,
            0,
            true
        ],
        [
            37,
            44,
            0,
            true
        ],
        [
            38,
            43,
            0,
            true
        ],
        [
            39,
            42,
            0,
            true
        ],
        [
            39,
            100,
            0,
            true
        ],
        [
            40,
            41,
            0,
            true
        ],
        [
            42,
            100,
            0,
            true
        ],
        [
            45,
            95,
            0,
            true
        ],
        [
            46,
            94,
            0,
            true
        ],
        [
            47,
            93,
            0,
            true
        ],
        [
            47,
            98,
            0,
            true
        ],
        [
            48,
            92,
            0,
            true
        ],
        [
            49,
            91,
            0,
            true
        ],
        [
            50,
            70,
            0,
            true
        ],
        [
            51,
            71,
            0,
            true
        ],
        [
            52,
            72,
            0,
            true
        ],
        [
            60,
            81,
            0,
            true
        ],
        [
            61,
            82,
            0,
            true
        ],
        [
            62,
            83,
            0,
            true
        ],
        [
            63,
            84,
            0,
            true
        ],
        [
            64,
            85,
            0,
            true
        ],
        [
            65,
            86,
            0,
            true
        ],
        [
            66,
            87,
            0,
            true
        ],
        [
            67,
            88,
            0,
            true
        ],
        [
            68,
            89,
            0,
            true
        ],
        [
            69,
            90,
            0,
            true
        ]
    ],
    "type_name": "Трамвай"
}