{
    "lines": [
        {
            "delays": [],
            "name": "Трамвай № 1",
            "scheme": null,
            "segments": [
                [
                    0,
                    1,
                    300
                ],
                [
                    1,
                    0,
                    300
                ],
                [
                    1,
                    2,
                    300
                ],
                [
                    2,
                    1,
                    300
                ],
                [
                    2,
                    3,
                    300
                ],
                [
                    3,
                    2,
                    300
                ],
                [
                    3,
                    4,
                    300
                ],
                [
                    4,
                    3,
                    300
                ],
                [
                    4,
                    5,
                    300
                ],
                [
                    5,
                    4,
                    300
                ],
                [
                    5,
                    6,
                    300
                ],
                [
                    6,
                    5,
                    300
                ],
                [
                    6,
                    7,
                    300
                ],
                [
                    7,
                    6,
                    300
                ],
                [
                    7,
                    8,
                    300
                ],
                [
                    8,
                    7,
                    300
                ],
                [
                    8,
                    9,
                    300
                ],
                [
                    9,
                    8,
                    300
                ],
                [
                    9,
                    10,
                    300
                ],
                [
                    10,
                    9,
                    300
                ],
                [
                    10,
                    11,
                    300
                ],
                [
                    11,
                    10,
                    300
                ],
                [
                    11,
                    12,
                    300
                ],
                [
                    12,
                    11,
                    300
                ],
                [
                    12,
                    13,
                    300
                ],
                [
                    13,
                    12,
                    300
                ],
                [
                    13,
                    14,
                    300
                ],
                [
                    14,
                    13,
                    300
                ],
                [
                    14,
                    15,
                    300
                ],
                [
                    15,
                    14,
                    300
                ],
                [
                    15,
                    16,
                    300
                ],
                [
                    16,
                    15,
                    300
                ],
                [
                    16,
                    17,
                    300
                ],
                [
                    17,
                    16,
                    300
                ],
                [
                    17,
                    18,
                    300
                ],
                [
                    18,
                    17,
                    300
                ],
                [
                    18,
                    19,
                    300
                ],
                [
                    19,
                    18,
                    300
                ],
                [
                    19,
                    20,
                    300
                ],
                [
                    20,
                    19,
                    300
                ]
            ],
            "stations": [
                [
                    0,
                    "Ж/д вокзал",
                    0
                ],
                [
                    1,
                    "Грузовой двор",
                    1
                ],
                [
                    2,
                    "ул. Ляшко",
                    2
                ],
                [
                    3,
                    "ул. Гаражная",
                    3
                ],
                [
                    4,
                    "з-д им. Медведева",
                    4
                ],
                [
                    5,
                    "ул. Старо-московская1",
                    5
                ],
                [
                    6,
                    "ул. Старо-московская2",
                    5
                ],
                [
                    7,
                    "ул. 3-я Курская",
                    6
                ],
                [
                    8,
                    "Сквер Танкистов",
                    7
                ],
                [
                    9,
                    "пл. Маркса",
                    8
                ],
                [
                    10,
                    "ул. 1-я Посадская",
                    9
                ],
                [
                    11,
                    "ул. Панчука",
                    10
                ],
                [
                    12,
                    "ул. Садово-Пушкарная",
                    11
                ],
                [
                    13,
                    "ф-ка \"Восход\"",
                    12
                ],
                [
                    14,
                    "Карачаевское шоссе",
                    13
                ],
                [
                    15,
                    "Автовокзал",
                    14
                ],
                [
                    16,
                    "Магазин \"Уют\"",
                    15
                ],
                [
                    17,
                    "Ботаника",
                    16
                ],
                [
                    18,
                    "Магазин \"Стрела\"",
                    17
                ],
                [
                    19,
                    "ст. Цон",
                    18
                ],
                [
                    20,
                    "з-д \"Дормаш\"",
                    19
                ]
            ],
            "text_id": 20
        },
        {
            "delays": [],
            "name": "Трамвай № 2",
            "scheme": null,
            "segments": [
                [
                    21,
                    22,
                    300
                ],
                [
                    22,
                    21,
                    300
                ],
                [
                    22,
                    23,
                    300
                ],
                [
                    23,
                    22,
                    300
                ],
                [
                    23,
                    24,
                    300
                ],
                [
                    24,
                    23,
                    300
                ],
                [
                    24,
                    25,
                    300
                ],
                [
                    25,
                    24,
                    300
                ],
                [
                    25,
                    26,
                    300
                ],
                [
                    26,
                    25,
                    300
                ],
                [
                    26,
                    27,
                    300
                ],
                [
                    27,
                    26,
                    300
                ],
                [
                    27,
                    28,
                    300
                ],
                [
                    28,
                    27,
                    300
                ],
                [
                    28,
                    29,
                    300
                ],
                [
                    29,
                    28,
                    300
                ],
                [
                    29,
                    30,
                    300
                ],
                [
                    30,
                    29,
                    300
                ],
                [
                    30,
                    31,
                    300
                ],
                [
                    31,
                    30,
                    300
                ],
                [
                    31,
                    32,
                    300
                ],
                [
                    32,
                    31,
                    300
                ],
                [
                    32,
                    33,
                    300
                ],
                [
                    33,
                    32,
                    300
                ],
                [
                    33,
                    34,
                    300
                ],
                [
                    34,
                    33,
                    300
                ],
                [
                    34,
                    35,
                    300
                ],
                [
                    35,
                    34,
                    300
                ],
                [
                    35,
                    36,
                    300
                ],
                [
                    36,
                    35,
                    300
                ],
                [
                    36,
                    37,
                    300
                ],
                [
                    37,
                    36,
                    300
                ],
                [
                    37,
                    38,
                    300
                ],
                [
                    38,
                    37,
                    300
                ],
                [
                    38,
                    39,
                    300
                ],
                [
                    39,
                    38,
                    300
                ],
                [
                    39,
                    40,
                    300
                ],
                [
                    40,
                    39,
                    300
                ],
                [
                    40,
                    41,
                    300
                ],
                [
                    41,
                    40,
                    300
                ],
                [
                    41,
                    42,
                    300
                ],
                [
                    42,
                    41,
                    300
                ],
                [
                    42,
                    43,
                    300
                ],
                [
                    43,
                    42,
                    300
                ],
                [
                    43,
                    44,
                    300
                ],
                [
                    44,
                    43,
                    300
                ],
                [
                    44,
                    45,
                    300
                ],
                [
                    45,
                    44,
                    300
                ],
                [
                    45,
                    46,
                    300
                ],
                [
                    46,
                    45,
                    300
                ]
            ],
            "stations": [
                [
                    21,
                    "Ж/д вокзал",
                    0
                ],
                [
                    22,
                    "Грузовой двор",
                    1
                ],
                [
                    23,
                    "ул. Ляшко",
                    2
                ],
                [
                    24,
                    "ул. Гаражная",
                    3
                ],
                [
                    25,
                    "з-д им. Медведева",
                    4
                ],
                [
                    26,
                    "ул. Старо-московская1",
                    5
                ],
                [
                    27,
                    "ул. Старо-московская2",
                    5
                ],
                [
                    28,
                    "ул. 3-я Курская",
                    6
                ],
                [
                    29,
                    "Сквер Танкистов",
                    7
                ],
                [
                    30,
                    "пл. Маркса",
                    8
                ],
                [
                    31,
                    "ул. 1-я Посадская",
                    9
                ],
                [
                    32,
                    "ул. Панчука",
                    10
                ],
                [
                    33,
                    "ул. Садово-Пушкарная",
                    11
                ],
                [
                    34,
                    "ф-ка \"Восход\"",
                    12
                ],
                [
                    35,
                    "Карачаевское шоссе",
                    13
                ],
                [
                    36,
                    "Автовокзал",
                    14
                ],
                [
                    37,
                    "Магазин \"Уют\"",
                    15
                ],
                [
                    38,
                    "Ботаника",
                    16
                ],
                [
                    39,
                    "Магазин \"Стрела\"",
                    17
                ],
                [
                    40,
                    "ст. Цон",
                    18
                ],
                [
                    41,
                    "з-д \"Дормаш\"",
                    19
                ],
                [
                    42,
                    "з-д \"Стройиндустрия\"",
                    21
                ],
                [
                    43,
                    "з-д \"Живмаш\"",
                    22
                ],
                [
                    44,
                    "ул. Машиностроительная",
                    23
                ],
                [
                    45,
                    "з-д \"Химмаш\"",
                    24
                ],
                [
                    46,
                    "з-д \"ХТМ\"",
                    25
                ]
            ],
            "text_id": 26
        },
        {
            "delays": [],
            "name": "Трамвай № 3",
            "scheme": null,
            "segments": [
                [
                    47,
                    48,
                    300
                ],
                [
                    48,
                    47,
                    300
                ],
                [
                    48,
                    49,
                    300
                ],
                [
                    49,
                    48,
                    300
                ],
                [
                    49,
                    50,
                    300
                ],
                [
                    50,
                    49,
                    300
                ],
                [
                    50,
                    51,
                    300
                ],
                [
                    51,
                    50,
                    300
                ],
                [
                    51,
                    52,
                    300
                ],
                [
                    52,
                    51,
                    300
                ],
                [
                    52,
                    53,
                    300
                ],
                [
                    53,
                    52,
                    300
                ],
                [
                    53,
                    54,
                    300
                ],
                [
                    54,
                    53,
                    300
                ],
                [
                    54,
                    55,
                    300
                ],
                [
                    55,
                    54,
                    300
                ],
                [
                    55,
                    56,
                    300
                ],
                [
                    56,
                    55,
                    300
                ],
                [
                    56,
                    57,
                    300
                ],
                [
                    57,
                    56,
                    300
                ],
                [
                    57,
                    58,
                    300
                ],
                [
                    58,
                    57,
                    300
                ],
                [
                    58,
                    59,
                    300
                ],
                [
                    59,
                    58,
                    300
                ],
                [
                    59,
                    60,
                    300
                ],
                [
                    60,
                    59,
                    300
                ],
                [
                    60,
                    61,
                    300
                ],
                [
                    61,
                    60,
                    300
                ],
                [
                    61,
                    62,
                    300
                ],
                [
                    62,
                    61,
                    300
                ],
                [
                    62,
                    63,
                    300
                ],
                [
                    63,
                    62,
                    300
                ],
                [
                    63,
                    64,
                    300
                ],
                [
                    64,
                    63,
                    300
                ],
                [
                    64,
                    65,
                    300
                ],
                [
                    65,
                    64,
                    300
                ],
                [
                    65,
                    66,
                    300
                ],
                [
                    66,
                    65,
                    300
                ],
                [
                    66,
                    67,
                    300
                ],
                [
                    67,
                    66,
                    300
                ],
                [
                    67,
                    68,
                    300
                ],
                [
                    68,
                    67,
                    300
                ],
                [
                    68,
                    69,
                    300
                ],
                [
                    69,
                    68,
                    300
                ],
                [
                    69,
                    70,
                    300
                ],
                [
                    70,
                    69,
                    300
                ],
                [
                    70,
                    71,
                    300
                ],
                [
                    71,
                    70,
                    300
                ]
            ],
            "stations": [
                [
                    47,
                    "ул. Пушкина",
                    27
                ],
                [
                    48,
                    "Школа-интернат",
                    28
                ],
                [
                    49,
                    "Универмаг",
                    29
                ],
                [
                    50,
                    "ул. Пугачева",
                    30
                ],
                [
                    51,
                    "32-я школа",
                    31
                ],
                [
                    52,
                    "ул. Старо-московская",
                    5
                ],
                [
                    53,
                    "ул. 3-я Курская",
                    6
                ],
                [
                    54,
                    "Сквер Танкистов",
                    7
                ],
                [
                    55,
                    "пл. Маркса",
                    8
                ],
                [
                    56,
                    "ул. 1-я Посадская",
                    9
                ],
                [
                    57,
                    "ул. Панчука",
                    10
                ],
                [
                    58,
                    "ул. Садово-Пушкарная",
                    11
                ],
                [
                    59,
                    "ф-ка \"Восход\"",
                    12
                ],
                [
                    60,
                    "Карачаевское шоссе",
                    13
                ],
                [
                    61,
                    "Автовокзал",
                    14
                ],
                [
                    62,
                    "Магазин \"Уют\"",
                    15
                ],
                [
                    63,
                    "Ботаника",
                    16
                ],
                [
                    64,
                    "Магазин \"Стрела\"",
                    17
                ],
                [
                    65,
                    "ст. Цон",
                    18
                ],
                [
                    66,
                    "з-д \"Дормаш\"",
                    19
                ],
                [
                    67,
                    "з-д \"Стройиндустрия\"",
                    21
                ],
                [
                    68,
                    "з-д \"Живмаш\"",
                    22
                ],
                [
                    69,
                    "ул. Машиностроительная",
                    23
                ],
                [
                    70,
                    "з-д \"Химмаш\"",
                    24
                ],
                [
                    71,
                    "з-д \"ХТМ\"",
                    25
                ]
            ],
            "text_id": 32
        },
        {
            "delays": [],
            "name": "Трамвай № 4",
            "scheme": null,
            "segments": [
                [
                    72,
                    73,
                    300
                ],
                [
                    73,
                    72,
                    300
                ],
                [
                    73,
                    74,
                    300
                ],
                [
                    74,
                    73,
                    300
                ],
                [
                    74,
                    75,
                    300
                ],
                [
                    75,
                    74,
                    300
                ],
                [
                    75,
                    76,
                    300
                ],
                [
                    76,
                    75,
                    300
                ],
                [
                    76,
                    77,
                    300
                ],
                [
                    77,
                    76,
                    300
                ],
                [
                    77,
                    78,
                    300
                ],
                [
                    78,
                    77,
                    300
                ],
                [
                    78,
                    79,
                    300
                ],
                [
                    79,
                    78,
                    300
                ],
                [
                    79,
                    80,
                    300
                ],
                [
                    80,
                    79,
                    300
                ],
                [
                    80,
                    81,
                    300
                ],
                [
                    81,
                    80,
                    300
                ],
                [
                    81,
                    82,
                    300
                ],
                [
                    82,
                    81,
                    300
                ],
                [
                    82,
                    83,
                    300
                ],
                [
                    83,
                    82,
                    300
                ],
                [
                    83,
                    84,
                    300
                ],
                [
                    84,
                    83,
                    300
                ],
                [
                    84,
                    85,
                    300
                ],
                [
                    85,
                    84,
                    300
                ]
            ],
            "stations": [
                [
                    72,
                    "Ж/д вокзал",
                    0
                ],
                [
                    73,
                    "Грузовой двор",
                    1
                ],
                [
                    74,
                    "ул. Ляшко",
                    2
                ],
                [
                    75,
                    "ул. Гаражная",
                    3
                ],
                [
                    76,
                    "з-д им. Медведева",
                    4
                ],
                [
                    77,
                    "ул. Старо-московская",
                    5
                ],
                [
                    78,
                    "ул. 1-я Курская",
                    33
                ],
                [
                    79,
                    "Речной пер.",
                    34
                ],
                [
                    80,
                    "Обувная ф-ка",
                    35
                ],
                [
                    81,
                    "Женский монастырь",
                    36
                ],
                [
                    82,
                    "Пятницкий проезд",
                    37
                ],
                [
                    83,
                    "По требованию",
                    38
                ],
                [
                    84,
                    "ул. Молдавская",
                    39
                ],
                [
                    85,
                    "35-я школа",
                    40
                ]
            ],
            "text_id": 41
        }
    ],
    "name": "metro",
    "transfers": [
        [
            0,
            21,
            300,
            true
        ],
        [
            0,
            72,
            300,
            true
        ],
        [
            21,
            72,
            300,
            true
        ],
        [
            1,
            22,
            300,
            true
        ],
        [
            1,
            73,
            300,
            true
        ],
        [
            22,
            73,
            300,
            true
        ],
        [
            2,
            23,
            300,
            true
        ],
        [
            2,
            74,
            300,
            true
        ],
        [
            23,
            74,
            300,
            true
        ],
        [
            3,
            24,
            300,
            true
        ],
        [
            3,
            75,
            300,
            true
        ],
        [
            24,
            75,
            300,
            true
        ],
        [
            4,
            25,
            300,
            true
        ],
        [
            4,
            76,
            300,
            true
        ],
        [
            25,
            76,
            300,
            true
        ],
        [
            5,
            26,
            300,
            true
        ],
        [
            5,
            77,
            300,
            true
        ],
        [
            26,
            77,
            300,
            true
        ],
        [
            6,
            27,
            300,
            true
        ],
        [
            6,
            52,
            300,
            true
        ],
        [
            27,
            52,
            300,
            true
        ],
        [
            7,
            28,
            300,
            true
        ],
        [
            7,
            53,
            300,
            true
        ],
        [
            28,
            53,
            300,
            true
        ],
        [
            8,
            29,
            300,
            true
        ],
        [
            8,
            54,
            300,
            true
        ],
        [
            29,
            54,
            300,
            true
        ],
        [
            9,
            30,
            300,
            true
        ],
        [
            9,
            55,
            300,
            true
        ],
        [
            30,
            55,
            300,
            true
        ],
        [
            10,
            31,
            300,
            true
        ],
        [
            10,
            56,
            300,
            true
        ],
        [
            31,
            56,
            300,
            true
        ],
        [
            11,
            32,
            300,
            true
        ],
        [
            11,
            57,
            300,
            true
        ],
        [
            32,
            57,
            300,
            true
        ],
        [
            12,
            33,
            300,
            true
        ],
        [
            12,
            58,
            300,
            true
        ],
        [
            33,
            58,
            300,
            true
        ],
        [
            13,
            34,
            300,
            true
        ],
        [
            13,
            59,
            300,
            true
        ],
        [
            34,
            59,
            300,
            true
        ],
        [
            14,
            35,
            300,
            true
        ],
        [
            14,
            60,
            300,
            true
        ],
        [
            35,
            60,
            300,
            true
        ],
        [
            15,
            36,
            300,
            true
        ],
        [
            15,
            61,
            300,
            true
        ],
        [
            36,
            61,
            300,
            true
        ],
        [
            16,
            37,
            300,
            true
        ],
        [
            16,
            62,
            300,
            true
        ],
        [
            37,
            62,
            300,
            true
        ],
        [
            17,
            38,
            300,
            true
        ],
        [
            17,
            63,
            300,
            true
        ],
        [
            38,
            63,
            300,
            true
        ],
        [
            18,
            39,
            300,
            true
        ],
        [
            18,
            64,
            300,
            true
        ],
        [
            39,
            64,
            300,
            true
        ],
        [
            19,
            40,
            300,
            true
        ],
        [
            19,
            65,
            300,
            true
        ],
        [
            40,
            65,
            300,
            true
        ],
        [
            41,
            66,
            300,
            true
        ],
        [
            42,
            67,
            300,
            true
        ],
        [
            43,
            68,
            300,
            true
        ],
        [
            44,
            69,
            300,
            true
        ],
        [
            45,
            70,
            300,
            true
        ],
        [
            46,
            71,
            300,
            true
        ]
    ],
    "type_name": "Трамвай"
}