{
    "0": "Fujinlu",
    "1": "West Youyilu",
    "2": "Baoan Highway",
    "3": "Gongfu Xincun",
    "4": "Hulanlu",
    "5": "Tonghe Xincun",
    "6": "Gongkanglu",
    "7": "Pengpu Xincun",
    "8": "Wenshuilu",
    "9": "Shanghai Circus World",
    "10": "Yanchanglu",
    "11": "North Zhongshanlu",
    "12": "Shanghai Railway Station",
    "13": "Hanzhonglu",
    "14": "Xinzhalu",
    "15": "People's Square",
    "16": "South Huangpilu",
    "17": "South Shaanxilu",
    "18": "Changshulu",
    "19": "Hengshan",
    "20": "Xujiahui",
    "21": "Shanghai Indoor Stadium",
    "22": "Caobaolu",
    "23": "Shanghai South Railway Station",
    "24": "Jinjiang Park",
    "25": "Lianhualu",
    "26": "Waihuanlu",
    "27": "Xinzhuang",
    "28": "1",
    "29": "Xinjiangwancheng",
    "30": "East Yingaolu",
    "31": "Sanmenlu",
    "32": "Jiangwan Stadium",
    "33": "Wujiaochang",
    "34": "Guoquanlu",
    "35": "Tongji University",
    "36": "Sipinglu",
    "37": "Youdian Xincun",
    "38": "Hailunlu",
    "39": "North Sichuanlu",
    "40": "Tiantonglu",
    "41": "East Nanjinglu",
    "42": "Yuyuan Garden",
    "43": "Laoximen",
    "44": "Xintiandi",
    "45": "Shanghai Library",
    "46": "Jiao Tong University",
    "47": "Hongqiaolu",
    "48": "Songyuanlu",
    "49": "Yililu",
    "50": "Shuichenglu",
    "51": "Longxilu",
    "52": "Shanghai Zoo",
    "53": "Hongqiao Airport Terminal 1",
    "54": "Hongqiao Airport Terminal 2",
    "55": "Hongqiao Railway Station",
    "56": "Longbai Xincun",
    "57": "Zitenglu",
    "58": "Hangzhonglu",
    "59": "10",
    "60": "Kangxin Highway",
    "61": "Xiuyanlu",
    "62": "Luoshanlu",
    "63": "Yuqiao",
    "64": "Yanyulu",
    "65": "Pusanlu",
    "66": "Sanlin",
    "67": "Sanlin Gongyuan",
    "68": "East Sports Center",
    "69": "Longyaolu",
    "70": "Yunjinlu",
    "71": "Longhua",
    "72": "Shanghai Youyongguan",
    "73": "Shanghai Stadium",
    "74": "Jiangsulu",
    "75": "Longdelu",
    "76": "Caoyanglu",
    "77": "Fengqiaolu",
    "78": "Zhenru",
    "79": "Shanghai West Railway Station",
    "80": "Liziyuan",
    "81": "Qilianshanlu",
    "82": "Wuweilu",
    "83": "Taopu Xincun",
    "84": "Nanxiang",
    "85": "Global Amusement Park",
    "86": "Malu",
    "87": "Jiading Xincheng",
    "88": "Baiyinlu",
    "89": "West Jiading",
    "90": "North Jiading",
    "91": "Shanghai Circuit",
    "92": "East Changjilu",
    "93": "Shanghai Automobile City",
    "94": "Anting",
    "95": "Zhaofenglu",
    "96": "Guangminglu",
    "97": "Huaqiao",
    "98": "11",
    "99": "Qixinlu",
    "100": "Hongxinlu",
    "101": "Gudailu",
    "102": "Donglanlu",
    "103": "Hongmeilu",
    "104": "Hongcaolu",
    "105": "Guilin Park",
    "106": "Longcaolu",
    "107": "Middle Longhualu",
    "108": "Damuqiaolu",
    "109": "Jiashanlu",
    "110": "West Nanjinglu",
    "111": "Qufulu",
    "112": "International Cruise Terminal",
    "113": "Tilanqiao",
    "114": "Dalianlu",
    "115": "Jiangpu Park",
    "116": "Ningguolu",
    "117": "Longchanglu",
    "118": "Aiguolu",
    "119": "Fuxing Island",
    "120": "Donglulu",
    "121": "Jufenglu",
    "122": "North Yanggaolu",
    "123": "Jinjinglu",
    "124": "Shenjianglu",
    "125": "Jinhailu",
    "126": "12",
    "127": "Jinyunlu",
    "128": "West Jinshajianglu",
    "129": "Fengzhuang",
    "130": "South Qilianshanlu",
    "131": "Zhenbeilu",
    "132": "Daduhelu",
    "133": "Jinshajianglu",
    "134": "Wuninglu",
    "135": "Changshoulu",
    "136": "Jiangninglu",
    "137": "Shanghai Natural History Museum",
    "138": "Middle Huaihailu",
    "139": "Madanglu",
    "140": "World Expo Museum",
    "141": "Shibo Avenue",
    "142": "13",
    "143": "Longyanglu",
    "144": "Middle Huaxialu",
    "145": "East Zhoupu",
    "146": "Heshahangcheng",
    "147": "East Hangtou",
    "148": "Xinchang",
    "149": "Wild Animal Park",
    "150": "Huinan",
    "151": "East Huinan",
    "152": "Shuyuan",
    "153": "Lingang Avenue",
    "154": "Dishui Lake",
    "155": "16",
    "156": "Pudong International Airport",
    "157": "Maglev",
    "158": "East Xujing",
    "159": "Songhonglu",
    "160": "Beixinjing",
    "161": "Weininglu",
    "162": "Loushanguanlu",
    "163": "Zhongshan Park",
    "164": "Jing'an Temple",
    "165": "Lujiazui",
    "166": "Dongchanglu",
    "167": "Century Avenue",
    "168": "Shanghai Science and Technology Museum",
    "169": "Century Park",
    "170": "Zhangjiang Hi-Tech Park",
    "171": "Jinkelu",
    "172": "Guanglanlu",
    "173": "Tangzhen",
    "174": "Middle Chuangxinlu",
    "175": "East Huaxialu",
    "176": "Chuansha",
    "177": "Lingkonglu",
    "178": "Yuandong Avenue",
    "179": "Haitiansanlu",
    "180": "2",
    "181": "North Jiangyanglu",
    "182": "Tielilu",
    "183": "Youyilu",
    "184": "Baoyanglu",
    "185": "Shuichanlu",
    "186": "Songbinlu",
    "187": "Zhanghuabang",
    "188": "Songfalu",
    "189": "South Changjianglu",
    "190": "West Yingaolu",
    "191": "Jiangwan Town",
    "192": "Dabaishu",
    "193": "Chifenglu",
    "194": "Hongkou Football Stadium",
    "195": "Dongbaoxinglu",
    "196": "Baoshanlu",
    "197": "Zhongtanlu",
    "198": "Zhenpinglu",
    "199": "West Yan'anlu",
    "200": "Yishanlu",
    "201": "Caoxilu",
    "202": "Shilonglu",
    "203": "3",
    "204": "Dong'anlu",
    "205": "Lubanlu",
    "206": "South Xizanglu",
    "207": "Nanpu Bridge",
    "208": "Tangqiao",
    "209": "Lancunlu",
    "210": "Pudianlu",
    "211": "Pudong Avenue",
    "212": "Yangshupulu",
    "213": "Linpinglu",
    "214": "4",
    "215": "Chunshenlu",
    "216": "Yindulu",
    "217": "Zhuanqiao",
    "218": "Beiqiao",
    "219": "Jianchuanlu",
    "220": "Dongchuanlu",
    "221": "Jinpinglu",
    "222": "Huaninglu",
    "223": "Wenjinglu",
    "224": "Minhang Development Zone",
    "225": "5",
    "226": "Gangchenglu",
    "227": "North Waigaoqiao Free Trade Zone",
    "228": "Hangjinlu",
    "229": "South Waigaoqiao Free Trade Zone",
    "230": "Zhouhailu",
    "231": "Wuzhou Avenue",
    "232": "Dongjinglu",
    "233": "Wulianlu",
    "234": "Boxinglu",
    "235": "Jinqiaolu",
    "236": "Yunshanlu",
    "237": "Depinglu",
    "238": "Beiyangjinglu",
    "239": "Minshenglu",
    "240": "Yuanshen Stadium",
    "241": "Shanghai Children's Medical Center",
    "242": "Linyi Xincun",
    "243": "West Gaokelu",
    "244": "Dongminglu",
    "245": "Gaoqinglu",
    "246": "West Huaxialu",
    "247": "Shangnanlu",
    "248": "South Lingyanlu",
    "249": "6",
    "250": "Meilan Lake",
    "251": "Luonan Xincun",
    "252": "Panguanglu",
    "253": "Liuhang",
    "254": "Gucun Park",
    "255": "Qihualu",
    "256": "Shanghai University",
    "257": "Nanchenlu",
    "258": "Shangdalu",
    "259": "Changzhonglu",
    "260": "Dachang Town",
    "261": "Xingzhilu",
    "262": "Dahuasanlu",
    "263": "Xincunlu",
    "264": "Langaolu",
    "265": "Changpinglu",
    "266": "Zhaojiabanglu",
    "267": "Houtan",
    "268": "Changqinglu",
    "269": "Yaohualu",
    "270": "Yuntailu",
    "271": "South Yanggaolu",
    "272": "Jinxiulu",
    "273": "Fanghualu",
    "274": "Huamulu",
    "275": "7",
    "276": "Shiguanglu",
    "277": "Nenjianglu",
    "278": "Xiangyinlu",
    "279": "Huangxing Park",
    "280": "Middle Yanjilu",
    "281": "Huangxinglu",
    "282": "Jiangpulu",
    "283": "Anshan Xincun",
    "284": "Quyanglu",
    "285": "North Xizanglu",
    "286": "Zhongxinglu",
    "287": "Dashijie",
    "288": "Lujiabanglu",
    "289": "Zhoujiadu",
    "290": "Chengshanlu",
    "291": "Yangsi",
    "292": "Lingzhao Xincun",
    "293": "Luhenglu",
    "294": "Pujiang Town",
    "295": "Jiangyuelu",
    "296": "Lianhanglu",
    "297": "Aerospace Museum",
    "298": "8",
    "299": "Songjiang South Railway",
    "300": "Zuibaichi Park",
    "301": "Songjiang Sports Center",
    "302": "Songjiang Xincheng",
    "303": "Songjiang University Town",
    "304": "Dongjing",
    "305": "Sheshan",
    "306": "Sijing",
    "307": "Jiuting",
    "308": "Zhongchunlu",
    "309": "Qibao",
    "310": "Xingzhonglu",
    "311": "Hechuanlu",
    "312": "Caohejing Hi-Tech Park",
    "313": "Guilinlu",
    "314": "Dapuqiao",
    "315": "Xiaonanmen",
    "316": "Shangchenglu",
    "317": "Middle Yanggaolu",
    "318": "9",
    "319": "Metro",
    "320": "ROOT",
    "321": "Shema ot 28.01.2016g.",
    "322": "Imported from http://pmetro.su"
}