{
    "lines": [
        {
            "delays": [
                300,
                900
            ],
            "name": "Blue line",
            "scheme": "blue",
            "segments": [
                [
                    0,
                    1,
                    120
                ],
                [
                    1,
                    0,
                    120
                ],
                [
                    1,
                    2,
                    120
                ],
                [
                    2,
                    1,
                    120
                ],
                [
                    2,
                    3,
                    120
                ],
                [
                    3,
                    2,
                    120
                ],
                [
                    3,
                    4,
                    120
                ],
                [
                    4,
                    3,
                    120
                ],
                [
                    4,
                    5,
                    120
                ],
                [
                    5,
                    4,
                    120
                ],
                [
                    5,
                    6,
                    120
                ],
                [
                    6,
                    5,
                    120
                ],
                [
                    6,
                    7,
                    120
                ],
                [
                    7,
                    6,
                    120
                ],
                [
                    7,
                    8,
                    120
                ],
                [
                    8,
                    7,
                    120
                ],
                [
                    8,
                    9,
                    120
                ],
                [
                    9,
                    8,
                    120
                ],
                [
                    9,
                    10,
                    120
                ],
                [
                    10,
                    9,
                    120
                ],
                [
                    10,
                    11,
                    120
                ],
                [
                    11,
                    10,
                    120
                ],
                [
                    11,
                    12,
                    120
                ],
                [
                    12,
                    11,
                    120
                ],
                [
                    12,
                    13,
                    120
                ],
                [
                    13,
                    12,
                    120
                ],
                [
                    13,
                    14,
                    120
                ],
                [
                    14,
                    13,
                    120
                ],
                [
                    14,
                    15,
                    120
                ],
                [
                    15,
                    14,
                    120
                ],
                [
                    15,
                    16,
                    120
                ],
                [
                    16,
                    15,
                    120
                ]
            ],
            "stations": [
                [
                    0,
                    "Amadora Este",
                    0
                ],
                [
                    1,
                    "Alfornelos",
                    1
                ],
                [
                    2,
                    "Pontinha",
                    2
                ],
                [
                    3,
                    "Carnide",
                    3
                ],
                [
                    4,
                    "Colegio Militar/Luz",
                    4
                ],
                [
                    5,
                    "Alto dos Moinhos",
                    5
                ],
                [
                    6,
                    "Laranjeiras",
                    6
                ],
                [
                    7,
                    "Jardim Zoologico",
                    7
                ],
                [
                    8,
                    "Praca de Espanha",
                    8
                ],
                [
                    9,
                    "S.Sebastiao",
                    9
                ],
                [
                    10,
                    "Parque",
                    10
                ],
                [
                    11,
                    "Marques de Pombal",
                    11
                ],
                [
                    12,
                    "Avenida",
                    12
                ],
                [
                    13,
                    "Restauradores",
                    13
                ],
                [
                    14,
                    "Baixa-Chiado",
                    14
                ],
                [
                    15,
                    "Terreiro do Paco",
                    15
                ],
                [
                    16,
                    "Santa Apolonia",
                    16
                ]
            ],
            "text_id": 17
        },
        {
            "delays": [
                300,
                900
            ],
            "name": "Yellow line",
            "scheme": "yellow",
            "segments": [
                [
                    17,
                    18,
                    120
                ],
                [
                    18,
                    17,
                    120
                ],
                [
                    18,
                    19,
                    120
                ],
                [
                    19,
                    18,
                    120
                ],
                [
                    19,
                    20,
                    120
                ],
                [
                    20,
                    19,
                    120
                ],
                [
                    20,
                    21,
                    120
                ],
                [
                    21,
                    20,
                    120
                ],
                [
                    21,
                    22,
                    120
                ],
                [
                    22,
                    21,
                    120
                ],
                [
                    22,
                    23,
                    120
                ],
                [
                    23,
                    22,
                    120
                ],
                [
                    23,
                    24,
                    120
                ],
                [
                    24,
                    23,
                    120
                ],
                [
                    24,
                    25,
                    120
                ],
                [
                    25,
                    24,
                    120
                ],
                [
                    25,
                    26,
                    120
                ],
                [
                    26,
                    25,
                    120
                ],
                [
                    26,
                    27,
                    120
                ],
                [
                    27,
                    26,
                    120
                ],
                [
                    27,
                    28,
                    120
                ],
                [
                    28,
                    27,
                    120
                ],
                [
                    28,
                    29,
                    120
                ],
                [
                    29,
                    28,
                    120
                ]
            ],
            "stations": [
                [
                    17,
                    "Odivelas",
                    18
                ],
                [
                    18,
                    "Senhor Roubado",
                    19
                ],
                [
                    19,
                    "Ameixoiera",
                    20
                ],
                [
                    20,
                    "Lumiar",
                    21
                ],
                [
                    21,
                    "Quinta das Conchas",
                    22
                ],
                [
                    22,
                    "Campo Grande",
                    23
                ],
                [
                    23,
                    "Cicade Universitaria",
                    24
                ],
                [
                    24,
                    "Entre Campos",
                    25
                ],
                [
                    25,
                    "Campo Pequeno",
                    26
                ],
                [
                    26,
                    "Saldanha",
                    27
                ],
                [
                    27,
                    "Picoas",
                    28
                ],
                [
                    28,
                    "Marques de Pombal",
                    11
                ],
                [
                    29,
                    "Rato",
                    29
                ]
            ],
            "text_id": 30
        },
        {
            "delays": [
                300,
                900
            ],
            "name": "Green line",
            "scheme": "green",
            "segments": [
                [
                    30,
                    31,
                    120
                ],
                [
                    31,
                    30,
                    120
                ],
                [
                    31,
                    32,
                    120
                ],
                [
                    32,
                    31,
                    120
                ],
                [
                    32,
                    33,
                    120
                ],
                [
                    33,
                    32,
                    120
                ],
                [
                    33,
                    34,
                    120
                ],
                [
                    34,
                    33,
                    120
                ],
                [
                    34,
                    35,
                    120
                ],
                [
                    35,
                    34,
                    120
                ],
                [
                    35,
                    36,
                    120
                ],
                [
                    36,
                    35,
                    120
                ],
                [
                    36,
                    37,
                    120
                ],
                [
                    37,
                    36,
                    120
                ],
                [
                    37,
                    38,
                    120
                ],
                [
                    38,
                    37,
                    120
                ],
                [
                    38,
                    39,
                    120
                ],
                [
                    39,
                    38,
                    120
                ],
                [
                    39,
                    40,
                    120
                ],
                [
                    40,
                    39,
                    120
                ],
                [
                    40,
                    41,
                    120
                ],
                [
                    41,
                    40,
                    120
                ],
                [
                    41,
                    42,
                    120
                ],
                [
                    42,
                    41,
                    120
                ]
            ],
            "stations": [
                [
                    30,
                    "Telheiras",
                    31
                ],
                [
                    31,
                    "Campo Grande",
                    23
                ],
                [
                    32,
                    "Alvalade",
                    32
                ],
                [
                    33,
                    "Roma",
                    33
                ],
                [
                    34,
                    "Areeiro",
                    34
                ],
                [
                    35,
                    "Alameda",
                    35
                ],
                [
                    36,
                    "Arroios",
                    36
                ],
                [
                    37,
                    "Anjos",
                    37
                ],
                [
                    38,
                    "Intendente",
                    38
                ],
                [
                    39,
                    "Martim Moniz",
                    39
                ],
                [
                    40,
                    "Rossio",
                    40
                ],
                [
                    41,
                    "Baixa-Chiado",
                    14
                ],
                [
                    42,
                    "Cais do Sodre",
                    41
                ]
            ],
            "text_id": 42
        },
        {
            "delays": [
                300,
                900
            ],
            "name": "Red line",
            "scheme": "red",
            "segments": [
                [
                    43,
                    44,
                    120
                ],
                [
                    44,
                    43,
                    120
                ],
                [
                    44,
                    45,
                    120
                ],
                [
                    45,
                    44,
                    120
                ],
                [
                    45,
                    46,
                    120
                ],
                [
                    46,
                    45,
                    120
                ],
                [
                    46,
                    47,
                    120
                ],
                [
                    47,
                    46,
                    120
                ],
                [
                    47,
                    48,
                    120
                ],
                [
                    48,
                    47,
                    120
                ],
                [
                    48,
                    49,
                    120
                ],
                [
                    49,
                    48,
                    120
                ],
                [
                    49,
                    50,
                    120
                ],
                [
                    50,
                    49,
                    120
                ],
                [
                    50,
                    51,
                    120
                ],
                [
                    51,
                    50,
                    120
                ],
                [
                    51,
                    52,
                    120
                ],
                [
                    52,
                    51,
                    120
                ],
                [
                    52,
                    53,
                    120
                ],
                [
                    53,
                    52,
                    120
                ],
                [
                    53,
                    54,
                    120
                ],
                [
                    54,
                    53,
                    120
                ]
            ],
            "stations": [
                [
                    43,
                    "S.Sebastiao",
                    9
                ],
                [
                    44,
                    "Saldanha",
                    27
                ],
                [
                    45,
                    "Alameda",
                    35
                ],
                [
                    46,
                    "Olaias",
                    43
                ],
                [
                    47,
                    "Bela Vista",
                    44
                ],
                [
                    48,
                    "Chelas",
                    45
                ],
                [
                    49,
                    "Olivais",
                    46
                ],
                [
                    50,
                    "Cabo Ruivo",
                    47
                ],
                [
                    51,
                    "Oriente",
                    48
                ],
                [
                    52,
                    "Moscavide",
                    49
                ],
                [
                    53,
                    "Escarnacao",
                    50
                ],
                [
                    54,
                    "Aeroporto",
                    51
                ]
            ],
            "text_id": 52
        }
    ],
    "name": "metro",
    "transfers": [
        [
            11,
            28,
            120,
            true
        ],
        [
            14,
            41,
            120,
            true
        ],
        [
            31,
            22,
            120,
            true
        ],
        [
            35,
            45,
            120,
            true
        ],
        [
            9,
            43,
            120,
            true
        ],
        [
            26,
            44,
            120,
            true
        ]
    ],
    "type_name": "Метро"
}