{
    "default_transports": [
        "metro"
    ],
    "height": 653,
    "images": [
        "res/schemes/donetsk.svg"
    ],
    "is_vector": true,
    "lines": [
        {
            "labels_bg_color": "-1",
            "labels_color": "E41c0c",
            "line_color": "E41c0c",
            "line_width": 9,
            "name": "Пролетарско-Киевская",
            "segments": [
                [
                    0,
                    1,
                    [
                        [
                            262,
                            55
                        ],
                        [
                            233,
                            37
                        ]
                    ],
                    false
                ],
                [
                    1,
                    2,
                    [
                        [
                            274,
                            71
                        ],
                        [
                            262,
                            55
                        ]
                    ],
                    false
                ],
                [
                    2,
                    3,
                    [
                        [
                            271,
                            108
                        ],
                        [
                            274,
                            71
                        ]
                    ],
                    false
                ],
                [
                    3,
                    4,
                    [
                        [
                            335,
                            114
                        ],
                        [
                            271,
                            108
                        ]
                    ],
                    false
                ],
                [
                    4,
                    5,
                    [
                        [
                            374,
                            140
                        ],
                        [
                            335,
                            114
                        ]
                    ],
                    false
                ],
                [
                    5,
                    6,
                    [
                        [
                            387,
                            174
                        ],
                        [
                            374,
                            140
                        ]
                    ],
                    false
                ],
                [
                    6,
                    7,
                    [
                        [
                            401,
                            225
                        ],
                        [
                            387,
                            174
                        ]
                    ],
                    false
                ],
                [
                    7,
                    8,
                    [
                        [
                            443,
                            284
                        ],
                        [
                            401,
                            225
                        ]
                    ],
                    true
                ],
                [
                    8,
                    9,
                    [
                        [
                            497,
                            278
                        ],
                        [
                            443,
                            284
                        ]
                    ],
                    true
                ],
                [
                    9,
                    10,
                    [
                        [
                            512,
                            252
                        ],
                        [
                            497,
                            278
                        ]
                    ],
                    true
                ],
                [
                    10,
                    11,
                    [
                        [
                            557,
                            265
                        ],
                        [
                            512,
                            252
                        ]
                    ],
                    true
                ],
                [
                    11,
                    12,
                    [
                        [
                            593,
                            289
                        ],
                        [
                            557,
                            265
                        ]
                    ],
                    true
                ],
                [
                    12,
                    13,
                    [
                        [
                            623,
                            332
                        ],
                        [
                            593,
                            289
                        ]
                    ],
                    false
                ],
                [
                    13,
                    14,
                    [
                        [
                            639,
                            383
                        ],
                        [
                            623,
                            332
                        ]
                    ],
                    false
                ]
            ],
            "stations": [
                {
                    "coord": [
                        233,
                        37
                    ],
                    "is_working": false,
                    "name": "Октябрьская",
                    "rect": [
                        241,
                        20,
                        67,
                        15
                    ],
                    "text_id": 0,
                    "uid": 0
                },
                {
                    "coord": [
                        262,
                        55
                    ],
                    "is_working": false,
                    "name": "Вокзальная",
                    "rect": [
                        270,
                        41,
                        63,
                        15
                    ],
                    "text_id": 1,
                    "uid": 1
                },
                {
                    "coord": [
                        274,
                        71
                    ],
                    "is_working": false,
                    "name": "Ветковские пруды",
                    "rect": [
                        283,
                        57,
                        63,
                        28
                    ],
                    "text_id": 2,
                    "uid": 2
                },
                {
                    "coord": [
                        271,
                        108
                    ],
                    "is_working": false,
                    "name": "Шахтёрская",
                    "rect": [
                        305,
                        92,
                        64,
                        15
                    ],
                    "text_id": 3,
                    "uid": 3
                },
                {
                    "coord": [
                        335,
                        114
                    ],
                    "is_working": false,
                    "name": "Дон Уги",
                    "rect": [
                        233,
                        98,
                        30,
                        28
                    ],
                    "text_id": 4,
                    "uid": 4
                },
                {
                    "coord": [
                        374,
                        140
                    ],
                    "is_working": false,
                    "name": "Белый лебедь",
                    "rect": [
                        333,
                        154,
                        40,
                        28
                    ],
                    "text_id": 5,
                    "uid": 5
                },
                {
                    "coord": [
                        387,
                        174
                    ],
                    "is_working": false,
                    "name": "Площадь Ленина",
                    "rect": [
                        395,
                        156,
                        53,
                        28
                    ],
                    "text_id": 6,
                    "uid": 6
                },
                {
                    "coord": [
                        401,
                        225
                    ],
                    "is_working": true,
                    "name": "Политехнический институт",
                    "rect": [
                        294,
                        203,
                        95,
                        28
                    ],
                    "text_id": 7,
                    "uid": 7
                },
                {
                    "coord": [
                        443,
                        284
                    ],
                    "is_working": true,
                    "name": "Левобережная",
                    "rect": [
                        383,
                        292,
                        76,
                        15
                    ],
                    "text_id": 8,
                    "uid": 8
                },
                {
                    "coord": [
                        497,
                        278
                    ],
                    "is_working": true,
                    "name": "Мушкетовская",
                    "rect": [
                        480,
                        285,
                        77,
                        15
                    ],
                    "text_id": 9,
                    "uid": 9
                },
                {
                    "coord": [
                        512,
                        252
                    ],
                    "is_working": true,
                    "name": "Красный городок",
                    "rect": [
                        509,
                        218,
                        49,
                        28
                    ],
                    "text_id": 10,
                    "uid": 10
                },
                {
                    "coord": [
                        557,
                        265
                    ],
                    "is_working": true,
                    "name": "Чумаковская",
                    "rect": [
                        565,
                        248,
                        69,
                        15
                    ],
                    "text_id": 11,
                    "uid": 11
                },
                {
                    "coord": [
                        593,
                        289
                    ],
                    "is_working": true,
                    "name": "Пролетарская",
                    "rect": [
                        517,
                        299,
                        75,
                        15
                    ],
                    "text_id": 12,
                    "uid": 12
                },
                {
                    "coord": [
                        623,
                        332
                    ],
                    "is_working": false,
                    "name": "Восточная",
                    "rect": [
                        558,
                        333,
                        57,
                        15
                    ],
                    "text_id": 13,
                    "uid": 13
                },
                {
                    "coord": [
                        639,
                        383
                    ],
                    "is_working": false,
                    "name": "Донская сторона",
                    "rect": [
                        584,
                        370,
                        46,
                        28
                    ],
                    "text_id": 14,
                    "uid": 14
                }
            ],
            "text_id": 15
        },
        {
            "labels_bg_color": "-1",
            "labels_color": "34349C",
            "line_color": "34349C",
            "line_width": 9,
            "name": "Петровско-Красногвардейская",
            "segments": [
                [
                    15,
                    16,
                    [
                        [
                            27,
                            257
                        ],
                        [
                            27,
                            230
                        ]
                    ],
                    false
                ],
                [
                    16,
                    17,
                    [
                        [
                            27,
                            285
                        ],
                        [
                            27,
                            257
                        ]
                    ],
                    false
                ],
                [
                    17,
                    18,
                    [
                        [
                            27,
                            319
                        ],
                        [
                            27,
                            285
                        ]
                    ],
                    false
                ],
                [
                    18,
                    19,
                    [
                        [
                            32,
                            340
                        ],
                        [
                            27,
                            319
                        ]
                    ],
                    false
                ],
                [
                    19,
                    20,
                    [
                        [
                            91,
                            380
                        ],
                        [
                            32,
                            340
                        ]
                    ],
                    false
                ],
                [
                    20,
                    21,
                    [
                        [
                            211,
                            384
                        ],
                        [
                            91,
                            380
                        ]
                    ],
                    false
                ],
                [
                    21,
                    22,
                    [
                        [
                            248,
                            395
                        ],
                        [
                            211,
                            384
                        ]
                    ],
                    false
                ],
                [
                    22,
                    23,
                    [
                        [
                            263,
                            380
                        ],
                        [
                            248,
                            395
                        ]
                    ],
                    false
                ],
                [
                    23,
                    24,
                    [
                        [
                            320,
                            300
                        ],
                        [
                            263,
                            380
                        ]
                    ],
                    false
                ],
                [
                    24,
                    25,
                    [
                        [
                            373,
                            245
                        ],
                        [
                            320,
                            300
                        ]
                    ],
                    false
                ],
                [
                    25,
                    26,
                    [
                        [
                            411,
                            225
                        ],
                        [
                            373,
                            245
                        ]
                    ],
                    false
                ],
                [
                    26,
                    27,
                    [
                        [
                            438,
                            202
                        ],
                        [
                            411,
                            225
                        ]
                    ],
                    false
                ],
                [
                    27,
                    28,
                    [
                        [
                            569,
                            179
                        ],
                        [
                            438,
                            202
                        ]
                    ],
                    false
                ],
                [
                    28,
                    29,
                    [
                        [
                            646,
                            116
                        ],
                        [
                            569,
                            179
                        ]
                    ],
                    false
                ],
                [
                    29,
                    30,
                    [
                        [
                            575,
                            84
                        ],
                        [
                            646,
                            116
                        ]
                    ],
                    false
                ],
                [
                    30,
                    31,
                    [
                        [
                            425,
                            35
                        ],
                        [
                            575,
                            84
                        ]
                    ],
                    false
                ]
            ],
            "stations": [
                {
                    "coord": [
                        27,
                        230
                    ],
                    "is_working": false,
                    "name": "Площадь Победы",
                    "rect": [
                        36,
                        215,
                        53,
                        28
                    ],
                    "text_id": 16,
                    "uid": 15
                },
                {
                    "coord": [
                        27,
                        257
                    ],
                    "is_working": false,
                    "name": "Петровка",
                    "rect": [
                        36,
                        249,
                        50,
                        15
                    ],
                    "text_id": 17,
                    "uid": 16
                },
                {
                    "coord": [
                        27,
                        285
                    ],
                    "is_working": false,
                    "name": "Шахта №29",
                    "rect": [
                        36,
                        272,
                        37,
                        28
                    ],
                    "text_id": 18,
                    "uid": 17
                },
                {
                    "coord": [
                        27,
                        319
                    ],
                    "is_working": false,
                    "name": "Рутченково",
                    "rect": [
                        36,
                        309,
                        61,
                        15
                    ],
                    "text_id": 19,
                    "uid": 18
                },
                {
                    "coord": [
                        32,
                        340
                    ],
                    "is_working": false,
                    "name": "Текстильщики",
                    "rect": [
                        41,
                        327,
                        75,
                        15
                    ],
                    "text_id": 20,
                    "uid": 19
                },
                {
                    "coord": [
                        91,
                        380
                    ],
                    "is_working": false,
                    "name": "Озерная",
                    "rect": [
                        95,
                        359,
                        45,
                        15
                    ],
                    "text_id": 21,
                    "uid": 20
                },
                {
                    "coord": [
                        211,
                        384
                    ],
                    "is_working": false,
                    "name": "Площадь Свободы",
                    "rect": [
                        172,
                        348,
                        53,
                        28
                    ],
                    "text_id": 22,
                    "uid": 21
                },
                {
                    "coord": [
                        248,
                        395
                    ],
                    "is_working": false,
                    "name": "Кировская",
                    "rect": [
                        219,
                        403,
                        55,
                        15
                    ],
                    "text_id": 23,
                    "uid": 22
                },
                {
                    "coord": [
                        263,
                        380
                    ],
                    "is_working": false,
                    "name": "Мариупольская",
                    "rect": [
                        284,
                        364,
                        83,
                        15
                    ],
                    "text_id": 24,
                    "uid": 23
                },
                {
                    "coord": [
                        320,
                        300
                    ],
                    "is_working": false,
                    "name": "Куйбышевская",
                    "rect": [
                        326,
                        305,
                        79,
                        15
                    ],
                    "text_id": 25,
                    "uid": 24
                },
                {
                    "coord": [
                        373,
                        245
                    ],
                    "is_working": false,
                    "name": "Спортивная",
                    "rect": [
                        302,
                        235,
                        63,
                        15
                    ],
                    "text_id": 26,
                    "uid": 25
                },
                {
                    "coord": [
                        411,
                        225
                    ],
                    "is_working": false,
                    "name": "Политехнический институт",
                    "rect": [
                        294,
                        203,
                        95,
                        28
                    ],
                    "text_id": 7,
                    "uid": 26
                },
                {
                    "coord": [
                        438,
                        202
                    ],
                    "is_working": false,
                    "name": "Калининская",
                    "rect": [
                        446,
                        204,
                        68,
                        15
                    ],
                    "text_id": 27,
                    "uid": 27
                },
                {
                    "coord": [
                        569,
                        179
                    ],
                    "is_working": false,
                    "name": "Проспект Ильича",
                    "rect": [
                        577,
                        179,
                        51,
                        27
                    ],
                    "text_id": 28,
                    "uid": 28
                },
                {
                    "coord": [
                        646,
                        116
                    ],
                    "is_working": false,
                    "name": "Донецк-II",
                    "rect": [
                        581,
                        112,
                        47,
                        15
                    ],
                    "text_id": 29,
                    "uid": 29
                },
                {
                    "coord": [
                        575,
                        84
                    ],
                    "is_working": false,
                    "name": "Донецк-I",
                    "rect": [
                        544,
                        95,
                        44,
                        15
                    ],
                    "text_id": 30,
                    "uid": 30
                },
                {
                    "coord": [
                        425,
                        35
                    ],
                    "is_working": false,
                    "name": "Красногвардейская",
                    "rect": [
                        371,
                        13,
                        102,
                        15
                    ],
                    "text_id": 31,
                    "uid": 31
                }
            ],
            "text_id": 32
        },
        {
            "labels_bg_color": "-1",
            "labels_color": "046434",
            "line_color": "046434",
            "line_width": 9,
            "name": "Горняцко-Макеевская",
            "segments": [
                [
                    32,
                    33,
                    [
                        [
                            449,
                            478
                        ],
                        [
                            443,
                            503
                        ]
                    ],
                    false
                ],
                [
                    33,
                    34,
                    [
                        [
                            449,
                            454
                        ],
                        [
                            449,
                            478
                        ]
                    ],
                    false
                ],
                [
                    34,
                    35,
                    [
                        [
                            273,
                            380
                        ],
                        [
                            449,
                            454
                        ]
                    ],
                    false
                ],
                [
                    35,
                    36,
                    [
                        [
                            252,
                            329
                        ],
                        [
                            273,
                            380
                        ]
                    ],
                    false
                ],
                [
                    36,
                    37,
                    [
                        [
                            234,
                            291
                        ],
                        [
                            252,
                            329
                        ]
                    ],
                    false
                ],
                [
                    37,
                    38,
                    [
                        [
                            266,
                            177
                        ],
                        [
                            234,
                            291
                        ]
                    ],
                    false
                ],
                [
                    38,
                    39,
                    [
                        [
                            322,
                            152
                        ],
                        [
                            266,
                            177
                        ]
                    ],
                    false
                ],
                [
                    39,
                    40,
                    [
                        [
                            364,
                            140
                        ],
                        [
                            322,
                            152
                        ]
                    ],
                    false
                ],
                [
                    40,
                    41,
                    [
                        [
                            404,
                            128
                        ],
                        [
                            364,
                            140
                        ]
                    ],
                    false
                ],
                [
                    41,
                    42,
                    [
                        [
                            435,
                            101
                        ],
                        [
                            404,
                            128
                        ]
                    ],
                    false
                ],
                [
                    42,
                    43,
                    [
                        [
                            502,
                            94
                        ],
                        [
                            435,
                            101
                        ]
                    ],
                    false
                ],
                [
                    43,
                    44,
                    [
                        [
                            565,
                            84
                        ],
                        [
                            502,
                            94
                        ]
                    ],
                    false
                ],
                [
                    44,
                    45,
                    [
                        [
                            610,
                            56
                        ],
                        [
                            565,
                            84
                        ]
                    ],
                    false
                ]
            ],
            "stations": [
                {
                    "coord": [
                        443,
                        503
                    ],
                    "is_working": false,
                    "name": "Южная",
                    "rect": [
                        452,
                        499,
                        38,
                        15
                    ],
                    "text_id": 33,
                    "uid": 32
                },
                {
                    "coord": [
                        449,
                        478
                    ],
                    "is_working": false,
                    "name": "Одесская",
                    "rect": [
                        458,
                        472,
                        52,
                        15
                    ],
                    "text_id": 34,
                    "uid": 33
                },
                {
                    "coord": [
                        449,
                        454
                    ],
                    "is_working": false,
                    "name": "Завод машиностроитель",
                    "rect": [
                        458,
                        438,
                        96,
                        28
                    ],
                    "text_id": 35,
                    "uid": 34
                },
                {
                    "coord": [
                        273,
                        380
                    ],
                    "is_working": false,
                    "name": "Мариупольская",
                    "rect": [
                        284,
                        364,
                        83,
                        15
                    ],
                    "text_id": 24,
                    "uid": 35
                },
                {
                    "coord": [
                        252,
                        329
                    ],
                    "is_working": false,
                    "name": "ул.Олимпиева",
                    "rect": [
                        166,
                        326,
                        77,
                        15
                    ],
                    "text_id": 36,
                    "uid": 36
                },
                {
                    "coord": [
                        234,
                        291
                    ],
                    "is_working": false,
                    "name": "Коксохим.завод",
                    "rect": [
                        141,
                        285,
                        84,
                        15
                    ],
                    "text_id": 37,
                    "uid": 37
                },
                {
                    "coord": [
                        266,
                        177
                    ],
                    "is_working": false,
                    "name": "Площадь 26 бакинских комиссаров",
                    "rect": [
                        124,
                        161,
                        133,
                        28
                    ],
                    "text_id": 38,
                    "uid": 38
                },
                {
                    "coord": [
                        322,
                        152
                    ],
                    "is_working": false,
                    "name": "Академическая",
                    "rect": [
                        231,
                        135,
                        83,
                        15
                    ],
                    "text_id": 39,
                    "uid": 39
                },
                {
                    "coord": [
                        364,
                        140
                    ],
                    "is_working": false,
                    "name": "Белый лебедь",
                    "rect": [
                        333,
                        154,
                        40,
                        28
                    ],
                    "text_id": 5,
                    "uid": 40
                },
                {
                    "coord": [
                        404,
                        128
                    ],
                    "is_working": false,
                    "name": "Парковая",
                    "rect": [
                        400,
                        136,
                        51,
                        15
                    ],
                    "text_id": 40,
                    "uid": 41
                },
                {
                    "coord": [
                        435,
                        101
                    ],
                    "is_working": false,
                    "name": "Скоростное Шоссе",
                    "rect": [
                        436,
                        107,
                        64,
                        28
                    ],
                    "text_id": 41,
                    "uid": 42
                },
                {
                    "coord": [
                        502,
                        94
                    ],
                    "is_working": false,
                    "name": "Шахтостроителей",
                    "rect": [
                        433,
                        73,
                        94,
                        15
                    ],
                    "text_id": 42,
                    "uid": 43
                },
                {
                    "coord": [
                        565,
                        84
                    ],
                    "is_working": false,
                    "name": "Донецк-I",
                    "rect": [
                        544,
                        95,
                        44,
                        15
                    ],
                    "text_id": 30,
                    "uid": 44
                },
                {
                    "coord": [
                        610,
                        56
                    ],
                    "is_working": false,
                    "name": "Проспект мира",
                    "rect": [
                        582,
                        21,
                        52,
                        28
                    ],
                    "text_id": 43,
                    "uid": 45
                }
            ],
            "text_id": 44
        }
    ],
    "lines_width": 9,
    "name": "metro",
    "name_text_id": 45,
    "stations_diameter": 13.0,
    "transfers": [
        [
            7,
            26,
            [
                401,
                225
            ],
            [
                411,
                225
            ]
        ],
        [
            23,
            35,
            [
                263,
                380
            ],
            [
                273,
                380
            ]
        ],
        [
            40,
            5,
            [
                364,
                140
            ],
            [
                374,
                140
            ]
        ],
        [
            30,
            44,
            [
                575,
                84
            ],
            [
                565,
                84
            ]
        ]
    ],
    "transports": [
        "metro"
    ],
    "type_name": "ROOT",
    "type_text_id": 46,
    "upper_case": true,
    "width": 796,
    "word_wrap": true
}