{
    "0": "Wolverhampton St.George's",
    "1": "The Royal",
    "2": "Priestfield",
    "3": "The Crescent",
    "4": "Bliston Central",
    "5": "Loxdale",
    "6": "Bradley Lane",
    "7": "Wednesbury Parkway",
    "8": "Wednesbury Great Western St",
    "9": "Black Lake",
    "10": "\"Dudley St, Guns Village\"",
    "11": "Dartmouth St",
    "12": "\"Lodge St, West Bromwich Town Hall\"",
    "13": "West Bromwich Central",
    "14": "Trinity Way",
    "15": "Kenrick Park",
    "16": "The Hawthorns",
    "17": "Handsworth Booth St",
    "18": "Winson Green Outer Circle",
    "19": "\"Soho, Benson Rd\"",
    "20": "Jewellery Quarter",
    "21": "St.Paul's",
    "22": "Birmingham Snow Hill",
    "23": "Bull St",
    "24": "Midland Metro",
    "25": "Трамвай",
    "26": "ROOT",
    "27": "Схема от 08.12.2015г.\nАвтор: Варламов Дмитрий (www.chpeks.com)",
    "28": "Imported from http://pmetro.su"
}