{
    "lines": [
        {
            "delays": [],
            "name": "Skyway",
            "scheme": null,
            "segments": [
                [
                    0,
                    1,
                    120
                ],
                [
                    1,
                    0,
                    120
                ],
                [
                    1,
                    2,
                    120
                ],
                [
                    2,
                    1,
                    120
                ],
                [
                    2,
                    3,
                    120
                ],
                [
                    2,
                    5,
                    120
                ],
                [
                    3,
                    2,
                    120
                ],
                [
                    3,
                    4,
                    120
                ],
                [
                    4,
                    3,
                    120
                ],
                [
                    5,
                    2,
                    120
                ],
                [
                    5,
                    6,
                    120
                ],
                [
                    6,
                    5,
                    120
                ],
                [
                    6,
                    7,
                    120
                ],
                [
                    7,
                    6,
                    120
                ]
            ],
            "stations": [
                [
                    0,
                    "FCCJ",
                    0
                ],
                [
                    1,
                    "Hemming Plaza",
                    1
                ],
                [
                    2,
                    "Central",
                    2
                ],
                [
                    3,
                    "Jefferson",
                    3
                ],
                [
                    4,
                    "Terminal",
                    4
                ],
                [
                    5,
                    "San Marco",
                    5
                ],
                [
                    6,
                    "Riverplace",
                    6
                ],
                [
                    7,
                    "Kings Avenue",
                    7
                ]
            ],
            "text_id": 8
        }
    ],
    "name": "metro",
    "transfers": [],
    "type_name": "Электричка"
}