{
    "default_transports": [
        "metro"
    ],
    "height": 581,
    "images": [
        "res/schemes/sevilla.svg"
    ],
    "is_vector": true,
    "lines": [
        {
            "labels_bg_color": "-1",
            "labels_color": "088c2f",
            "line_color": "088c2f",
            "line_width": 7,
            "name": "Line 1",
            "segments": [
                [
                    0,
                    1,
                    [
                        [
                            60,
                            299
                        ],
                        [
                            60.0,
                            303.0
                        ],
                        [
                            43,
                            320
                        ]
                    ],
                    true
                ],
                [
                    1,
                    2,
                    [
                        [
                            106,
                            243
                        ],
                        [
                            99.0,
                            243.0
                        ],
                        [
                            60.0,
                            282.0
                        ],
                        [
                            60,
                            299
                        ]
                    ],
                    true
                ],
                [
                    2,
                    3,
                    [
                        [
                            170,
                            216
                        ],
                        [
                            158.0,
                            216.0
                        ],
                        [
                            131.0,
                            243.0
                        ],
                        [
                            106,
                            243
                        ]
                    ],
                    true
                ],
                [
                    3,
                    4,
                    [
                        [
                            260,
                            196
                        ],
                        [
                            240.0,
                            216.0
                        ],
                        [
                            170,
                            216
                        ]
                    ],
                    true
                ],
                [
                    4,
                    5,
                    [
                        [
                            282,
                            174
                        ],
                        [
                            260,
                            196
                        ]
                    ],
                    true
                ],
                [
                    5,
                    6,
                    [
                        [
                            307,
                            149
                        ],
                        [
                            282,
                            174
                        ]
                    ],
                    true
                ],
                [
                    6,
                    7,
                    [
                        [
                            329,
                            130
                        ],
                        [
                            326.0,
                            130.0
                        ],
                        [
                            307,
                            149
                        ]
                    ],
                    true
                ],
                [
                    7,
                    8,
                    [
                        [
                            362,
                            144
                        ],
                        [
                            348.0,
                            130.0
                        ],
                        [
                            329,
                            130
                        ]
                    ],
                    true
                ],
                [
                    8,
                    9,
                    [
                        [
                            393,
                            149
                        ],
                        [
                            388.0,
                            154.0
                        ],
                        [
                            372.0,
                            154.0
                        ],
                        [
                            362,
                            144
                        ]
                    ],
                    true
                ],
                [
                    9,
                    10,
                    [
                        [
                            426,
                            130
                        ],
                        [
                            412.0,
                            130.0
                        ],
                        [
                            393,
                            149
                        ]
                    ],
                    true
                ],
                [
                    10,
                    11,
                    [
                        [
                            462,
                            130
                        ],
                        [
                            426,
                            130
                        ]
                    ],
                    true
                ],
                [
                    11,
                    12,
                    [
                        [
                            502,
                            130
                        ],
                        [
                            462,
                            130
                        ]
                    ],
                    true
                ],
                [
                    12,
                    13,
                    [
                        [
                            526,
                            164
                        ],
                        [
                            526.0,
                            146.0
                        ],
                        [
                            510.0,
                            130.0
                        ],
                        [
                            502,
                            130
                        ]
                    ],
                    true
                ],
                [
                    13,
                    14,
                    [
                        [
                            526,
                            192
                        ],
                        [
                            526,
                            164
                        ]
                    ],
                    true
                ],
                [
                    14,
                    15,
                    [
                        [
                            526,
                            220
                        ],
                        [
                            526,
                            192
                        ]
                    ],
                    true
                ],
                [
                    15,
                    16,
                    [
                        [
                            545,
                            267
                        ],
                        [
                            551.0,
                            261.0
                        ],
                        [
                            551.0,
                            254.0
                        ],
                        [
                            526.0,
                            229.0
                        ],
                        [
                            526,
                            220
                        ]
                    ],
                    false
                ],
                [
                    15,
                    17,
                    [
                        [
                            568,
                            306
                        ],
                        [
                            540.0,
                            278.0
                        ],
                        [
                            540.0,
                            272.0
                        ],
                        [
                            551.0,
                            261.0
                        ],
                        [
                            551.0,
                            254.0
                        ],
                        [
                            526.0,
                            229.0
                        ],
                        [
                            526,
                            220
                        ]
                    ],
                    true
                ],
                [
                    16,
                    17,
                    [
                        [
                            568,
                            306
                        ],
                        [
                            540.0,
                            278.0
                        ],
                        [
                            540.0,
                            272.0
                        ],
                        [
                            545,
                            267
                        ]
                    ],
                    false
                ],
                [
                    17,
                    18,
                    [
                        [
                            599,
                            337
                        ],
                        [
                            568,
                            306
                        ]
                    ],
                    true
                ],
                [
                    18,
                    19,
                    [
                        [
                            615,
                            375
                        ],
                        [
                            615.0,
                            353.0
                        ],
                        [
                            599,
                            337
                        ]
                    ],
                    true
                ],
                [
                    19,
                    20,
                    [
                        [
                            615,
                            404
                        ],
                        [
                            615,
                            375
                        ]
                    ],
                    true
                ],
                [
                    20,
                    21,
                    [
                        [
                            615,
                            431
                        ],
                        [
                            615,
                            404
                        ]
                    ],
                    true
                ]
            ],
            "stations": [
                {
                    "coord": [
                        43,
                        320
                    ],
                    "is_working": true,
                    "name": "Ciudad Expo",
                    "rect": [
                        50,
                        318,
                        65,
                        15
                    ],
                    "text_id": 0,
                    "uid": 0
                },
                {
                    "coord": [
                        60,
                        299
                    ],
                    "is_working": true,
                    "name": "Cavaleri",
                    "rect": [
                        67,
                        292,
                        44,
                        15
                    ],
                    "text_id": 1,
                    "uid": 1
                },
                {
                    "coord": [
                        106,
                        243
                    ],
                    "is_working": true,
                    "name": "San Juan Alto",
                    "rect": [
                        44,
                        222,
                        71,
                        15
                    ],
                    "text_id": 2,
                    "uid": 2
                },
                {
                    "coord": [
                        170,
                        216
                    ],
                    "is_working": true,
                    "name": "San Juan Bajo",
                    "rect": [
                        100,
                        194,
                        74,
                        15
                    ],
                    "text_id": 3,
                    "uid": 3
                },
                {
                    "coord": [
                        260,
                        196
                    ],
                    "is_working": true,
                    "name": "Blas Infante",
                    "rect": [
                        261,
                        203,
                        61,
                        15
                    ],
                    "text_id": 4,
                    "uid": 4
                },
                {
                    "coord": [
                        282,
                        174
                    ],
                    "is_working": true,
                    "name": "Parque de los Principes",
                    "rect": [
                        156,
                        158,
                        120,
                        15
                    ],
                    "text_id": 5,
                    "uid": 5
                },
                {
                    "coord": [
                        307,
                        149
                    ],
                    "is_working": true,
                    "name": "Plaza de Cuba",
                    "rect": [
                        227,
                        133,
                        73,
                        15
                    ],
                    "text_id": 6,
                    "uid": 6
                },
                {
                    "coord": [
                        329,
                        130
                    ],
                    "is_working": true,
                    "name": "Puerta de Jerez",
                    "rect": [
                        244,
                        111,
                        79,
                        15
                    ],
                    "text_id": 7,
                    "uid": 7
                },
                {
                    "coord": [
                        362,
                        144
                    ],
                    "is_working": true,
                    "name": "Prado de San Sebastian",
                    "rect": [
                        368,
                        18,
                        15,
                        120
                    ],
                    "text_id": 8,
                    "uid": 8
                },
                {
                    "coord": [
                        393,
                        149
                    ],
                    "is_working": true,
                    "name": "San Bernardo",
                    "rect": [
                        395,
                        156,
                        70,
                        15
                    ],
                    "text_id": 9,
                    "uid": 9
                },
                {
                    "coord": [
                        426,
                        130
                    ],
                    "is_working": true,
                    "name": "Nervion",
                    "rect": [
                        405,
                        109,
                        41,
                        15
                    ],
                    "text_id": 10,
                    "uid": 10
                },
                {
                    "coord": [
                        462,
                        130
                    ],
                    "is_working": true,
                    "name": "Gran Plaza",
                    "rect": [
                        437,
                        137,
                        56,
                        15
                    ],
                    "text_id": 11,
                    "uid": 11
                },
                {
                    "coord": [
                        502,
                        130
                    ],
                    "is_working": true,
                    "name": "Mayo",
                    "rect": [
                        500,
                        108,
                        29,
                        15
                    ],
                    "text_id": 12,
                    "uid": 12
                },
                {
                    "coord": [
                        526,
                        164
                    ],
                    "is_working": true,
                    "name": "Amate",
                    "rect": [
                        533,
                        157,
                        34,
                        15
                    ],
                    "text_id": 13,
                    "uid": 13
                },
                {
                    "coord": [
                        526,
                        192
                    ],
                    "is_working": true,
                    "name": "La Plata",
                    "rect": [
                        533,
                        184,
                        42,
                        15
                    ],
                    "text_id": 14,
                    "uid": 14
                },
                {
                    "coord": [
                        526,
                        220
                    ],
                    "is_working": true,
                    "name": "Cocheras",
                    "rect": [
                        533,
                        213,
                        50,
                        15
                    ],
                    "text_id": 15,
                    "uid": 15
                },
                {
                    "coord": [
                        545,
                        267
                    ],
                    "is_working": false,
                    "name": "Guadaira",
                    "rect": [
                        552,
                        267,
                        47,
                        15
                    ],
                    "text_id": 16,
                    "uid": 16
                },
                {
                    "coord": [
                        568,
                        306
                    ],
                    "is_working": true,
                    "name": "Pablo de Olavide",
                    "rect": [
                        576,
                        293,
                        86,
                        15
                    ],
                    "text_id": 17,
                    "uid": 17
                },
                {
                    "coord": [
                        599,
                        337
                    ],
                    "is_working": true,
                    "name": "Condequinto",
                    "rect": [
                        606,
                        325,
                        64,
                        15
                    ],
                    "text_id": 18,
                    "uid": 18
                },
                {
                    "coord": [
                        615,
                        375
                    ],
                    "is_working": true,
                    "name": "Montequinto",
                    "rect": [
                        622,
                        368,
                        62,
                        15
                    ],
                    "text_id": 19,
                    "uid": 19
                },
                {
                    "coord": [
                        615,
                        404
                    ],
                    "is_working": true,
                    "name": "Europa",
                    "rect": [
                        622,
                        397,
                        37,
                        15
                    ],
                    "text_id": 20,
                    "uid": 20
                },
                {
                    "coord": [
                        615,
                        431
                    ],
                    "is_working": true,
                    "name": "Olivar de Quinto",
                    "rect": [
                        622,
                        424,
                        82,
                        15
                    ],
                    "text_id": 21,
                    "uid": 21
                }
            ],
            "text_id": 22
        }
    ],
    "lines_width": 7,
    "name": "metro",
    "name_text_id": 23,
    "stations_diameter": 13.0,
    "transfers": [],
    "transports": [
        "metro"
    ],
    "type_name": "ROOT",
    "type_text_id": 24,
    "upper_case": false,
    "width": 765,
    "word_wrap": false
}