{
    "lines": [
        {
            "delays": [
                180,
                360
            ],
            "name": "Sukhumvit",
            "scheme": null,
            "segments": [
                [
                    0,
                    1,
                    120
                ],
                [
                    1,
                    0,
                    120
                ],
                [
                    1,
                    2,
                    120
                ],
                [
                    2,
                    1,
                    120
                ],
                [
                    2,
                    3,
                    60
                ],
                [
                    3,
                    2,
                    60
                ],
                [
                    3,
                    4,
                    180
                ],
                [
                    4,
                    3,
                    180
                ],
                [
                    4,
                    5,
                    60
                ],
                [
                    5,
                    4,
                    60
                ],
                [
                    5,
                    6,
                    120
                ],
                [
                    6,
                    5,
                    120
                ],
                [
                    6,
                    7,
                    120
                ],
                [
                    7,
                    6,
                    120
                ],
                [
                    7,
                    8,
                    120
                ],
                [
                    8,
                    7,
                    120
                ],
                [
                    8,
                    9,
                    60
                ],
                [
                    9,
                    8,
                    60
                ],
                [
                    9,
                    10,
                    120
                ],
                [
                    10,
                    9,
                    120
                ],
                [
                    10,
                    11,
                    60
                ],
                [
                    11,
                    10,
                    60
                ],
                [
                    11,
                    12,
                    120
                ],
                [
                    12,
                    11,
                    120
                ],
                [
                    12,
                    13,
                    120
                ],
                [
                    13,
                    12,
                    120
                ],
                [
                    13,
                    14,
                    60
                ],
                [
                    14,
                    13,
                    60
                ],
                [
                    14,
                    15,
                    120
                ],
                [
                    15,
                    14,
                    120
                ],
                [
                    15,
                    16,
                    60
                ],
                [
                    16,
                    15,
                    60
                ],
                [
                    16,
                    17,
                    120
                ],
                [
                    17,
                    16,
                    120
                ],
                [
                    17,
                    18,
                    120
                ],
                [
                    18,
                    17,
                    120
                ],
                [
                    18,
                    19,
                    120
                ],
                [
                    19,
                    18,
                    120
                ],
                [
                    19,
                    20,
                    120
                ],
                [
                    20,
                    19,
                    120
                ],
                [
                    20,
                    21,
                    120
                ],
                [
                    21,
                    20,
                    120
                ]
            ],
            "stations": [
                [
                    0,
                    "Mo Chit",
                    0
                ],
                [
                    1,
                    "Saphan Khwai",
                    1
                ],
                [
                    2,
                    "Ari",
                    2
                ],
                [
                    3,
                    "Sanam Pao",
                    3
                ],
                [
                    4,
                    "Victory Monument",
                    4
                ],
                [
                    5,
                    "Phaya Thai",
                    5
                ],
                [
                    6,
                    "Ratchthewi",
                    6
                ],
                [
                    7,
                    "Siam Central",
                    7
                ],
                [
                    8,
                    "Chit Lom",
                    8
                ],
                [
                    9,
                    "Phloen Chit",
                    9
                ],
                [
                    10,
                    "Nana",
                    10
                ],
                [
                    11,
                    "Asok",
                    11
                ],
                [
                    12,
                    "Phrom Phong",
                    12
                ],
                [
                    13,
                    "Thong Lo",
                    13
                ],
                [
                    14,
                    "Ekkamai",
                    14
                ],
                [
                    15,
                    "Phra Khanong",
                    15
                ],
                [
                    16,
                    "On Nut",
                    16
                ],
                [
                    17,
                    "Bang Chak",
                    17
                ],
                [
                    18,
                    "Punnawithi",
                    18
                ],
                [
                    19,
                    "Udom Suk",
                    19
                ],
                [
                    20,
                    "Bang Na",
                    20
                ],
                [
                    21,
                    "Bearing",
                    21
                ]
            ],
            "text_id": 22
        },
        {
            "delays": [
                180,
                360
            ],
            "name": "Silom",
            "scheme": null,
            "segments": [
                [
                    22,
                    23,
                    60
                ],
                [
                    23,
                    22,
                    60
                ],
                [
                    23,
                    24,
                    120
                ],
                [
                    24,
                    23,
                    120
                ],
                [
                    24,
                    25,
                    180
                ],
                [
                    25,
                    24,
                    180
                ],
                [
                    25,
                    26,
                    180
                ],
                [
                    26,
                    25,
                    180
                ],
                [
                    26,
                    27,
                    120
                ],
                [
                    27,
                    26,
                    120
                ],
                [
                    27,
                    28,
                    120
                ],
                [
                    28,
                    27,
                    120
                ],
                [
                    28,
                    29,
                    120
                ],
                [
                    29,
                    28,
                    120
                ],
                [
                    29,
                    30,
                    120
                ],
                [
                    30,
                    29,
                    120
                ],
                [
                    30,
                    31,
                    120
                ],
                [
                    31,
                    30,
                    120
                ],
                [
                    31,
                    32,
                    120
                ],
                [
                    32,
                    31,
                    120
                ]
            ],
            "stations": [
                [
                    22,
                    "National Stadium",
                    23
                ],
                [
                    23,
                    "Siam Central",
                    7
                ],
                [
                    24,
                    "Ratchadamri",
                    24
                ],
                [
                    25,
                    "Sala Daeng",
                    25
                ],
                [
                    26,
                    "Chong Nonsi",
                    26
                ],
                [
                    27,
                    "Surasak",
                    27
                ],
                [
                    28,
                    "Saphan Taksin",
                    28
                ],
                [
                    29,
                    "Krung Thon Buri",
                    29
                ],
                [
                    30,
                    "Wongwean Yai",
                    30
                ],
                [
                    31,
                    "Pho Nimit",
                    31
                ],
                [
                    32,
                    "Talat Phlu",
                    32
                ]
            ],
            "text_id": 33
        },
        {
            "delays": [
                300,
                420
            ],
            "name": "MRTA",
            "scheme": null,
            "segments": [
                [
                    33,
                    34,
                    77
                ],
                [
                    34,
                    33,
                    77
                ],
                [
                    34,
                    35,
                    77
                ],
                [
                    35,
                    34,
                    77
                ],
                [
                    35,
                    36,
                    130
                ],
                [
                    36,
                    35,
                    130
                ],
                [
                    36,
                    37,
                    95
                ],
                [
                    37,
                    36,
                    95
                ],
                [
                    37,
                    38,
                    95
                ],
                [
                    38,
                    37,
                    95
                ],
                [
                    38,
                    39,
                    75
                ],
                [
                    39,
                    38,
                    75
                ],
                [
                    39,
                    40,
                    88
                ],
                [
                    40,
                    39,
                    88
                ],
                [
                    40,
                    41,
                    88
                ],
                [
                    41,
                    40,
                    88
                ],
                [
                    41,
                    42,
                    97
                ],
                [
                    42,
                    41,
                    97
                ],
                [
                    42,
                    43,
                    81
                ],
                [
                    43,
                    42,
                    81
                ],
                [
                    43,
                    44,
                    72
                ],
                [
                    44,
                    43,
                    72
                ],
                [
                    44,
                    45,
                    89
                ],
                [
                    45,
                    44,
                    89
                ],
                [
                    45,
                    46,
                    202
                ],
                [
                    46,
                    45,
                    202
                ],
                [
                    46,
                    47,
                    74
                ],
                [
                    47,
                    46,
                    74
                ],
                [
                    47,
                    48,
                    74
                ],
                [
                    48,
                    47,
                    74
                ],
                [
                    48,
                    49,
                    66
                ],
                [
                    49,
                    48,
                    66
                ],
                [
                    49,
                    50,
                    124
                ],
                [
                    50,
                    49,
                    124
                ]
            ],
            "stations": [
                [
                    33,
                    "Bang Sue",
                    34
                ],
                [
                    34,
                    "Kamphaeng Phet",
                    35
                ],
                [
                    35,
                    "Chatuchak Park",
                    36
                ],
                [
                    36,
                    "Phahon Yothin",
                    37
                ],
                [
                    37,
                    "Lat Phrao",
                    38
                ],
                [
                    38,
                    "Ratchadaphisek",
                    39
                ],
                [
                    39,
                    "Suthisarn",
                    40
                ],
                [
                    40,
                    "Huai Khwang",
                    41
                ],
                [
                    41,
                    "Thailand Cultural Centre",
                    42
                ],
                [
                    42,
                    "Phra Ram 9",
                    43
                ],
                [
                    43,
                    "Phetchaburi",
                    44
                ],
                [
                    44,
                    "Sukhumvit",
                    22
                ],
                [
                    45,
                    "Queen Sirikit National Convention Centre",
                    45
                ],
                [
                    46,
                    "Klong Toei",
                    46
                ],
                [
                    47,
                    "Lumphini",
                    47
                ],
                [
                    48,
                    "Si Lom",
                    48
                ],
                [
                    49,
                    "Sam Yan",
                    49
                ],
                [
                    50,
                    "Hua Lamphong",
                    50
                ]
            ],
            "text_id": 51
        }
    ],
    "name": "metro",
    "transfers": [
        [
            11,
            44,
            120,
            true
        ],
        [
            0,
            35,
            120,
            true
        ],
        [
            25,
            48,
            180,
            true
        ],
        [
            7,
            23,
            60,
            true
        ]
    ],
    "type_name": "Метро"
}