{
    "lines": [
        {
            "delays": [
                180,
                360
            ],
            "name": "1",
            "scheme": null,
            "segments": [
                [
                    0,
                    1,
                    120
                ],
                [
                    1,
                    0,
                    120
                ],
                [
                    1,
                    2,
                    120
                ],
                [
                    2,
                    1,
                    120
                ],
                [
                    2,
                    3,
                    120
                ],
                [
                    3,
                    2,
                    120
                ],
                [
                    3,
                    4,
                    120
                ],
                [
                    4,
                    3,
                    120
                ],
                [
                    4,
                    5,
                    120
                ],
                [
                    5,
                    4,
                    120
                ],
                [
                    5,
                    6,
                    120
                ],
                [
                    6,
                    5,
                    120
                ],
                [
                    6,
                    7,
                    120
                ],
                [
                    7,
                    6,
                    120
                ],
                [
                    7,
                    8,
                    120
                ],
                [
                    8,
                    7,
                    120
                ],
                [
                    8,
                    9,
                    120
                ],
                [
                    9,
                    8,
                    120
                ],
                [
                    9,
                    10,
                    120
                ],
                [
                    10,
                    9,
                    120
                ],
                [
                    10,
                    11,
                    null
                ],
                [
                    10,
                    12,
                    240
                ],
                [
                    11,
                    10,
                    null
                ],
                [
                    11,
                    12,
                    0
                ],
                [
                    12,
                    10,
                    240
                ],
                [
                    12,
                    11,
                    null
                ],
                [
                    12,
                    13,
                    120
                ],
                [
                    13,
                    12,
                    120
                ],
                [
                    13,
                    14,
                    120
                ],
                [
                    14,
                    13,
                    120
                ]
            ],
            "stations": [
                [
                    0,
                    "Fermi",
                    0
                ],
                [
                    1,
                    "Paradiso",
                    1
                ],
                [
                    2,
                    "Marche",
                    2
                ],
                [
                    3,
                    "Massaua",
                    3
                ],
                [
                    4,
                    "Pozzo Strada",
                    4
                ],
                [
                    5,
                    "Monte Grappa",
                    5
                ],
                [
                    6,
                    "Rivoli",
                    6
                ],
                [
                    7,
                    "Racconigi",
                    7
                ],
                [
                    8,
                    "Bernini",
                    8
                ],
                [
                    9,
                    "Principi d'Acaja",
                    9
                ],
                [
                    10,
                    "XVIII dicembre",
                    10
                ],
                [
                    11,
                    "Porta Susa",
                    11
                ],
                [
                    12,
                    "Vinzaglio",
                    12
                ],
                [
                    13,
                    "Re Umberto",
                    13
                ],
                [
                    14,
                    "Porta Nuova",
                    14
                ]
            ],
            "text_id": 15
        }
    ],
    "name": "metro",
    "transfers": [],
    "type_name": "Метро"
}