[
    {
        "caption": "Схема",
        "image": "res/stations/petrovschina.svg",
        "line": "Московская",
        "station": "Петровщина"
    },
    {
        "caption": "Схема",
        "image": "res/stations/mihalovo.svg",
        "line": "Московская",
        "station": "Михалово"
    },
    {
        "caption": "Схема",
        "image": "res/stations/grushevka.svg",
        "line": "Московская",
        "station": "Грушевка"
    },
    {
        "caption": "Схема",
        "image": "res/stations/institutkultury.svg",
        "line": "Московская",
        "station": "Институт Культуры"
    },
    {
        "caption": "Схема",
        "image": "res/stations/pllenina.svg",
        "line": "Московская",
        "station": "Площадь Ленина"
    },
    {
        "caption": "Схема",
        "image": "res/stations/okt-kupalovskaya.svg",
        "line": "Московская",
        "station": "Октябрьская"
    },
    {
        "caption": "Схема",
        "image": "res/stations/plpobedy.svg",
        "line": "Московская",
        "station": "Площадь Победы"
    },
    {
        "caption": "Схема",
        "image": "res/stations/plyakubakolasa.svg",
        "line": "Московская",
        "station": "Площадь Якуба Коласа"
    },
    {
        "caption": "Схема",
        "image": "res/stations/akademiyanauk.svg",
        "line": "Московская",
        "station": "Академия наук"
    },
    {
        "caption": "Схема",
        "image": "res/stations/parkcheluskintsev.svg",
        "line": "Московская",
        "station": "Парк Челюскинцев"
    },
    {
        "caption": "Схема",
        "image": "res/stations/moskovskaya.svg",
        "line": "Московская",
        "station": "Московская"
    },
    {
        "caption": "Схема",
        "image": "res/stations/vostok.svg",
        "line": "Московская",
        "station": "Восток"
    },
    {
        "caption": "Схема",
        "image": "res/stations/borisovskiytrakt.svg",
        "line": "Московская",
        "station": "Борисовский тракт"
    },
    {
        "caption": "Схема",
        "image": "res/stations/uruchye.svg",
        "line": "Московская",
        "station": "Уручье"
    },
    {
        "caption": "Схема",
        "image": "res/stations/mogilevskaya.svg",
        "line": "Автозаводская",
        "station": "Могилевская"
    },
    {
        "caption": "Схема",
        "image": "res/stations/avtozavodskayast.svg",
        "line": "Автозаводская",
        "station": "Автозаводская"
    },
    {
        "caption": "Схема",
        "image": "res/stations/partizanskaya.svg",
        "line": "Автозаводская",
        "station": "Партизанская"
    },
    {
        "caption": "Схема",
        "image": "res/stations/traktornyzavod.svg",
        "line": "Автозаводская",
        "station": "Тракторный завод"
    },
    {
        "caption": "Схема",
        "image": "res/stations/proletarskaya.svg",
        "line": "Автозаводская",
        "station": "Пролетарская"
    },
    {
        "caption": "Схема",
        "image": "res/stations/pervomayskaya.svg",
        "line": "Автозаводская",
        "station": "Первомайская"
    },
    {
        "caption": "Схема",
        "image": "res/stations/okt-kupalovskaya.svg",
        "line": "Автозаводская",
        "station": "Купаловская"
    },
    {
        "caption": "Схема",
        "image": "res/stations/nemiga.svg",
        "line": "Автозаводская",
        "station": "Немига"
    },
    {
        "caption": "Схема",
        "image": "res/stations/frunzenskaya.svg",
        "line": "Автозаводская",
        "station": "Фрунзенская"
    },
    {
        "caption": "Схема",
        "image": "res/stations/molodezhnaya.svg",
        "line": "Автозаводская",
        "station": "Молодежная"
    },
    {
        "caption": "Схема",
        "image": "res/stations/pushkinskaya.svg",
        "line": "Автозаводская",
        "station": "Пушкинская"
    },
    {
        "caption": "Схема",
        "image": "res/stations/sportivnaya.svg",
        "line": "Автозаводская",
        "station": "Спортивная"
    },
    {
        "caption": "Схема",
        "image": "res/stations/kuntsevschina.svg",
        "line": "Автозаводская",
        "station": "Кунцевщина"
    },
    {
        "caption": "Схема",
        "image": "res/stations/kamennayagorka.svg",
        "line": "Автозаводская",
        "station": "Каменная Горка"
    },
    {
        "caption": "Схема",
        "image": "res/stations/molodezhnaya.svg",
        "line": "Молодечненское направление",
        "station": "Минск-Северный"
    }
]