{
    "default_transports": [
        "train"
    ],
    "height": 1079,
    "images": [
        "res/schemes/borisov.svg"
    ],
    "is_vector": true,
    "lines": [
        {
            "labels_bg_color": "-1",
            "labels_color": "BF411F",
            "line_color": "BF411F",
            "line_width": 9,
            "name": "Борисовское направление",
            "segments": [
                [
                    39,
                    40,
                    [
                        [
                            166,
                            909
                        ],
                        [
                            146,
                            929
                        ]
                    ],
                    true
                ],
                [
                    40,
                    41,
                    [
                        [
                            186,
                            889
                        ],
                        [
                            166,
                            909
                        ]
                    ],
                    true
                ],
                [
                    41,
                    42,
                    [
                        [
                            206,
                            869
                        ],
                        [
                            186,
                            889
                        ]
                    ],
                    true
                ],
                [
                    42,
                    43,
                    [
                        [
                            226,
                            849
                        ],
                        [
                            206,
                            869
                        ]
                    ],
                    true
                ],
                [
                    43,
                    44,
                    [
                        [
                            246,
                            829
                        ],
                        [
                            226,
                            849
                        ]
                    ],
                    true
                ],
                [
                    44,
                    45,
                    [
                        [
                            266,
                            809
                        ],
                        [
                            246,
                            829
                        ]
                    ],
                    true
                ],
                [
                    45,
                    46,
                    [
                        [
                            286,
                            789
                        ],
                        [
                            266,
                            809
                        ]
                    ],
                    true
                ],
                [
                    46,
                    47,
                    [
                        [
                            306,
                            769
                        ],
                        [
                            286,
                            789
                        ]
                    ],
                    true
                ],
                [
                    47,
                    48,
                    [
                        [
                            326,
                            749
                        ],
                        [
                            306,
                            769
                        ]
                    ],
                    true
                ],
                [
                    48,
                    49,
                    [
                        [
                            346,
                            729
                        ],
                        [
                            326,
                            749
                        ]
                    ],
                    true
                ],
                [
                    49,
                    50,
                    [
                        [
                            366,
                            709
                        ],
                        [
                            346,
                            729
                        ]
                    ],
                    true
                ],
                [
                    50,
                    51,
                    [
                        [
                            386,
                            689
                        ],
                        [
                            366,
                            709
                        ]
                    ],
                    true
                ],
                [
                    51,
                    52,
                    [
                        [
                            406,
                            669
                        ],
                        [
                            386,
                            689
                        ]
                    ],
                    true
                ],
                [
                    52,
                    53,
                    [
                        [
                            426,
                            649
                        ],
                        [
                            406,
                            669
                        ]
                    ],
                    true
                ],
                [
                    53,
                    54,
                    [
                        [
                            446,
                            629
                        ],
                        [
                            426,
                            649
                        ]
                    ],
                    true
                ],
                [
                    54,
                    55,
                    [
                        [
                            466,
                            609
                        ],
                        [
                            446,
                            629
                        ]
                    ],
                    true
                ],
                [
                    55,
                    56,
                    [
                        [
                            486,
                            589
                        ],
                        [
                            466,
                            609
                        ]
                    ],
                    true
                ],
                [
                    56,
                    57,
                    [
                        [
                            506,
                            569
                        ],
                        [
                            486,
                            589
                        ]
                    ],
                    true
                ],
                [
                    57,
                    58,
                    [
                        [
                            526,
                            549
                        ],
                        [
                            506,
                            569
                        ]
                    ],
                    true
                ],
                [
                    58,
                    59,
                    [
                        [
                            546,
                            529
                        ],
                        [
                            526,
                            549
                        ]
                    ],
                    true
                ],
                [
                    59,
                    60,
                    [
                        [
                            566,
                            509
                        ],
                        [
                            546,
                            529
                        ]
                    ],
                    true
                ],
                [
                    60,
                    61,
                    [
                        [
                            586,
                            489
                        ],
                        [
                            566,
                            509
                        ]
                    ],
                    true
                ],
                [
                    61,
                    62,
                    [
                        [
                            606,
                            469
                        ],
                        [
                            586,
                            489
                        ]
                    ],
                    true
                ],
                [
                    62,
                    63,
                    [
                        [
                            626,
                            449
                        ],
                        [
                            606,
                            469
                        ]
                    ],
                    true
                ],
                [
                    63,
                    64,
                    [
                        [
                            646,
                            429
                        ],
                        [
                            626,
                            449
                        ]
                    ],
                    true
                ],
                [
                    64,
                    65,
                    [
                        [
                            666,
                            409
                        ],
                        [
                            646,
                            429
                        ]
                    ],
                    true
                ],
                [
                    65,
                    66,
                    [
                        [
                            686,
                            389
                        ],
                        [
                            666,
                            409
                        ]
                    ],
                    true
                ],
                [
                    66,
                    67,
                    [
                        [
                            706,
                            369
                        ],
                        [
                            686,
                            389
                        ]
                    ],
                    true
                ],
                [
                    67,
                    68,
                    [
                        [
                            726,
                            349
                        ],
                        [
                            706,
                            369
                        ]
                    ],
                    true
                ],
                [
                    68,
                    69,
                    [
                        [
                            746,
                            329
                        ],
                        [
                            726,
                            349
                        ]
                    ],
                    true
                ],
                [
                    69,
                    70,
                    [
                        [
                            766,
                            309
                        ],
                        [
                            746,
                            329
                        ]
                    ],
                    true
                ],
                [
                    70,
                    71,
                    [
                        [
                            786,
                            289
                        ],
                        [
                            766,
                            309
                        ]
                    ],
                    true
                ],
                [
                    71,
                    72,
                    [
                        [
                            806,
                            269
                        ],
                        [
                            786,
                            289
                        ]
                    ],
                    true
                ],
                [
                    72,
                    73,
                    [
                        [
                            826,
                            249
                        ],
                        [
                            806,
                            269
                        ]
                    ],
                    true
                ],
                [
                    73,
                    74,
                    [
                        [
                            846,
                            229
                        ],
                        [
                            826,
                            249
                        ]
                    ],
                    true
                ],
                [
                    74,
                    75,
                    [
                        [
                            866,
                            209
                        ],
                        [
                            846,
                            229
                        ]
                    ],
                    true
                ],
                [
                    75,
                    76,
                    [
                        [
                            886,
                            189
                        ],
                        [
                            866,
                            209
                        ]
                    ],
                    true
                ],
                [
                    76,
                    77,
                    [
                        [
                            906,
                            169
                        ],
                        [
                            886,
                            189
                        ]
                    ],
                    true
                ],
                [
                    77,
                    78,
                    [
                        [
                            926,
                            149
                        ],
                        [
                            906,
                            169
                        ]
                    ],
                    true
                ],
                [
                    78,
                    79,
                    [
                        [
                            946,
                            129
                        ],
                        [
                            926,
                            149
                        ]
                    ],
                    true
                ],
                [
                    79,
                    80,
                    [
                        [
                            966,
                            109
                        ],
                        [
                            946,
                            129
                        ]
                    ],
                    true
                ],
                [
                    80,
                    81,
                    [
                        [
                            986,
                            89
                        ],
                        [
                            966,
                            109
                        ]
                    ],
                    true
                ],
                [
                    81,
                    82,
                    [
                        [
                            1006,
                            69
                        ],
                        [
                            986,
                            89
                        ]
                    ],
                    true
                ],
                [
                    82,
                    83,
                    [
                        [
                            1026,
                            49
                        ],
                        [
                            1006,
                            69
                        ]
                    ],
                    true
                ],
                [
                    83,
                    84,
                    [
                        [
                            1046,
                            29
                        ],
                        [
                            1026,
                            49
                        ]
                    ],
                    true
                ],
                [
                    84,
                    85,
                    [
                        [
                            1066,
                            9
                        ],
                        [
                            1046,
                            29
                        ]
                    ],
                    true
                ]
            ],
            "stations": [
                {
                    "coord": [
                        146,
                        929
                    ],
                    "is_working": true,
                    "name": "Минск-Пассажирский",
                    "rect": [
                        157,
                        924,
                        138,
                        15
                    ],
                    "text_id": 41,
                    "uid": 39
                },
                {
                    "coord": [
                        166,
                        909
                    ],
                    "is_working": true,
                    "name": "Минск-Восточный",
                    "rect": [
                        177,
                        904,
                        115,
                        15
                    ],
                    "text_id": 42,
                    "uid": 40
                },
                {
                    "coord": [
                        186,
                        889
                    ],
                    "is_working": true,
                    "name": "Тракторный",
                    "rect": [
                        197,
                        885,
                        76,
                        15
                    ],
                    "text_id": 43,
                    "uid": 41
                },
                {
                    "coord": [
                        206,
                        869
                    ],
                    "is_working": true,
                    "name": "Товарный двор",
                    "rect": [
                        217,
                        866,
                        104,
                        15
                    ],
                    "text_id": 44,
                    "uid": 42
                },
                {
                    "coord": [
                        226,
                        849
                    ],
                    "is_working": true,
                    "name": "Степянка",
                    "rect": [
                        237,
                        845,
                        61,
                        15
                    ],
                    "text_id": 45,
                    "uid": 43
                },
                {
                    "coord": [
                        246,
                        829
                    ],
                    "is_working": true,
                    "name": "Озерище",
                    "rect": [
                        257,
                        825,
                        57,
                        15
                    ],
                    "text_id": 46,
                    "uid": 44
                },
                {
                    "coord": [
                        266,
                        809
                    ],
                    "is_working": true,
                    "name": "Колодищи",
                    "rect": [
                        277,
                        805,
                        65,
                        15
                    ],
                    "text_id": 47,
                    "uid": 45
                },
                {
                    "coord": [
                        286,
                        789
                    ],
                    "is_working": true,
                    "name": "Садовый",
                    "rect": [
                        297,
                        785,
                        59,
                        15
                    ],
                    "text_id": 48,
                    "uid": 46
                },
                {
                    "coord": [
                        306,
                        769
                    ],
                    "is_working": true,
                    "name": "Городище",
                    "rect": [
                        317,
                        766,
                        64,
                        15
                    ],
                    "text_id": 49,
                    "uid": 47
                },
                {
                    "coord": [
                        326,
                        749
                    ],
                    "is_working": true,
                    "name": "Слобода",
                    "rect": [
                        337,
                        745,
                        56,
                        15
                    ],
                    "text_id": 50,
                    "uid": 48
                },
                {
                    "coord": [
                        346,
                        729
                    ],
                    "is_working": true,
                    "name": "Домашаны",
                    "rect": [
                        357,
                        725,
                        70,
                        15
                    ],
                    "text_id": 51,
                    "uid": 49
                },
                {
                    "coord": [
                        366,
                        709
                    ],
                    "is_working": true,
                    "name": "Загорье",
                    "rect": [
                        377,
                        705,
                        53,
                        15
                    ],
                    "text_id": 52,
                    "uid": 50
                },
                {
                    "coord": [
                        386,
                        689
                    ],
                    "is_working": true,
                    "name": "Смолевичи",
                    "rect": [
                        397,
                        685,
                        72,
                        15
                    ],
                    "text_id": 53,
                    "uid": 51
                },
                {
                    "coord": [
                        406,
                        669
                    ],
                    "is_working": true,
                    "name": "Заречное",
                    "rect": [
                        417,
                        666,
                        61,
                        15
                    ],
                    "text_id": 54,
                    "uid": 52
                },
                {
                    "coord": [
                        426,
                        649
                    ],
                    "is_working": true,
                    "name": "Красное Знамя",
                    "rect": [
                        437,
                        645,
                        97,
                        15
                    ],
                    "text_id": 55,
                    "uid": 53
                },
                {
                    "coord": [
                        446,
                        629
                    ],
                    "is_working": true,
                    "name": "Барсуки",
                    "rect": [
                        457,
                        625,
                        53,
                        15
                    ],
                    "text_id": 56,
                    "uid": 54
                },
                {
                    "coord": [
                        466,
                        609
                    ],
                    "is_working": true,
                    "name": "Жодино-Южное",
                    "rect": [
                        477,
                        605,
                        96,
                        15
                    ],
                    "text_id": 57,
                    "uid": 55
                },
                {
                    "coord": [
                        486,
                        589
                    ],
                    "is_working": true,
                    "name": "Жодино",
                    "rect": [
                        497,
                        585,
                        50,
                        15
                    ],
                    "text_id": 58,
                    "uid": 56
                },
                {
                    "coord": [
                        506,
                        569
                    ],
                    "is_working": true,
                    "name": "Пролетарская Победа",
                    "rect": [
                        517,
                        566,
                        139,
                        15
                    ],
                    "text_id": 59,
                    "uid": 57
                },
                {
                    "coord": [
                        526,
                        549
                    ],
                    "is_working": true,
                    "name": "Печинский",
                    "rect": [
                        537,
                        545,
                        70,
                        15
                    ],
                    "text_id": 60,
                    "uid": 58
                },
                {
                    "coord": [
                        546,
                        529
                    ],
                    "is_working": true,
                    "name": "Борисов",
                    "rect": [
                        557,
                        525,
                        57,
                        15
                    ],
                    "text_id": 61,
                    "uid": 59
                },
                {
                    "coord": [
                        566,
                        509
                    ],
                    "is_working": true,
                    "name": "Березина",
                    "rect": [
                        577,
                        505,
                        62,
                        15
                    ],
                    "text_id": 62,
                    "uid": 60
                },
                {
                    "coord": [
                        586,
                        489
                    ],
                    "is_working": true,
                    "name": "Неманица",
                    "rect": [
                        597,
                        485,
                        66,
                        15
                    ],
                    "text_id": 63,
                    "uid": 61
                },
                {
                    "coord": [
                        606,
                        469
                    ],
                    "is_working": true,
                    "name": "Новосады",
                    "rect": [
                        617,
                        466,
                        67,
                        15
                    ],
                    "text_id": 64,
                    "uid": 62
                },
                {
                    "coord": [
                        626,
                        449
                    ],
                    "is_working": true,
                    "name": "Замужанье",
                    "rect": [
                        637,
                        445,
                        72,
                        15
                    ],
                    "text_id": 65,
                    "uid": 63
                },
                {
                    "coord": [
                        646,
                        429
                    ],
                    "is_working": true,
                    "name": "Приямино",
                    "rect": [
                        657,
                        425,
                        66,
                        15
                    ],
                    "text_id": 66,
                    "uid": 64
                },
                {
                    "coord": [
                        666,
                        409
                    ],
                    "is_working": true,
                    "name": "Бережок",
                    "rect": [
                        677,
                        405,
                        54,
                        15
                    ],
                    "text_id": 67,
                    "uid": 65
                },
                {
                    "coord": [
                        686,
                        389
                    ],
                    "is_working": true,
                    "name": "Крупки",
                    "rect": [
                        697,
                        385,
                        43,
                        15
                    ],
                    "text_id": 68,
                    "uid": 66
                },
                {
                    "coord": [
                        706,
                        369
                    ],
                    "is_working": true,
                    "name": "Новая Жизнь",
                    "rect": [
                        717,
                        366,
                        85,
                        15
                    ],
                    "text_id": 69,
                    "uid": 67
                },
                {
                    "coord": [
                        726,
                        349
                    ],
                    "is_working": true,
                    "name": "Бобр",
                    "rect": [
                        737,
                        345,
                        33,
                        15
                    ],
                    "text_id": 70,
                    "uid": 68
                },
                {
                    "coord": [
                        746,
                        329
                    ],
                    "is_working": true,
                    "name": "Красновка",
                    "rect": [
                        757,
                        325,
                        69,
                        15
                    ],
                    "text_id": 71,
                    "uid": 69
                },
                {
                    "coord": [
                        766,
                        309
                    ],
                    "is_working": true,
                    "name": "Славное",
                    "rect": [
                        777,
                        305,
                        56,
                        15
                    ],
                    "text_id": 72,
                    "uid": 70
                },
                {
                    "coord": [
                        786,
                        289
                    ],
                    "is_working": true,
                    "name": "Нарцизово",
                    "rect": [
                        797,
                        285,
                        70,
                        15
                    ],
                    "text_id": 73,
                    "uid": 71
                },
                {
                    "coord": [
                        806,
                        269
                    ],
                    "is_working": true,
                    "name": "Троцилово",
                    "rect": [
                        817,
                        266,
                        93,
                        15
                    ],
                    "text_id": 74,
                    "uid": 72
                },
                {
                    "coord": [
                        826,
                        249
                    ],
                    "is_working": true,
                    "name": "Красная Горка",
                    "rect": [
                        837,
                        245,
                        54,
                        15
                    ],
                    "text_id": 75,
                    "uid": 73
                },
                {
                    "coord": [
                        846,
                        229
                    ],
                    "is_working": true,
                    "name": "Толочин",
                    "rect": [
                        857,
                        225,
                        76,
                        15
                    ],
                    "text_id": 76,
                    "uid": 74
                },
                {
                    "coord": [
                        866,
                        209
                    ],
                    "is_working": true,
                    "name": "Выдерщина",
                    "rect": [
                        877,
                        205,
                        95,
                        15
                    ],
                    "text_id": 77,
                    "uid": 75
                },
                {
                    "coord": [
                        886,
                        189
                    ],
                    "is_working": true,
                    "name": "Перевалочный",
                    "rect": [
                        897,
                        185,
                        74,
                        15
                    ],
                    "text_id": 78,
                    "uid": 76
                },
                {
                    "coord": [
                        906,
                        169
                    ],
                    "is_working": true,
                    "name": "Мартюхово",
                    "rect": [
                        917,
                        166,
                        63,
                        15
                    ],
                    "text_id": 79,
                    "uid": 77
                },
                {
                    "coord": [
                        926,
                        149
                    ],
                    "is_working": true,
                    "name": "Коханово",
                    "rect": [
                        937,
                        145,
                        70,
                        15
                    ],
                    "text_id": 80,
                    "uid": 78
                },
                {
                    "coord": [
                        946,
                        129
                    ],
                    "is_working": true,
                    "name": "Голошевка",
                    "rect": [
                        957,
                        125,
                        54,
                        15
                    ],
                    "text_id": 81,
                    "uid": 79
                },
                {
                    "coord": [
                        966,
                        109
                    ],
                    "is_working": true,
                    "name": "Дятлово",
                    "rect": [
                        977,
                        105,
                        46,
                        15
                    ],
                    "text_id": 82,
                    "uid": 80
                },
                {
                    "coord": [
                        986,
                        89
                    ],
                    "is_working": true,
                    "name": "Солнечный",
                    "rect": [
                        997,
                        85,
                        65,
                        15
                    ],
                    "text_id": 83,
                    "uid": 81
                },
                {
                    "coord": [
                        1006,
                        69
                    ],
                    "is_working": true,
                    "name": "Ломачино",
                    "rect": [
                        1017,
                        66,
                        70,
                        15
                    ],
                    "text_id": 84,
                    "uid": 82
                },
                {
                    "coord": [
                        1026,
                        49
                    ],
                    "is_working": true,
                    "name": "Веровойша",
                    "rect": [
                        1037,
                        45,
                        71,
                        15
                    ],
                    "text_id": 85,
                    "uid": 83
                },
                {
                    "coord": [
                        1046,
                        29
                    ],
                    "is_working": true,
                    "name": "Хороброво",
                    "rect": [
                        1057,
                        25,
                        35,
                        15
                    ],
                    "text_id": 86,
                    "uid": 84
                },
                {
                    "coord": [
                        1066,
                        9
                    ],
                    "is_working": true,
                    "name": "Орша-Центральная",
                    "rect": [
                        984,
                        2,
                        71,
                        15
                    ],
                    "text_id": 87,
                    "uid": 85
                }
            ],
            "text_id": 88
        },
        {
            "labels_bg_color": "-1",
            "labels_color": "00009F",
            "line_color": "00009F",
            "line_width": 9,
            "name": "Московская",
            "segments": [],
            "stations": [
                {
                    "coord": null,
                    "is_working": true,
                    "name": "Малиновка",
                    "rect": null,
                    "text_id": 0,
                    "uid": 0
                },
                {
                    "coord": null,
                    "is_working": true,
                    "name": "Петровщина",
                    "rect": null,
                    "text_id": 1,
                    "uid": 1
                },
                {
                    "coord": null,
                    "is_working": true,
                    "name": "Михалово",
                    "rect": null,
                    "text_id": 2,
                    "uid": 2
                },
                {
                    "coord": null,
                    "is_working": true,
                    "name": "Грушевка",
                    "rect": null,
                    "text_id": 3,
                    "uid": 3
                },
                {
                    "coord": null,
                    "is_working": true,
                    "name": "Институт Культуры",
                    "rect": null,
                    "text_id": 4,
                    "uid": 4
                },
                {
                    "coord": [
                        130,
                        929
                    ],
                    "is_working": true,
                    "name": "Площадь Ленина",
                    "rect": [
                        11,
                        919,
                        108,
                        15
                    ],
                    "text_id": 5,
                    "uid": 5
                },
                {
                    "coord": null,
                    "is_working": true,
                    "name": "Октябрьская",
                    "rect": null,
                    "text_id": 6,
                    "uid": 6
                },
                {
                    "coord": null,
                    "is_working": true,
                    "name": "Площадь Победы",
                    "rect": null,
                    "text_id": 7,
                    "uid": 7
                },
                {
                    "coord": null,
                    "is_working": true,
                    "name": "Площадь Якуба Коласа",
                    "rect": null,
                    "text_id": 8,
                    "uid": 8
                },
                {
                    "coord": null,
                    "is_working": true,
                    "name": "Академия наук",
                    "rect": null,
                    "text_id": 9,
                    "uid": 9
                },
                {
                    "coord": null,
                    "is_working": true,
                    "name": "Парк Челюскинцев",
                    "rect": null,
                    "text_id": 10,
                    "uid": 10
                },
                {
                    "coord": null,
                    "is_working": true,
                    "name": "Московская",
                    "rect": null,
                    "text_id": 11,
                    "uid": 11
                },
                {
                    "coord": null,
                    "is_working": true,
                    "name": "Восток",
                    "rect": null,
                    "text_id": 12,
                    "uid": 12
                },
                {
                    "coord": null,
                    "is_working": true,
                    "name": "Борисовский тракт",
                    "rect": null,
                    "text_id": 13,
                    "uid": 13
                },
                {
                    "coord": null,
                    "is_working": true,
                    "name": "Уручье",
                    "rect": null,
                    "text_id": 14,
                    "uid": 14
                }
            ],
            "text_id": 11
        },
        {
            "labels_bg_color": "-1",
            "labels_color": "BF0050",
            "line_color": "BF0050",
            "line_width": 9,
            "name": "Автозаводская",
            "segments": [],
            "stations": [
                {
                    "coord": null,
                    "is_working": true,
                    "name": "Могилевская",
                    "rect": null,
                    "text_id": 15,
                    "uid": 15
                },
                {
                    "coord": null,
                    "is_working": true,
                    "name": "Автозаводская",
                    "rect": null,
                    "text_id": 16,
                    "uid": 16
                },
                {
                    "coord": null,
                    "is_working": true,
                    "name": "Партизанская",
                    "rect": null,
                    "text_id": 17,
                    "uid": 17
                },
                {
                    "coord": null,
                    "is_working": true,
                    "name": "Тракторный завод",
                    "rect": null,
                    "text_id": 18,
                    "uid": 18
                },
                {
                    "coord": [
                        149,
                        909
                    ],
                    "is_working": true,
                    "name": "Пролетарская",
                    "rect": [
                        49,
                        898,
                        90,
                        15
                    ],
                    "text_id": 19,
                    "uid": 19
                },
                {
                    "coord": null,
                    "is_working": true,
                    "name": "Первомайская",
                    "rect": null,
                    "text_id": 20,
                    "uid": 20
                },
                {
                    "coord": null,
                    "is_working": true,
                    "name": "Купаловская",
                    "rect": null,
                    "text_id": 21,
                    "uid": 21
                },
                {
                    "coord": null,
                    "is_working": true,
                    "name": "Немига",
                    "rect": null,
                    "text_id": 22,
                    "uid": 22
                },
                {
                    "coord": null,
                    "is_working": true,
                    "name": "Фрунзенская",
                    "rect": null,
                    "text_id": 23,
                    "uid": 23
                },
                {
                    "coord": null,
                    "is_working": true,
                    "name": "Молодежная",
                    "rect": null,
                    "text_id": 24,
                    "uid": 24
                },
                {
                    "coord": null,
                    "is_working": true,
                    "name": "Пушкинская",
                    "rect": null,
                    "text_id": 25,
                    "uid": 25
                },
                {
                    "coord": null,
                    "is_working": true,
                    "name": "Спортивная",
                    "rect": null,
                    "text_id": 26,
                    "uid": 26
                },
                {
                    "coord": null,
                    "is_working": true,
                    "name": "Кунцевщина",
                    "rect": null,
                    "text_id": 27,
                    "uid": 27
                },
                {
                    "coord": null,
                    "is_working": true,
                    "name": "Каменная Горка",
                    "rect": null,
                    "text_id": 28,
                    "uid": 28
                }
            ],
            "text_id": 16
        }
    ],
    "lines_width": 9,
    "name": "borisov",
    "name_text_id": 88,
    "stations_diameter": 16.0,
    "transfers": [
        [
            6,
            21,
            null,
            null
        ]
    ],
    "transports": [
        "metro",
        "train",
        "tram",
        "childtrain"
    ],
    "type_name": "Электричка",
    "type_text_id": 273,
    "upper_case": true,
    "width": 1216,
    "word_wrap": false
}