{
    "default_transports": [
        "tram"
    ],
    "height": 1210,
    "images": [
        "res/schemes/molodechno.svg"
    ],
    "is_vector": true,
    "lines": [
        {
            "labels_bg_color": "-1",
            "labels_color": "EA7B16",
            "line_color": "EA7B16",
            "line_width": 9,
            "name": "Молодечненское направление",
            "segments": [
                [
                    150,
                    151,
                    [
                        [
                            950,
                            1020
                        ],
                        [
                            990,
                            1060
                        ]
                    ],
                    true
                ],
                [
                    151,
                    152,
                    [
                        [
                            950,
                            980
                        ],
                        [
                            950,
                            1020
                        ]
                    ],
                    true
                ],
                [
                    152,
                    153,
                    [
                        [
                            915,
                            945
                        ],
                        [
                            950,
                            980
                        ]
                    ],
                    true
                ],
                [
                    153,
                    154,
                    [
                        [
                            880,
                            910
                        ],
                        [
                            915,
                            945
                        ]
                    ],
                    true
                ],
                [
                    154,
                    155,
                    [
                        [
                            845,
                            875
                        ],
                        [
                            880,
                            910
                        ]
                    ],
                    true
                ],
                [
                    155,
                    156,
                    [
                        [
                            810,
                            840
                        ],
                        [
                            845,
                            875
                        ]
                    ],
                    true
                ],
                [
                    156,
                    157,
                    [
                        [
                            775,
                            805
                        ],
                        [
                            810,
                            840
                        ]
                    ],
                    true
                ],
                [
                    157,
                    158,
                    [
                        [
                            740,
                            770
                        ],
                        [
                            775,
                            805
                        ]
                    ],
                    true
                ],
                [
                    158,
                    159,
                    [
                        [
                            705,
                            735
                        ],
                        [
                            740,
                            770
                        ]
                    ],
                    true
                ],
                [
                    159,
                    160,
                    [
                        [
                            670,
                            700
                        ],
                        [
                            705,
                            735
                        ]
                    ],
                    true
                ],
                [
                    160,
                    161,
                    [
                        [
                            635,
                            665
                        ],
                        [
                            670,
                            700
                        ]
                    ],
                    true
                ],
                [
                    161,
                    162,
                    [
                        [
                            600,
                            630
                        ],
                        [
                            635,
                            665
                        ]
                    ],
                    true
                ],
                [
                    162,
                    163,
                    [
                        [
                            565,
                            595
                        ],
                        [
                            600,
                            630
                        ]
                    ],
                    true
                ],
                [
                    163,
                    164,
                    [
                        [
                            530,
                            560
                        ],
                        [
                            565,
                            595
                        ]
                    ],
                    true
                ],
                [
                    164,
                    165,
                    [
                        [
                            495,
                            525
                        ],
                        [
                            530,
                            560
                        ]
                    ],
                    true
                ],
                [
                    165,
                    166,
                    [
                        [
                            460,
                            490
                        ],
                        [
                            495,
                            525
                        ]
                    ],
                    true
                ],
                [
                    166,
                    167,
                    [
                        [
                            425,
                            455
                        ],
                        [
                            460,
                            490
                        ]
                    ],
                    true
                ],
                [
                    167,
                    168,
                    [
                        [
                            390,
                            420
                        ],
                        [
                            425,
                            455
                        ]
                    ],
                    true
                ],
                [
                    168,
                    169,
                    [
                        [
                            355,
                            385
                        ],
                        [
                            390,
                            420
                        ]
                    ],
                    true
                ],
                [
                    169,
                    170,
                    [
                        [
                            320,
                            350
                        ],
                        [
                            355,
                            385
                        ]
                    ],
                    true
                ],
                [
                    170,
                    171,
                    [
                        [
                            285,
                            315
                        ],
                        [
                            320,
                            350
                        ]
                    ],
                    true
                ],
                [
                    171,
                    172,
                    [
                        [
                            250,
                            280
                        ],
                        [
                            285,
                            315
                        ]
                    ],
                    true
                ],
                [
                    172,
                    173,
                    [
                        [
                            215,
                            245
                        ],
                        [
                            250,
                            280
                        ]
                    ],
                    true
                ],
                [
                    173,
                    174,
                    [
                        [
                            180,
                            210
                        ],
                        [
                            215,
                            245
                        ]
                    ],
                    true
                ],
                [
                    174,
                    175,
                    [
                        [
                            145,
                            175
                        ],
                        [
                            180,
                            210
                        ]
                    ],
                    true
                ],
                [
                    175,
                    176,
                    [
                        [
                            110,
                            140
                        ],
                        [
                            145,
                            175
                        ]
                    ],
                    true
                ]
            ],
            "stations": [
                {
                    "coord": [
                        990,
                        1060
                    ],
                    "is_working": true,
                    "name": "Минск-Пассажирский",
                    "rect": [
                        833,
                        1055,
                        138,
                        15
                    ],
                    "text_id": 41,
                    "uid": 150
                },
                {
                    "coord": [
                        950,
                        1020
                    ],
                    "is_working": true,
                    "name": "Минск-Северный",
                    "rect": [
                        964,
                        1005,
                        113,
                        15
                    ],
                    "text_id": 152,
                    "uid": 151
                },
                {
                    "coord": [
                        950,
                        980
                    ],
                    "is_working": true,
                    "name": "Масюковщина",
                    "rect": [
                        963,
                        967,
                        87,
                        15
                    ],
                    "text_id": 153,
                    "uid": 152
                },
                {
                    "coord": [
                        915,
                        945
                    ],
                    "is_working": true,
                    "name": "Лебяжий",
                    "rect": [
                        929,
                        929,
                        95,
                        15
                    ],
                    "text_id": 154,
                    "uid": 153
                },
                {
                    "coord": [
                        880,
                        910
                    ],
                    "is_working": true,
                    "name": "Ждановичи",
                    "rect": [
                        894,
                        895,
                        57,
                        15
                    ],
                    "text_id": 155,
                    "uid": 154
                },
                {
                    "coord": [
                        845,
                        875
                    ],
                    "is_working": true,
                    "name": "Минское море",
                    "rect": [
                        860,
                        858,
                        73,
                        15
                    ],
                    "text_id": 156,
                    "uid": 155
                },
                {
                    "coord": [
                        810,
                        840
                    ],
                    "is_working": true,
                    "name": "Ратомка",
                    "rect": [
                        825,
                        824,
                        90,
                        15
                    ],
                    "text_id": 157,
                    "uid": 156
                },
                {
                    "coord": [
                        775,
                        805
                    ],
                    "is_working": true,
                    "name": "Крыжовка",
                    "rect": [
                        792,
                        789,
                        54,
                        15
                    ],
                    "text_id": 158,
                    "uid": 157
                },
                {
                    "coord": [
                        740,
                        770
                    ],
                    "is_working": true,
                    "name": "Зелёное",
                    "rect": [
                        755,
                        756,
                        64,
                        15
                    ],
                    "text_id": 159,
                    "uid": 158
                },
                {
                    "coord": [
                        705,
                        735
                    ],
                    "is_working": true,
                    "name": "Беларусь",
                    "rect": [
                        720,
                        725,
                        53,
                        15
                    ],
                    "text_id": 160,
                    "uid": 159
                },
                {
                    "coord": [
                        670,
                        700
                    ],
                    "is_working": true,
                    "name": "Хмелевка",
                    "rect": [
                        685,
                        690,
                        61,
                        15
                    ],
                    "text_id": 161,
                    "uid": 160
                },
                {
                    "coord": [
                        635,
                        665
                    ],
                    "is_working": true,
                    "name": "Анусино",
                    "rect": [
                        650,
                        651,
                        61,
                        15
                    ],
                    "text_id": 162,
                    "uid": 161
                },
                {
                    "coord": [
                        600,
                        630
                    ],
                    "is_working": true,
                    "name": "Радошковичи",
                    "rect": [
                        614,
                        620,
                        56,
                        15
                    ],
                    "text_id": 163,
                    "uid": 162
                },
                {
                    "coord": [
                        565,
                        595
                    ],
                    "is_working": true,
                    "name": "Вязынка",
                    "rect": [
                        580,
                        585,
                        87,
                        15
                    ],
                    "text_id": 164,
                    "uid": 163
                },
                {
                    "coord": [
                        530,
                        560
                    ],
                    "is_working": true,
                    "name": "Пралески",
                    "rect": [
                        544,
                        547,
                        57,
                        15
                    ],
                    "text_id": 165,
                    "uid": 164
                },
                {
                    "coord": [
                        495,
                        525
                    ],
                    "is_working": true,
                    "name": "Дубравы",
                    "rect": [
                        507,
                        512,
                        61,
                        15
                    ],
                    "text_id": 166,
                    "uid": 165
                },
                {
                    "coord": [
                        460,
                        490
                    ],
                    "is_working": true,
                    "name": "Романы",
                    "rect": [
                        471,
                        472,
                        56,
                        15
                    ],
                    "text_id": 167,
                    "uid": 166
                },
                {
                    "coord": [
                        425,
                        455
                    ],
                    "is_working": true,
                    "name": "Олехновичи",
                    "rect": [
                        439,
                        442,
                        52,
                        15
                    ],
                    "text_id": 168,
                    "uid": 167
                },
                {
                    "coord": [
                        390,
                        420
                    ],
                    "is_working": true,
                    "name": "Бояры",
                    "rect": [
                        404,
                        405,
                        78,
                        15
                    ],
                    "text_id": 169,
                    "uid": 168
                },
                {
                    "coord": [
                        355,
                        385
                    ],
                    "is_working": true,
                    "name": "Лоси",
                    "rect": [
                        369,
                        370,
                        43,
                        15
                    ],
                    "text_id": 170,
                    "uid": 169
                },
                {
                    "coord": [
                        320,
                        350
                    ],
                    "is_working": true,
                    "name": "Уша",
                    "rect": [
                        335,
                        340,
                        33,
                        15
                    ],
                    "text_id": 171,
                    "uid": 170
                },
                {
                    "coord": [
                        285,
                        315
                    ],
                    "is_working": true,
                    "name": "Мясота",
                    "rect": [
                        299,
                        302,
                        26,
                        15
                    ],
                    "text_id": 172,
                    "uid": 171
                },
                {
                    "coord": [
                        250,
                        280
                    ],
                    "is_working": true,
                    "name": "Татарщизна",
                    "rect": [
                        263,
                        266,
                        49,
                        15
                    ],
                    "text_id": 173,
                    "uid": 172
                },
                {
                    "coord": [
                        215,
                        245
                    ],
                    "is_working": true,
                    "name": "Криница",
                    "rect": [
                        228,
                        230,
                        79,
                        15
                    ],
                    "text_id": 174,
                    "uid": 173
                },
                {
                    "coord": [
                        180,
                        210
                    ],
                    "is_working": true,
                    "name": "Селивоновка",
                    "rect": [
                        193,
                        197,
                        55,
                        15
                    ],
                    "text_id": 175,
                    "uid": 174
                },
                {
                    "coord": [
                        145,
                        175
                    ],
                    "is_working": true,
                    "name": "Фестивальный",
                    "rect": [
                        159,
                        162,
                        71,
                        15
                    ],
                    "text_id": 176,
                    "uid": 175
                },
                {
                    "coord": [
                        110,
                        140
                    ],
                    "is_working": true,
                    "name": "Молодечно",
                    "rect": [
                        123,
                        127,
                        67,
                        15
                    ],
                    "text_id": 177,
                    "uid": 176
                }
            ],
            "text_id": 178
        },
        {
            "labels_bg_color": "-1",
            "labels_color": "00009F",
            "line_color": "00009F",
            "line_width": 9,
            "name": "Московская",
            "segments": [],
            "stations": [
                {
                    "coord": null,
                    "is_working": true,
                    "name": "Малиновка",
                    "rect": null,
                    "text_id": 0,
                    "uid": 0
                },
                {
                    "coord": null,
                    "is_working": true,
                    "name": "Петровщина",
                    "rect": null,
                    "text_id": 1,
                    "uid": 1
                },
                {
                    "coord": null,
                    "is_working": true,
                    "name": "Михалово",
                    "rect": null,
                    "text_id": 2,
                    "uid": 2
                },
                {
                    "coord": null,
                    "is_working": true,
                    "name": "Грушевка",
                    "rect": null,
                    "text_id": 3,
                    "uid": 3
                },
                {
                    "coord": null,
                    "is_working": true,
                    "name": "Институт Культуры",
                    "rect": null,
                    "text_id": 4,
                    "uid": 4
                },
                {
                    "coord": [
                        1005,
                        1060
                    ],
                    "is_working": true,
                    "name": "Площадь Ленина",
                    "rect": [
                        991,
                        1032,
                        108,
                        15
                    ],
                    "text_id": 5,
                    "uid": 5
                },
                {
                    "coord": null,
                    "is_working": true,
                    "name": "Октябрьская",
                    "rect": null,
                    "text_id": 6,
                    "uid": 6
                },
                {
                    "coord": null,
                    "is_working": true,
                    "name": "Площадь Победы",
                    "rect": null,
                    "text_id": 7,
                    "uid": 7
                },
                {
                    "coord": null,
                    "is_working": true,
                    "name": "Площадь Якуба Коласа",
                    "rect": null,
                    "text_id": 8,
                    "uid": 8
                },
                {
                    "coord": null,
                    "is_working": true,
                    "name": "Академия наук",
                    "rect": null,
                    "text_id": 9,
                    "uid": 9
                },
                {
                    "coord": null,
                    "is_working": true,
                    "name": "Парк Челюскинцев",
                    "rect": null,
                    "text_id": 10,
                    "uid": 10
                },
                {
                    "coord": null,
                    "is_working": true,
                    "name": "Московская",
                    "rect": null,
                    "text_id": 11,
                    "uid": 11
                },
                {
                    "coord": null,
                    "is_working": true,
                    "name": "Восток",
                    "rect": null,
                    "text_id": 12,
                    "uid": 12
                },
                {
                    "coord": null,
                    "is_working": true,
                    "name": "Борисовский тракт",
                    "rect": null,
                    "text_id": 13,
                    "uid": 13
                },
                {
                    "coord": null,
                    "is_working": true,
                    "name": "Уручье",
                    "rect": null,
                    "text_id": 14,
                    "uid": 14
                }
            ],
            "text_id": 11
        },
        {
            "labels_bg_color": "-1",
            "labels_color": "BF0050",
            "line_color": "BF0050",
            "line_width": 9,
            "name": "Автозаводская",
            "segments": [],
            "stations": [
                {
                    "coord": null,
                    "is_working": true,
                    "name": "Могилевская",
                    "rect": null,
                    "text_id": 15,
                    "uid": 15
                },
                {
                    "coord": null,
                    "is_working": true,
                    "name": "Автозаводская",
                    "rect": null,
                    "text_id": 16,
                    "uid": 16
                },
                {
                    "coord": null,
                    "is_working": true,
                    "name": "Партизанская",
                    "rect": null,
                    "text_id": 17,
                    "uid": 17
                },
                {
                    "coord": null,
                    "is_working": true,
                    "name": "Тракторный завод",
                    "rect": null,
                    "text_id": 18,
                    "uid": 18
                },
                {
                    "coord": null,
                    "is_working": true,
                    "name": "Пролетарская",
                    "rect": null,
                    "text_id": 19,
                    "uid": 19
                },
                {
                    "coord": null,
                    "is_working": true,
                    "name": "Первомайская",
                    "rect": null,
                    "text_id": 20,
                    "uid": 20
                },
                {
                    "coord": null,
                    "is_working": true,
                    "name": "Купаловская",
                    "rect": null,
                    "text_id": 21,
                    "uid": 21
                },
                {
                    "coord": null,
                    "is_working": true,
                    "name": "Немига",
                    "rect": null,
                    "text_id": 22,
                    "uid": 22
                },
                {
                    "coord": null,
                    "is_working": true,
                    "name": "Фрунзенская",
                    "rect": null,
                    "text_id": 23,
                    "uid": 23
                },
                {
                    "coord": [
                        934,
                        1020
                    ],
                    "is_working": true,
                    "name": "Молодежная",
                    "rect": [
                        832,
                        1015,
                        90,
                        15
                    ],
                    "text_id": 24,
                    "uid": 24
                },
                {
                    "coord": null,
                    "is_working": true,
                    "name": "Пушкинская",
                    "rect": null,
                    "text_id": 25,
                    "uid": 25
                },
                {
                    "coord": null,
                    "is_working": true,
                    "name": "Спортивная",
                    "rect": null,
                    "text_id": 26,
                    "uid": 26
                },
                {
                    "coord": null,
                    "is_working": true,
                    "name": "Кунцевщина",
                    "rect": null,
                    "text_id": 27,
                    "uid": 27
                },
                {
                    "coord": null,
                    "is_working": true,
                    "name": "Каменная Горка",
                    "rect": null,
                    "text_id": 28,
                    "uid": 28
                }
            ],
            "text_id": 16
        }
    ],
    "lines_width": 9,
    "name": "molodechno",
    "name_text_id": 178,
    "stations_diameter": 16.0,
    "transfers": [
        [
            6,
            21,
            null,
            null
        ]
    ],
    "transports": [
        "metro",
        "train",
        "tram",
        "childtrain"
    ],
    "type_name": "Электричка",
    "type_text_id": 273,
    "upper_case": true,
    "width": 1155,
    "word_wrap": false
}