{
    "default_transports": [
        "metro"
    ],
    "height": 747,
    "images": [
        "res/schemes/only_metro.svg"
    ],
    "is_vector": true,
    "lines": [
        {
            "labels_bg_color": "-1",
            "labels_color": "00009F",
            "line_color": "00009F",
            "line_width": 9,
            "name": "Московская",
            "segments": [
                [
                    0,
                    1,
                    [
                        [
                            228,
                            456
                        ],
                        [
                            163,
                            521
                        ]
                    ],
                    true
                ],
                [
                    1,
                    2,
                    [
                        [
                            280,
                            404
                        ],
                        [
                            228,
                            456
                        ]
                    ],
                    true
                ],
                [
                    2,
                    3,
                    [
                        [
                            325,
                            359
                        ],
                        [
                            280,
                            404
                        ]
                    ],
                    true
                ],
                [
                    3,
                    4,
                    [
                        [
                            414,
                            359
                        ],
                        [
                            325,
                            359
                        ]
                    ],
                    true
                ],
                [
                    4,
                    5,
                    [
                        [
                            455,
                            318
                        ],
                        [
                            414,
                            359
                        ]
                    ],
                    true
                ],
                [
                    5,
                    6,
                    [
                        [
                            500,
                            273
                        ],
                        [
                            455,
                            318
                        ]
                    ],
                    true
                ],
                [
                    6,
                    7,
                    [
                        [
                            529,
                            244
                        ],
                        [
                            500,
                            273
                        ]
                    ],
                    true
                ],
                [
                    7,
                    8,
                    [
                        [
                            569,
                            204
                        ],
                        [
                            529,
                            244
                        ]
                    ],
                    true
                ],
                [
                    8,
                    9,
                    [
                        [
                            612,
                            179
                        ],
                        [
                            569,
                            204
                        ]
                    ],
                    true
                ],
                [
                    9,
                    10,
                    [
                        [
                            657,
                            152
                        ],
                        [
                            612,
                            179
                        ]
                    ],
                    true
                ],
                [
                    10,
                    11,
                    [
                        [
                            704,
                            125
                        ],
                        [
                            657,
                            152
                        ]
                    ],
                    true
                ],
                [
                    11,
                    12,
                    [
                        [
                            749,
                            99
                        ],
                        [
                            704,
                            125
                        ]
                    ],
                    true
                ],
                [
                    12,
                    13,
                    [
                        [
                            795,
                            73
                        ],
                        [
                            749,
                            99
                        ]
                    ],
                    true
                ],
                [
                    13,
                    14,
                    [
                        [
                            841,
                            47
                        ],
                        [
                            795,
                            73
                        ]
                    ],
                    true
                ]
            ],
            "stations": [
                {
                    "coord": [
                        163,
                        521
                    ],
                    "is_working": true,
                    "name": "Малиновка",
                    "rect": [
                        94,
                        513,
                        59,
                        15
                    ],
                    "text_id": 0,
                    "uid": 0
                },
                {
                    "coord": [
                        228,
                        456
                    ],
                    "is_working": true,
                    "name": "Петровщина",
                    "rect": [
                        152,
                        445,
                        66,
                        15
                    ],
                    "text_id": 1,
                    "uid": 1
                },
                {
                    "coord": [
                        280,
                        404
                    ],
                    "is_working": true,
                    "name": "Михалово",
                    "rect": [
                        216,
                        393,
                        54,
                        15
                    ],
                    "text_id": 2,
                    "uid": 2
                },
                {
                    "coord": [
                        325,
                        359
                    ],
                    "is_working": true,
                    "name": "Грушевка",
                    "rect": [
                        262,
                        349,
                        52,
                        15
                    ],
                    "text_id": 3,
                    "uid": 3
                },
                {
                    "coord": [
                        414,
                        359
                    ],
                    "is_working": true,
                    "name": "Институт Культуры",
                    "rect": [
                        365,
                        369,
                        103,
                        15
                    ],
                    "text_id": 4,
                    "uid": 4
                },
                {
                    "coord": [
                        455,
                        318
                    ],
                    "is_working": true,
                    "name": "Площадь Ленина",
                    "rect": [
                        333,
                        304,
                        91,
                        15
                    ],
                    "text_id": 5,
                    "uid": 5
                },
                {
                    "coord": [
                        500,
                        273
                    ],
                    "is_working": true,
                    "name": "Октябрьская",
                    "rect": [
                        514,
                        266,
                        67,
                        15
                    ],
                    "text_id": 6,
                    "uid": 6
                },
                {
                    "coord": [
                        529,
                        244
                    ],
                    "is_working": true,
                    "name": "Площадь Победы",
                    "rect": [
                        539,
                        242,
                        96,
                        15
                    ],
                    "text_id": 7,
                    "uid": 7
                },
                {
                    "coord": [
                        569,
                        204
                    ],
                    "is_working": true,
                    "name": "Площадь Якуба Коласа",
                    "rect": [
                        577,
                        212,
                        125,
                        15
                    ],
                    "text_id": 8,
                    "uid": 8
                },
                {
                    "coord": [
                        612,
                        179
                    ],
                    "is_working": true,
                    "name": "Академия наук",
                    "rect": [
                        521,
                        164,
                        80,
                        15
                    ],
                    "text_id": 9,
                    "uid": 9
                },
                {
                    "coord": [
                        657,
                        152
                    ],
                    "is_working": true,
                    "name": "Парк Челюскинцев",
                    "rect": [
                        546,
                        138,
                        100,
                        15
                    ],
                    "text_id": 10,
                    "uid": 10
                },
                {
                    "coord": [
                        704,
                        125
                    ],
                    "is_working": true,
                    "name": "Московская",
                    "rect": [
                        630,
                        111,
                        63,
                        15
                    ],
                    "text_id": 11,
                    "uid": 11
                },
                {
                    "coord": [
                        749,
                        99
                    ],
                    "is_working": true,
                    "name": "Восток",
                    "rect": [
                        699,
                        84,
                        38,
                        15
                    ],
                    "text_id": 12,
                    "uid": 12
                },
                {
                    "coord": [
                        795,
                        73
                    ],
                    "is_working": true,
                    "name": "Борисовский тракт",
                    "rect": [
                        685,
                        59,
                        99,
                        15
                    ],
                    "text_id": 13,
                    "uid": 13
                },
                {
                    "coord": [
                        841,
                        47
                    ],
                    "is_working": true,
                    "name": "Уручье",
                    "rect": [
                        791,
                        33,
                        38,
                        15
                    ],
                    "text_id": 14,
                    "uid": 14
                }
            ],
            "text_id": 11
        },
        {
            "labels_bg_color": "-1",
            "labels_color": "BF0050",
            "line_color": "BF0050",
            "line_width": 9,
            "name": "Автозаводская",
            "segments": [
                [
                    15,
                    16,
                    [
                        [
                            705,
                            406
                        ],
                        [
                            752,
                            432
                        ]
                    ],
                    true
                ],
                [
                    16,
                    17,
                    [
                        [
                            660,
                            381
                        ],
                        [
                            705,
                            406
                        ]
                    ],
                    true
                ],
                [
                    17,
                    18,
                    [
                        [
                            634,
                            334
                        ],
                        [
                            660,
                            381
                        ]
                    ],
                    true
                ],
                [
                    18,
                    19,
                    [
                        [
                            580,
                            334
                        ],
                        [
                            634,
                            334
                        ]
                    ],
                    true
                ],
                [
                    19,
                    20,
                    [
                        [
                            538,
                            309
                        ],
                        [
                            580,
                            334
                        ]
                    ],
                    true
                ],
                [
                    20,
                    21,
                    [
                        [
                            500,
                            287
                        ],
                        [
                            538,
                            309
                        ]
                    ],
                    true
                ],
                [
                    21,
                    22,
                    [
                        [
                            446,
                            255
                        ],
                        [
                            500,
                            287
                        ]
                    ],
                    true
                ],
                [
                    22,
                    23,
                    [
                        [
                            402,
                            230
                        ],
                        [
                            446,
                            255
                        ]
                    ],
                    true
                ],
                [
                    23,
                    24,
                    [
                        [
                            354,
                            202
                        ],
                        [
                            402,
                            230
                        ]
                    ],
                    true
                ],
                [
                    24,
                    25,
                    [
                        [
                            301,
                            202
                        ],
                        [
                            354,
                            202
                        ]
                    ],
                    true
                ],
                [
                    25,
                    26,
                    [
                        [
                            248,
                            202
                        ],
                        [
                            301,
                            202
                        ]
                    ],
                    true
                ],
                [
                    26,
                    27,
                    [
                        [
                            195,
                            202
                        ],
                        [
                            248,
                            202
                        ]
                    ],
                    true
                ],
                [
                    27,
                    28,
                    [
                        [
                            142,
                            202
                        ],
                        [
                            195,
                            202
                        ]
                    ],
                    true
                ]
            ],
            "stations": [
                {
                    "coord": [
                        752,
                        432
                    ],
                    "is_working": true,
                    "name": "Могилевская",
                    "rect": [
                        762,
                        423,
                        69,
                        15
                    ],
                    "text_id": 15,
                    "uid": 15
                },
                {
                    "coord": [
                        705,
                        406
                    ],
                    "is_working": true,
                    "name": "Автозаводская",
                    "rect": [
                        717,
                        391,
                        80,
                        15
                    ],
                    "text_id": 16,
                    "uid": 16
                },
                {
                    "coord": [
                        660,
                        381
                    ],
                    "is_working": true,
                    "name": "Партизанская",
                    "rect": [
                        672,
                        366,
                        73,
                        15
                    ],
                    "text_id": 17,
                    "uid": 17
                },
                {
                    "coord": [
                        634,
                        334
                    ],
                    "is_working": true,
                    "name": "Тракторный завод",
                    "rect": [
                        648,
                        324,
                        96,
                        15
                    ],
                    "text_id": 18,
                    "uid": 18
                },
                {
                    "coord": [
                        580,
                        334
                    ],
                    "is_working": true,
                    "name": "Пролетарская",
                    "rect": [
                        548,
                        352,
                        75,
                        15
                    ],
                    "text_id": 19,
                    "uid": 19
                },
                {
                    "coord": [
                        538,
                        309
                    ],
                    "is_working": true,
                    "name": "Первомайская",
                    "rect": [
                        544,
                        286,
                        77,
                        15
                    ],
                    "text_id": 20,
                    "uid": 20
                },
                {
                    "coord": [
                        500,
                        287
                    ],
                    "is_working": true,
                    "name": "Купаловская",
                    "rect": [
                        418,
                        284,
                        68,
                        15
                    ],
                    "text_id": 21,
                    "uid": 21
                },
                {
                    "coord": [
                        446,
                        255
                    ],
                    "is_working": true,
                    "name": "Немига",
                    "rect": [
                        447,
                        225,
                        40,
                        15
                    ],
                    "text_id": 22,
                    "uid": 22
                },
                {
                    "coord": [
                        402,
                        230
                    ],
                    "is_working": true,
                    "name": "Фрунзенская",
                    "rect": [
                        408,
                        203,
                        69,
                        15
                    ],
                    "text_id": 23,
                    "uid": 23
                },
                {
                    "coord": [
                        354,
                        202
                    ],
                    "is_working": true,
                    "name": "Молодежная",
                    "rect": [
                        355,
                        177,
                        68,
                        15
                    ],
                    "text_id": 24,
                    "uid": 24
                },
                {
                    "coord": [
                        301,
                        202
                    ],
                    "is_working": true,
                    "name": "Пушкинская",
                    "rect": [
                        270,
                        211,
                        65,
                        15
                    ],
                    "text_id": 25,
                    "uid": 25
                },
                {
                    "coord": [
                        248,
                        202
                    ],
                    "is_working": true,
                    "name": "Спортивная",
                    "rect": [
                        219,
                        178,
                        63,
                        15
                    ],
                    "text_id": 26,
                    "uid": 26
                },
                {
                    "coord": [
                        195,
                        202
                    ],
                    "is_working": true,
                    "name": "Кунцевщина",
                    "rect": [
                        166,
                        211,
                        65,
                        15
                    ],
                    "text_id": 27,
                    "uid": 27
                },
                {
                    "coord": [
                        142,
                        202
                    ],
                    "is_working": true,
                    "name": "Каменная Горка",
                    "rect": [
                        81,
                        178,
                        84,
                        15
                    ],
                    "text_id": 28,
                    "uid": 28
                }
            ],
            "text_id": 16
        },
        {
            "labels_bg_color": "-1",
            "labels_color": "008000",
            "line_color": "008000",
            "line_width": 9,
            "name": "Зеленолужская",
            "segments": [
                [
                    29,
                    30,
                    [
                        [
                            425,
                            269
                        ],
                        [
                            402,
                            246
                        ]
                    ],
                    true
                ],
                [
                    30,
                    31,
                    [
                        [
                            474,
                            318
                        ],
                        [
                            425,
                            269
                        ]
                    ],
                    true
                ],
                [
                    31,
                    32,
                    [
                        [
                            474,
                            404
                        ],
                        [
                            474,
                            318
                        ]
                    ],
                    true
                ],
                [
                    32,
                    33,
                    [
                        [
                            473,
                            446
                        ],
                        [
                            474,
                            404
                        ]
                    ],
                    true
                ],
                [
                    33,
                    34,
                    [
                        [
                            456,
                            542
                        ],
                        [
                            473,
                            446
                        ]
                    ],
                    true
                ],
                [
                    34,
                    35,
                    [
                        [
                            446,
                            597
                        ],
                        [
                            456,
                            542
                        ]
                    ],
                    true
                ]
            ],
            "stations": [
                {
                    "coord": [
                        402,
                        246
                    ],
                    "is_working": true,
                    "name": "Юбилейная площадь",
                    "rect": [
                        278,
                        243,
                        112,
                        15
                    ],
                    "text_id": 29,
                    "uid": 29
                },
                {
                    "coord": [
                        425,
                        269
                    ],
                    "is_working": true,
                    "name": "Площадь Франтишка Богушевича",
                    "rect": [
                        234,
                        264,
                        178,
                        15
                    ],
                    "text_id": 30,
                    "uid": 30
                },
                {
                    "coord": [
                        474,
                        318
                    ],
                    "is_working": true,
                    "name": "Вокзальная",
                    "rect": [
                        486,
                        322,
                        63,
                        15
                    ],
                    "text_id": 31,
                    "uid": 31
                },
                {
                    "coord": [
                        474,
                        404
                    ],
                    "is_working": true,
                    "name": "Ковальская Слобода",
                    "rect": [
                        487,
                        395,
                        111,
                        15
                    ],
                    "text_id": 32,
                    "uid": 32
                },
                {
                    "coord": [
                        473,
                        446
                    ],
                    "is_working": true,
                    "name": "Аэродромная",
                    "rect": [
                        388,
                        437,
                        73,
                        15
                    ],
                    "text_id": 33,
                    "uid": 33
                },
                {
                    "coord": [
                        456,
                        542
                    ],
                    "is_working": true,
                    "name": "Неморшанский сад",
                    "rect": [
                        341,
                        532,
                        102,
                        15
                    ],
                    "text_id": 34,
                    "uid": 34
                },
                {
                    "coord": [
                        446,
                        597
                    ],
                    "is_working": true,
                    "name": "Слуцкий гостинец",
                    "rect": [
                        340,
                        590,
                        94,
                        15
                    ],
                    "text_id": 35,
                    "uid": 35
                }
            ],
            "text_id": 36
        }
    ],
    "lines_width": 9,
    "name": "only_metro",
    "name_text_id": 275,
    "stations_diameter": 16.0,
    "transfers": [
        [
            6,
            21,
            [
                500,
                273
            ],
            [
                500,
                287
            ]
        ],
        [
            29,
            23,
            [
                402,
                246
            ],
            [
                402,
                230
            ]
        ],
        [
            31,
            5,
            [
                474,
                318
            ],
            [
                455,
                318
            ]
        ]
    ],
    "transports": [
        "metro",
        "train",
        "tram",
        "childtrain"
    ],
    "type_name": "OTHER",
    "type_text_id": 276,
    "upper_case": false,
    "width": 991,
    "word_wrap": false
}