{
    "lines": [
        {
            "delays": [],
            "name": "1",
            "scheme": null,
            "segments": [
                [
                    0,
                    1,
                    120
                ],
                [
                    1,
                    0,
                    120
                ],
                [
                    1,
                    2,
                    120
                ],
                [
                    2,
                    1,
                    120
                ],
                [
                    2,
                    3,
                    120
                ],
                [
                    3,
                    2,
                    120
                ],
                [
                    3,
                    4,
                    120
                ],
                [
                    4,
                    3,
                    120
                ],
                [
                    4,
                    5,
                    120
                ],
                [
                    5,
                    4,
                    120
                ],
                [
                    5,
                    6,
                    120
                ],
                [
                    6,
                    5,
                    120
                ],
                [
                    6,
                    7,
                    120
                ],
                [
                    7,
                    6,
                    120
                ],
                [
                    7,
                    8,
                    120
                ],
                [
                    8,
                    7,
                    120
                ],
                [
                    8,
                    9,
                    120
                ],
                [
                    9,
                    8,
                    120
                ],
                [
                    9,
                    10,
                    120
                ],
                [
                    10,
                    9,
                    120
                ],
                [
                    10,
                    11,
                    120
                ],
                [
                    11,
                    10,
                    120
                ],
                [
                    11,
                    12,
                    120
                ],
                [
                    12,
                    11,
                    120
                ],
                [
                    12,
                    13,
                    120
                ],
                [
                    13,
                    12,
                    120
                ],
                [
                    13,
                    14,
                    120
                ],
                [
                    14,
                    13,
                    120
                ],
                [
                    14,
                    15,
                    120
                ],
                [
                    15,
                    14,
                    120
                ],
                [
                    15,
                    16,
                    120
                ],
                [
                    16,
                    15,
                    120
                ]
            ],
            "stations": [
                [
                    0,
                    "Bei Kezhan",
                    0
                ],
                [
                    1,
                    "Beiyuan",
                    1
                ],
                [
                    2,
                    "Yundong Gongyuan",
                    2
                ],
                [
                    3,
                    "Xingzheng Zhongxin",
                    3
                ],
                [
                    4,
                    "Fengcheng 5-lu",
                    4
                ],
                [
                    5,
                    "Shi Tushuguan",
                    5
                ],
                [
                    6,
                    "Daminggongxi",
                    6
                ],
                [
                    7,
                    "Longshouyuan",
                    7
                ],
                [
                    8,
                    "Anyuanmen",
                    8
                ],
                [
                    9,
                    "Beidajie",
                    9
                ],
                [
                    10,
                    "Zhonglou",
                    10
                ],
                [
                    11,
                    "Yongningmen",
                    11
                ],
                [
                    12,
                    "Nanshaomen",
                    12
                ],
                [
                    13,
                    "Tiyuchang",
                    13
                ],
                [
                    14,
                    "Xiaozhai",
                    14
                ],
                [
                    15,
                    "Wei 1-jie",
                    15
                ],
                [
                    16,
                    "Huizhan Zhongxin",
                    16
                ]
            ],
            "text_id": 17
        }
    ],
    "name": "metro",
    "transfers": [],
    "type_name": "Метро"
}